table,key,column,problem
combos,SPO-PA12-PEL·EU,subfamily,"formula says ""Engineering thermoplastics"", combo says ""High performance polymers"" — used combo"
combo_lines,PIG-TIO2-CHL·EU#1,resolves_to,"type-code ""RUT-MB"" -> no_series"
combo_lines,PIG-TIO2-CHL·NA#1,resolves_to,"type-code ""RUT-MB"" -> no_series"
combo_lines,PIG-TIO2-SUL·EU#1,resolves_to,"type-code ""ILM-MB"" -> no_series"
combo_lines,PIG-TIO2-SUL·CN#1,resolves_to,"type-code ""ILM-MB"" -> no_series"
combo_lines,PIG-TIO2-SUL·NA#1,resolves_to,"type-code ""ILM-MB"" -> no_series"
combo_lines,PIG-TIO2-SUL·APAC#1,resolves_to,"type-code ""ILM-MB"" -> no_series"
combo_lines,PIG-TIO2-SUL·IN#1,resolves_to,"type-code ""ILM-MB"" -> no_series"
combo_lines,PAM-C-PWD·NA#4,resolves_to,"type-code ""ELEC-US-PPI"" -> no_series"
combo_lines,PAM-C-PWD·APAC#5,resolves_to,"type-code ""LNG-JKM"" -> no_series"
combo_lines,PAM-C-SOL·NA#5,resolves_to,"type-code ""ELEC-US-PPI"" -> no_series"
combo_lines,PAM-N-PWD·NA#2,resolves_to,"type-code ""ELEC-US-PPI"" -> no_series"
combo_lines,PAM-N-PWD·APAC#3,resolves_to,"type-code ""LNG-JKM"" -> no_series"
combo_lines,PAM-N-SOL·NA#3,resolves_to,"type-code ""ELEC-US-PPI"" -> no_series"
combo_lines,SIL-EMU-35·EU#1,resolves_to,"type-code ""SI-MB"" -> no_series"
combo_lines,SIL-EMU-35·CN#1,resolves_to,"type-code ""SI-CN"" -> no_series"
combo_lines,SIL-EMU-35·APAC#1,resolves_to,"type-code ""SI-MB"" -> no_series"
combo_lines,SIL-EMU-60·EU#1,resolves_to,"type-code ""SI-MB"" -> no_series"
combo_lines,SIL-EMU-60·CN#1,resolves_to,"type-code ""SI-CN"" -> no_series"
combo_lines,SIL-PDMS-HGH·EU#1,resolves_to,"type-code ""SI-MB"" -> no_series"
combo_lines,SIL-PDMS-HGH·CN#1,resolves_to,"type-code ""SI-CN"" -> no_series"
combo_lines,SIL-PDMS-HGH·NA#1,resolves_to,"type-code ""SI-NA"" -> no_series"
combo_lines,SIL-PDMS-HGH·APAC#1,resolves_to,"type-code ""SI-MB"" -> no_series"
combo_lines,SIL-PDMS-LOW·EU#1,resolves_to,"type-code ""SI-MB"" -> no_series"
combo_lines,SIL-PDMS-LOW·CN#1,resolves_to,"type-code ""SI-CN"" -> no_series"
combo_lines,SIL-PDMS-LOW·NA#1,resolves_to,"type-code ""SI-NA"" -> no_series"
combo_lines,SIL-PDMS-LOW·APAC#1,resolves_to,"type-code ""SI-MB"" -> no_series"
combo_lines,SIL-RTV1-LIQ·EU#1,resolves_to,"type-code ""SI-MB"" -> no_series"
combo_lines,SIL-RTV1-LIQ·CN#1,resolves_to,"type-code ""SI-CN"" -> no_series"
combo_lines,SIL-RTV1-LIQ·NA#1,resolves_to,"type-code ""SI-NA"" -> no_series"
combo_lines,SIL-RTV1-LIQ·APAC#1,resolves_to,"type-code ""SI-MB"" -> no_series"
combo_lines,SIL-RTV2-LIQ·EU#1,resolves_to,"type-code ""SI-MB"" -> no_series"
combo_lines,SIL-RTV2-LIQ·CN#1,resolves_to,"type-code ""SI-CN"" -> no_series"
combo_lines,SIL-RTV2-LIQ·NA#1,resolves_to,"type-code ""SI-NA"" -> no_series"
combo_lines,SIL-SURF-LIQ·EU#1,resolves_to,"type-code ""SI-MB"" -> no_series"
combo_lines,SIL-SURF-LIQ·NA#1,resolves_to,"type-code ""SI-NA"" -> no_series"
combos,F23-VITD3-EU\u00b7CN,subfamily,"formula says ""Vitamins synthetic"", combo says ""Feed vitamins"" — used combo"
combos,F23-VITE-EU\u00b7CN,subfamily,"formula says ""Vitamins synthetic"", combo says ""Feed vitamins"" — used combo"
combos,BCI-MEOH-LIQ·EU,subfamily,"formula says ""Petrochemical building blocks"", combo says ""C1 / Methanol chain"" — used combo"
combos,BCI-MEOH-LIQ·NA,subfamily,"formula says ""Petrochemical building blocks"", combo says ""C1 / Methanol chain"" — used combo"
combos,BCI-MEOH-LIQ·CN,subfamily,"formula says ""Petrochemical building blocks"", combo says ""C1 / Methanol chain"" — used combo"
combos,BCI-MEOH-LIQ·APAC,subfamily,"formula says ""Petrochemical building blocks"", combo says ""C1 / Methanol chain"" — used combo"
combos,BCI-MEG-LIQ·EU,subfamily,"formula says ""Petrochemical building blocks"", combo says ""C2 / Ethylene derivatives"" — used combo"
combos,BCI-MEG-LIQ·NA,subfamily,"formula says ""Petrochemical building blocks"", combo says ""C2 / Ethylene derivatives"" — used combo"
combos,BCI-MEG-LIQ·CN,subfamily,"formula says ""Petrochemical building blocks"", combo says ""C2 / Ethylene derivatives"" — used combo"
combos,BCI-MEG-LIQ·APAC,subfamily,"formula says ""Petrochemical building blocks"", combo says ""C2 / Ethylene derivatives"" — used combo"
combos,BCI-FORM-LIQ·EU,subfamily,"formula says ""Petrochemical building blocks"", combo says ""C1 / Methanol chain"" — used combo"
combos,BCI-FORM-LIQ·NA,subfamily,"formula says ""Petrochemical building blocks"", combo says ""C1 / Methanol chain"" — used combo"
combos,BCI-FORM-LIQ·CN,subfamily,"formula says ""Petrochemical building blocks"", combo says ""C1 / Methanol chain"" — used combo"
combos,BCI-FORM-LIQ·APAC,subfamily,"formula says ""Petrochemical building blocks"", combo says ""C1 / Methanol chain"" — used combo"
combo_lines,BCI-CAOH2-PWD·EU#1,resolves_to,"type-code ""LIME-US"" -> no_series"
combo_lines,BCI-CAOH2-PWD·NA#1,resolves_to,"type-code ""LIME-US"" -> no_series"
combo_lines,BCI-CAOH2-PWD·CN#1,resolves_to,"type-code ""LIME-US"" -> no_series"
combo_lines,BCI-CAOH2-PWD·IN#1,resolves_to,"type-code ""LIME-US"" -> no_series"
combo_lines,MIN-CACO3-PCC·EU#1,resolves_to,"type-code ""LIME-US"" -> no_series"
combo_lines,MIN-CACO3-PCC·NA#1,resolves_to,"type-code ""LIME-US"" -> no_series"
combo_lines,MIN-CACO3-PCC·CN#1,resolves_to,"type-code ""LIME-US"" -> no_series"
combo_lines,MIN-CACO3-PCC·IN#1,resolves_to,"type-code ""LIME-US"" -> no_series"
combo_lines,ACT-CARB-MIN·EU#1,resolves_to,"type-code ""COAL-AU"" -> no_series"
combo_lines,ACT-CARB-MIN·NA#1,resolves_to,"type-code ""COAL-AU"" -> no_series"
combo_lines,ACT-CARB-MIN·CN#1,resolves_to,"type-code ""COAL-AU"" -> no_series"
combo_lines,ACT-CARB-MIN·IN#1,resolves_to,"type-code ""COAL-AU"" -> no_series"
combo_lines,ACT-CARB-COCO·EU#1,resolves_to,"type-code ""COCO-WB"" -> no_series"
combo_lines,ACT-CARB-COCO·NA#1,resolves_to,"type-code ""COCO-WB"" -> no_series"
combo_lines,ACT-CARB-COCO·APAC#1,resolves_to,"type-code ""COCO-WB"" -> no_series"
combo_lines,ACT-CARB-COCO·IN#1,resolves_to,"type-code ""COCO-WB"" -> no_series"
combo_lines,SOL-ETAC-LIQ·NA#1,resolves_to,"type-code ""ETH-US-PPI"" -> no_series"
combo_lines,SOL-ETAC-LIQ·NA#3,resolves_to,"type-code ""ELEC-US-PPI"" -> no_series"
combo_lines,SOL-BUAC-LIQ·NA#1,resolves_to,"type-code ""RG-US"" -> no_series"
combo_lines,SOL-BUAC-LIQ·NA#3,resolves_to,"type-code ""ELEC-US-PPI"" -> no_series"
combo_lines,MIN-BENT-PWD·ACT·NA#1,resolves_to,"type-code ""NATGAS-US"" -> no_series"
combo_lines,MIN-BENT-PWD·ACT·NA#2,resolves_to,"type-code ""SODA-US"" -> no_series"
combo_lines,MIN-BENT-PWD·ACT·NA#3,resolves_to,"type-code ""ELEC-US-PPI"" -> no_series"
combo_lines,MIN-BENT-PWD·NAT·NA#1,resolves_to,"type-code ""NATGAS-US"" -> no_series"
combo_lines,MIN-BENT-PWD·NAT·NA#2,resolves_to,"type-code ""SODA-US"" -> no_series"
combo_lines,MIN-BENT-PWD·NAT·NA#3,resolves_to,"type-code ""ELEC-US-PPI"" -> no_series"
combo_lines,MIN-BARI-PWD·NA#1,resolves_to,"type-code ""ELEC-US-PPI"" -> no_series"
combo_lines,MIN-KAO-PWD·NA#1,resolves_to,"type-code ""ELEC-US-PPI"" -> no_series"
combo_lines,MIN-TALC-PWD·UNT·NA#1,resolves_to,"type-code ""ELEC-US-PPI"" -> no_series"
combo_lines,MIN-TALC-PWD·TRT·NA#1,resolves_to,"type-code ""ELEC-US-PPI"" -> no_series"
combo_lines,MIN-FSIL-PWD·NA#1,resolves_to,"type-code ""NATGAS-US"" -> no_series"
combo_lines,MIN-FSIL-PWD·NA#2,resolves_to,"type-code ""ELEC-US-PPI"" -> no_series"
combo_lines,RES-PA66-PEL·NA#1,resolves_to,"type-code ""AROM-US"" -> no_series"
combo_lines,RES-PA66-PEL·NA#2,resolves_to,"type-code ""ELEC-US-PPI"" -> no_series"
combo_lines,POL-PEG-LIQ·NA#1,resolves_to,"type-code ""RG-US"" -> no_series"
combo_lines,POL-PEG-LIQ·NA#2,resolves_to,"type-code ""ELEC-US-PPI"" -> no_series"
combo_lines,CLN-NACLO3-LIQ·NA#1,resolves_to,"type-code ""ELEC-US-PPI"" -> no_series"
combo_lines,CLN-NACLO3-LIQ·NA#2,resolves_to,"type-code ""SALT-US"" -> no_series"
combo_lines,FAT-STEA-PWD·NA#1,resolves_to,"type-code ""FA-US"" -> no_series"
combo_lines,FAT-STEA-PWD·NA#2,resolves_to,"type-code ""ELEC-US-PPI"" -> no_series"
combo_lines,FAT-ZNST-PWD·NA#1,resolves_to,"type-code ""FA-US"" -> no_series"
combo_lines,FAT-ZNST-PWD·NA#2,resolves_to,"type-code ""ZINC-GL"" -> no_series"
combo_lines,FAT-ZNST-PWD·NA#3,resolves_to,"type-code ""ELEC-US-PPI"" -> no_series"
combo_lines,CLN-PAA-LIQ·NA#2,resolves_to,"type-code ""INORG-US"" -> no_series"
combo_lines,CLN-PAA-LIQ·NA#3,resolves_to,"type-code ""ELEC-US-PPI"" -> no_series"
combo_lines,MIN-STPP-PWD·NA#1,resolves_to,"type-code ""PHOS-US"" -> no_series"
combo_lines,MIN-STPP-PWD·NA#2,resolves_to,"type-code ""SODA-US"" -> no_series"
combo_lines,MIN-STPP-PWD·NA#3,resolves_to,"type-code ""ELEC-US-PPI"" -> no_series"
combo_lines,POL-PDADMAC-LIQ·NA#3,resolves_to,"type-code ""ELEC-US-PPI"" -> no_series"
combo_lines,CLN-BAC-LIQ·NA#1,resolves_to,"type-code ""COCO-WB"" -> no_series"
combo_lines,CLN-BAC-LIQ·NA#4,resolves_to,"type-code ""ELEC-US-PPI"" -> no_series"
combo_lines,F27-DLIM-LIQ·NA#1,resolves_to,"type-code ""ORANGE-GL"" -> no_series"
combo_lines,F27-DLIM-LIQ·NA#2,resolves_to,"type-code ""ELEC-US-PPI"" -> no_series"
combo_lines,MIN-NA2S-FLK·NA#1,resolves_to,"type-code ""COAL-AU"" -> no_series"
combo_lines,MIN-NA2S-FLK·NA#3,resolves_to,"type-code ""SODA-US"" -> no_series"
combo_lines,MIN-NA2S-FLK·NA#4,resolves_to,"type-code ""ELEC-US-PPI"" -> no_series"
combo_lines,AGR-24D-LIQ·NA#3,resolves_to,"type-code ""CHLOR-US"" -> no_series"
combo_lines,AGR-24D-LIQ·NA#4,resolves_to,"type-code ""ELEC-US-PPI"" -> no_series"
combo_lines,CLN-NAPERCARB-PWD·NA#1,resolves_to,"type-code ""SODA-US"" -> no_series"
combo_lines,CLN-NAPERCARB-PWD·NA#2,resolves_to,"type-code ""INORG-US"" -> no_series"
combo_lines,CLN-NAPERCARB-PWD·NA#3,resolves_to,"type-code ""ELEC-US-PPI"" -> no_series"
combo_lines,ELA-VACC-PWD·NA#1,resolves_to,"type-code ""AROM-US"" -> no_series"
combo_lines,ELA-VACC-PWD·NA#3,resolves_to,"type-code ""ELEC-US-PPI"" -> no_series"
combo_lines,BCI-AKDASA-LIQ·NA#1,resolves_to,"type-code ""FA-US"" -> no_series"
combo_lines,BCI-AKDASA-LIQ·NA#2,resolves_to,"type-code ""RG-US"" -> no_series"
combo_lines,BCI-AKDASA-LIQ·NA#3,resolves_to,"type-code ""ELEC-US-PPI"" -> no_series"
combo_lines,ELA-SBL-LIQ·NA#1,resolves_to,"type-code ""AROM-US"" -> no_series"
combo_lines,ELA-SBL-LIQ·NA#2,resolves_to,"type-code ""RG-US"" -> no_series"
combo_lines,ELA-SBL-LIQ·NA#3,resolves_to,"type-code ""ELEC-US-PPI"" -> no_series"
combo_lines,RES-VAERPP-PWD·NA#1,resolves_to,"type-code ""RG-US"" -> no_series"
combo_lines,RES-VAERPP-PWD·NA#3,resolves_to,"type-code ""ELEC-US-PPI"" -> no_series"
combo_lines,BCI-NAGLUC-PWD·NA#1,resolves_to,"type-code ""CORN-US"" -> no_series"
combo_lines,BCI-NAGLUC-PWD·NA#2,resolves_to,"type-code ""ELEC-US-PPI"" -> no_series"
combo_lines,SOL-COAL-LIQ·NA#1,resolves_to,"type-code ""RG-US"" -> no_series"
combo_lines,SOL-COAL-LIQ·NA#2,resolves_to,"type-code ""ELEC-US-PPI"" -> no_series"
combo_lines,SOL-NMP-LIQ·NA#1,resolves_to,"type-code ""RG-US"" -> no_series"
combo_lines,SOL-NMP-LIQ·NA#3,resolves_to,"type-code ""ELEC-US-PPI"" -> no_series"
combo_lines,SOL-PGMEA-LIQ·NA#1,resolves_to,"type-code ""RG-US"" -> no_series"
combo_lines,SOL-PGMEA-LIQ·NA#3,resolves_to,"type-code ""ELEC-US-PPI"" -> no_series"
combo_lines,BCI-H2SO4-ELEC·NA#2,resolves_to,"type-code ""ELEC-US-PPI"" -> no_series"
combo_lines,BCI-NH3-ELEC·NA#1,resolves_to,"type-code ""NATGAS-US"" -> no_series"
combo_lines,BCI-NH3-ELEC·NA#2,resolves_to,"type-code ""ELEC-US-PPI"" -> no_series"
combo_lines,BCI-NABROM-LIQ·NA#1,resolves_to,"type-code ""INORG-US"" -> no_series"
combo_lines,BCI-NABROM-LIQ·NA#2,resolves_to,"type-code ""ELEC-US-PPI"" -> no_series"
combo_lines,BCI-ZNBROM-LIQ·NA#1,resolves_to,"type-code ""INORG-US"" -> no_series"
combo_lines,BCI-ZNBROM-LIQ·NA#2,resolves_to,"type-code ""ZINC-GL"" -> no_series"
combo_lines,BCI-ZNBROM-LIQ·NA#3,resolves_to,"type-code ""ELEC-US-PPI"" -> no_series"
combo_lines,OIL-DRA-LIQ·NA#1,resolves_to,"type-code ""RG-US"" -> no_series"
combo_lines,OIL-DRA-LIQ·NA#2,resolves_to,"type-code ""ELEC-US-PPI"" -> no_series"
combo_lines,SOL-PINE-LIQ·NA#1,resolves_to,"type-code ""GUM-WOOD-US"" -> no_series"
combo_lines,SOL-PINE-LIQ·NA#2,resolves_to,"type-code ""ELEC-US-PPI"" -> no_series"
combo_lines,BCI-NAMBS-PWD·NA#2,resolves_to,"type-code ""SODA-US"" -> no_series"
combo_lines,BCI-NAMBS-PWD·NA#3,resolves_to,"type-code ""ELEC-US-PPI"" -> no_series"
combo_lines,BCI-KMNO4-PWD·NA#1,resolves_to,"type-code ""INORG-US"" -> no_series"
combo_lines,BCI-KMNO4-PWD·NA#2,resolves_to,"type-code ""CHLOR-US"" -> no_series"
combo_lines,BCI-KMNO4-PWD·NA#3,resolves_to,"type-code ""ELEC-US-PPI"" -> no_series"
combo_lines,CLN-CAHYPO-PWD·NA#1,resolves_to,"type-code ""CHLOR-US"" -> no_series"
combo_lines,CLN-CAHYPO-PWD·NA#2,resolves_to,"type-code ""LIME-US"" -> no_series"
combo_lines,CLN-CAHYPO-PWD·NA#3,resolves_to,"type-code ""ELEC-US-PPI"" -> no_series"
combo_lines,POL-HPMC-PWD·NA#1,resolves_to,"type-code ""WOOD-PULP-US"" -> no_series"
combo_lines,POL-HPMC-PWD·NA#2,resolves_to,"type-code ""RG-US"" -> no_series"
combo_lines,POL-HPMC-PWD·NA#4,resolves_to,"type-code ""ELEC-US-PPI"" -> no_series"
combo_lines,POL-MCC-PWD·NA#1,resolves_to,"type-code ""WOOD-PULP-US"" -> no_series"
combo_lines,POL-MCC-PWD·NA#2,resolves_to,"type-code ""INORG-US"" -> no_series"
combo_lines,POL-MCC-PWD·NA#3,resolves_to,"type-code ""ELEC-US-PPI"" -> no_series"
combo_lines,FAT-MGST-PWD·NA#1,resolves_to,"type-code ""FA-US"" -> no_series"
combo_lines,FAT-MGST-PWD·NA#2,resolves_to,"type-code ""ELEC-US-PPI"" -> no_series"
combo_lines,BIO-GELA-PWD·GL#1,resolves_to,"type-code ""HIDES-GL"" -> no_series"
combo_lines,BIO-GELA-PWD·GL#2,resolves_to,"type-code ""ELEC-US-PPI"" -> no_series"
combo_lines,BIO-PECT-PWD·GL#1,resolves_to,"type-code ""ORANGE-GL"" -> no_series"
combo_lines,BIO-PECT-PWD·GL#2,resolves_to,"type-code ""ELEC-US-PPI"" -> no_series"
combo_lines,BIO-CARR-PWD·GL#1,resolves_to,"type-code ""INORG-US"" -> no_series"
combo_lines,BIO-CARR-PWD·GL#2,resolves_to,"type-code ""KCL-WB"" -> no_series"
combo_lines,BIO-CARR-PWD·GL#3,resolves_to,"type-code ""ELEC-US-PPI"" -> no_series"
combo_lines,BIO-NAALG-PWD·GL#1,resolves_to,"type-code ""INORG-US"" -> no_series"
combo_lines,BIO-NAALG-PWD·GL#2,resolves_to,"type-code ""SODA-US"" -> no_series"
combo_lines,BIO-NAALG-PWD·GL#3,resolves_to,"type-code ""ELEC-US-PPI"" -> no_series"
combo_lines,PRES-NABENZ-PWD·NA#1,resolves_to,"type-code ""AROM-US"" -> no_series"
combo_lines,PRES-NABENZ-PWD·NA#2,resolves_to,"type-code ""NAOH-US"" -> no_series"
combo_lines,PRES-NABENZ-PWD·NA#3,resolves_to,"type-code ""ELEC-US-PPI"" -> no_series"
combo_lines,PRES-KSRB-PWD·NA#1,resolves_to,"type-code ""RG-US"" -> no_series"
combo_lines,PRES-KSRB-PWD·NA#2,resolves_to,"type-code ""CHLOR-US"" -> no_series"
combo_lines,PRES-KSRB-PWD·NA#3,resolves_to,"type-code ""ELEC-US-PPI"" -> no_series"
combo_lines,MIN-MSTARCH-PWD·NA#1,resolves_to,"type-code ""CORN-US"" -> no_series"
combo_lines,MIN-MSTARCH-PWD·NA#2,resolves_to,"type-code ""ELEC-US-PPI"" -> no_series"
combo_lines,BCI-LIOH-PWD·GL#1,resolves_to,"type-code ""NATGAS-US"" -> no_series"
combo_lines,BCI-LIOH-PWD·GL#3,resolves_to,"type-code ""LIME-US"" -> no_series"
combo_lines,LUB-PAG-LIQ·NA#1,resolves_to,"type-code ""RG-US"" -> no_series"
combo_lines,LUB-PAG-LIQ·NA#2,resolves_to,"type-code ""ELEC-US-PPI"" -> no_series"
combo_lines,LUB-ESTER-LIQ·NA#1,resolves_to,"type-code ""FA-US"" -> no_series"
combo_lines,LUB-ESTER-LIQ·NA#3,resolves_to,"type-code ""ELEC-US-PPI"" -> no_series"
combo_lines,AGR-LCHT-TC·NA#1,resolves_to,"type-code ""AROM-US"" -> no_series"
combo_lines,AGR-LCHT-TC·NA#2,resolves_to,"type-code ""CHLOR-US"" -> no_series"
combo_lines,AGR-LCHT-TC·NA#3,resolves_to,"type-code ""ELEC-US-PPI"" -> no_series"
combo_lines,AGR-THIAMX-TC·NA#1,resolves_to,"type-code ""AROM-US"" -> no_series"
combo_lines,AGR-THIAMX-TC·NA#2,resolves_to,"type-code ""CHLOR-US"" -> no_series"
combo_lines,AGR-THIAMX-TC·NA#3,resolves_to,"type-code ""ELEC-US-PPI"" -> no_series"
combo_lines,AGR-PARAQ-TC·NA#2,resolves_to,"type-code ""RG-US"" -> no_series"
combo_lines,AGR-PARAQ-TC·NA#3,resolves_to,"type-code ""CHLOR-US"" -> no_series"
combo_lines,AGR-PARAQ-TC·NA#4,resolves_to,"type-code ""ELEC-US-PPI"" -> no_series"
combo_lines,MIN-SOP-GRN·GL#1,resolves_to,"type-code ""KCL-WB"" -> no_series"
combo_lines,MIN-SOP-GRN·GL#3,resolves_to,"type-code ""ELEC-US-PPI"" -> no_series"
combo_lines,BCI-ZNSO4-PWD·NA#1,resolves_to,"type-code ""ZINC-GL"" -> no_series"
combo_lines,BCI-ZNSO4-PWD·NA#3,resolves_to,"type-code ""ELEC-US-PPI"" -> no_series"
combo_lines,BCI-MNSO4-PWD·NA#1,resolves_to,"type-code ""INORG-US"" -> no_series"
combo_lines,BCI-MNSO4-PWD·NA#3,resolves_to,"type-code ""ELEC-US-PPI"" -> no_series"
combo_lines,MIN-PSIL-PWD·EU#1,resolves_to,"type-code ""SODA-EU"" -> no_series"
combo_lines,MIN-PSIL-PWD·NA#1,resolves_to,"type-code ""SODA-US"" -> no_series"
combo_lines,MIN-PSIL-PWD·CN#1,resolves_to,"type-code ""SODA-CN"" -> no_series"
combo_lines,MIN-PSIL-PWD·APAC#1,resolves_to,"type-code ""SODA-GL"" -> no_series"
combos,F23-HYD3-PWD·EU,subfamily,"formula says ""Feed vitamins"", combo says ""Vitamins synthetic"" — used combo"
combos,F23-HYD3-PWD·NA,subfamily,"formula says ""Feed vitamins"", combo says ""Vitamins synthetic"" — used combo"
combos,F23-VITK3-PWD·EU,subfamily,"formula says ""Feed vitamins"", combo says ""Vitamins synthetic"" — used combo"
combos,F23-VITK3-PWD·CN,subfamily,"formula says ""Feed vitamins"", combo says ""Vitamins synthetic"" — used combo"
combo_lines,F23-VITK3-PWD·CN#1,resolves_to,"type-code ""COAL-AU"" -> no_series"
combos,F23-VITB6-PWD·EU,subfamily,"formula says ""Feed vitamins"", combo says ""Vitamins synthetic"" — used combo"
combo_lines,F23-VITB6-PWD·EU#3,resolves_to,"type-code ""RG-US"" -> no_series"
combos,F23-VITB6-PWD·CN,subfamily,"formula says ""Feed vitamins"", combo says ""Vitamins synthetic"" — used combo"
combo_lines,F23-VITB6-PWD·CN#3,resolves_to,"type-code ""RG-US"" -> no_series"
combo_lines,OLE-IPM-LIQ·EU#1,resolves_to,"type-code ""COCO-WB"" -> no_series"
combo_lines,OLE-IPM-LIQ·NA#1,resolves_to,"type-code ""COCO-WB"" -> no_series"
combo_lines,OLE-IPM-LIQ·APAC#1,resolves_to,"type-code ""COCO-WB"" -> no_series"
combo_lines,OLE-IPM-LIQ·CN#1,resolves_to,"type-code ""COCO-WB"" -> no_series"
combo_lines,OLE-CCT-LIQ·EU#2,resolves_to,"type-code ""COCO-WB"" -> no_series"
combo_lines,OLE-CCT-LIQ·NA#2,resolves_to,"type-code ""COCO-WB"" -> no_series"
combo_lines,OLE-CCT-LIQ·APAC#2,resolves_to,"type-code ""COCO-WB"" -> no_series"
combo_lines,SUR-SCI-PWD·EU#1,resolves_to,"type-code ""COCO-WB"" -> no_series"
combo_lines,SUR-SCI-PWD·NA#1,resolves_to,"type-code ""COCO-WB"" -> no_series"
combo_lines,SUR-SCI-PWD·CN#1,resolves_to,"type-code ""COCO-WB"" -> no_series"
combo_lines,SUR-SCI-PWD·IN#1,resolves_to,"type-code ""COCO-WB"" -> no_series"
combos,SUR-PS80-LIQ·EU,subfamily,"formula says ""Fatty acids & derivatives"", combo says ""Non-ionic ethoxylates"" — used combo"
combo_lines,SUR-PS80-LIQ·EU#2,resolves_to,"type-code ""FA-US"" -> no_series"
combos,SUR-PS80-LIQ·NA,subfamily,"formula says ""Fatty acids & derivatives"", combo says ""Non-ionic ethoxylates"" — used combo"
combo_lines,SUR-PS80-LIQ·NA#2,resolves_to,"type-code ""FA-US"" -> no_series"
combos,SUR-PS80-LIQ·APAC,subfamily,"formula says ""Fatty acids & derivatives"", combo says ""Non-ionic ethoxylates"" — used combo"
combo_lines,SUR-PS80-LIQ·APAC#2,resolves_to,"type-code ""FA-US"" -> no_series"
combo_lines,SUR-PGL4-LIQ·EU#2,resolves_to,"type-code ""COCO-WB"" -> no_series"
combo_lines,SUR-PGL4-LIQ·NA#2,resolves_to,"type-code ""COCO-WB"" -> no_series"
combo_lines,SUR-SLSAR-LIQ·EU#1,resolves_to,"type-code ""COCO-WB"" -> no_series"
combo_lines,SUR-SLSAR-LIQ·NA#1,resolves_to,"type-code ""COCO-WB"" -> no_series"
combo_lines,SUR-SLSAR-LIQ·APAC#1,resolves_to,"type-code ""COCO-WB"" -> no_series"
combo_lines,F23-GLYAC-LIQ·NA#2,resolves_to,"type-code ""NATGAS-US"" -> no_series"
combos,BCI-BENZ-LIQ·EU,subfamily,"formula says ""Petrochemical building blocks"", combo says ""Aromatics / BTX chain"" — used combo"
combos,BCI-BENZ-LIQ·NA,subfamily,"formula says ""Petrochemical building blocks"", combo says ""Aromatics / BTX chain"" — used combo"
combos,BCI-BENZ-LIQ·CN,subfamily,"formula says ""Petrochemical building blocks"", combo says ""Aromatics / BTX chain"" — used combo"
combos,BCI-BENZ-LIQ·APAC,subfamily,"formula says ""Petrochemical building blocks"", combo says ""Aromatics / BTX chain"" — used combo"
combos,BCI-EO-LIQ·EU,subfamily,"formula says ""Petrochemical building blocks"", combo says ""C2 / Ethylene derivatives"" — used combo"
combos,BCI-EO-LIQ·NA,subfamily,"formula says ""Petrochemical building blocks"", combo says ""C2 / Ethylene derivatives"" — used combo"
combos,BCI-EO-LIQ·APAC,subfamily,"formula says ""Petrochemical building blocks"", combo says ""C2 / Ethylene derivatives"" — used combo"
combos,BCI-ACN-LIQ·EU,subfamily,"formula says ""Petrochemical building blocks"", combo says ""C3 / Propylene derivatives"" — used combo"
combos,BCI-ACN-LIQ·NA,subfamily,"formula says ""Petrochemical building blocks"", combo says ""C3 / Propylene derivatives"" — used combo"
combos,BCI-ACN-LIQ·CN,subfamily,"formula says ""Petrochemical building blocks"", combo says ""C3 / Propylene derivatives"" — used combo"
combos,BCI-ACN-LIQ·APAC,subfamily,"formula says ""Petrochemical building blocks"", combo says ""C3 / Propylene derivatives"" — used combo"
combos,BCI-AA-LIQ·EU,subfamily,"formula says ""Petrochemical building blocks"", combo says ""C3 / Propylene derivatives"" — used combo"
combos,BCI-AA-LIQ·NA,subfamily,"formula says ""Petrochemical building blocks"", combo says ""C3 / Propylene derivatives"" — used combo"
combos,BCI-AA-LIQ·APAC,subfamily,"formula says ""Petrochemical building blocks"", combo says ""C3 / Propylene derivatives"" — used combo"
combos,BCI-AA-LIQ·CN,subfamily,"formula says ""Petrochemical building blocks"", combo says ""C3 / Propylene derivatives"" — used combo"
combos,BCI-PHOL-SOL·EU,subfamily,"formula says ""Petrochemical building blocks"", combo says ""Aromatics / BTX chain"" — used combo"
combos,BCI-PHOL-SOL·NA,subfamily,"formula says ""Petrochemical building blocks"", combo says ""Aromatics / BTX chain"" — used combo"
combos,BCI-PHOL-SOL·APAC,subfamily,"formula says ""Petrochemical building blocks"", combo says ""Aromatics / BTX chain"" — used combo"
combos,BCI-BPA-PWD·EU,subfamily,"formula says ""Petrochemical building blocks"", combo says ""Aromatics / BTX chain"" — used combo"
combos,BCI-BPA-PWD·NA,subfamily,"formula says ""Petrochemical building blocks"", combo says ""Aromatics / BTX chain"" — used combo"
combos,BCI-BPA-PWD·APAC,subfamily,"formula says ""Petrochemical building blocks"", combo says ""Aromatics / BTX chain"" — used combo"
combos,BCI-CHEX-LIQ·EU,subfamily,"formula says ""Petrochemical building blocks"", combo says ""Aromatics / BTX chain"" — used combo"
combo_lines,BCI-CHEX-LIQ·EU#2,resolves_to,"type-code ""NATGAS-US"" -> no_series"
combos,BCI-CHEX-LIQ·NA,subfamily,"formula says ""Petrochemical building blocks"", combo says ""Aromatics / BTX chain"" — used combo"
combo_lines,BCI-CHEX-LIQ·NA#2,resolves_to,"type-code ""NATGAS-US"" -> no_series"
combos,BCI-CHEX-LIQ·APAC,subfamily,"formula says ""Petrochemical building blocks"", combo says ""Aromatics / BTX chain"" — used combo"
combo_lines,BCI-CHEX-LIQ·APAC#2,resolves_to,"type-code ""NATGAS-US"" -> no_series"
combos,BCI-PX-LIQ·EU,subfamily,"formula says ""Petrochemical building blocks"", combo says ""Aromatics / BTX chain"" — used combo"
combos,BCI-PX-LIQ·CN,subfamily,"formula says ""Petrochemical building blocks"", combo says ""Aromatics / BTX chain"" — used combo"
combos,BCI-PX-LIQ·NA,subfamily,"formula says ""Petrochemical building blocks"", combo says ""Aromatics / BTX chain"" — used combo"
combos,BCI-PX-LIQ·APAC,subfamily,"formula says ""Petrochemical building blocks"", combo says ""Aromatics / BTX chain"" — used combo"
combos,BCI-OX-LIQ·EU,subfamily,"formula says ""Petrochemical building blocks"", combo says ""Aromatics / BTX chain"" — used combo"
combos,BCI-OX-LIQ·NA,subfamily,"formula says ""Petrochemical building blocks"", combo says ""Aromatics / BTX chain"" — used combo"
combos,BCI-OX-LIQ·APAC,subfamily,"formula says ""Petrochemical building blocks"", combo says ""Aromatics / BTX chain"" — used combo"
combos,BCI-PTA-PWD·APAC,subfamily,"formula says ""Petrochemical building blocks"", combo says ""Aromatics / BTX chain"" — used combo"
combos,BCI-PTA-PWD·CN,subfamily,"formula says ""Petrochemical building blocks"", combo says ""Aromatics / BTX chain"" — used combo"
combos,BCI-PTA-PWD·EU,subfamily,"formula says ""Petrochemical building blocks"", combo says ""Aromatics / BTX chain"" — used combo"
combos,BCI-PTA-PWD·NA,subfamily,"formula says ""Petrochemical building blocks"", combo says ""Aromatics / BTX chain"" — used combo"
combos,BCI-PIA-PWD·APAC,subfamily,"formula says ""Petrochemical building blocks"", combo says ""Aromatics / BTX chain"" — used combo"
combos,BCI-PIA-PWD·EU,subfamily,"formula says ""Petrochemical building blocks"", combo says ""Aromatics / BTX chain"" — used combo"
combos,BCI-PIA-PWD·NA,subfamily,"formula says ""Petrochemical building blocks"", combo says ""Aromatics / BTX chain"" — used combo"
combos,BCI-PO-LIQ·APAC,subfamily,"formula says ""Petrochemical building blocks"", combo says ""C3 / Propylene derivatives"" — used combo"
combos,BCI-PO-LIQ·EU,subfamily,"formula says ""Petrochemical building blocks"", combo says ""C3 / Propylene derivatives"" — used combo"
combos,BCI-PO-LIQ·NA,subfamily,"formula says ""Petrochemical building blocks"", combo says ""C3 / Propylene derivatives"" — used combo"
combos,BCI-MMA-LIQ·APAC,subfamily,"formula says ""Petrochemical building blocks"", combo says ""C3 / Propylene derivatives"" — used combo"
combos,BCI-MMA-LIQ·EU,subfamily,"formula says ""Petrochemical building blocks"", combo says ""C3 / Propylene derivatives"" — used combo"
combos,BCI-MMA-LIQ·NA,subfamily,"formula says ""Petrochemical building blocks"", combo says ""C3 / Propylene derivatives"" — used combo"
combos,BCI-NPG-PWD·EU,subfamily,"formula says ""Petrochemical building blocks"", combo says ""C1 / Methanol chain"" — used combo"
combos,BCI-NPG-PWD·NA,subfamily,"formula says ""Petrochemical building blocks"", combo says ""C1 / Methanol chain"" — used combo"
combos,BCI-NPG-PWD·APAC,subfamily,"formula says ""Petrochemical building blocks"", combo says ""C1 / Methanol chain"" — used combo"
combos,BCI-TMP-PWD·EU,subfamily,"formula says ""Petrochemical building blocks"", combo says ""C1 / Methanol chain"" — used combo"
combos,BCI-TMP-PWD·NA,subfamily,"formula says ""Petrochemical building blocks"", combo says ""C1 / Methanol chain"" — used combo"
combos,BCI-PENTA-PWD·EU,subfamily,"formula says ""Petrochemical building blocks"", combo says ""C1 / Methanol chain"" — used combo"
combo_lines,BCI-PENTA-PWD·EU#2,resolves_to,"type-code ""RG-US"" -> no_series"
combos,BCI-PENTA-PWD·NA,subfamily,"formula says ""Petrochemical building blocks"", combo says ""C1 / Methanol chain"" — used combo"
combo_lines,BCI-PENTA-PWD·NA#2,resolves_to,"type-code ""RG-US"" -> no_series"
combos,BCI-PENTA-PWD·CN,subfamily,"formula says ""Petrochemical building blocks"", combo says ""C1 / Methanol chain"" — used combo"
combo_lines,BCI-PENTA-PWD·CN#2,resolves_to,"type-code ""RG-US"" -> no_series"
combos,BCI-HEX1-LIQ·APAC,subfamily,"formula says ""Petrochemical building blocks"", combo says ""C2 / Ethylene derivatives"" — used combo"
combos,BCI-HEX1-LIQ·NA,subfamily,"formula says ""Petrochemical building blocks"", combo says ""C2 / Ethylene derivatives"" — used combo"
combo_lines,RES-LLDPE-PEL·APAC#2,resolves_to,"type-code ""RG-US"" -> no_series"
combo_lines,RES-LLDPE-PEL·EU#2,resolves_to,"type-code ""RG-US"" -> no_series"
combo_lines,RES-LLDPE-PEL·NA#2,resolves_to,"type-code ""RG-US"" -> no_series"
combo_lines,RES-LLDPE-PEL·CN#2,resolves_to,"type-code ""RG-US"" -> no_series"
combos,BCI-MEA-LIQ·APAC,subfamily,"formula says ""Petrochemical building blocks"", combo says ""C2 / Ethylene derivatives"" — used combo"
combos,BCI-MEA-LIQ·EU,subfamily,"formula says ""Petrochemical building blocks"", combo says ""C2 / Ethylene derivatives"" — used combo"
combos,BCI-MEA-LIQ·NA,subfamily,"formula says ""Petrochemical building blocks"", combo says ""C2 / Ethylene derivatives"" — used combo"
combos,BCI-POLYOL-LIQ·APAC,subfamily,"formula says ""Petrochemical building blocks"", combo says ""C3 / Propylene derivatives"" — used combo"
combos,BCI-POLYOL-LIQ·EU,subfamily,"formula says ""Petrochemical building blocks"", combo says ""C3 / Propylene derivatives"" — used combo"
combos,BCI-POLYOL-LIQ·NA,subfamily,"formula says ""Petrochemical building blocks"", combo says ""C3 / Propylene derivatives"" — used combo"
combos,BCI-LAO8-LIQ·NA,subfamily,"formula says ""Petrochemical building blocks"", combo says ""C2 / Ethylene derivatives"" — used combo"
combos,BCI-LAO8-LIQ·EU,subfamily,"formula says ""Petrochemical building blocks"", combo says ""C2 / Ethylene derivatives"" — used combo"
combos,BCI-LAO8-LIQ·CN,subfamily,"formula says ""Petrochemical building blocks"", combo says ""C2 / Ethylene derivatives"" — used combo"
combos,BCI-LAO1012-LIQ·NA,subfamily,"formula says ""Petrochemical building blocks"", combo says ""C2 / Ethylene derivatives"" — used combo"
combos,BCI-LAO1012-LIQ·EU,subfamily,"formula says ""Petrochemical building blocks"", combo says ""C2 / Ethylene derivatives"" — used combo"
combos,BCI-LAO1012-LIQ·CN,subfamily,"formula says ""Petrochemical building blocks"", combo says ""C2 / Ethylene derivatives"" — used combo"
combos,BCI-LAO1418-LIQ·NA,subfamily,"formula says ""Petrochemical building blocks"", combo says ""C2 / Ethylene derivatives"" — used combo"
combos,BCI-LAO1418-LIQ·EU,subfamily,"formula says ""Petrochemical building blocks"", combo says ""C2 / Ethylene derivatives"" — used combo"
combos,BCI-NEOFLO-LIQ·NA,subfamily,"formula says ""Petrochemical building blocks"", combo says ""C2 / Ethylene derivatives"" — used combo"
combo_lines,OLE-NEOD23-LIQ·NA#2,resolves_to,"type-code ""NATGAS-US"" -> no_series"
combo_lines,OLE-NEOD23-LIQ·EU#2,resolves_to,"type-code ""NATGAS-US"" -> no_series"
combo_lines,OLE-NEOD45-PWD·NA#2,resolves_to,"type-code ""NATGAS-US"" -> no_series"
combo_lines,OLE-NEOD45-PWD·EU#2,resolves_to,"type-code ""NATGAS-US"" -> no_series"
combo_lines,OLE-LINEVOL911-LIQ·NA#2,resolves_to,"type-code ""NATGAS-US"" -> no_series"
combo_lines,OLE-LINEVOL911-LIQ·EU#2,resolves_to,"type-code ""NATGAS-US"" -> no_series"
combo_lines,SUR-NEODEO-LIQ·NA#3,resolves_to,"type-code ""NATGAS-US"" -> no_series"
combo_lines,SUR-NEODEO-LIQ·EU#3,resolves_to,"type-code ""NATGAS-US"" -> no_series"
combos,BCI-STY-LIQ·EU,subfamily,"formula says ""Petrochemical building blocks"", combo says ""C2 / Ethylene derivatives"" — used combo"
combos,BCI-STY-LIQ·NA,subfamily,"formula says ""Petrochemical building blocks"", combo says ""C2 / Ethylene derivatives"" — used combo"
combos,BCI-STY-LIQ·APAC,subfamily,"formula says ""Petrochemical building blocks"", combo says ""C2 / Ethylene derivatives"" — used combo"
combos,BCI-BD-LIQ·EU,subfamily,"formula says ""Petrochemical building blocks"", combo says ""C4 / Butadiene & maleics"" — used combo"
combos,BCI-BD-LIQ·NA,subfamily,"formula says ""Petrochemical building blocks"", combo says ""C4 / Butadiene & maleics"" — used combo"
combos,BCI-BD-LIQ·APAC,subfamily,"formula says ""Petrochemical building blocks"", combo says ""C4 / Butadiene & maleics"" — used combo"
combos,BCI-DEG-LIQ·EU,subfamily,"formula says ""Petrochemical building blocks"", combo says ""C2 / Ethylene derivatives"" — used combo"
combos,BCI-DEG-LIQ·NA,subfamily,"formula says ""Petrochemical building blocks"", combo says ""C2 / Ethylene derivatives"" — used combo"
combos,BCI-DEG-LIQ·APAC,subfamily,"formula says ""Petrochemical building blocks"", combo says ""C2 / Ethylene derivatives"" — used combo"
combos,BCI-TEG-LIQ·NA,subfamily,"formula says ""Petrochemical building blocks"", combo says ""C2 / Ethylene derivatives"" — used combo"
combos,BCI-TEG-LIQ·EU,subfamily,"formula says ""Petrochemical building blocks"", combo says ""C2 / Ethylene derivatives"" — used combo"
combos,BCI-TEG-LIQ·MEA,subfamily,"formula says ""Petrochemical building blocks"", combo says ""C2 / Ethylene derivatives"" — used combo"
combos,BCI-EC-LIQ·CN,subfamily,"formula says ""Petrochemical building blocks"", combo says ""C2 / Ethylene derivatives"" — used combo"
combos,BCI-EC-LIQ·EU,subfamily,"formula says ""Petrochemical building blocks"", combo says ""C2 / Ethylene derivatives"" — used combo"
combos,BCI-EC-LIQ·NA,subfamily,"formula says ""Petrochemical building blocks"", combo says ""C2 / Ethylene derivatives"" — used combo"
combos,BCI-PC-LIQ·CN,subfamily,"formula says ""Petrochemical building blocks"", combo says ""C3 / Propylene derivatives"" — used combo"
combos,BCI-PC-LIQ·EU,subfamily,"formula says ""Petrochemical building blocks"", combo says ""C3 / Propylene derivatives"" — used combo"
combos,BCI-PC-LIQ·NA,subfamily,"formula says ""Petrochemical building blocks"", combo says ""C3 / Propylene derivatives"" — used combo"
combos,MIN-SORBMONO-LIQ·EU,subfamily,"formula says ""Fatty acids & derivatives"", combo says ""Non-ionic ester & glucoside"" — used combo"
combo_lines,MIN-SORBMONO-LIQ·EU#2,resolves_to,"type-code ""FA-US"" -> no_series"
combos,MIN-SORBMONO-LIQ·NA,subfamily,"formula says ""Fatty acids & derivatives"", combo says ""Non-ionic ester & glucoside"" — used combo"
combo_lines,MIN-SORBMONO-LIQ·NA#2,resolves_to,"type-code ""FA-US"" -> no_series"
combos,MIN-SORBMONO-LIQ·APAC,subfamily,"formula says ""Fatty acids & derivatives"", combo says ""Non-ionic ester & glucoside"" — used combo"
combo_lines,MIN-SORBMONO-LIQ·APAC#2,resolves_to,"type-code ""FA-US"" -> no_series"
combos,MIN-SORBMONO-LIQ·LA,subfamily,"formula says ""Fatty acids & derivatives"", combo says ""Non-ionic ester & glucoside"" — used combo"
combo_lines,MIN-SORBMONO-LIQ·LA#2,resolves_to,"type-code ""FA-US"" -> no_series"
combos,MIN-EMULEXP-LIQ·NA,subfamily,"formula says ""Fatty acids & derivatives"", combo says ""Explosives & blasting agents"" — used combo"
combo_lines,MIN-EMULEXP-LIQ·NA#3,resolves_to,"type-code ""FA-US"" -> no_series"
combos,MIN-EMULEXP-LIQ·APAC,subfamily,"formula says ""Fatty acids & derivatives"", combo says ""Explosives & blasting agents"" — used combo"
combo_lines,MIN-EMULEXP-LIQ·APAC#3,resolves_to,"type-code ""FA-US"" -> no_series"
combos,MIN-EMULEXP-LIQ·LA,subfamily,"formula says ""Fatty acids & derivatives"", combo says ""Explosives & blasting agents"" — used combo"
combo_lines,MIN-EMULEXP-LIQ·LA#3,resolves_to,"type-code ""FA-US"" -> no_series"
combos,MIN-EMULEXP-LIQ·MEA,subfamily,"formula says ""Fatty acids & derivatives"", combo says ""Explosives & blasting agents"" — used combo"
combo_lines,MIN-EMULEXP-LIQ·MEA#3,resolves_to,"type-code ""FA-US"" -> no_series"
combos,BCI-ACETAC-LIQ·EU,subfamily,"formula says ""Petrochemical building blocks"", combo says ""C1 / Methanol chain"" — used combo"
combo_lines,BCI-ACETAC-LIQ·EU#2,resolves_to,"type-code ""NATGAS-US"" -> no_series"
combos,BCI-ACETAC-LIQ·NA,subfamily,"formula says ""Petrochemical building blocks"", combo says ""C1 / Methanol chain"" — used combo"
combo_lines,BCI-ACETAC-LIQ·NA#2,resolves_to,"type-code ""NATGAS-US"" -> no_series"
combos,BCI-ACETAC-LIQ·CN,subfamily,"formula says ""Petrochemical building blocks"", combo says ""C1 / Methanol chain"" — used combo"
combo_lines,BCI-ACETAC-LIQ·CN#2,resolves_to,"type-code ""NATGAS-US"" -> no_series"
combos,BCI-ACETAC-LIQ·APAC,subfamily,"formula says ""Petrochemical building blocks"", combo says ""C1 / Methanol chain"" — used combo"
combo_lines,BCI-ACETAC-LIQ·APAC#2,resolves_to,"type-code ""NATGAS-US"" -> no_series"
combos,BCI-VAM-LIQ·EU,subfamily,"formula says ""Petrochemical building blocks"", combo says ""C1 / Methanol chain"" — used combo"
combos,BCI-VAM-LIQ·NA,subfamily,"formula says ""Petrochemical building blocks"", combo says ""C1 / Methanol chain"" — used combo"
combos,BCI-VAM-LIQ·CN,subfamily,"formula says ""Petrochemical building blocks"", combo says ""C1 / Methanol chain"" — used combo"
combos,BCI-CAPRO-PWD·EU,subfamily,"formula says ""Petrochemical building blocks"", combo says ""Aromatics / BTX chain"" — used combo"
combos,BCI-CAPRO-PWD·NA,subfamily,"formula says ""Petrochemical building blocks"", combo says ""Aromatics / BTX chain"" — used combo"
combos,BCI-CAPRO-PWD·APAC,subfamily,"formula says ""Petrochemical building blocks"", combo says ""Aromatics / BTX chain"" — used combo"
combos,BCI-CAPRO-PWD·CN,subfamily,"formula says ""Petrochemical building blocks"", combo says ""Aromatics / BTX chain"" — used combo"
combos,BCI-ADIPAC-PWD·EU,subfamily,"formula says ""Petrochemical building blocks"", combo says ""Aromatics / BTX chain"" — used combo"
combos,BCI-ADIPAC-PWD·NA,subfamily,"formula says ""Petrochemical building blocks"", combo says ""Aromatics / BTX chain"" — used combo"
combos,BCI-ADIPAC-PWD·CN,subfamily,"formula says ""Petrochemical building blocks"", combo says ""Aromatics / BTX chain"" — used combo"
combos,BCI-PHAN-PWD·EU,subfamily,"formula says ""Petrochemical building blocks"", combo says ""Aromatics / BTX chain"" — used combo"
combos,BCI-PHAN-PWD·NA,subfamily,"formula says ""Petrochemical building blocks"", combo says ""Aromatics / BTX chain"" — used combo"
combos,BCI-PHAN-PWD·APAC,subfamily,"formula says ""Petrochemical building blocks"", combo says ""Aromatics / BTX chain"" — used combo"
combos,BCI-PHAN-PWD·CN,subfamily,"formula says ""Petrochemical building blocks"", combo says ""Aromatics / BTX chain"" — used combo"
combos,BCI-MALAN-PWD·NA,subfamily,"formula says ""Petrochemical building blocks"", combo says ""C4 / Butadiene & maleics"" — used combo"
combo_lines,BCI-MALAN-PWD·NA#1,resolves_to,"type-code ""RG-US"" -> no_series"
combos,BCI-MALAN-PWD·EU,subfamily,"formula says ""Petrochemical building blocks"", combo says ""C4 / Butadiene & maleics"" — used combo"
combo_lines,BCI-MALAN-PWD·EU#1,resolves_to,"type-code ""RG-US"" -> no_series"
combos,BCI-MALAN-PWD·APAC,subfamily,"formula says ""Petrochemical building blocks"", combo says ""C4 / Butadiene & maleics"" — used combo"
combo_lines,BCI-MALAN-PWD·APAC#1,resolves_to,"type-code ""RG-US"" -> no_series"
combos,BCI-ANIL-LIQ·EU,subfamily,"formula says ""Petrochemical building blocks"", combo says ""Aromatics / BTX chain"" — used combo"
combo_lines,BCI-ANIL-LIQ·EU#2,resolves_to,"type-code ""NATGAS-US"" -> no_series"
combos,BCI-ANIL-LIQ·NA,subfamily,"formula says ""Petrochemical building blocks"", combo says ""Aromatics / BTX chain"" — used combo"
combo_lines,BCI-ANIL-LIQ·NA#2,resolves_to,"type-code ""NATGAS-US"" -> no_series"
combos,BCI-ANIL-LIQ·CN,subfamily,"formula says ""Petrochemical building blocks"", combo says ""Aromatics / BTX chain"" — used combo"
combo_lines,BCI-ANIL-LIQ·CN#2,resolves_to,"type-code ""NATGAS-US"" -> no_series"
combos,BCI-ACAN-LIQ·EU,subfamily,"formula says ""Petrochemical building blocks"", combo says ""C1 / Methanol chain"" — used combo"
combos,BCI-ACAN-LIQ·NA,subfamily,"formula says ""Petrochemical building blocks"", combo says ""C1 / Methanol chain"" — used combo"
combos,BCI-ACAN-LIQ·CN,subfamily,"formula says ""Petrochemical building blocks"", combo says ""C1 / Methanol chain"" — used combo"
combo_lines,RES-UPR-LIQ·EU#2,resolves_to,"type-code ""RG-US"" -> no_series"
combo_lines,RES-UPR-LIQ·NA#2,resolves_to,"type-code ""RG-US"" -> no_series"
combo_lines,RES-UPR-LIQ·APAC#2,resolves_to,"type-code ""RG-US"" -> no_series"
combo_lines,RES-UPR-LIQ·CN#2,resolves_to,"type-code ""RG-US"" -> no_series"
combos,BCI-MELAM-PWD·EU,subfamily,"formula says ""Petrochemical building blocks"", combo says ""C1 / Methanol chain"" — used combo"
combo_lines,BCI-MELAM-PWD·EU#2,resolves_to,"type-code ""NATGAS-US"" -> no_series"
combos,BCI-MELAM-PWD·NA,subfamily,"formula says ""Petrochemical building blocks"", combo says ""C1 / Methanol chain"" — used combo"
combo_lines,BCI-MELAM-PWD·NA#2,resolves_to,"type-code ""NATGAS-US"" -> no_series"
combos,BCI-MELAM-PWD·CN,subfamily,"formula says ""Petrochemical building blocks"", combo says ""C1 / Methanol chain"" — used combo"
combo_lines,BCI-MELAM-PWD·CN#2,resolves_to,"type-code ""NATGAS-US"" -> no_series"
combos,FOD-SORB-LIQ·CN,family,no family at combo or formula level
combos,FOD-SORB-LIQ·CN,n_lines,combo has no cost lines
formulas,FOD-SORB-LIQ,family,source states no family
combos,MIN-ACPHOS-LIQ·GL,margin_pct,source states no margin
combos,MIN-ACPHOS-LIQ·GL,form,source states no form
combo_lines,MIN-ACPHOS-LIQ·GL#2,resolves_to,"""crude-oil"" is a parent feed covering several regional series (brent, wti) and this line states no region — somebody has to pick one"
combo_lines,MIN-ACPHOS-LIQ·GL#3,resolves_to,"""natural-gas"" is a parent feed covering several regional series (gas-brazil, gas-china, gas-india, gas-mea, lng-japan, natgas-na, ttf-eu) and this line states no region — somebody has to pick one"
combos,MIN-CYBK-LIQ·GL,margin_pct,source states no margin
combos,MIN-CYBK-LIQ·GL,form,source states no form
combo_lines,MIN-CYBK-LIQ·GL#2,resolves_to,"""crude-oil"" is a parent feed covering several regional series (brent, wti) and this line states no region — somebody has to pick one"
combo_lines,MIN-CYBK-LIQ·GL#4,resolves_to,"""natural-gas"" is a parent feed covering several regional series (gas-brazil, gas-china, gas-india, gas-mea, lng-japan, natgas-na, ttf-eu) and this line states no region — somebody has to pick one"
combos,MIN-CYFLOC-LIQ·GL,margin_pct,source states no margin
combos,MIN-CYFLOC-LIQ·GL,form,source states no form
combo_lines,MIN-CYFLOC-LIQ·GL#2,resolves_to,"""acrylic-acid"" is a parent feed covering several regional series (acrylic-acid-cn, acrylic-acid-eu, acrylic-acid-na) and this line states no region — somebody has to pick one"
combo_lines,MIN-CYFLOC-LIQ·GL#3,resolves_to,"""natural-gas"" is a parent feed covering several regional series (gas-brazil, gas-china, gas-india, gas-mea, lng-japan, natgas-na, ttf-eu) and this line states no region — somebody has to pick one"
combos,MIN-CYQST-LIQ·GL,margin_pct,source states no margin
combos,MIN-CYQST-LIQ·GL,form,source states no form
combo_lines,MIN-CYQST-LIQ·GL#1,resolves_to,"""acrylic-acid"" is a parent feed covering several regional series (acrylic-acid-cn, acrylic-acid-eu, acrylic-acid-na) and this line states no region — somebody has to pick one"
combo_lines,MIN-CYQST-LIQ·GL#3,resolves_to,"""natural-gas"" is a parent feed covering several regional series (gas-brazil, gas-china, gas-india, gas-mea, lng-japan, natgas-na, ttf-eu) and this line states no region — somebody has to pick one"
combos,MIN-MAXHT-LIQ·GL,margin_pct,source states no margin
combos,MIN-MAXHT-LIQ·GL,form,source states no form
combo_lines,MIN-MAXHT-LIQ·GL#3,resolves_to,"""natural-gas"" is a parent feed covering several regional series (gas-brazil, gas-china, gas-india, gas-mea, lng-japan, natgas-na, ttf-eu) and this line states no region — somebody has to pick one"
combos,MIN-OREP-LIQ·GL,margin_pct,source states no margin
combos,MIN-OREP-LIQ·GL,form,source states no form
combo_lines,MIN-OREP-LIQ·GL#3,resolves_to,"""natural-gas"" is a parent feed covering several regional series (gas-brazil, gas-china, gas-india, gas-mea, lng-japan, natgas-na, ttf-eu) and this line states no region — somebody has to pick one"
combos,AGR-PH3-CYL·GL,margin_pct,source states no margin
combos,AGR-PH3-CYL·GL,form,source states no form
combo_lines,AGR-PH3-CYL·GL#2,resolves_to,"""crude-oil"" is a parent feed covering several regional series (brent, wti) and this line states no region — somebody has to pick one"
combo_lines,AGR-PH3-CYL·GL#3,resolves_to,"""natural-gas"" is a parent feed covering several regional series (gas-brazil, gas-china, gas-india, gas-mea, lng-japan, natgas-na, ttf-eu) and this line states no region — somebody has to pick one"
combos,AGR-PH3MIX-CYL·GL,margin_pct,source states no margin
combos,AGR-PH3MIX-CYL·GL,form,source states no form
combo_lines,AGR-PH3MIX-CYL·GL#2,resolves_to,"""natural-gas"" is a parent feed covering several regional series (gas-brazil, gas-china, gas-india, gas-mea, lng-japan, natgas-na, ttf-eu) and this line states no region — somebody has to pick one"
combo_lines,AGR-PH3MIX-CYL·GL#3,resolves_to,"""crude-oil"" is a parent feed covering several regional series (brent, wti) and this line states no region — somebody has to pick one"
combos,PFC-ANTIST-LIQ·GL,margin_pct,source states no margin
combos,PFC-ANTIST-LIQ·GL,form,source states no form
combo_lines,PFC-ANTIST-LIQ·GL#4,resolves_to,"""natural-gas"" is a parent feed covering several regional series (gas-brazil, gas-china, gas-india, gas-mea, lng-japan, natgas-na, ttf-eu) and this line states no region — somebody has to pick one"
combos,PFC-HALS-GRN·GL,margin_pct,source states no margin
combos,PFC-HALS-GRN·GL,form,source states no form
combo_lines,PFC-HALS-GRN·GL#4,resolves_to,"""natural-gas"" is a parent feed covering several regional series (gas-brazil, gas-china, gas-india, gas-mea, lng-japan, natgas-na, ttf-eu) and this line states no region — somebody has to pick one"
combos,PFC-UVA-GRN·GL,margin_pct,source states no margin
combos,PFC-UVA-GRN·GL,form,source states no form
combo_lines,PFC-UVA-GRN·GL#4,resolves_to,"""natural-gas"" is a parent feed covering several regional series (gas-brazil, gas-china, gas-india, gas-mea, lng-japan, natgas-na, ttf-eu) and this line states no region — somebody has to pick one"
combos,ELA-COADH-PWD·GL,margin_pct,source states no margin
combos,ELA-COADH-PWD·GL,form,source states no form
combo_lines,ELA-COADH-PWD·GL#4,resolves_to,"""natural-gas"" is a parent feed covering several regional series (gas-brazil, gas-china, gas-india, gas-mea, lng-japan, natgas-na, ttf-eu) and this line states no region — somebody has to pick one"
combos,SOL-RHDIA-LIQ·GL,margin_pct,source states no margin
combos,SOL-RHDIA-LIQ·GL,form,source states no form
combo_lines,SOL-RHDIA-LIQ·GL#3,resolves_to,"""natural-gas"" is a parent feed covering several regional series (gas-brazil, gas-china, gas-india, gas-mea, lng-japan, natgas-na, ttf-eu) and this line states no region — somebody has to pick one"
combos,SUR-ADIBD-LIQ·GL,margin_pct,source states no margin
combos,SUR-ADIBD-LIQ·GL,form,source states no form
combo_lines,SUR-ADIBD-LIQ·GL#1,resolves_to,"""acrylic-acid"" is a parent feed covering several regional series (acrylic-acid-cn, acrylic-acid-eu, acrylic-acid-na) and this line states no region — somebody has to pick one"
combo_lines,SUR-ADIBD-LIQ·GL#4,resolves_to,"""natural-gas"" is a parent feed covering several regional series (gas-brazil, gas-china, gas-india, gas-mea, lng-japan, natgas-na, ttf-eu) and this line states no region — somebody has to pick one"
combos,SUR-ALKAM-LIQ·GL,margin_pct,source states no margin
combos,SUR-ALKAM-LIQ·GL,form,source states no form
combo_lines,SUR-ALKAM-LIQ·GL#4,resolves_to,"""natural-gas"" is a parent feed covering several regional series (gas-brazil, gas-china, gas-india, gas-mea, lng-japan, natgas-na, ttf-eu) and this line states no region — somebody has to pick one"
combos,SUR-SIPOM-LIQ·GL,margin_pct,source states no margin
combos,SUR-SIPOM-LIQ·GL,form,source states no form
combo_lines,SUR-SIPOM-LIQ·GL#2,resolves_to,"""acrylic-acid"" is a parent feed covering several regional series (acrylic-acid-cn, acrylic-acid-eu, acrylic-acid-na) and this line states no region — somebody has to pick one"
combo_lines,SUR-SIPOM-LIQ·GL#4,resolves_to,"""natural-gas"" is a parent feed covering several regional series (gas-brazil, gas-china, gas-india, gas-mea, lng-japan, natgas-na, ttf-eu) and this line states no region — somebody has to pick one"
combos,LUB-PHOS-LIQ·GL,margin_pct,source states no margin
combos,LUB-PHOS-LIQ·GL,form,source states no form
combo_lines,LUB-PHOS-LIQ·GL#4,resolves_to,"""natural-gas"" is a parent feed covering several regional series (gas-brazil, gas-china, gas-india, gas-mea, lng-japan, natgas-na, ttf-eu) and this line states no region — somebody has to pick one"
combos,APAC,db_region,"nobody has decided what region ""APAC"" is called in the database, or which currency and Incoterm its prices are quoted on — fill the ""Decide — regions"" sheet"
combos,CN,db_region,"nobody has decided what region ""CN"" is called in the database, or which currency and Incoterm its prices are quoted on — fill the ""Decide — regions"" sheet"
combos,EU,db_region,"nobody has decided what region ""EU"" is called in the database, or which currency and Incoterm its prices are quoted on — fill the ""Decide — regions"" sheet"
combos,GL,db_region,"nobody has decided what region ""GL"" is called in the database, or which currency and Incoterm its prices are quoted on — fill the ""Decide — regions"" sheet"
combos,IN,db_region,"nobody has decided what region ""IN"" is called in the database, or which currency and Incoterm its prices are quoted on — fill the ""Decide — regions"" sheet"
combos,LA,db_region,"nobody has decided what region ""LA"" is called in the database, or which currency and Incoterm its prices are quoted on — fill the ""Decide — regions"" sheet"
combos,MEA,db_region,"nobody has decided what region ""MEA"" is called in the database, or which currency and Incoterm its prices are quoted on — fill the ""Decide — regions"" sheet"
combos,NA,db_region,"nobody has decided what region ""NA"" is called in the database, or which currency and Incoterm its prices are quoted on — fill the ""Decide — regions"" sheet"
type_codes,AROM-US,resolves_to,no_series (used by 6 formulas)
type_codes,CHLOR-US,resolves_to,no_series (used by 7 formulas)
type_codes,COAL-AU,resolves_to,no_series (used by 3 formulas)
type_codes,COCO-WB,resolves_to,no_series (used by 7 formulas)
type_codes,CORN-US,resolves_to,no_series (used by 2 formulas)
type_codes,ELEC-US-PPI,resolves_to,no_series (used by 59 formulas)
type_codes,ETH-US-PPI,resolves_to,no_series (used by 1 formulas)
type_codes,FA-US,resolves_to,no_series (used by 8 formulas)
type_codes,GUM-WOOD-US,resolves_to,no_series (used by 1 formulas)
type_codes,HIDES-GL,resolves_to,no_series (used by 1 formulas)
type_codes,ILM-MB,resolves_to,no_series (used by 1 formulas)
type_codes,INORG-US,resolves_to,no_series (used by 9 formulas)
type_codes,KCL-WB,resolves_to,no_series (used by 2 formulas)
type_codes,LIME-US,resolves_to,no_series (used by 4 formulas)
type_codes,LNG-JKM,resolves_to,no_series (used by 2 formulas)
type_codes,NAOH-US,resolves_to,no_series (used by 1 formulas)
type_codes,NATGAS-US,resolves_to,no_series (used by 13 formulas)
type_codes,ORANGE-GL,resolves_to,no_series (used by 2 formulas)
type_codes,PHOS-US,resolves_to,no_series (used by 1 formulas)
type_codes,RG-US,resolves_to,no_series (used by 18 formulas)
type_codes,RUT-MB,resolves_to,no_series (used by 1 formulas)
type_codes,SALT-US,resolves_to,no_series (used by 1 formulas)
type_codes,SI-CN,resolves_to,no_series (used by 6 formulas)
type_codes,SI-MB,resolves_to,no_series (used by 7 formulas)
type_codes,SI-NA,resolves_to,no_series (used by 5 formulas)
type_codes,SODA-CN,resolves_to,no_series (used by 1 formulas)
type_codes,SODA-EU,resolves_to,no_series (used by 1 formulas)
type_codes,SODA-GL,resolves_to,no_series (used by 1 formulas)
type_codes,SODA-US,resolves_to,no_series (used by 7 formulas)
type_codes,WOOD-PULP-US,resolves_to,no_series (used by 2 formulas)
type_codes,ZINC-GL,resolves_to,no_series (used by 3 formulas)
type_codes,acrylic-acid,resolves_to,ambiguous (used by 4 formulas)
type_codes,crude-oil,resolves_to,ambiguous (used by 4 formulas)
type_codes,natural-gas,resolves_to,ambiguous (used by 17 formulas)
index_feeds,2eh|multi,unit,region label states no unit — CommodityIndex.unit has to come from somewhere else
index_feeds,2eh|multi,series_key,"shares price series ""ethylene-propylene-na"" with ethylene-propylene-na, ethylene-oxide, meg, lao — this card is a proxy view, not an independent price"
index_feeds,acrylic-acid|CN,unit,region label states no unit — CommodityIndex.unit has to come from somewhere else
index_feeds,acrylic-acid|CN,agency,no INDEX_SOURCE_META entry
index_feeds,acrylic-acid|CN,volatility_pct,feed has no intel block in the mockup
index_feeds,acrylic-acid|EU,unit,region label states no unit — CommodityIndex.unit has to come from somewhere else
index_feeds,acrylic-acid|EU,agency,no INDEX_SOURCE_META entry
index_feeds,acrylic-acid|EU,volatility_pct,feed has no intel block in the mockup
index_feeds,acrylic-acid|NA,unit,region label states no unit — CommodityIndex.unit has to come from somewhere else
index_feeds,acrylic-acid|NA,agency,no INDEX_SOURCE_META entry
index_feeds,acrylic-acid|NA,volatility_pct,feed has no intel block in the mockup
index_feeds,acrylonitrile|CN,unit,region label states no unit — CommodityIndex.unit has to come from somewhere else
index_feeds,acrylonitrile|CN,agency,no INDEX_SOURCE_META entry
index_feeds,acrylonitrile|CN,volatility_pct,feed has no intel block in the mockup
index_feeds,acrylonitrile|EU,unit,region label states no unit — CommodityIndex.unit has to come from somewhere else
index_feeds,acrylonitrile|EU,agency,no INDEX_SOURCE_META entry
index_feeds,acrylonitrile|EU,volatility_pct,feed has no intel block in the mockup
index_feeds,acrylonitrile|NA,unit,region label states no unit — CommodityIndex.unit has to come from somewhere else
index_feeds,acrylonitrile|NA,agency,no INDEX_SOURCE_META entry
index_feeds,acrylonitrile|NA,volatility_pct,feed has no intel block in the mockup
index_feeds,ammonia-na|EU,unit,region label states no unit — CommodityIndex.unit has to come from somewhere else
index_feeds,ammonia-na|EU,volatility_pct,feed has no intel block in the mockup
index_feeds,ammonia-na|IN,unit,region label states no unit — CommodityIndex.unit has to come from somewhere else
index_feeds,ammonia-na|IN,volatility_pct,feed has no intel block in the mockup
index_feeds,ammonia-na|MEA,unit,region label states no unit — CommodityIndex.unit has to come from somewhere else
index_feeds,ammonia-na|MEA,volatility_pct,feed has no intel block in the mockup
index_feeds,ammonia-na|NA,unit,region label states no unit — CommodityIndex.unit has to come from somewhere else
index_feeds,ammonia-na|NA,volatility_pct,feed has no intel block in the mockup
index_feeds,base-oil-na|APAC,unit,region label states no unit — CommodityIndex.unit has to come from somewhere else
index_feeds,base-oil-na|APAC,volatility_pct,feed has no intel block in the mockup
index_feeds,base-oil-na|EU,unit,region label states no unit — CommodityIndex.unit has to come from somewhere else
index_feeds,base-oil-na|EU,volatility_pct,feed has no intel block in the mockup
index_feeds,base-oil-na|NA,unit,region label states no unit — CommodityIndex.unit has to come from somewhere else
index_feeds,base-oil-na|NA,volatility_pct,feed has no intel block in the mockup
index_feeds,benzene-na|APAC,unit,region label states no unit — CommodityIndex.unit has to come from somewhere else
index_feeds,benzene-na|APAC,volatility_pct,feed has no intel block in the mockup
index_feeds,benzene-na|CN,unit,region label states no unit — CommodityIndex.unit has to come from somewhere else
index_feeds,benzene-na|CN,volatility_pct,feed has no intel block in the mockup
index_feeds,benzene-na|EU,unit,region label states no unit — CommodityIndex.unit has to come from somewhere else
index_feeds,benzene-na|EU,volatility_pct,feed has no intel block in the mockup
index_feeds,benzene-na|NA,unit,region label states no unit — CommodityIndex.unit has to come from somewhere else
index_feeds,benzene-na|NA,volatility_pct,feed has no intel block in the mockup
index_feeds,bpa|APAC,unit,region label states no unit — CommodityIndex.unit has to come from somewhere else
index_feeds,bpa|APAC,agency,no INDEX_SOURCE_META entry
index_feeds,bpa|APAC,volatility_pct,feed has no intel block in the mockup
index_feeds,bpa|CN,unit,region label states no unit — CommodityIndex.unit has to come from somewhere else
index_feeds,bpa|CN,agency,no INDEX_SOURCE_META entry
index_feeds,bpa|CN,volatility_pct,feed has no intel block in the mockup
index_feeds,bpa|EU,unit,region label states no unit — CommodityIndex.unit has to come from somewhere else
index_feeds,bpa|EU,agency,no INDEX_SOURCE_META entry
index_feeds,bpa|EU,volatility_pct,feed has no intel block in the mockup
index_feeds,caprolactam|CN,unit,region label states no unit — CommodityIndex.unit has to come from somewhere else
index_feeds,caprolactam|CN,agency,no INDEX_SOURCE_META entry
index_feeds,caprolactam|CN,volatility_pct,feed has no intel block in the mockup
index_feeds,caprolactam|EU,unit,region label states no unit — CommodityIndex.unit has to come from somewhere else
index_feeds,caprolactam|EU,agency,no INDEX_SOURCE_META entry
index_feeds,caprolactam|EU,volatility_pct,feed has no intel block in the mockup
index_feeds,caprolactam|NA,unit,region label states no unit — CommodityIndex.unit has to come from somewhere else
index_feeds,caprolactam|NA,agency,no INDEX_SOURCE_META entry
index_feeds,caprolactam|NA,volatility_pct,feed has no intel block in the mockup
index_feeds,caustic-soda-na|CN,unit,region label states no unit — CommodityIndex.unit has to come from somewhere else
index_feeds,caustic-soda-na|CN,volatility_pct,feed has no intel block in the mockup
index_feeds,caustic-soda-na|EU,unit,region label states no unit — CommodityIndex.unit has to come from somewhere else
index_feeds,caustic-soda-na|EU,volatility_pct,feed has no intel block in the mockup
index_feeds,caustic-soda-na|IN,unit,region label states no unit — CommodityIndex.unit has to come from somewhere else
index_feeds,caustic-soda-na|IN,volatility_pct,feed has no intel block in the mockup
index_feeds,caustic-soda-na|NA,unit,region label states no unit — CommodityIndex.unit has to come from somewhere else
index_feeds,caustic-soda-na|NA,volatility_pct,feed has no intel block in the mockup
index_feeds,caustic-soda-na|NA,series_key,"shares price series ""caustic-soda-na"" with chlorine — this card is a proxy view, not an independent price"
index_feeds,cbfs|multi,unit,region label states no unit — CommodityIndex.unit has to come from somewhere else
index_feeds,cbfs|multi,series_key,"shares price series ""brent"" with naphtha, pta, crude-oil — this card is a proxy view, not an independent price"
index_feeds,chlorine|multi,unit,region label states no unit — CommodityIndex.unit has to come from somewhere else
index_feeds,chlorine|multi,series_key,"shares price series ""caustic-soda-na"" with caustic-soda-na — this card is a proxy view, not an independent price"
index_feeds,corn|multi,series_key,"shares price series ""corn"" with glucose — this card is a proxy view, not an independent price"
index_feeds,cpo|APAC,unit,region label states no unit — CommodityIndex.unit has to come from somewhere else
index_feeds,crude-oil|Global,unit,region label states no unit — CommodityIndex.unit has to come from somewhere else
index_feeds,crude-oil|Global,volatility_pct,feed has no intel block in the mockup
index_feeds,crude-oil|Global,series_key,"shares price series ""brent"" with naphtha, cbfs, pta — this card is a proxy view, not an independent price"
index_feeds,crude-oil|NA,unit,region label states no unit — CommodityIndex.unit has to come from somewhere else
index_feeds,crude-oil|NA,volatility_pct,feed has no intel block in the mockup
index_feeds,dap|multi,unit,region label states no unit — CommodityIndex.unit has to come from somewhere else
index_feeds,elec-cn|CN,unit,region label states no unit — CommodityIndex.unit has to come from somewhere else
index_feeds,elec-cn|CN,series_key,"shares price series ""elec-cn"" with electricity — this card is a proxy view, not an independent price"
index_feeds,elec-eu|EU,unit,region label states no unit — CommodityIndex.unit has to come from somewhere else
index_feeds,elec-eu|EU,series_key,"shares price series ""elec-eu"" with electricity — this card is a proxy view, not an independent price"
index_feeds,electricity|CN,unit,region label states no unit — CommodityIndex.unit has to come from somewhere else
index_feeds,electricity|CN,series_key,"shares price series ""elec-cn"" with elec-cn — this card is a proxy view, not an independent price"
index_feeds,electricity|EU,unit,region label states no unit — CommodityIndex.unit has to come from somewhere else
index_feeds,electricity|EU,series_key,"shares price series ""elec-eu"" with elec-eu — this card is a proxy view, not an independent price"
index_feeds,electricity|IN,unit,region label states no unit — CommodityIndex.unit has to come from somewhere else
index_feeds,electricity|MEA,unit,region label states no unit — CommodityIndex.unit has to come from somewhere else
index_feeds,electricity|NA,unit,region label states no unit — CommodityIndex.unit has to come from somewhere else
index_feeds,ethylene-oxide|multi,unit,region label states no unit — CommodityIndex.unit has to come from somewhere else
index_feeds,ethylene-oxide|multi,series_key,"shares price series ""ethylene-propylene-na"" with ethylene-propylene-na, meg, lao, 2eh — this card is a proxy view, not an independent price"
index_feeds,ethylene-propylene-na|CN,unit,region label states no unit — CommodityIndex.unit has to come from somewhere else
index_feeds,ethylene-propylene-na|CN,volatility_pct,feed has no intel block in the mockup
index_feeds,ethylene-propylene-na|EU,unit,region label states no unit — CommodityIndex.unit has to come from somewhere else
index_feeds,ethylene-propylene-na|EU,volatility_pct,feed has no intel block in the mockup
index_feeds,ethylene-propylene-na|NA,unit,region label states no unit — CommodityIndex.unit has to come from somewhere else
index_feeds,ethylene-propylene-na|NA,volatility_pct,feed has no intel block in the mockup
index_feeds,ethylene-propylene-na|NA,series_key,"shares price series ""ethylene-propylene-na"" with ethylene-oxide, meg, lao, 2eh — this card is a proxy view, not an independent price"
index_feeds,glucose|multi,unit,region label states no unit — CommodityIndex.unit has to come from somewhere else
index_feeds,glucose|multi,series_key,"shares price series ""corn"" with corn — this card is a proxy view, not an independent price"
index_feeds,gold|multi,agency,no INDEX_SOURCE_META entry
index_feeds,guar-gum|multi,unit,region label states no unit — CommodityIndex.unit has to come from somewhere else
index_feeds,hdpe-na|CN,unit,region label states no unit — CommodityIndex.unit has to come from somewhere else
index_feeds,hdpe-na|CN,volatility_pct,feed has no intel block in the mockup
index_feeds,hdpe-na|EU,unit,region label states no unit — CommodityIndex.unit has to come from somewhere else
index_feeds,hdpe-na|EU,volatility_pct,feed has no intel block in the mockup
index_feeds,hdpe-na|NA,unit,region label states no unit — CommodityIndex.unit has to come from somewhere else
index_feeds,hdpe-na|NA,volatility_pct,feed has no intel block in the mockup
index_feeds,industrial-chemicals|multi,unit,region label states no unit — CommodityIndex.unit has to come from somewhere else
index_feeds,industrial-chemicals|multi,agency,no INDEX_SOURCE_META entry
index_feeds,iron-ore|multi,agency,no INDEX_SOURCE_META entry
index_feeds,iron-scrap-na|EU,unit,region label states no unit — CommodityIndex.unit has to come from somewhere else
index_feeds,iron-scrap-na|EU,volatility_pct,feed has no intel block in the mockup
index_feeds,iron-scrap-na|NA,unit,region label states no unit — CommodityIndex.unit has to come from somewhere else
index_feeds,iron-scrap-na|NA,volatility_pct,feed has no intel block in the mockup
index_feeds,lab|APAC,unit,region label states no unit — CommodityIndex.unit has to come from somewhere else
index_feeds,lab|EU,unit,region label states no unit — CommodityIndex.unit has to come from somewhere else
index_feeds,lab|IN,unit,region label states no unit — CommodityIndex.unit has to come from somewhere else
index_feeds,lab|MEA,unit,region label states no unit — CommodityIndex.unit has to come from somewhere else
index_feeds,lab|NA,unit,region label states no unit — CommodityIndex.unit has to come from somewhere else
index_feeds,lao|multi,unit,region label states no unit — CommodityIndex.unit has to come from somewhere else
index_feeds,lao|multi,series_key,"shares price series ""ethylene-propylene-na"" with ethylene-propylene-na, ethylene-oxide, meg, 2eh — this card is a proxy view, not an independent price"
index_feeds,lci-na|APAC,unit,region label states no unit — CommodityIndex.unit has to come from somewhere else
index_feeds,lci-na|CN,unit,region label states no unit — CommodityIndex.unit has to come from somewhere else
index_feeds,lci-na|EU,unit,region label states no unit — CommodityIndex.unit has to come from somewhere else
index_feeds,lci-na|IN,unit,region label states no unit — CommodityIndex.unit has to come from somewhere else
index_feeds,lci-na|LA,unit,region label states no unit — CommodityIndex.unit has to come from somewhere else
index_feeds,lci-na|MEA,unit,region label states no unit — CommodityIndex.unit has to come from somewhere else
index_feeds,lci-na|NA,unit,region label states no unit — CommodityIndex.unit has to come from somewhere else
index_feeds,lead|multi,agency,no INDEX_SOURCE_META entry
index_feeds,meg|multi,unit,region label states no unit — CommodityIndex.unit has to come from somewhere else
index_feeds,meg|multi,series_key,"shares price series ""ethylene-propylene-na"" with ethylene-propylene-na, ethylene-oxide, lao, 2eh — this card is a proxy view, not an independent price"
index_feeds,mma|CN,unit,region label states no unit — CommodityIndex.unit has to come from somewhere else
index_feeds,mma|CN,agency,no INDEX_SOURCE_META entry
index_feeds,mma|CN,volatility_pct,feed has no intel block in the mockup
index_feeds,mma|EU,unit,region label states no unit — CommodityIndex.unit has to come from somewhere else
index_feeds,mma|EU,agency,no INDEX_SOURCE_META entry
index_feeds,mma|EU,volatility_pct,feed has no intel block in the mockup
index_feeds,mop|multi,agency,no INDEX_SOURCE_META entry
index_feeds,naphtha|multi,unit,region label states no unit — CommodityIndex.unit has to come from somewhere else
index_feeds,naphtha|multi,series_key,"shares price series ""brent"" with cbfs, pta, crude-oil — this card is a proxy view, not an independent price"
index_feeds,natural-gas|APAC,volatility_pct,feed has no intel block in the mockup
index_feeds,natural-gas|CN,volatility_pct,feed has no intel block in the mockup
index_feeds,natural-gas|EU,volatility_pct,feed has no intel block in the mockup
index_feeds,natural-gas|IN,volatility_pct,feed has no intel block in the mockup
index_feeds,natural-gas|LA,unit,region label states no unit — CommodityIndex.unit has to come from somewhere else
index_feeds,natural-gas|LA,volatility_pct,feed has no intel block in the mockup
index_feeds,natural-gas|MEA,volatility_pct,feed has no intel block in the mockup
index_feeds,natural-gas|NA,volatility_pct,feed has no intel block in the mockup
index_feeds,nickel|multi,agency,no INDEX_SOURCE_META entry
index_feeds,phthalic-anhydride|EU,unit,region label states no unit — CommodityIndex.unit has to come from somewhere else
index_feeds,phthalic-anhydride|EU,agency,no INDEX_SOURCE_META entry
index_feeds,phthalic-anhydride|EU,volatility_pct,feed has no intel block in the mockup
index_feeds,pko|APAC,unit,region label states no unit — CommodityIndex.unit has to come from somewhere else
index_feeds,ppi-na|NA,unit,region label states no unit — CommodityIndex.unit has to come from somewhere else
index_feeds,ppi-na|NA,agency,no INDEX_SOURCE_META entry
index_feeds,pta|multi,unit,region label states no unit — CommodityIndex.unit has to come from somewhere else
index_feeds,pta|multi,series_key,"shares price series ""brent"" with naphtha, cbfs, crude-oil — this card is a proxy view, not an independent price"
index_feeds,rubber|multi,agency,no INDEX_SOURCE_META entry
index_feeds,silver|multi,agency,no INDEX_SOURCE_META entry
index_feeds,sulfuric-acid-na|CN,unit,region label states no unit — CommodityIndex.unit has to come from somewhere else
index_feeds,sulfuric-acid-na|CN,volatility_pct,feed has no intel block in the mockup
index_feeds,sulfuric-acid-na|EU,unit,region label states no unit — CommodityIndex.unit has to come from somewhere else
index_feeds,sulfuric-acid-na|EU,volatility_pct,feed has no intel block in the mockup
index_feeds,sulfuric-acid-na|NA,unit,region label states no unit — CommodityIndex.unit has to come from somewhere else
index_feeds,sulfuric-acid-na|NA,volatility_pct,feed has no intel block in the mockup
index_feeds,synthetic-rubber|multi,unit,region label states no unit — CommodityIndex.unit has to come from somewhere else
index_feeds,tin|multi,agency,no INDEX_SOURCE_META entry
index_feeds,urea|multi,unit,region label states no unit — CommodityIndex.unit has to come from somewhere else
index_feeds,water-eu|EU,unit,region label states no unit — CommodityIndex.unit has to come from somewhere else
index_feeds,alkalies-chlorine-ppi,card_status,referenced by FCOVERED/FORE but the mockup has no INDEXES card — emitted as a stub
index_feeds,aromatics-ppi,card_status,referenced by FCOVERED/FORE but the mockup has no INDEXES card — emitted as a stub
index_feeds,caustic-soda-ppi,card_status,referenced by FCOVERED/FORE but the mockup has no INDEXES card — emitted as a stub
index_feeds,chlor-naoh-ppi,card_status,referenced by FCOVERED/FORE but the mockup has no INDEXES card — emitted as a stub
index_feeds,coal-au,card_status,referenced by FCOVERED/FORE but the mockup has no INDEXES card — emitted as a stub
index_feeds,coconut-oil-wb,card_status,referenced by FCOVERED/FORE but the mockup has no INDEXES card — emitted as a stub
index_feeds,corn-na,card_status,referenced by FCOVERED/FORE but the mockup has no INDEXES card — emitted as a stub
index_feeds,elec-power-ppi,card_status,referenced by FCOVERED/FORE but the mockup has no INDEXES card — emitted as a stub
index_feeds,ethanol-ppi,card_status,referenced by FCOVERED/FORE but the mockup has no INDEXES card — emitted as a stub
index_feeds,fatty-acids-ppi,card_status,referenced by FCOVERED/FORE but the mockup has no INDEXES card — emitted as a stub
index_feeds,gum-wood-na,card_status,referenced by FCOVERED/FORE but the mockup has no INDEXES card — emitted as a stub
index_feeds,hides-gl,card_status,referenced by FCOVERED/FORE but the mockup has no INDEXES card — emitted as a stub
index_feeds,ilmenite,card_status,referenced by FCOVERED/FORE but the mockup has no INDEXES card — emitted as a stub
index_feeds,inorg-chem-ppi,card_status,referenced by FCOVERED/FORE but the mockup has no INDEXES card — emitted as a stub
index_feeds,kcl-wb,card_status,referenced by FCOVERED/FORE but the mockup has no INDEXES card — emitted as a stub
index_feeds,lime-na,card_status,referenced by FCOVERED/FORE but the mockup has no INDEXES card — emitted as a stub
index_feeds,lng-jkm-asia,card_status,referenced by FCOVERED/FORE but the mockup has no INDEXES card — emitted as a stub
index_feeds,natgas-ppi,card_status,referenced by FCOVERED/FORE but the mockup has no INDEXES card — emitted as a stub
index_feeds,orange-gl,card_status,referenced by FCOVERED/FORE but the mockup has no INDEXES card — emitted as a stub
index_feeds,phosphates-ppi,card_status,referenced by FCOVERED/FORE but the mockup has no INDEXES card — emitted as a stub
index_feeds,primary-organics-ppi,card_status,referenced by FCOVERED/FORE but the mockup has no INDEXES card — emitted as a stub
index_feeds,refinery-gases-ppi,card_status,referenced by FCOVERED/FORE but the mockup has no INDEXES card — emitted as a stub
index_feeds,rutile,card_status,referenced by FCOVERED/FORE but the mockup has no INDEXES card — emitted as a stub
index_feeds,salt-ppi,card_status,referenced by FCOVERED/FORE but the mockup has no INDEXES card — emitted as a stub
index_feeds,silicon-metal-cn,card_status,referenced by FCOVERED/FORE but the mockup has no INDEXES card — emitted as a stub
index_feeds,silicon-metal-mb,card_status,referenced by FCOVERED/FORE but the mockup has no INDEXES card — emitted as a stub
index_feeds,silicon-metal-na,card_status,referenced by FCOVERED/FORE but the mockup has no INDEXES card — emitted as a stub
index_feeds,tallow-ppi,card_status,referenced by FCOVERED/FORE but the mockup has no INDEXES card — emitted as a stub
index_feeds,wood-pulp-na,card_status,referenced by FCOVERED/FORE but the mockup has no INDEXES card — emitted as a stub
index_feeds,zinc-gl,card_status,referenced by FCOVERED/FORE but the mockup has no INDEXES card — emitted as a stub
index_commodities,acrylic-acid-cn,unit,"no source and no decision — fill the ""Decide — price series"" sheet"
index_commodities,acrylic-acid-cn,quoted_incoterm,"no source and no decision — fill the ""Decide — price series"" sheet"
index_commodities,acrylic-acid-cn,quoted_named_place,"no source and no decision — fill the ""Decide — price series"" sheet"
index_commodities,acrylic-acid-cn,currency,"the mockups carry no currency — fill the ""Decide — price series"" sheet"
index_commodities,acrylic-acid-cn,category,"the mockups carry no category — fill the ""Decide — price series"" sheet"
index_commodities,acrylic-acid-cn,source_url,"the mockups carry no source_url — fill the ""Decide — price series"" sheet"
index_commodities,acrylic-acid-eu,unit,"no source and no decision — fill the ""Decide — price series"" sheet"
index_commodities,acrylic-acid-eu,quoted_incoterm,"no source and no decision — fill the ""Decide — price series"" sheet"
index_commodities,acrylic-acid-eu,quoted_named_place,"no source and no decision — fill the ""Decide — price series"" sheet"
index_commodities,acrylic-acid-eu,currency,"the mockups carry no currency — fill the ""Decide — price series"" sheet"
index_commodities,acrylic-acid-eu,category,"the mockups carry no category — fill the ""Decide — price series"" sheet"
index_commodities,acrylic-acid-eu,source_url,"the mockups carry no source_url — fill the ""Decide — price series"" sheet"
index_commodities,acrylic-acid-na,unit,"no source and no decision — fill the ""Decide — price series"" sheet"
index_commodities,acrylic-acid-na,quoted_incoterm,"no source and no decision — fill the ""Decide — price series"" sheet"
index_commodities,acrylic-acid-na,quoted_named_place,"no source and no decision — fill the ""Decide — price series"" sheet"
index_commodities,acrylic-acid-na,currency,"the mockups carry no currency — fill the ""Decide — price series"" sheet"
index_commodities,acrylic-acid-na,category,"the mockups carry no category — fill the ""Decide — price series"" sheet"
index_commodities,acrylic-acid-na,source_url,"the mockups carry no source_url — fill the ""Decide — price series"" sheet"
index_commodities,acrylonitrile-cn,unit,"no source and no decision — fill the ""Decide — price series"" sheet"
index_commodities,acrylonitrile-cn,quoted_incoterm,"no source and no decision — fill the ""Decide — price series"" sheet"
index_commodities,acrylonitrile-cn,quoted_named_place,"no source and no decision — fill the ""Decide — price series"" sheet"
index_commodities,acrylonitrile-cn,currency,"the mockups carry no currency — fill the ""Decide — price series"" sheet"
index_commodities,acrylonitrile-cn,category,"the mockups carry no category — fill the ""Decide — price series"" sheet"
index_commodities,acrylonitrile-cn,source_url,"the mockups carry no source_url — fill the ""Decide — price series"" sheet"
index_commodities,acrylonitrile-eu,unit,"no source and no decision — fill the ""Decide — price series"" sheet"
index_commodities,acrylonitrile-eu,quoted_incoterm,"no source and no decision — fill the ""Decide — price series"" sheet"
index_commodities,acrylonitrile-eu,quoted_named_place,"no source and no decision — fill the ""Decide — price series"" sheet"
index_commodities,acrylonitrile-eu,currency,"the mockups carry no currency — fill the ""Decide — price series"" sheet"
index_commodities,acrylonitrile-eu,category,"the mockups carry no category — fill the ""Decide — price series"" sheet"
index_commodities,acrylonitrile-eu,source_url,"the mockups carry no source_url — fill the ""Decide — price series"" sheet"
index_commodities,acrylonitrile-na,unit,"no source and no decision — fill the ""Decide — price series"" sheet"
index_commodities,acrylonitrile-na,quoted_incoterm,"no source and no decision — fill the ""Decide — price series"" sheet"
index_commodities,acrylonitrile-na,quoted_named_place,"no source and no decision — fill the ""Decide — price series"" sheet"
index_commodities,acrylonitrile-na,currency,"the mockups carry no currency — fill the ""Decide — price series"" sheet"
index_commodities,acrylonitrile-na,category,"the mockups carry no category — fill the ""Decide — price series"" sheet"
index_commodities,acrylonitrile-na,source_url,"the mockups carry no source_url — fill the ""Decide — price series"" sheet"
index_commodities,alkalies-chlorine-ppi,unit,"no source and no decision — fill the ""Decide — price series"" sheet"
index_commodities,alkalies-chlorine-ppi,quoted_incoterm,"no source and no decision — fill the ""Decide — price series"" sheet"
index_commodities,alkalies-chlorine-ppi,quoted_named_place,"no source and no decision — fill the ""Decide — price series"" sheet"
index_commodities,alkalies-chlorine-ppi,currency,"the mockups carry no currency — fill the ""Decide — price series"" sheet"
index_commodities,alkalies-chlorine-ppi,category,"the mockups carry no category — fill the ""Decide — price series"" sheet"
index_commodities,alkalies-chlorine-ppi,source_url,"the mockups carry no source_url — fill the ""Decide — price series"" sheet"
index_commodities,aluminum,quoted_incoterm,"no source and no decision — fill the ""Decide — price series"" sheet"
index_commodities,aluminum,quoted_named_place,"no source and no decision — fill the ""Decide — price series"" sheet"
index_commodities,aluminum,currency,"the mockups carry no currency — fill the ""Decide — price series"" sheet"
index_commodities,aluminum,category,"the mockups carry no category — fill the ""Decide — price series"" sheet"
index_commodities,aluminum,source_url,"the mockups carry no source_url — fill the ""Decide — price series"" sheet"
index_commodities,ammonia-eu,unit,"no source and no decision — fill the ""Decide — price series"" sheet"
index_commodities,ammonia-eu,quoted_incoterm,"no source and no decision — fill the ""Decide — price series"" sheet"
index_commodities,ammonia-eu,quoted_named_place,"no source and no decision — fill the ""Decide — price series"" sheet"
index_commodities,ammonia-eu,currency,"the mockups carry no currency — fill the ""Decide — price series"" sheet"
index_commodities,ammonia-eu,category,"the mockups carry no category — fill the ""Decide — price series"" sheet"
index_commodities,ammonia-eu,source_url,"the mockups carry no source_url — fill the ""Decide — price series"" sheet"
index_commodities,ammonia-in,unit,"no source and no decision — fill the ""Decide — price series"" sheet"
index_commodities,ammonia-in,quoted_incoterm,"no source and no decision — fill the ""Decide — price series"" sheet"
index_commodities,ammonia-in,quoted_named_place,"no source and no decision — fill the ""Decide — price series"" sheet"
index_commodities,ammonia-in,currency,"the mockups carry no currency — fill the ""Decide — price series"" sheet"
index_commodities,ammonia-in,category,"the mockups carry no category — fill the ""Decide — price series"" sheet"
index_commodities,ammonia-in,source_url,"the mockups carry no source_url — fill the ""Decide — price series"" sheet"
index_commodities,ammonia-mea,unit,"no source and no decision — fill the ""Decide — price series"" sheet"
index_commodities,ammonia-mea,quoted_incoterm,"no source and no decision — fill the ""Decide — price series"" sheet"
index_commodities,ammonia-mea,quoted_named_place,"no source and no decision — fill the ""Decide — price series"" sheet"
index_commodities,ammonia-mea,currency,"the mockups carry no currency — fill the ""Decide — price series"" sheet"
index_commodities,ammonia-mea,category,"the mockups carry no category — fill the ""Decide — price series"" sheet"
index_commodities,ammonia-mea,source_url,"the mockups carry no source_url — fill the ""Decide — price series"" sheet"
index_commodities,ammonia-na,unit,"no source and no decision — fill the ""Decide — price series"" sheet"
index_commodities,ammonia-na,quoted_incoterm,"no source and no decision — fill the ""Decide — price series"" sheet"
index_commodities,ammonia-na,quoted_named_place,"no source and no decision — fill the ""Decide — price series"" sheet"
index_commodities,ammonia-na,currency,"the mockups carry no currency — fill the ""Decide — price series"" sheet"
index_commodities,ammonia-na,category,"the mockups carry no category — fill the ""Decide — price series"" sheet"
index_commodities,ammonia-na,source_url,"the mockups carry no source_url — fill the ""Decide — price series"" sheet"
index_commodities,aromatics-ppi,unit,"no source and no decision — fill the ""Decide — price series"" sheet"
index_commodities,aromatics-ppi,quoted_incoterm,"no source and no decision — fill the ""Decide — price series"" sheet"
index_commodities,aromatics-ppi,quoted_named_place,"no source and no decision — fill the ""Decide — price series"" sheet"
index_commodities,aromatics-ppi,currency,"the mockups carry no currency — fill the ""Decide — price series"" sheet"
index_commodities,aromatics-ppi,category,"the mockups carry no category — fill the ""Decide — price series"" sheet"
index_commodities,aromatics-ppi,source_url,"the mockups carry no source_url — fill the ""Decide — price series"" sheet"
index_commodities,base-oil-apac,unit,"no source and no decision — fill the ""Decide — price series"" sheet"
index_commodities,base-oil-apac,quoted_incoterm,"no source and no decision — fill the ""Decide — price series"" sheet"
index_commodities,base-oil-apac,quoted_named_place,"no source and no decision — fill the ""Decide — price series"" sheet"
index_commodities,base-oil-apac,currency,"the mockups carry no currency — fill the ""Decide — price series"" sheet"
index_commodities,base-oil-apac,category,"the mockups carry no category — fill the ""Decide — price series"" sheet"
index_commodities,base-oil-apac,source_url,"the mockups carry no source_url — fill the ""Decide — price series"" sheet"
index_commodities,base-oil-eu,unit,"no source and no decision — fill the ""Decide — price series"" sheet"
index_commodities,base-oil-eu,quoted_incoterm,"no source and no decision — fill the ""Decide — price series"" sheet"
index_commodities,base-oil-eu,quoted_named_place,"no source and no decision — fill the ""Decide — price series"" sheet"
index_commodities,base-oil-eu,currency,"the mockups carry no currency — fill the ""Decide — price series"" sheet"
index_commodities,base-oil-eu,category,"the mockups carry no category — fill the ""Decide — price series"" sheet"
index_commodities,base-oil-eu,source_url,"the mockups carry no source_url — fill the ""Decide — price series"" sheet"
index_commodities,base-oil-na,unit,"no source and no decision — fill the ""Decide — price series"" sheet"
index_commodities,base-oil-na,quoted_incoterm,"no source and no decision — fill the ""Decide — price series"" sheet"
index_commodities,base-oil-na,quoted_named_place,"no source and no decision — fill the ""Decide — price series"" sheet"
index_commodities,base-oil-na,currency,"the mockups carry no currency — fill the ""Decide — price series"" sheet"
index_commodities,base-oil-na,category,"the mockups carry no category — fill the ""Decide — price series"" sheet"
index_commodities,base-oil-na,source_url,"the mockups carry no source_url — fill the ""Decide — price series"" sheet"
index_commodities,benzene-apac,unit,"no source and no decision — fill the ""Decide — price series"" sheet"
index_commodities,benzene-apac,quoted_incoterm,"no source and no decision — fill the ""Decide — price series"" sheet"
index_commodities,benzene-apac,quoted_named_place,"no source and no decision — fill the ""Decide — price series"" sheet"
index_commodities,benzene-apac,currency,"the mockups carry no currency — fill the ""Decide — price series"" sheet"
index_commodities,benzene-apac,category,"the mockups carry no category — fill the ""Decide — price series"" sheet"
index_commodities,benzene-apac,source_url,"the mockups carry no source_url — fill the ""Decide — price series"" sheet"
index_commodities,benzene-cn,unit,"no source and no decision — fill the ""Decide — price series"" sheet"
index_commodities,benzene-cn,quoted_incoterm,"no source and no decision — fill the ""Decide — price series"" sheet"
index_commodities,benzene-cn,quoted_named_place,"no source and no decision — fill the ""Decide — price series"" sheet"
index_commodities,benzene-cn,currency,"the mockups carry no currency — fill the ""Decide — price series"" sheet"
index_commodities,benzene-cn,category,"the mockups carry no category — fill the ""Decide — price series"" sheet"
index_commodities,benzene-cn,source_url,"the mockups carry no source_url — fill the ""Decide — price series"" sheet"
index_commodities,benzene-eu,unit,"no source and no decision — fill the ""Decide — price series"" sheet"
index_commodities,benzene-eu,quoted_incoterm,"no source and no decision — fill the ""Decide — price series"" sheet"
index_commodities,benzene-eu,quoted_named_place,"no source and no decision — fill the ""Decide — price series"" sheet"
index_commodities,benzene-eu,currency,"the mockups carry no currency — fill the ""Decide — price series"" sheet"
index_commodities,benzene-eu,category,"the mockups carry no category — fill the ""Decide — price series"" sheet"
index_commodities,benzene-eu,source_url,"the mockups carry no source_url — fill the ""Decide — price series"" sheet"
index_commodities,benzene-na,unit,"no source and no decision — fill the ""Decide — price series"" sheet"
index_commodities,benzene-na,quoted_incoterm,"no source and no decision — fill the ""Decide — price series"" sheet"
index_commodities,benzene-na,quoted_named_place,"no source and no decision — fill the ""Decide — price series"" sheet"
index_commodities,benzene-na,currency,"the mockups carry no currency — fill the ""Decide — price series"" sheet"
index_commodities,benzene-na,category,"the mockups carry no category — fill the ""Decide — price series"" sheet"
index_commodities,benzene-na,source_url,"the mockups carry no source_url — fill the ""Decide — price series"" sheet"
index_commodities,bpa-apac,unit,"no source and no decision — fill the ""Decide — price series"" sheet"
index_commodities,bpa-apac,quoted_incoterm,"no source and no decision — fill the ""Decide — price series"" sheet"
index_commodities,bpa-apac,quoted_named_place,"no source and no decision — fill the ""Decide — price series"" sheet"
index_commodities,bpa-apac,currency,"the mockups carry no currency — fill the ""Decide — price series"" sheet"
index_commodities,bpa-apac,category,"the mockups carry no category — fill the ""Decide — price series"" sheet"
index_commodities,bpa-apac,source_url,"the mockups carry no source_url — fill the ""Decide — price series"" sheet"
index_commodities,bpa-cn,unit,"no source and no decision — fill the ""Decide — price series"" sheet"
index_commodities,bpa-cn,quoted_incoterm,"no source and no decision — fill the ""Decide — price series"" sheet"
index_commodities,bpa-cn,quoted_named_place,"no source and no decision — fill the ""Decide — price series"" sheet"
index_commodities,bpa-cn,currency,"the mockups carry no currency — fill the ""Decide — price series"" sheet"
index_commodities,bpa-cn,category,"the mockups carry no category — fill the ""Decide — price series"" sheet"
index_commodities,bpa-cn,source_url,"the mockups carry no source_url — fill the ""Decide — price series"" sheet"
index_commodities,bpa-eu,unit,"no source and no decision — fill the ""Decide — price series"" sheet"
index_commodities,bpa-eu,quoted_incoterm,"no source and no decision — fill the ""Decide — price series"" sheet"
index_commodities,bpa-eu,quoted_named_place,"no source and no decision — fill the ""Decide — price series"" sheet"
index_commodities,bpa-eu,currency,"the mockups carry no currency — fill the ""Decide — price series"" sheet"
index_commodities,bpa-eu,category,"the mockups carry no category — fill the ""Decide — price series"" sheet"
index_commodities,bpa-eu,source_url,"the mockups carry no source_url — fill the ""Decide — price series"" sheet"
index_commodities,brent,unit,"no source and no decision — fill the ""Decide — price series"" sheet"
index_commodities,brent,quoted_incoterm,"no source and no decision — fill the ""Decide — price series"" sheet"
index_commodities,brent,quoted_named_place,"no source and no decision — fill the ""Decide — price series"" sheet"
index_commodities,brent,currency,"the mockups carry no currency — fill the ""Decide — price series"" sheet"
index_commodities,brent,category,"the mockups carry no category — fill the ""Decide — price series"" sheet"
index_commodities,brent,source_url,"the mockups carry no source_url — fill the ""Decide — price series"" sheet"
index_commodities,caprolactam-cn,unit,"no source and no decision — fill the ""Decide — price series"" sheet"
index_commodities,caprolactam-cn,quoted_incoterm,"no source and no decision — fill the ""Decide — price series"" sheet"
index_commodities,caprolactam-cn,quoted_named_place,"no source and no decision — fill the ""Decide — price series"" sheet"
index_commodities,caprolactam-cn,currency,"the mockups carry no currency — fill the ""Decide — price series"" sheet"
index_commodities,caprolactam-cn,category,"the mockups carry no category — fill the ""Decide — price series"" sheet"
index_commodities,caprolactam-cn,source_url,"the mockups carry no source_url — fill the ""Decide — price series"" sheet"
index_commodities,caprolactam-eu,unit,"no source and no decision — fill the ""Decide — price series"" sheet"
index_commodities,caprolactam-eu,quoted_incoterm,"no source and no decision — fill the ""Decide — price series"" sheet"
index_commodities,caprolactam-eu,quoted_named_place,"no source and no decision — fill the ""Decide — price series"" sheet"
index_commodities,caprolactam-eu,currency,"the mockups carry no currency — fill the ""Decide — price series"" sheet"
index_commodities,caprolactam-eu,category,"the mockups carry no category — fill the ""Decide — price series"" sheet"
index_commodities,caprolactam-eu,source_url,"the mockups carry no source_url — fill the ""Decide — price series"" sheet"
index_commodities,caprolactam-na,unit,"no source and no decision — fill the ""Decide — price series"" sheet"
index_commodities,caprolactam-na,quoted_incoterm,"no source and no decision — fill the ""Decide — price series"" sheet"
index_commodities,caprolactam-na,quoted_named_place,"no source and no decision — fill the ""Decide — price series"" sheet"
index_commodities,caprolactam-na,currency,"the mockups carry no currency — fill the ""Decide — price series"" sheet"
index_commodities,caprolactam-na,category,"the mockups carry no category — fill the ""Decide — price series"" sheet"
index_commodities,caprolactam-na,source_url,"the mockups carry no source_url — fill the ""Decide — price series"" sheet"
index_commodities,caustic-soda-cn,unit,"no source and no decision — fill the ""Decide — price series"" sheet"
index_commodities,caustic-soda-cn,quoted_incoterm,"no source and no decision — fill the ""Decide — price series"" sheet"
index_commodities,caustic-soda-cn,quoted_named_place,"no source and no decision — fill the ""Decide — price series"" sheet"
index_commodities,caustic-soda-cn,currency,"the mockups carry no currency — fill the ""Decide — price series"" sheet"
index_commodities,caustic-soda-cn,category,"the mockups carry no category — fill the ""Decide — price series"" sheet"
index_commodities,caustic-soda-cn,source_url,"the mockups carry no source_url — fill the ""Decide — price series"" sheet"
index_commodities,caustic-soda-eu,unit,"no source and no decision — fill the ""Decide — price series"" sheet"
index_commodities,caustic-soda-eu,quoted_incoterm,"no source and no decision — fill the ""Decide — price series"" sheet"
index_commodities,caustic-soda-eu,quoted_named_place,"no source and no decision — fill the ""Decide — price series"" sheet"
index_commodities,caustic-soda-eu,currency,"the mockups carry no currency — fill the ""Decide — price series"" sheet"
index_commodities,caustic-soda-eu,category,"the mockups carry no category — fill the ""Decide — price series"" sheet"
index_commodities,caustic-soda-eu,source_url,"the mockups carry no source_url — fill the ""Decide — price series"" sheet"
index_commodities,caustic-soda-in,unit,"no source and no decision — fill the ""Decide — price series"" sheet"
index_commodities,caustic-soda-in,quoted_incoterm,"no source and no decision — fill the ""Decide — price series"" sheet"
index_commodities,caustic-soda-in,quoted_named_place,"no source and no decision — fill the ""Decide — price series"" sheet"
index_commodities,caustic-soda-in,currency,"the mockups carry no currency — fill the ""Decide — price series"" sheet"
index_commodities,caustic-soda-in,category,"the mockups carry no category — fill the ""Decide — price series"" sheet"
index_commodities,caustic-soda-in,source_url,"the mockups carry no source_url — fill the ""Decide — price series"" sheet"
index_commodities,caustic-soda-na,unit,"no source and no decision — fill the ""Decide — price series"" sheet"
index_commodities,caustic-soda-na,quoted_incoterm,"no source and no decision — fill the ""Decide — price series"" sheet"
index_commodities,caustic-soda-na,quoted_named_place,"no source and no decision — fill the ""Decide — price series"" sheet"
index_commodities,caustic-soda-na,currency,"the mockups carry no currency — fill the ""Decide — price series"" sheet"
index_commodities,caustic-soda-na,category,"the mockups carry no category — fill the ""Decide — price series"" sheet"
index_commodities,caustic-soda-na,source_url,"the mockups carry no source_url — fill the ""Decide — price series"" sheet"
index_commodities,caustic-soda-ppi,unit,"no source and no decision — fill the ""Decide — price series"" sheet"
index_commodities,caustic-soda-ppi,quoted_incoterm,"no source and no decision — fill the ""Decide — price series"" sheet"
index_commodities,caustic-soda-ppi,quoted_named_place,"no source and no decision — fill the ""Decide — price series"" sheet"
index_commodities,caustic-soda-ppi,currency,"the mockups carry no currency — fill the ""Decide — price series"" sheet"
index_commodities,caustic-soda-ppi,category,"the mockups carry no category — fill the ""Decide — price series"" sheet"
index_commodities,caustic-soda-ppi,source_url,"the mockups carry no source_url — fill the ""Decide — price series"" sheet"
index_commodities,chlor-naoh-ppi,unit,"no source and no decision — fill the ""Decide — price series"" sheet"
index_commodities,chlor-naoh-ppi,quoted_incoterm,"no source and no decision — fill the ""Decide — price series"" sheet"
index_commodities,chlor-naoh-ppi,quoted_named_place,"no source and no decision — fill the ""Decide — price series"" sheet"
index_commodities,chlor-naoh-ppi,currency,"the mockups carry no currency — fill the ""Decide — price series"" sheet"
index_commodities,chlor-naoh-ppi,category,"the mockups carry no category — fill the ""Decide — price series"" sheet"
index_commodities,chlor-naoh-ppi,source_url,"the mockups carry no source_url — fill the ""Decide — price series"" sheet"
index_commodities,coal-au,unit,"no source and no decision — fill the ""Decide — price series"" sheet"
index_commodities,coal-au,quoted_incoterm,"no source and no decision — fill the ""Decide — price series"" sheet"
index_commodities,coal-au,quoted_named_place,"no source and no decision — fill the ""Decide — price series"" sheet"
index_commodities,coal-au,currency,"the mockups carry no currency — fill the ""Decide — price series"" sheet"
index_commodities,coal-au,category,"the mockups carry no category — fill the ""Decide — price series"" sheet"
index_commodities,coal-au,source_url,"the mockups carry no source_url — fill the ""Decide — price series"" sheet"
index_commodities,coconut-oil-wb,unit,"no source and no decision — fill the ""Decide — price series"" sheet"
index_commodities,coconut-oil-wb,quoted_incoterm,"no source and no decision — fill the ""Decide — price series"" sheet"
index_commodities,coconut-oil-wb,quoted_named_place,"no source and no decision — fill the ""Decide — price series"" sheet"
index_commodities,coconut-oil-wb,currency,"the mockups carry no currency — fill the ""Decide — price series"" sheet"
index_commodities,coconut-oil-wb,category,"the mockups carry no category — fill the ""Decide — price series"" sheet"
index_commodities,coconut-oil-wb,source_url,"the mockups carry no source_url — fill the ""Decide — price series"" sheet"
index_commodities,copper,quoted_incoterm,"no source and no decision — fill the ""Decide — price series"" sheet"
index_commodities,copper,quoted_named_place,"no source and no decision — fill the ""Decide — price series"" sheet"
index_commodities,copper,currency,"the mockups carry no currency — fill the ""Decide — price series"" sheet"
index_commodities,copper,category,"the mockups carry no category — fill the ""Decide — price series"" sheet"
index_commodities,copper,source_url,"the mockups carry no source_url — fill the ""Decide — price series"" sheet"
index_commodities,corn,currency,"the mockups carry no currency — fill the ""Decide — price series"" sheet"
index_commodities,corn,category,"the mockups carry no category — fill the ""Decide — price series"" sheet"
index_commodities,corn,source_url,"the mockups carry no source_url — fill the ""Decide — price series"" sheet"
index_commodities,corn-na,unit,"no source and no decision — fill the ""Decide — price series"" sheet"
index_commodities,corn-na,quoted_incoterm,"no source and no decision — fill the ""Decide — price series"" sheet"
index_commodities,corn-na,quoted_named_place,"no source and no decision — fill the ""Decide — price series"" sheet"
index_commodities,corn-na,currency,"the mockups carry no currency — fill the ""Decide — price series"" sheet"
index_commodities,corn-na,category,"the mockups carry no category — fill the ""Decide — price series"" sheet"
index_commodities,corn-na,source_url,"the mockups carry no source_url — fill the ""Decide — price series"" sheet"
index_commodities,cpo,unit,"no source and no decision — fill the ""Decide — price series"" sheet"
index_commodities,cpo,quoted_incoterm,"no source and no decision — fill the ""Decide — price series"" sheet"
index_commodities,cpo,quoted_named_place,"no source and no decision — fill the ""Decide — price series"" sheet"
index_commodities,cpo,currency,"the mockups carry no currency — fill the ""Decide — price series"" sheet"
index_commodities,cpo,category,"the mockups carry no category — fill the ""Decide — price series"" sheet"
index_commodities,cpo,source_url,"the mockups carry no source_url — fill the ""Decide — price series"" sheet"
index_commodities,dap,unit,"no source and no decision — fill the ""Decide — price series"" sheet"
index_commodities,dap,currency,"the mockups carry no currency — fill the ""Decide — price series"" sheet"
index_commodities,dap,category,"the mockups carry no category — fill the ""Decide — price series"" sheet"
index_commodities,dap,source_url,"the mockups carry no source_url — fill the ""Decide — price series"" sheet"
index_commodities,elec-cn,unit,"no source and no decision — fill the ""Decide — price series"" sheet"
index_commodities,elec-cn,quoted_incoterm,"no source and no decision — fill the ""Decide — price series"" sheet"
index_commodities,elec-cn,quoted_named_place,"no source and no decision — fill the ""Decide — price series"" sheet"
index_commodities,elec-cn,currency,"the mockups carry no currency — fill the ""Decide — price series"" sheet"
index_commodities,elec-cn,category,"the mockups carry no category — fill the ""Decide — price series"" sheet"
index_commodities,elec-cn,source_url,"the mockups carry no source_url — fill the ""Decide — price series"" sheet"
index_commodities,elec-eu,unit,"no source and no decision — fill the ""Decide — price series"" sheet"
index_commodities,elec-eu,quoted_incoterm,"no source and no decision — fill the ""Decide — price series"" sheet"
index_commodities,elec-eu,quoted_named_place,"no source and no decision — fill the ""Decide — price series"" sheet"
index_commodities,elec-eu,currency,"the mockups carry no currency — fill the ""Decide — price series"" sheet"
index_commodities,elec-eu,category,"the mockups carry no category — fill the ""Decide — price series"" sheet"
index_commodities,elec-eu,source_url,"the mockups carry no source_url — fill the ""Decide — price series"" sheet"
index_commodities,elec-in,unit,"no source and no decision — fill the ""Decide — price series"" sheet"
index_commodities,elec-in,quoted_incoterm,"no source and no decision — fill the ""Decide — price series"" sheet"
index_commodities,elec-in,quoted_named_place,"no source and no decision — fill the ""Decide — price series"" sheet"
index_commodities,elec-in,currency,"the mockups carry no currency — fill the ""Decide — price series"" sheet"
index_commodities,elec-in,category,"the mockups carry no category — fill the ""Decide — price series"" sheet"
index_commodities,elec-in,source_url,"the mockups carry no source_url — fill the ""Decide — price series"" sheet"
index_commodities,elec-mea,unit,"no source and no decision — fill the ""Decide — price series"" sheet"
index_commodities,elec-mea,quoted_incoterm,"no source and no decision — fill the ""Decide — price series"" sheet"
index_commodities,elec-mea,quoted_named_place,"no source and no decision — fill the ""Decide — price series"" sheet"
index_commodities,elec-mea,currency,"the mockups carry no currency — fill the ""Decide — price series"" sheet"
index_commodities,elec-mea,category,"the mockups carry no category — fill the ""Decide — price series"" sheet"
index_commodities,elec-mea,source_url,"the mockups carry no source_url — fill the ""Decide — price series"" sheet"
index_commodities,elec-na,unit,"no source and no decision — fill the ""Decide — price series"" sheet"
index_commodities,elec-na,quoted_incoterm,"no source and no decision — fill the ""Decide — price series"" sheet"
index_commodities,elec-na,quoted_named_place,"no source and no decision — fill the ""Decide — price series"" sheet"
index_commodities,elec-na,currency,"the mockups carry no currency — fill the ""Decide — price series"" sheet"
index_commodities,elec-na,category,"the mockups carry no category — fill the ""Decide — price series"" sheet"
index_commodities,elec-na,source_url,"the mockups carry no source_url — fill the ""Decide — price series"" sheet"
index_commodities,elec-power-ppi,unit,"no source and no decision — fill the ""Decide — price series"" sheet"
index_commodities,elec-power-ppi,quoted_incoterm,"no source and no decision — fill the ""Decide — price series"" sheet"
index_commodities,elec-power-ppi,quoted_named_place,"no source and no decision — fill the ""Decide — price series"" sheet"
index_commodities,elec-power-ppi,currency,"the mockups carry no currency — fill the ""Decide — price series"" sheet"
index_commodities,elec-power-ppi,category,"the mockups carry no category — fill the ""Decide — price series"" sheet"
index_commodities,elec-power-ppi,source_url,"the mockups carry no source_url — fill the ""Decide — price series"" sheet"
index_commodities,ethanol-ppi,unit,"no source and no decision — fill the ""Decide — price series"" sheet"
index_commodities,ethanol-ppi,quoted_incoterm,"no source and no decision — fill the ""Decide — price series"" sheet"
index_commodities,ethanol-ppi,quoted_named_place,"no source and no decision — fill the ""Decide — price series"" sheet"
index_commodities,ethanol-ppi,currency,"the mockups carry no currency — fill the ""Decide — price series"" sheet"
index_commodities,ethanol-ppi,category,"the mockups carry no category — fill the ""Decide — price series"" sheet"
index_commodities,ethanol-ppi,source_url,"the mockups carry no source_url — fill the ""Decide — price series"" sheet"
index_commodities,ethylene-propylene-cn,unit,"no source and no decision — fill the ""Decide — price series"" sheet"
index_commodities,ethylene-propylene-cn,quoted_incoterm,"no source and no decision — fill the ""Decide — price series"" sheet"
index_commodities,ethylene-propylene-cn,quoted_named_place,"no source and no decision — fill the ""Decide — price series"" sheet"
index_commodities,ethylene-propylene-cn,currency,"the mockups carry no currency — fill the ""Decide — price series"" sheet"
index_commodities,ethylene-propylene-cn,category,"the mockups carry no category — fill the ""Decide — price series"" sheet"
index_commodities,ethylene-propylene-cn,source_url,"the mockups carry no source_url — fill the ""Decide — price series"" sheet"
index_commodities,ethylene-propylene-eu,unit,"no source and no decision — fill the ""Decide — price series"" sheet"
index_commodities,ethylene-propylene-eu,quoted_incoterm,"no source and no decision — fill the ""Decide — price series"" sheet"
index_commodities,ethylene-propylene-eu,quoted_named_place,"no source and no decision — fill the ""Decide — price series"" sheet"
index_commodities,ethylene-propylene-eu,currency,"the mockups carry no currency — fill the ""Decide — price series"" sheet"
index_commodities,ethylene-propylene-eu,category,"the mockups carry no category — fill the ""Decide — price series"" sheet"
index_commodities,ethylene-propylene-eu,source_url,"the mockups carry no source_url — fill the ""Decide — price series"" sheet"
index_commodities,ethylene-propylene-na,unit,"no source and no decision — fill the ""Decide — price series"" sheet"
index_commodities,ethylene-propylene-na,quoted_incoterm,"no source and no decision — fill the ""Decide — price series"" sheet"
index_commodities,ethylene-propylene-na,quoted_named_place,"no source and no decision — fill the ""Decide — price series"" sheet"
index_commodities,ethylene-propylene-na,currency,"the mockups carry no currency — fill the ""Decide — price series"" sheet"
index_commodities,ethylene-propylene-na,category,"the mockups carry no category — fill the ""Decide — price series"" sheet"
index_commodities,ethylene-propylene-na,source_url,"the mockups carry no source_url — fill the ""Decide — price series"" sheet"
index_commodities,fatty-acids-ppi,unit,"no source and no decision — fill the ""Decide — price series"" sheet"
index_commodities,fatty-acids-ppi,quoted_incoterm,"no source and no decision — fill the ""Decide — price series"" sheet"
index_commodities,fatty-acids-ppi,quoted_named_place,"no source and no decision — fill the ""Decide — price series"" sheet"
index_commodities,fatty-acids-ppi,currency,"the mockups carry no currency — fill the ""Decide — price series"" sheet"
index_commodities,fatty-acids-ppi,category,"the mockups carry no category — fill the ""Decide — price series"" sheet"
index_commodities,fatty-acids-ppi,source_url,"the mockups carry no source_url — fill the ""Decide — price series"" sheet"
index_commodities,gas-brazil,unit,"no source and no decision — fill the ""Decide — price series"" sheet"
index_commodities,gas-brazil,quoted_incoterm,"no source and no decision — fill the ""Decide — price series"" sheet"
index_commodities,gas-brazil,quoted_named_place,"no source and no decision — fill the ""Decide — price series"" sheet"
index_commodities,gas-brazil,currency,"the mockups carry no currency — fill the ""Decide — price series"" sheet"
index_commodities,gas-brazil,category,"the mockups carry no category — fill the ""Decide — price series"" sheet"
index_commodities,gas-brazil,source_url,"the mockups carry no source_url — fill the ""Decide — price series"" sheet"
index_commodities,gas-china,quoted_incoterm,"no source and no decision — fill the ""Decide — price series"" sheet"
index_commodities,gas-china,quoted_named_place,"no source and no decision — fill the ""Decide — price series"" sheet"
index_commodities,gas-china,currency,"the mockups carry no currency — fill the ""Decide — price series"" sheet"
index_commodities,gas-china,category,"the mockups carry no category — fill the ""Decide — price series"" sheet"
index_commodities,gas-china,source_url,"the mockups carry no source_url — fill the ""Decide — price series"" sheet"
index_commodities,gas-india,quoted_incoterm,"no source and no decision — fill the ""Decide — price series"" sheet"
index_commodities,gas-india,quoted_named_place,"no source and no decision — fill the ""Decide — price series"" sheet"
index_commodities,gas-india,currency,"the mockups carry no currency — fill the ""Decide — price series"" sheet"
index_commodities,gas-india,category,"the mockups carry no category — fill the ""Decide — price series"" sheet"
index_commodities,gas-india,source_url,"the mockups carry no source_url — fill the ""Decide — price series"" sheet"
index_commodities,gas-mea,quoted_incoterm,"no source and no decision — fill the ""Decide — price series"" sheet"
index_commodities,gas-mea,quoted_named_place,"no source and no decision — fill the ""Decide — price series"" sheet"
index_commodities,gas-mea,currency,"the mockups carry no currency — fill the ""Decide — price series"" sheet"
index_commodities,gas-mea,category,"the mockups carry no category — fill the ""Decide — price series"" sheet"
index_commodities,gas-mea,source_url,"the mockups carry no source_url — fill the ""Decide — price series"" sheet"
index_commodities,gold,quoted_incoterm,"no source and no decision — fill the ""Decide — price series"" sheet"
index_commodities,gold,quoted_named_place,"no source and no decision — fill the ""Decide — price series"" sheet"
index_commodities,gold,currency,"the mockups carry no currency — fill the ""Decide — price series"" sheet"
index_commodities,gold,category,"the mockups carry no category — fill the ""Decide — price series"" sheet"
index_commodities,gold,source_url,"the mockups carry no source_url — fill the ""Decide — price series"" sheet"
index_commodities,guar-gum,unit,"no source and no decision — fill the ""Decide — price series"" sheet"
index_commodities,guar-gum,quoted_incoterm,"no source and no decision — fill the ""Decide — price series"" sheet"
index_commodities,guar-gum,quoted_named_place,"no source and no decision — fill the ""Decide — price series"" sheet"
index_commodities,guar-gum,currency,"the mockups carry no currency — fill the ""Decide — price series"" sheet"
index_commodities,guar-gum,category,"the mockups carry no category — fill the ""Decide — price series"" sheet"
index_commodities,guar-gum,source_url,"the mockups carry no source_url — fill the ""Decide — price series"" sheet"
index_commodities,gum-wood-na,unit,"no source and no decision — fill the ""Decide — price series"" sheet"
index_commodities,gum-wood-na,quoted_incoterm,"no source and no decision — fill the ""Decide — price series"" sheet"
index_commodities,gum-wood-na,quoted_named_place,"no source and no decision — fill the ""Decide — price series"" sheet"
index_commodities,gum-wood-na,currency,"the mockups carry no currency — fill the ""Decide — price series"" sheet"
index_commodities,gum-wood-na,category,"the mockups carry no category — fill the ""Decide — price series"" sheet"
index_commodities,gum-wood-na,source_url,"the mockups carry no source_url — fill the ""Decide — price series"" sheet"
index_commodities,hdpe-cn,unit,"no source and no decision — fill the ""Decide — price series"" sheet"
index_commodities,hdpe-cn,quoted_incoterm,"no source and no decision — fill the ""Decide — price series"" sheet"
index_commodities,hdpe-cn,quoted_named_place,"no source and no decision — fill the ""Decide — price series"" sheet"
index_commodities,hdpe-cn,currency,"the mockups carry no currency — fill the ""Decide — price series"" sheet"
index_commodities,hdpe-cn,category,"the mockups carry no category — fill the ""Decide — price series"" sheet"
index_commodities,hdpe-cn,source_url,"the mockups carry no source_url — fill the ""Decide — price series"" sheet"
index_commodities,hdpe-eu,unit,"no source and no decision — fill the ""Decide — price series"" sheet"
index_commodities,hdpe-eu,quoted_incoterm,"no source and no decision — fill the ""Decide — price series"" sheet"
index_commodities,hdpe-eu,quoted_named_place,"no source and no decision — fill the ""Decide — price series"" sheet"
index_commodities,hdpe-eu,currency,"the mockups carry no currency — fill the ""Decide — price series"" sheet"
index_commodities,hdpe-eu,category,"the mockups carry no category — fill the ""Decide — price series"" sheet"
index_commodities,hdpe-eu,source_url,"the mockups carry no source_url — fill the ""Decide — price series"" sheet"
index_commodities,hdpe-na,unit,"no source and no decision — fill the ""Decide — price series"" sheet"
index_commodities,hdpe-na,quoted_incoterm,"no source and no decision — fill the ""Decide — price series"" sheet"
index_commodities,hdpe-na,quoted_named_place,"no source and no decision — fill the ""Decide — price series"" sheet"
index_commodities,hdpe-na,currency,"the mockups carry no currency — fill the ""Decide — price series"" sheet"
index_commodities,hdpe-na,category,"the mockups carry no category — fill the ""Decide — price series"" sheet"
index_commodities,hdpe-na,source_url,"the mockups carry no source_url — fill the ""Decide — price series"" sheet"
index_commodities,hides-gl,unit,"no source and no decision — fill the ""Decide — price series"" sheet"
index_commodities,hides-gl,quoted_incoterm,"no source and no decision — fill the ""Decide — price series"" sheet"
index_commodities,hides-gl,quoted_named_place,"no source and no decision — fill the ""Decide — price series"" sheet"
index_commodities,hides-gl,currency,"the mockups carry no currency — fill the ""Decide — price series"" sheet"
index_commodities,hides-gl,category,"the mockups carry no category — fill the ""Decide — price series"" sheet"
index_commodities,hides-gl,source_url,"the mockups carry no source_url — fill the ""Decide — price series"" sheet"
index_commodities,ilmenite,unit,"no source and no decision — fill the ""Decide — price series"" sheet"
index_commodities,ilmenite,quoted_incoterm,"no source and no decision — fill the ""Decide — price series"" sheet"
index_commodities,ilmenite,quoted_named_place,"no source and no decision — fill the ""Decide — price series"" sheet"
index_commodities,ilmenite,currency,"the mockups carry no currency — fill the ""Decide — price series"" sheet"
index_commodities,ilmenite,category,"the mockups carry no category — fill the ""Decide — price series"" sheet"
index_commodities,ilmenite,source_url,"the mockups carry no source_url — fill the ""Decide — price series"" sheet"
index_commodities,industrial-chemicals,unit,"no source and no decision — fill the ""Decide — price series"" sheet"
index_commodities,industrial-chemicals,quoted_incoterm,"no source and no decision — fill the ""Decide — price series"" sheet"
index_commodities,industrial-chemicals,quoted_named_place,"no source and no decision — fill the ""Decide — price series"" sheet"
index_commodities,industrial-chemicals,currency,"the mockups carry no currency — fill the ""Decide — price series"" sheet"
index_commodities,industrial-chemicals,category,"the mockups carry no category — fill the ""Decide — price series"" sheet"
index_commodities,industrial-chemicals,source_url,"the mockups carry no source_url — fill the ""Decide — price series"" sheet"
index_commodities,inorg-chem-ppi,unit,"no source and no decision — fill the ""Decide — price series"" sheet"
index_commodities,inorg-chem-ppi,quoted_incoterm,"no source and no decision — fill the ""Decide — price series"" sheet"
index_commodities,inorg-chem-ppi,quoted_named_place,"no source and no decision — fill the ""Decide — price series"" sheet"
index_commodities,inorg-chem-ppi,currency,"the mockups carry no currency — fill the ""Decide — price series"" sheet"
index_commodities,inorg-chem-ppi,category,"the mockups carry no category — fill the ""Decide — price series"" sheet"
index_commodities,inorg-chem-ppi,source_url,"the mockups carry no source_url — fill the ""Decide — price series"" sheet"
index_commodities,iron-ore,currency,"the mockups carry no currency — fill the ""Decide — price series"" sheet"
index_commodities,iron-ore,category,"the mockups carry no category — fill the ""Decide — price series"" sheet"
index_commodities,iron-ore,source_url,"the mockups carry no source_url — fill the ""Decide — price series"" sheet"
index_commodities,iron-scrap-eu,unit,"no source and no decision — fill the ""Decide — price series"" sheet"
index_commodities,iron-scrap-eu,currency,"the mockups carry no currency — fill the ""Decide — price series"" sheet"
index_commodities,iron-scrap-eu,category,"the mockups carry no category — fill the ""Decide — price series"" sheet"
index_commodities,iron-scrap-eu,source_url,"the mockups carry no source_url — fill the ""Decide — price series"" sheet"
index_commodities,iron-scrap-na,unit,"no source and no decision — fill the ""Decide — price series"" sheet"
index_commodities,iron-scrap-na,quoted_incoterm,"no source and no decision — fill the ""Decide — price series"" sheet"
index_commodities,iron-scrap-na,quoted_named_place,"no source and no decision — fill the ""Decide — price series"" sheet"
index_commodities,iron-scrap-na,currency,"the mockups carry no currency — fill the ""Decide — price series"" sheet"
index_commodities,iron-scrap-na,category,"the mockups carry no category — fill the ""Decide — price series"" sheet"
index_commodities,iron-scrap-na,source_url,"the mockups carry no source_url — fill the ""Decide — price series"" sheet"
index_commodities,kcl-wb,unit,"no source and no decision — fill the ""Decide — price series"" sheet"
index_commodities,kcl-wb,quoted_incoterm,"no source and no decision — fill the ""Decide — price series"" sheet"
index_commodities,kcl-wb,quoted_named_place,"no source and no decision — fill the ""Decide — price series"" sheet"
index_commodities,kcl-wb,currency,"the mockups carry no currency — fill the ""Decide — price series"" sheet"
index_commodities,kcl-wb,category,"the mockups carry no category — fill the ""Decide — price series"" sheet"
index_commodities,kcl-wb,source_url,"the mockups carry no source_url — fill the ""Decide — price series"" sheet"
index_commodities,lab-apac,unit,"no source and no decision — fill the ""Decide — price series"" sheet"
index_commodities,lab-apac,currency,"the mockups carry no currency — fill the ""Decide — price series"" sheet"
index_commodities,lab-apac,category,"the mockups carry no category — fill the ""Decide — price series"" sheet"
index_commodities,lab-apac,source_url,"the mockups carry no source_url — fill the ""Decide — price series"" sheet"
index_commodities,lab-eu,unit,"no source and no decision — fill the ""Decide — price series"" sheet"
index_commodities,lab-eu,quoted_incoterm,"no source and no decision — fill the ""Decide — price series"" sheet"
index_commodities,lab-eu,quoted_named_place,"no source and no decision — fill the ""Decide — price series"" sheet"
index_commodities,lab-eu,currency,"the mockups carry no currency — fill the ""Decide — price series"" sheet"
index_commodities,lab-eu,category,"the mockups carry no category — fill the ""Decide — price series"" sheet"
index_commodities,lab-eu,source_url,"the mockups carry no source_url — fill the ""Decide — price series"" sheet"
index_commodities,lab-in,unit,"no source and no decision — fill the ""Decide — price series"" sheet"
index_commodities,lab-in,currency,"the mockups carry no currency — fill the ""Decide — price series"" sheet"
index_commodities,lab-in,category,"the mockups carry no category — fill the ""Decide — price series"" sheet"
index_commodities,lab-in,source_url,"the mockups carry no source_url — fill the ""Decide — price series"" sheet"
index_commodities,lab-mea,unit,"no source and no decision — fill the ""Decide — price series"" sheet"
index_commodities,lab-mea,currency,"the mockups carry no currency — fill the ""Decide — price series"" sheet"
index_commodities,lab-mea,category,"the mockups carry no category — fill the ""Decide — price series"" sheet"
index_commodities,lab-mea,source_url,"the mockups carry no source_url — fill the ""Decide — price series"" sheet"
index_commodities,lab-na,unit,"no source and no decision — fill the ""Decide — price series"" sheet"
index_commodities,lab-na,quoted_incoterm,"no source and no decision — fill the ""Decide — price series"" sheet"
index_commodities,lab-na,quoted_named_place,"no source and no decision — fill the ""Decide — price series"" sheet"
index_commodities,lab-na,currency,"the mockups carry no currency — fill the ""Decide — price series"" sheet"
index_commodities,lab-na,category,"the mockups carry no category — fill the ""Decide — price series"" sheet"
index_commodities,lab-na,source_url,"the mockups carry no source_url — fill the ""Decide — price series"" sheet"
index_commodities,lci-apac,unit,"no source and no decision — fill the ""Decide — price series"" sheet"
index_commodities,lci-apac,quoted_incoterm,"no source and no decision — fill the ""Decide — price series"" sheet"
index_commodities,lci-apac,quoted_named_place,"no source and no decision — fill the ""Decide — price series"" sheet"
index_commodities,lci-apac,currency,"the mockups carry no currency — fill the ""Decide — price series"" sheet"
index_commodities,lci-apac,category,"the mockups carry no category — fill the ""Decide — price series"" sheet"
index_commodities,lci-apac,source_url,"the mockups carry no source_url — fill the ""Decide — price series"" sheet"
index_commodities,lci-cn,unit,"no source and no decision — fill the ""Decide — price series"" sheet"
index_commodities,lci-cn,quoted_incoterm,"no source and no decision — fill the ""Decide — price series"" sheet"
index_commodities,lci-cn,quoted_named_place,"no source and no decision — fill the ""Decide — price series"" sheet"
index_commodities,lci-cn,currency,"the mockups carry no currency — fill the ""Decide — price series"" sheet"
index_commodities,lci-cn,category,"the mockups carry no category — fill the ""Decide — price series"" sheet"
index_commodities,lci-cn,source_url,"the mockups carry no source_url — fill the ""Decide — price series"" sheet"
index_commodities,lci-eu,unit,"no source and no decision — fill the ""Decide — price series"" sheet"
index_commodities,lci-eu,quoted_incoterm,"no source and no decision — fill the ""Decide — price series"" sheet"
index_commodities,lci-eu,quoted_named_place,"no source and no decision — fill the ""Decide — price series"" sheet"
index_commodities,lci-eu,currency,"the mockups carry no currency — fill the ""Decide — price series"" sheet"
index_commodities,lci-eu,category,"the mockups carry no category — fill the ""Decide — price series"" sheet"
index_commodities,lci-eu,source_url,"the mockups carry no source_url — fill the ""Decide — price series"" sheet"
index_commodities,lci-in,unit,"no source and no decision — fill the ""Decide — price series"" sheet"
index_commodities,lci-in,quoted_incoterm,"no source and no decision — fill the ""Decide — price series"" sheet"
index_commodities,lci-in,quoted_named_place,"no source and no decision — fill the ""Decide — price series"" sheet"
index_commodities,lci-in,currency,"the mockups carry no currency — fill the ""Decide — price series"" sheet"
index_commodities,lci-in,category,"the mockups carry no category — fill the ""Decide — price series"" sheet"
index_commodities,lci-in,source_url,"the mockups carry no source_url — fill the ""Decide — price series"" sheet"
index_commodities,lci-la,unit,"no source and no decision — fill the ""Decide — price series"" sheet"
index_commodities,lci-la,quoted_incoterm,"no source and no decision — fill the ""Decide — price series"" sheet"
index_commodities,lci-la,quoted_named_place,"no source and no decision — fill the ""Decide — price series"" sheet"
index_commodities,lci-la,currency,"the mockups carry no currency — fill the ""Decide — price series"" sheet"
index_commodities,lci-la,category,"the mockups carry no category — fill the ""Decide — price series"" sheet"
index_commodities,lci-la,source_url,"the mockups carry no source_url — fill the ""Decide — price series"" sheet"
index_commodities,lci-mea,unit,"no source and no decision — fill the ""Decide — price series"" sheet"
index_commodities,lci-mea,quoted_incoterm,"no source and no decision — fill the ""Decide — price series"" sheet"
index_commodities,lci-mea,quoted_named_place,"no source and no decision — fill the ""Decide — price series"" sheet"
index_commodities,lci-mea,currency,"the mockups carry no currency — fill the ""Decide — price series"" sheet"
index_commodities,lci-mea,category,"the mockups carry no category — fill the ""Decide — price series"" sheet"
index_commodities,lci-mea,source_url,"the mockups carry no source_url — fill the ""Decide — price series"" sheet"
index_commodities,lci-na,unit,"no source and no decision — fill the ""Decide — price series"" sheet"
index_commodities,lci-na,quoted_incoterm,"no source and no decision — fill the ""Decide — price series"" sheet"
index_commodities,lci-na,quoted_named_place,"no source and no decision — fill the ""Decide — price series"" sheet"
index_commodities,lci-na,currency,"the mockups carry no currency — fill the ""Decide — price series"" sheet"
index_commodities,lci-na,category,"the mockups carry no category — fill the ""Decide — price series"" sheet"
index_commodities,lci-na,source_url,"the mockups carry no source_url — fill the ""Decide — price series"" sheet"
index_commodities,lead,quoted_incoterm,"no source and no decision — fill the ""Decide — price series"" sheet"
index_commodities,lead,quoted_named_place,"no source and no decision — fill the ""Decide — price series"" sheet"
index_commodities,lead,currency,"the mockups carry no currency — fill the ""Decide — price series"" sheet"
index_commodities,lead,category,"the mockups carry no category — fill the ""Decide — price series"" sheet"
index_commodities,lead,source_url,"the mockups carry no source_url — fill the ""Decide — price series"" sheet"
index_commodities,lime-na,unit,"no source and no decision — fill the ""Decide — price series"" sheet"
index_commodities,lime-na,quoted_incoterm,"no source and no decision — fill the ""Decide — price series"" sheet"
index_commodities,lime-na,quoted_named_place,"no source and no decision — fill the ""Decide — price series"" sheet"
index_commodities,lime-na,currency,"the mockups carry no currency — fill the ""Decide — price series"" sheet"
index_commodities,lime-na,category,"the mockups carry no category — fill the ""Decide — price series"" sheet"
index_commodities,lime-na,source_url,"the mockups carry no source_url — fill the ""Decide — price series"" sheet"
index_commodities,lng-japan,currency,"the mockups carry no currency — fill the ""Decide — price series"" sheet"
index_commodities,lng-japan,category,"the mockups carry no category — fill the ""Decide — price series"" sheet"
index_commodities,lng-japan,source_url,"the mockups carry no source_url — fill the ""Decide — price series"" sheet"
index_commodities,lng-jkm-asia,unit,"no source and no decision — fill the ""Decide — price series"" sheet"
index_commodities,lng-jkm-asia,quoted_incoterm,"no source and no decision — fill the ""Decide — price series"" sheet"
index_commodities,lng-jkm-asia,quoted_named_place,"no source and no decision — fill the ""Decide — price series"" sheet"
index_commodities,lng-jkm-asia,currency,"the mockups carry no currency — fill the ""Decide — price series"" sheet"
index_commodities,lng-jkm-asia,category,"the mockups carry no category — fill the ""Decide — price series"" sheet"
index_commodities,lng-jkm-asia,source_url,"the mockups carry no source_url — fill the ""Decide — price series"" sheet"
index_commodities,methanol-na,quoted_incoterm,"no source and no decision — fill the ""Decide — price series"" sheet"
index_commodities,methanol-na,quoted_named_place,"no source and no decision — fill the ""Decide — price series"" sheet"
index_commodities,methanol-na,currency,"the mockups carry no currency — fill the ""Decide — price series"" sheet"
index_commodities,methanol-na,category,"the mockups carry no category — fill the ""Decide — price series"" sheet"
index_commodities,methanol-na,source_url,"the mockups carry no source_url — fill the ""Decide — price series"" sheet"
index_commodities,mma-cn,unit,"no source and no decision — fill the ""Decide — price series"" sheet"
index_commodities,mma-cn,quoted_incoterm,"no source and no decision — fill the ""Decide — price series"" sheet"
index_commodities,mma-cn,quoted_named_place,"no source and no decision — fill the ""Decide — price series"" sheet"
index_commodities,mma-cn,currency,"the mockups carry no currency — fill the ""Decide — price series"" sheet"
index_commodities,mma-cn,category,"the mockups carry no category — fill the ""Decide — price series"" sheet"
index_commodities,mma-cn,source_url,"the mockups carry no source_url — fill the ""Decide — price series"" sheet"
index_commodities,mma-eu,unit,"no source and no decision — fill the ""Decide — price series"" sheet"
index_commodities,mma-eu,quoted_incoterm,"no source and no decision — fill the ""Decide — price series"" sheet"
index_commodities,mma-eu,quoted_named_place,"no source and no decision — fill the ""Decide — price series"" sheet"
index_commodities,mma-eu,currency,"the mockups carry no currency — fill the ""Decide — price series"" sheet"
index_commodities,mma-eu,category,"the mockups carry no category — fill the ""Decide — price series"" sheet"
index_commodities,mma-eu,source_url,"the mockups carry no source_url — fill the ""Decide — price series"" sheet"
index_commodities,mop,currency,"the mockups carry no currency — fill the ""Decide — price series"" sheet"
index_commodities,mop,category,"the mockups carry no category — fill the ""Decide — price series"" sheet"
index_commodities,mop,source_url,"the mockups carry no source_url — fill the ""Decide — price series"" sheet"
index_commodities,natgas-na,quoted_incoterm,"no source and no decision — fill the ""Decide — price series"" sheet"
index_commodities,natgas-na,quoted_named_place,"no source and no decision — fill the ""Decide — price series"" sheet"
index_commodities,natgas-na,currency,"the mockups carry no currency — fill the ""Decide — price series"" sheet"
index_commodities,natgas-na,category,"the mockups carry no category — fill the ""Decide — price series"" sheet"
index_commodities,natgas-na,source_url,"the mockups carry no source_url — fill the ""Decide — price series"" sheet"
index_commodities,natgas-ppi,unit,"no source and no decision — fill the ""Decide — price series"" sheet"
index_commodities,natgas-ppi,quoted_incoterm,"no source and no decision — fill the ""Decide — price series"" sheet"
index_commodities,natgas-ppi,quoted_named_place,"no source and no decision — fill the ""Decide — price series"" sheet"
index_commodities,natgas-ppi,currency,"the mockups carry no currency — fill the ""Decide — price series"" sheet"
index_commodities,natgas-ppi,category,"the mockups carry no category — fill the ""Decide — price series"" sheet"
index_commodities,natgas-ppi,source_url,"the mockups carry no source_url — fill the ""Decide — price series"" sheet"
index_commodities,nickel,quoted_incoterm,"no source and no decision — fill the ""Decide — price series"" sheet"
index_commodities,nickel,quoted_named_place,"no source and no decision — fill the ""Decide — price series"" sheet"
index_commodities,nickel,currency,"the mockups carry no currency — fill the ""Decide — price series"" sheet"
index_commodities,nickel,category,"the mockups carry no category — fill the ""Decide — price series"" sheet"
index_commodities,nickel,source_url,"the mockups carry no source_url — fill the ""Decide — price series"" sheet"
index_commodities,orange-gl,unit,"no source and no decision — fill the ""Decide — price series"" sheet"
index_commodities,orange-gl,quoted_incoterm,"no source and no decision — fill the ""Decide — price series"" sheet"
index_commodities,orange-gl,quoted_named_place,"no source and no decision — fill the ""Decide — price series"" sheet"
index_commodities,orange-gl,currency,"the mockups carry no currency — fill the ""Decide — price series"" sheet"
index_commodities,orange-gl,category,"the mockups carry no category — fill the ""Decide — price series"" sheet"
index_commodities,orange-gl,source_url,"the mockups carry no source_url — fill the ""Decide — price series"" sheet"
index_commodities,phosphates-ppi,unit,"no source and no decision — fill the ""Decide — price series"" sheet"
index_commodities,phosphates-ppi,quoted_incoterm,"no source and no decision — fill the ""Decide — price series"" sheet"
index_commodities,phosphates-ppi,quoted_named_place,"no source and no decision — fill the ""Decide — price series"" sheet"
index_commodities,phosphates-ppi,currency,"the mockups carry no currency — fill the ""Decide — price series"" sheet"
index_commodities,phosphates-ppi,category,"the mockups carry no category — fill the ""Decide — price series"" sheet"
index_commodities,phosphates-ppi,source_url,"the mockups carry no source_url — fill the ""Decide — price series"" sheet"
index_commodities,phthalic-anhydride-eu,unit,"no source and no decision — fill the ""Decide — price series"" sheet"
index_commodities,phthalic-anhydride-eu,quoted_incoterm,"no source and no decision — fill the ""Decide — price series"" sheet"
index_commodities,phthalic-anhydride-eu,quoted_named_place,"no source and no decision — fill the ""Decide — price series"" sheet"
index_commodities,phthalic-anhydride-eu,currency,"the mockups carry no currency — fill the ""Decide — price series"" sheet"
index_commodities,phthalic-anhydride-eu,category,"the mockups carry no category — fill the ""Decide — price series"" sheet"
index_commodities,phthalic-anhydride-eu,source_url,"the mockups carry no source_url — fill the ""Decide — price series"" sheet"
index_commodities,pko,unit,"no source and no decision — fill the ""Decide — price series"" sheet"
index_commodities,pko,quoted_incoterm,"no source and no decision — fill the ""Decide — price series"" sheet"
index_commodities,pko,quoted_named_place,"no source and no decision — fill the ""Decide — price series"" sheet"
index_commodities,pko,currency,"the mockups carry no currency — fill the ""Decide — price series"" sheet"
index_commodities,pko,category,"the mockups carry no category — fill the ""Decide — price series"" sheet"
index_commodities,pko,source_url,"the mockups carry no source_url — fill the ""Decide — price series"" sheet"
index_commodities,ppi-na,unit,"no source and no decision — fill the ""Decide — price series"" sheet"
index_commodities,ppi-na,quoted_incoterm,"no source and no decision — fill the ""Decide — price series"" sheet"
index_commodities,ppi-na,quoted_named_place,"no source and no decision — fill the ""Decide — price series"" sheet"
index_commodities,ppi-na,currency,"the mockups carry no currency — fill the ""Decide — price series"" sheet"
index_commodities,ppi-na,category,"the mockups carry no category — fill the ""Decide — price series"" sheet"
index_commodities,ppi-na,source_url,"the mockups carry no source_url — fill the ""Decide — price series"" sheet"
index_commodities,primary-organics-ppi,unit,"no source and no decision — fill the ""Decide — price series"" sheet"
index_commodities,primary-organics-ppi,quoted_incoterm,"no source and no decision — fill the ""Decide — price series"" sheet"
index_commodities,primary-organics-ppi,quoted_named_place,"no source and no decision — fill the ""Decide — price series"" sheet"
index_commodities,primary-organics-ppi,currency,"the mockups carry no currency — fill the ""Decide — price series"" sheet"
index_commodities,primary-organics-ppi,category,"the mockups carry no category — fill the ""Decide — price series"" sheet"
index_commodities,primary-organics-ppi,source_url,"the mockups carry no source_url — fill the ""Decide — price series"" sheet"
index_commodities,refinery-gases-ppi,unit,"no source and no decision — fill the ""Decide — price series"" sheet"
index_commodities,refinery-gases-ppi,quoted_incoterm,"no source and no decision — fill the ""Decide — price series"" sheet"
index_commodities,refinery-gases-ppi,quoted_named_place,"no source and no decision — fill the ""Decide — price series"" sheet"
index_commodities,refinery-gases-ppi,currency,"the mockups carry no currency — fill the ""Decide — price series"" sheet"
index_commodities,refinery-gases-ppi,category,"the mockups carry no category — fill the ""Decide — price series"" sheet"
index_commodities,refinery-gases-ppi,source_url,"the mockups carry no source_url — fill the ""Decide — price series"" sheet"
index_commodities,rubber,quoted_incoterm,"no source and no decision — fill the ""Decide — price series"" sheet"
index_commodities,rubber,quoted_named_place,"no source and no decision — fill the ""Decide — price series"" sheet"
index_commodities,rubber,currency,"the mockups carry no currency — fill the ""Decide — price series"" sheet"
index_commodities,rubber,category,"the mockups carry no category — fill the ""Decide — price series"" sheet"
index_commodities,rubber,source_url,"the mockups carry no source_url — fill the ""Decide — price series"" sheet"
index_commodities,rutile,unit,"no source and no decision — fill the ""Decide — price series"" sheet"
index_commodities,rutile,quoted_incoterm,"no source and no decision — fill the ""Decide — price series"" sheet"
index_commodities,rutile,quoted_named_place,"no source and no decision — fill the ""Decide — price series"" sheet"
index_commodities,rutile,currency,"the mockups carry no currency — fill the ""Decide — price series"" sheet"
index_commodities,rutile,category,"the mockups carry no category — fill the ""Decide — price series"" sheet"
index_commodities,rutile,source_url,"the mockups carry no source_url — fill the ""Decide — price series"" sheet"
index_commodities,salt-ppi,unit,"no source and no decision — fill the ""Decide — price series"" sheet"
index_commodities,salt-ppi,quoted_incoterm,"no source and no decision — fill the ""Decide — price series"" sheet"
index_commodities,salt-ppi,quoted_named_place,"no source and no decision — fill the ""Decide — price series"" sheet"
index_commodities,salt-ppi,currency,"the mockups carry no currency — fill the ""Decide — price series"" sheet"
index_commodities,salt-ppi,category,"the mockups carry no category — fill the ""Decide — price series"" sheet"
index_commodities,salt-ppi,source_url,"the mockups carry no source_url — fill the ""Decide — price series"" sheet"
index_commodities,silicon-metal-cn,unit,"no source and no decision — fill the ""Decide — price series"" sheet"
index_commodities,silicon-metal-cn,quoted_incoterm,"no source and no decision — fill the ""Decide — price series"" sheet"
index_commodities,silicon-metal-cn,quoted_named_place,"no source and no decision — fill the ""Decide — price series"" sheet"
index_commodities,silicon-metal-cn,currency,"the mockups carry no currency — fill the ""Decide — price series"" sheet"
index_commodities,silicon-metal-cn,category,"the mockups carry no category — fill the ""Decide — price series"" sheet"
index_commodities,silicon-metal-cn,source_url,"the mockups carry no source_url — fill the ""Decide — price series"" sheet"
index_commodities,silicon-metal-mb,unit,"no source and no decision — fill the ""Decide — price series"" sheet"
index_commodities,silicon-metal-mb,quoted_incoterm,"no source and no decision — fill the ""Decide — price series"" sheet"
index_commodities,silicon-metal-mb,quoted_named_place,"no source and no decision — fill the ""Decide — price series"" sheet"
index_commodities,silicon-metal-mb,currency,"the mockups carry no currency — fill the ""Decide — price series"" sheet"
index_commodities,silicon-metal-mb,category,"the mockups carry no category — fill the ""Decide — price series"" sheet"
index_commodities,silicon-metal-mb,source_url,"the mockups carry no source_url — fill the ""Decide — price series"" sheet"
index_commodities,silicon-metal-na,unit,"no source and no decision — fill the ""Decide — price series"" sheet"
index_commodities,silicon-metal-na,quoted_incoterm,"no source and no decision — fill the ""Decide — price series"" sheet"
index_commodities,silicon-metal-na,quoted_named_place,"no source and no decision — fill the ""Decide — price series"" sheet"
index_commodities,silicon-metal-na,currency,"the mockups carry no currency — fill the ""Decide — price series"" sheet"
index_commodities,silicon-metal-na,category,"the mockups carry no category — fill the ""Decide — price series"" sheet"
index_commodities,silicon-metal-na,source_url,"the mockups carry no source_url — fill the ""Decide — price series"" sheet"
index_commodities,silver,quoted_incoterm,"no source and no decision — fill the ""Decide — price series"" sheet"
index_commodities,silver,quoted_named_place,"no source and no decision — fill the ""Decide — price series"" sheet"
index_commodities,silver,currency,"the mockups carry no currency — fill the ""Decide — price series"" sheet"
index_commodities,silver,category,"the mockups carry no category — fill the ""Decide — price series"" sheet"
index_commodities,silver,source_url,"the mockups carry no source_url — fill the ""Decide — price series"" sheet"
index_commodities,soybean-oil,currency,"the mockups carry no currency — fill the ""Decide — price series"" sheet"
index_commodities,soybean-oil,category,"the mockups carry no category — fill the ""Decide — price series"" sheet"
index_commodities,soybean-oil,source_url,"the mockups carry no source_url — fill the ""Decide — price series"" sheet"
index_commodities,sulfuric-acid-cn,unit,"no source and no decision — fill the ""Decide — price series"" sheet"
index_commodities,sulfuric-acid-cn,quoted_incoterm,"no source and no decision — fill the ""Decide — price series"" sheet"
index_commodities,sulfuric-acid-cn,quoted_named_place,"no source and no decision — fill the ""Decide — price series"" sheet"
index_commodities,sulfuric-acid-cn,currency,"the mockups carry no currency — fill the ""Decide — price series"" sheet"
index_commodities,sulfuric-acid-cn,category,"the mockups carry no category — fill the ""Decide — price series"" sheet"
index_commodities,sulfuric-acid-cn,source_url,"the mockups carry no source_url — fill the ""Decide — price series"" sheet"
index_commodities,sulfuric-acid-eu,unit,"no source and no decision — fill the ""Decide — price series"" sheet"
index_commodities,sulfuric-acid-eu,quoted_incoterm,"no source and no decision — fill the ""Decide — price series"" sheet"
index_commodities,sulfuric-acid-eu,quoted_named_place,"no source and no decision — fill the ""Decide — price series"" sheet"
index_commodities,sulfuric-acid-eu,currency,"the mockups carry no currency — fill the ""Decide — price series"" sheet"
index_commodities,sulfuric-acid-eu,category,"the mockups carry no category — fill the ""Decide — price series"" sheet"
index_commodities,sulfuric-acid-eu,source_url,"the mockups carry no source_url — fill the ""Decide — price series"" sheet"
index_commodities,sulfuric-acid-na,unit,"no source and no decision — fill the ""Decide — price series"" sheet"
index_commodities,sulfuric-acid-na,quoted_incoterm,"no source and no decision — fill the ""Decide — price series"" sheet"
index_commodities,sulfuric-acid-na,quoted_named_place,"no source and no decision — fill the ""Decide — price series"" sheet"
index_commodities,sulfuric-acid-na,currency,"the mockups carry no currency — fill the ""Decide — price series"" sheet"
index_commodities,sulfuric-acid-na,category,"the mockups carry no category — fill the ""Decide — price series"" sheet"
index_commodities,sulfuric-acid-na,source_url,"the mockups carry no source_url — fill the ""Decide — price series"" sheet"
index_commodities,synthetic-rubber,unit,"no source and no decision — fill the ""Decide — price series"" sheet"
index_commodities,synthetic-rubber,quoted_incoterm,"no source and no decision — fill the ""Decide — price series"" sheet"
index_commodities,synthetic-rubber,quoted_named_place,"no source and no decision — fill the ""Decide — price series"" sheet"
index_commodities,synthetic-rubber,currency,"the mockups carry no currency — fill the ""Decide — price series"" sheet"
index_commodities,synthetic-rubber,category,"the mockups carry no category — fill the ""Decide — price series"" sheet"
index_commodities,synthetic-rubber,source_url,"the mockups carry no source_url — fill the ""Decide — price series"" sheet"
index_commodities,tallow-ppi,unit,"no source and no decision — fill the ""Decide — price series"" sheet"
index_commodities,tallow-ppi,quoted_incoterm,"no source and no decision — fill the ""Decide — price series"" sheet"
index_commodities,tallow-ppi,quoted_named_place,"no source and no decision — fill the ""Decide — price series"" sheet"
index_commodities,tallow-ppi,currency,"the mockups carry no currency — fill the ""Decide — price series"" sheet"
index_commodities,tallow-ppi,category,"the mockups carry no category — fill the ""Decide — price series"" sheet"
index_commodities,tallow-ppi,source_url,"the mockups carry no source_url — fill the ""Decide — price series"" sheet"
index_commodities,tin,quoted_incoterm,"no source and no decision — fill the ""Decide — price series"" sheet"
index_commodities,tin,quoted_named_place,"no source and no decision — fill the ""Decide — price series"" sheet"
index_commodities,tin,currency,"the mockups carry no currency — fill the ""Decide — price series"" sheet"
index_commodities,tin,category,"the mockups carry no category — fill the ""Decide — price series"" sheet"
index_commodities,tin,source_url,"the mockups carry no source_url — fill the ""Decide — price series"" sheet"
index_commodities,ttf-eu,quoted_incoterm,"no source and no decision — fill the ""Decide — price series"" sheet"
index_commodities,ttf-eu,quoted_named_place,"no source and no decision — fill the ""Decide — price series"" sheet"
index_commodities,ttf-eu,currency,"the mockups carry no currency — fill the ""Decide — price series"" sheet"
index_commodities,ttf-eu,category,"the mockups carry no category — fill the ""Decide — price series"" sheet"
index_commodities,ttf-eu,source_url,"the mockups carry no source_url — fill the ""Decide — price series"" sheet"
index_commodities,urea,unit,"no source and no decision — fill the ""Decide — price series"" sheet"
index_commodities,urea,currency,"the mockups carry no currency — fill the ""Decide — price series"" sheet"
index_commodities,urea,category,"the mockups carry no category — fill the ""Decide — price series"" sheet"
index_commodities,urea,source_url,"the mockups carry no source_url — fill the ""Decide — price series"" sheet"
index_commodities,water-eu,unit,"no source and no decision — fill the ""Decide — price series"" sheet"
index_commodities,water-eu,quoted_incoterm,"no source and no decision — fill the ""Decide — price series"" sheet"
index_commodities,water-eu,quoted_named_place,"no source and no decision — fill the ""Decide — price series"" sheet"
index_commodities,water-eu,currency,"the mockups carry no currency — fill the ""Decide — price series"" sheet"
index_commodities,water-eu,category,"the mockups carry no category — fill the ""Decide — price series"" sheet"
index_commodities,water-eu,source_url,"the mockups carry no source_url — fill the ""Decide — price series"" sheet"
index_commodities,wheat,quoted_incoterm,"no source and no decision — fill the ""Decide — price series"" sheet"
index_commodities,wheat,quoted_named_place,"no source and no decision — fill the ""Decide — price series"" sheet"
index_commodities,wheat,currency,"the mockups carry no currency — fill the ""Decide — price series"" sheet"
index_commodities,wheat,category,"the mockups carry no category — fill the ""Decide — price series"" sheet"
index_commodities,wheat,source_url,"the mockups carry no source_url — fill the ""Decide — price series"" sheet"
index_commodities,wood-pulp-na,unit,"no source and no decision — fill the ""Decide — price series"" sheet"
index_commodities,wood-pulp-na,quoted_incoterm,"no source and no decision — fill the ""Decide — price series"" sheet"
index_commodities,wood-pulp-na,quoted_named_place,"no source and no decision — fill the ""Decide — price series"" sheet"
index_commodities,wood-pulp-na,currency,"the mockups carry no currency — fill the ""Decide — price series"" sheet"
index_commodities,wood-pulp-na,category,"the mockups carry no category — fill the ""Decide — price series"" sheet"
index_commodities,wood-pulp-na,source_url,"the mockups carry no source_url — fill the ""Decide — price series"" sheet"
index_commodities,wti,unit,"no source and no decision — fill the ""Decide — price series"" sheet"
index_commodities,wti,quoted_incoterm,"no source and no decision — fill the ""Decide — price series"" sheet"
index_commodities,wti,quoted_named_place,"no source and no decision — fill the ""Decide — price series"" sheet"
index_commodities,wti,currency,"the mockups carry no currency — fill the ""Decide — price series"" sheet"
index_commodities,wti,category,"the mockups carry no category — fill the ""Decide — price series"" sheet"
index_commodities,wti,source_url,"the mockups carry no source_url — fill the ""Decide — price series"" sheet"
index_commodities,zinc,quoted_incoterm,"no source and no decision — fill the ""Decide — price series"" sheet"
index_commodities,zinc,quoted_named_place,"no source and no decision — fill the ""Decide — price series"" sheet"
index_commodities,zinc,currency,"the mockups carry no currency — fill the ""Decide — price series"" sheet"
index_commodities,zinc,category,"the mockups carry no category — fill the ""Decide — price series"" sheet"
index_commodities,zinc,source_url,"the mockups carry no source_url — fill the ""Decide — price series"" sheet"
index_commodities,zinc-gl,unit,"no source and no decision — fill the ""Decide — price series"" sheet"
index_commodities,zinc-gl,quoted_incoterm,"no source and no decision — fill the ""Decide — price series"" sheet"
index_commodities,zinc-gl,quoted_named_place,"no source and no decision — fill the ""Decide — price series"" sheet"
index_commodities,zinc-gl,currency,"the mockups carry no currency — fill the ""Decide — price series"" sheet"
index_commodities,zinc-gl,category,"the mockups carry no category — fill the ""Decide — price series"" sheet"
index_commodities,zinc-gl,source_url,"the mockups carry no source_url — fill the ""Decide — price series"" sheet"
