combo_id,formula_id,region,seq,weight_pct,weight_frac,label,type_code,raw_flag,kind,proxy_status,resolves_to,resolution,label_short,commodity_key
OLE-FAC-SAT·EU,OLE-FAC-SAT,EU,1,70,0.7,CPO feedstock,CPO-MY,p,indexed,proxy,cpo,resolved,CPO feedstock,cpo
OLE-FAC-SAT·EU,OLE-FAC-SAT,EU,2,8,0.08,Industrial electricity,ELEC-EU,d,indexed,direct,elec-eu,resolved,Industrial electricity,elec-eu
OLE-FAC-SAT·EU,OLE-FAC-SAT,EU,3,13,0.13,Fixed costs LCI,LCI-EU,d,indexed,direct,lci-eu,resolved,Fixed costs LCI,lci-eu
OLE-FAC-SAT·EU,OLE-FAC-SAT,EU,4,9,0.09,Supplier margin,fixed,f,fixed,,,fixed,Supplier margin,
OLE-FAC-SAT·CN,OLE-FAC-SAT,CN,1,70,0.7,CPO feedstock,CPO-MY,p,indexed,proxy,cpo,resolved,CPO feedstock,cpo
OLE-FAC-SAT·CN,OLE-FAC-SAT,CN,2,8,0.08,Industrial electricity,ELEC-CN,d,indexed,direct,elec-cn,resolved,Industrial electricity,elec-cn
OLE-FAC-SAT·CN,OLE-FAC-SAT,CN,3,13,0.13,Fixed costs LCI,LCI-CN,d,indexed,direct,lci-cn,resolved,Fixed costs LCI,lci-cn
OLE-FAC-SAT·CN,OLE-FAC-SAT,CN,4,9,0.09,Supplier margin,fixed,f,fixed,,,fixed,Supplier margin,
OLE-FAC-SAT·NA,OLE-FAC-SAT,NA,1,70,0.7,CPO feedstock,CPO-MY,p,indexed,proxy,cpo,resolved,CPO feedstock,cpo
OLE-FAC-SAT·NA,OLE-FAC-SAT,NA,2,8,0.08,Industrial electricity,ELEC-NA,d,indexed,direct,elec-na,resolved,Industrial electricity,elec-na
OLE-FAC-SAT·NA,OLE-FAC-SAT,NA,3,13,0.13,Fixed costs LCI,LCI-NA,d,indexed,direct,lci-na,resolved,Fixed costs LCI,lci-na
OLE-FAC-SAT·NA,OLE-FAC-SAT,NA,4,9,0.09,Supplier margin,fixed,f,fixed,,,fixed,Supplier margin,
OLE-FAC-SAT·APAC,OLE-FAC-SAT,APAC,1,70,0.7,CPO feedstock,CPO-MY,d,indexed,direct,cpo,resolved,CPO feedstock,cpo
OLE-FAC-SAT·APAC,OLE-FAC-SAT,APAC,2,8,0.08,Industrial electricity,ELEC-APAC,d,indexed,direct,elec-cn,resolved,Industrial electricity,elec-cn
OLE-FAC-SAT·APAC,OLE-FAC-SAT,APAC,3,13,0.13,Fixed costs LCI,LCI-APAC,d,indexed,direct,lci-apac,resolved,Fixed costs LCI,lci-apac
OLE-FAC-SAT·APAC,OLE-FAC-SAT,APAC,4,9,0.09,Supplier margin,fixed,f,fixed,,,fixed,Supplier margin,
OLE-FAC-SAT·IN,OLE-FAC-SAT,IN,1,70,0.7,CPO feedstock,CPO-MY,d,indexed,direct,cpo,resolved,CPO feedstock,cpo
OLE-FAC-SAT·IN,OLE-FAC-SAT,IN,2,8,0.08,Industrial electricity,ELEC-IN,d,indexed,direct,elec-in,resolved,Industrial electricity,elec-in
OLE-FAC-SAT·IN,OLE-FAC-SAT,IN,3,13,0.13,Fixed costs LCI,LCI-IN,d,indexed,direct,lci-in,resolved,Fixed costs LCI,lci-in
OLE-FAC-SAT·IN,OLE-FAC-SAT,IN,4,9,0.09,Supplier margin,fixed,f,fixed,,,fixed,Supplier margin,
OLE-FAC-SAT·MEA,OLE-FAC-SAT,MEA,1,70,0.7,CPO feedstock,CPO-MY,d,indexed,direct,cpo,resolved,CPO feedstock,cpo
OLE-FAC-SAT·MEA,OLE-FAC-SAT,MEA,2,8,0.08,Industrial electricity,ELEC-EU,p,indexed,proxy,elec-eu,resolved,Industrial electricity,elec-eu
OLE-FAC-SAT·MEA,OLE-FAC-SAT,MEA,3,13,0.13,Fixed costs LCI,LCI-MEA,d,indexed,direct,lci-mea,resolved,Fixed costs LCI,lci-mea
OLE-FAC-SAT·MEA,OLE-FAC-SAT,MEA,4,9,0.09,Supplier margin,fixed,f,fixed,,,fixed,Supplier margin,
FA-US·EU,FA-US,EU,1,68,0.68,CPO feedstock,CPO-MY,p,indexed,proxy,cpo,resolved,CPO feedstock,cpo
FA-US·EU,FA-US,EU,2,8,0.08,Industrial electricity,ELEC-EU,d,indexed,direct,elec-eu,resolved,Industrial electricity,elec-eu
FA-US·EU,FA-US,EU,3,13,0.13,Fixed costs LCI,LCI-EU,d,indexed,direct,lci-eu,resolved,Fixed costs LCI,lci-eu
FA-US·EU,FA-US,EU,4,11,0.11,Supplier margin,fixed,f,fixed,,,fixed,Supplier margin,
FA-US·CN,FA-US,CN,1,68,0.68,CPO feedstock,CPO-MY,p,indexed,proxy,cpo,resolved,CPO feedstock,cpo
FA-US·CN,FA-US,CN,2,8,0.08,Industrial electricity,ELEC-CN,d,indexed,direct,elec-cn,resolved,Industrial electricity,elec-cn
FA-US·CN,FA-US,CN,3,13,0.13,Fixed costs LCI,LCI-CN,d,indexed,direct,lci-cn,resolved,Fixed costs LCI,lci-cn
FA-US·CN,FA-US,CN,4,11,0.11,Supplier margin,fixed,f,fixed,,,fixed,Supplier margin,
FA-US·APAC,FA-US,APAC,1,68,0.68,CPO feedstock,CPO-MY,d,indexed,direct,cpo,resolved,CPO feedstock,cpo
FA-US·APAC,FA-US,APAC,2,8,0.08,Industrial electricity,ELEC-APAC,d,indexed,direct,elec-cn,resolved,Industrial electricity,elec-cn
FA-US·APAC,FA-US,APAC,3,13,0.13,Fixed costs LCI,LCI-APAC,d,indexed,direct,lci-apac,resolved,Fixed costs LCI,lci-apac
FA-US·APAC,FA-US,APAC,4,11,0.11,Supplier margin,fixed,f,fixed,,,fixed,Supplier margin,
FA-US·IN,FA-US,IN,1,68,0.68,CPO feedstock,CPO-MY,d,indexed,direct,cpo,resolved,CPO feedstock,cpo
FA-US·IN,FA-US,IN,2,8,0.08,Industrial electricity,ELEC-IN,d,indexed,direct,elec-in,resolved,Industrial electricity,elec-in
FA-US·IN,FA-US,IN,3,13,0.13,Fixed costs LCI,LCI-IN,d,indexed,direct,lci-in,resolved,Fixed costs LCI,lci-in
FA-US·IN,FA-US,IN,4,11,0.11,Supplier margin,fixed,f,fixed,,,fixed,Supplier margin,
OLE-FAL-CPO·EU,OLE-FAL-CPO,EU,1,59,0.59,Crude palm oil CPO,CPO-MY,p,indexed,proxy,cpo,resolved,Crude palm oil CPO,cpo
OLE-FAL-CPO·EU,OLE-FAL-CPO,EU,2,8,0.08,Hydrogen natural gas proxy,TTF-EU,p,indexed,proxy,ttf-eu,resolved,Hydrogen natural gas proxy,ttf-eu
OLE-FAL-CPO·EU,OLE-FAL-CPO,EU,3,10,0.1,Industrial electricity,ELEC-EU,d,indexed,direct,elec-eu,resolved,Industrial electricity,elec-eu
OLE-FAL-CPO·EU,OLE-FAL-CPO,EU,4,12,0.12,Fixed costs LCI,LCI-EU,d,indexed,direct,lci-eu,resolved,Fixed costs LCI,lci-eu
OLE-FAL-CPO·EU,OLE-FAL-CPO,EU,5,11,0.11,Supplier margin,fixed,f,fixed,,,fixed,Supplier margin,
OLE-FAL-CPO·CN,OLE-FAL-CPO,CN,1,59,0.59,Crude palm oil CPO,CPO-MY,p,indexed,proxy,cpo,resolved,Crude palm oil CPO,cpo
OLE-FAL-CPO·CN,OLE-FAL-CPO,CN,2,8,0.08,Hydrogen natural gas proxy,NDRC-CN,p,indexed,proxy,gas-china,resolved,Hydrogen natural gas proxy,gas-china
OLE-FAL-CPO·CN,OLE-FAL-CPO,CN,3,10,0.1,Industrial electricity,ELEC-CN,d,indexed,direct,elec-cn,resolved,Industrial electricity,elec-cn
OLE-FAL-CPO·CN,OLE-FAL-CPO,CN,4,12,0.12,Fixed costs LCI,LCI-CN,d,indexed,direct,lci-cn,resolved,Fixed costs LCI,lci-cn
OLE-FAL-CPO·CN,OLE-FAL-CPO,CN,5,11,0.11,Supplier margin,fixed,f,fixed,,,fixed,Supplier margin,
OLE-FAL-CPO·NA,OLE-FAL-CPO,NA,1,59,0.59,Crude palm oil CPO,CPO-MY,p,indexed,proxy,cpo,resolved,Crude palm oil CPO,cpo
OLE-FAL-CPO·NA,OLE-FAL-CPO,NA,2,8,0.08,Hydrogen natural gas proxy,HH-NA,p,indexed,proxy,natgas-na,resolved,Hydrogen natural gas proxy,natgas-na
OLE-FAL-CPO·NA,OLE-FAL-CPO,NA,3,10,0.1,Industrial electricity,ELEC-NA,d,indexed,direct,elec-na,resolved,Industrial electricity,elec-na
OLE-FAL-CPO·NA,OLE-FAL-CPO,NA,4,12,0.12,Fixed costs LCI,LCI-NA,d,indexed,direct,lci-na,resolved,Fixed costs LCI,lci-na
OLE-FAL-CPO·NA,OLE-FAL-CPO,NA,5,11,0.11,Supplier margin,fixed,f,fixed,,,fixed,Supplier margin,
OLE-FAL-CPO·APAC,OLE-FAL-CPO,APAC,1,59,0.59,Crude palm oil CPO,CPO-MY,d,indexed,direct,cpo,resolved,Crude palm oil CPO,cpo
OLE-FAL-CPO·APAC,OLE-FAL-CPO,APAC,2,8,0.08,Hydrogen natural gas proxy,JKM-APAC,p,indexed,proxy,lng-japan,resolved,Hydrogen natural gas proxy,lng-japan
OLE-FAL-CPO·APAC,OLE-FAL-CPO,APAC,3,10,0.1,Industrial electricity,ELEC-APAC,d,indexed,direct,elec-cn,resolved,Industrial electricity,elec-cn
OLE-FAL-CPO·APAC,OLE-FAL-CPO,APAC,4,12,0.12,Fixed costs LCI,LCI-APAC,d,indexed,direct,lci-apac,resolved,Fixed costs LCI,lci-apac
OLE-FAL-CPO·APAC,OLE-FAL-CPO,APAC,5,11,0.11,Supplier margin,fixed,f,fixed,,,fixed,Supplier margin,
OLE-FAL-CPO·IN,OLE-FAL-CPO,IN,1,59,0.59,Crude palm oil CPO,CPO-MY,d,indexed,direct,cpo,resolved,Crude palm oil CPO,cpo
OLE-FAL-CPO·IN,OLE-FAL-CPO,IN,2,8,0.08,Hydrogen natural gas proxy,GAS-IN,p,indexed,proxy,gas-india,resolved,Hydrogen natural gas proxy,gas-india
OLE-FAL-CPO·IN,OLE-FAL-CPO,IN,3,10,0.1,Industrial electricity,ELEC-IN,d,indexed,direct,elec-in,resolved,Industrial electricity,elec-in
OLE-FAL-CPO·IN,OLE-FAL-CPO,IN,4,12,0.12,Fixed costs LCI,LCI-IN,d,indexed,direct,lci-in,resolved,Fixed costs LCI,lci-in
OLE-FAL-CPO·IN,OLE-FAL-CPO,IN,5,11,0.11,Supplier margin,fixed,f,fixed,,,fixed,Supplier margin,
OLE-FAL-CPO·MEA,OLE-FAL-CPO,MEA,1,59,0.59,Crude palm oil CPO,CPO-MY,d,indexed,direct,cpo,resolved,Crude palm oil CPO,cpo
OLE-FAL-CPO·MEA,OLE-FAL-CPO,MEA,2,8,0.08,Hydrogen natural gas proxy,GAS-MEA,p,indexed,proxy,gas-mea,resolved,Hydrogen natural gas proxy,gas-mea
OLE-FAL-CPO·MEA,OLE-FAL-CPO,MEA,3,10,0.1,Industrial electricity,ELEC-EU,p,indexed,proxy,elec-eu,resolved,Industrial electricity,elec-eu
OLE-FAL-CPO·MEA,OLE-FAL-CPO,MEA,4,12,0.12,Fixed costs LCI,LCI-MEA,d,indexed,direct,lci-mea,resolved,Fixed costs LCI,lci-mea
OLE-FAL-CPO·MEA,OLE-FAL-CPO,MEA,5,11,0.11,Supplier margin,fixed,f,fixed,,,fixed,Supplier margin,
OLE-FAL-PKO·EU,OLE-FAL-PKO,EU,1,60,0.6,Palm kernel oil PKO,PKO-MY,p,indexed,proxy,pko,resolved,Palm kernel oil PKO,pko
OLE-FAL-PKO·EU,OLE-FAL-PKO,EU,2,8,0.08,Hydrogen natural gas proxy,TTF-EU,p,indexed,proxy,ttf-eu,resolved,Hydrogen natural gas proxy,ttf-eu
OLE-FAL-PKO·EU,OLE-FAL-PKO,EU,3,10,0.1,Industrial electricity,ELEC-EU,d,indexed,direct,elec-eu,resolved,Industrial electricity,elec-eu
OLE-FAL-PKO·EU,OLE-FAL-PKO,EU,4,13,0.13,Fixed costs LCI,LCI-EU,d,indexed,direct,lci-eu,resolved,Fixed costs LCI,lci-eu
OLE-FAL-PKO·EU,OLE-FAL-PKO,EU,5,9,0.09,Supplier margin,fixed,f,fixed,,,fixed,Supplier margin,
OLE-FAL-PKO·CN,OLE-FAL-PKO,CN,1,60,0.6,Palm kernel oil PKO,PKO-MY,p,indexed,proxy,pko,resolved,Palm kernel oil PKO,pko
OLE-FAL-PKO·CN,OLE-FAL-PKO,CN,2,8,0.08,Hydrogen natural gas proxy,NDRC-CN,p,indexed,proxy,gas-china,resolved,Hydrogen natural gas proxy,gas-china
OLE-FAL-PKO·CN,OLE-FAL-PKO,CN,3,10,0.1,Industrial electricity,ELEC-CN,d,indexed,direct,elec-cn,resolved,Industrial electricity,elec-cn
OLE-FAL-PKO·CN,OLE-FAL-PKO,CN,4,13,0.13,Fixed costs LCI,LCI-CN,d,indexed,direct,lci-cn,resolved,Fixed costs LCI,lci-cn
OLE-FAL-PKO·CN,OLE-FAL-PKO,CN,5,9,0.09,Supplier margin,fixed,f,fixed,,,fixed,Supplier margin,
OLE-FAL-PKO·NA,OLE-FAL-PKO,NA,1,60,0.6,Palm kernel oil PKO,PKO-MY,p,indexed,proxy,pko,resolved,Palm kernel oil PKO,pko
OLE-FAL-PKO·NA,OLE-FAL-PKO,NA,2,8,0.08,Hydrogen natural gas proxy,HH-NA,p,indexed,proxy,natgas-na,resolved,Hydrogen natural gas proxy,natgas-na
OLE-FAL-PKO·NA,OLE-FAL-PKO,NA,3,10,0.1,Industrial electricity,ELEC-NA,d,indexed,direct,elec-na,resolved,Industrial electricity,elec-na
OLE-FAL-PKO·NA,OLE-FAL-PKO,NA,4,13,0.13,Fixed costs LCI,LCI-NA,d,indexed,direct,lci-na,resolved,Fixed costs LCI,lci-na
OLE-FAL-PKO·NA,OLE-FAL-PKO,NA,5,9,0.09,Supplier margin,fixed,f,fixed,,,fixed,Supplier margin,
OLE-FAL-PKO·APAC,OLE-FAL-PKO,APAC,1,60,0.6,Palm kernel oil PKO,PKO-MY,d,indexed,direct,pko,resolved,Palm kernel oil PKO,pko
OLE-FAL-PKO·APAC,OLE-FAL-PKO,APAC,2,8,0.08,Hydrogen natural gas proxy,JKM-APAC,p,indexed,proxy,lng-japan,resolved,Hydrogen natural gas proxy,lng-japan
OLE-FAL-PKO·APAC,OLE-FAL-PKO,APAC,3,10,0.1,Industrial electricity,ELEC-APAC,d,indexed,direct,elec-cn,resolved,Industrial electricity,elec-cn
OLE-FAL-PKO·APAC,OLE-FAL-PKO,APAC,4,13,0.13,Fixed costs LCI,LCI-APAC,d,indexed,direct,lci-apac,resolved,Fixed costs LCI,lci-apac
OLE-FAL-PKO·APAC,OLE-FAL-PKO,APAC,5,9,0.09,Supplier margin,fixed,f,fixed,,,fixed,Supplier margin,
OLE-FAL-PKO·IN,OLE-FAL-PKO,IN,1,60,0.6,Palm kernel oil PKO,PKO-MY,d,indexed,direct,pko,resolved,Palm kernel oil PKO,pko
OLE-FAL-PKO·IN,OLE-FAL-PKO,IN,2,8,0.08,Hydrogen natural gas proxy,GAS-IN,p,indexed,proxy,gas-india,resolved,Hydrogen natural gas proxy,gas-india
OLE-FAL-PKO·IN,OLE-FAL-PKO,IN,3,10,0.1,Industrial electricity,ELEC-IN,d,indexed,direct,elec-in,resolved,Industrial electricity,elec-in
OLE-FAL-PKO·IN,OLE-FAL-PKO,IN,4,13,0.13,Fixed costs LCI,LCI-IN,d,indexed,direct,lci-in,resolved,Fixed costs LCI,lci-in
OLE-FAL-PKO·IN,OLE-FAL-PKO,IN,5,9,0.09,Supplier margin,fixed,f,fixed,,,fixed,Supplier margin,
OLE-FAL-PKO·MEA,OLE-FAL-PKO,MEA,1,60,0.6,Palm kernel oil PKO,PKO-MY,d,indexed,direct,pko,resolved,Palm kernel oil PKO,pko
OLE-FAL-PKO·MEA,OLE-FAL-PKO,MEA,2,8,0.08,Hydrogen natural gas proxy,GAS-MEA,p,indexed,proxy,gas-mea,resolved,Hydrogen natural gas proxy,gas-mea
OLE-FAL-PKO·MEA,OLE-FAL-PKO,MEA,3,10,0.1,Industrial electricity,ELEC-EU,p,indexed,proxy,elec-eu,resolved,Industrial electricity,elec-eu
OLE-FAL-PKO·MEA,OLE-FAL-PKO,MEA,4,13,0.13,Fixed costs LCI,LCI-MEA,d,indexed,direct,lci-mea,resolved,Fixed costs LCI,lci-mea
OLE-FAL-PKO·MEA,OLE-FAL-PKO,MEA,5,9,0.09,Supplier margin,fixed,f,fixed,,,fixed,Supplier margin,
OLE-FAL-C20·EU,OLE-FAL-C20,EU,1,60,0.6,CPO/PKO upstream proxy,CPO-MY,p,indexed,proxy,cpo,resolved,CPO/PKO upstream proxy,cpo
OLE-FAL-C20·EU,OLE-FAL-C20,EU,2,10,0.1,Industrial electricity,ELEC-EU,d,indexed,direct,elec-eu,resolved,Industrial electricity,elec-eu
OLE-FAL-C20·EU,OLE-FAL-C20,EU,3,15,0.15,Fixed costs LCI,LCI-EU,d,indexed,direct,lci-eu,resolved,Fixed costs LCI,lci-eu
OLE-FAL-C20·EU,OLE-FAL-C20,EU,4,15,0.15,Supplier margin,fixed,f,fixed,,,fixed,Supplier margin,
OLE-FAL-C20·CN,OLE-FAL-C20,CN,1,60,0.6,CPO/PKO upstream proxy,CPO-MY,p,indexed,proxy,cpo,resolved,CPO/PKO upstream proxy,cpo
OLE-FAL-C20·CN,OLE-FAL-C20,CN,2,10,0.1,Industrial electricity,ELEC-CN,d,indexed,direct,elec-cn,resolved,Industrial electricity,elec-cn
OLE-FAL-C20·CN,OLE-FAL-C20,CN,3,15,0.15,Fixed costs LCI,LCI-CN,d,indexed,direct,lci-cn,resolved,Fixed costs LCI,lci-cn
OLE-FAL-C20·CN,OLE-FAL-C20,CN,4,15,0.15,Supplier margin,fixed,f,fixed,,,fixed,Supplier margin,
OLE-FAL-C20·APAC,OLE-FAL-C20,APAC,1,60,0.6,CPO/PKO upstream proxy,CPO-MY,p,indexed,proxy,cpo,resolved,CPO/PKO upstream proxy,cpo
OLE-FAL-C20·APAC,OLE-FAL-C20,APAC,2,10,0.1,Industrial electricity,ELEC-APAC,d,indexed,direct,elec-cn,resolved,Industrial electricity,elec-cn
OLE-FAL-C20·APAC,OLE-FAL-C20,APAC,3,15,0.15,Fixed costs LCI,LCI-APAC,d,indexed,direct,lci-apac,resolved,Fixed costs LCI,lci-apac
OLE-FAL-C20·APAC,OLE-FAL-C20,APAC,4,15,0.15,Supplier margin,fixed,f,fixed,,,fixed,Supplier margin,
OLE-GLY-CRD·EU,OLE-GLY-CRD,EU,1,76,0.76,CPO/PKO upstream proxy co-product,CPO-MY,p,indexed,proxy,cpo,resolved,CPO/PKO upstream proxy co-product,cpo
OLE-GLY-CRD·EU,OLE-GLY-CRD,EU,2,6,0.06,Industrial electricity,ELEC-EU,d,indexed,direct,elec-eu,resolved,Industrial electricity,elec-eu
OLE-GLY-CRD·EU,OLE-GLY-CRD,EU,3,14,0.14,Fixed costs LCI,LCI-EU,d,indexed,direct,lci-eu,resolved,Fixed costs LCI,lci-eu
OLE-GLY-CRD·EU,OLE-GLY-CRD,EU,4,4,0.04,Supplier margin structural oversupply,fixed,f,fixed,,,fixed,Supplier margin structural oversupply,
OLE-GLY-CRD·CN,OLE-GLY-CRD,CN,1,76,0.76,CPO/PKO upstream proxy co-product,CPO-MY,p,indexed,proxy,cpo,resolved,CPO/PKO upstream proxy co-product,cpo
OLE-GLY-CRD·CN,OLE-GLY-CRD,CN,2,6,0.06,Industrial electricity,ELEC-CN,d,indexed,direct,elec-cn,resolved,Industrial electricity,elec-cn
OLE-GLY-CRD·CN,OLE-GLY-CRD,CN,3,14,0.14,Fixed costs LCI,LCI-CN,d,indexed,direct,lci-cn,resolved,Fixed costs LCI,lci-cn
OLE-GLY-CRD·CN,OLE-GLY-CRD,CN,4,4,0.04,Supplier margin structural oversupply,fixed,f,fixed,,,fixed,Supplier margin structural oversupply,
OLE-GLY-CRD·NA,OLE-GLY-CRD,NA,1,76,0.76,CPO/PKO upstream proxy co-product,CPO-MY,p,indexed,proxy,cpo,resolved,CPO/PKO upstream proxy co-product,cpo
OLE-GLY-CRD·NA,OLE-GLY-CRD,NA,2,6,0.06,Industrial electricity,ELEC-NA,d,indexed,direct,elec-na,resolved,Industrial electricity,elec-na
OLE-GLY-CRD·NA,OLE-GLY-CRD,NA,3,14,0.14,Fixed costs LCI,LCI-NA,d,indexed,direct,lci-na,resolved,Fixed costs LCI,lci-na
OLE-GLY-CRD·NA,OLE-GLY-CRD,NA,4,4,0.04,Supplier margin structural oversupply,fixed,f,fixed,,,fixed,Supplier margin structural oversupply,
OLE-GLY-CRD·APAC,OLE-GLY-CRD,APAC,1,76,0.76,CPO/PKO upstream proxy co-product,CPO-MY,p,indexed,proxy,cpo,resolved,CPO/PKO upstream proxy co-product,cpo
OLE-GLY-CRD·APAC,OLE-GLY-CRD,APAC,2,6,0.06,Industrial electricity,ELEC-APAC,d,indexed,direct,elec-cn,resolved,Industrial electricity,elec-cn
OLE-GLY-CRD·APAC,OLE-GLY-CRD,APAC,3,14,0.14,Fixed costs LCI,LCI-APAC,d,indexed,direct,lci-apac,resolved,Fixed costs LCI,lci-apac
OLE-GLY-CRD·APAC,OLE-GLY-CRD,APAC,4,4,0.04,Supplier margin structural oversupply,fixed,f,fixed,,,fixed,Supplier margin structural oversupply,
OLE-GLY-CRD·IN,OLE-GLY-CRD,IN,1,76,0.76,CPO/PKO upstream proxy co-product,CPO-MY,p,indexed,proxy,cpo,resolved,CPO/PKO upstream proxy co-product,cpo
OLE-GLY-CRD·IN,OLE-GLY-CRD,IN,2,6,0.06,Industrial electricity,ELEC-IN,d,indexed,direct,elec-in,resolved,Industrial electricity,elec-in
OLE-GLY-CRD·IN,OLE-GLY-CRD,IN,3,14,0.14,Fixed costs LCI,LCI-IN,d,indexed,direct,lci-in,resolved,Fixed costs LCI,lci-in
OLE-GLY-CRD·IN,OLE-GLY-CRD,IN,4,4,0.04,Supplier margin structural oversupply,fixed,f,fixed,,,fixed,Supplier margin structural oversupply,
OLE-GLY-REF·EU,OLE-GLY-REF,EU,1,70,0.7,CPO/PKO upstream proxy,CPO-MY,p,indexed,proxy,cpo,resolved,CPO/PKO upstream proxy,cpo
OLE-GLY-REF·EU,OLE-GLY-REF,EU,2,8,0.08,Industrial electricity,ELEC-EU,d,indexed,direct,elec-eu,resolved,Industrial electricity,elec-eu
OLE-GLY-REF·EU,OLE-GLY-REF,EU,3,14,0.14,Fixed costs LCI,LCI-EU,d,indexed,direct,lci-eu,resolved,Fixed costs LCI,lci-eu
OLE-GLY-REF·EU,OLE-GLY-REF,EU,4,8,0.08,Supplier margin,fixed,f,fixed,,,fixed,Supplier margin,
OLE-GLY-REF·CN,OLE-GLY-REF,CN,1,70,0.7,CPO/PKO upstream proxy,CPO-MY,p,indexed,proxy,cpo,resolved,CPO/PKO upstream proxy,cpo
OLE-GLY-REF·CN,OLE-GLY-REF,CN,2,8,0.08,Industrial electricity,ELEC-CN,d,indexed,direct,elec-cn,resolved,Industrial electricity,elec-cn
OLE-GLY-REF·CN,OLE-GLY-REF,CN,3,14,0.14,Fixed costs LCI,LCI-CN,d,indexed,direct,lci-cn,resolved,Fixed costs LCI,lci-cn
OLE-GLY-REF·CN,OLE-GLY-REF,CN,4,8,0.08,Supplier margin,fixed,f,fixed,,,fixed,Supplier margin,
OLE-GLY-REF·IN,OLE-GLY-REF,IN,1,70,0.7,CPO/PKO upstream proxy,CPO-MY,p,indexed,proxy,cpo,resolved,CPO/PKO upstream proxy,cpo
OLE-GLY-REF·IN,OLE-GLY-REF,IN,2,8,0.08,Industrial electricity,ELEC-IN,d,indexed,direct,elec-in,resolved,Industrial electricity,elec-in
OLE-GLY-REF·IN,OLE-GLY-REF,IN,3,14,0.14,Fixed costs LCI,LCI-IN,d,indexed,direct,lci-in,resolved,Fixed costs LCI,lci-in
OLE-GLY-REF·IN,OLE-GLY-REF,IN,4,8,0.08,Supplier margin,fixed,f,fixed,,,fixed,Supplier margin,
FOD-LEC-LIQ·EU,FOD-LEC-LIQ,EU,1,68,0.68,Soybean oil CBOT,SOY-CBOT,d,indexed,direct,soybean-oil,resolved,Soybean oil CBOT,soybean-oil
FOD-LEC-LIQ·EU,FOD-LEC-LIQ,EU,2,8,0.08,Industrial electricity,ELEC-EU,d,indexed,direct,elec-eu,resolved,Industrial electricity,elec-eu
FOD-LEC-LIQ·EU,FOD-LEC-LIQ,EU,3,8,0.08,Fixed costs LCI,LCI-EU,d,indexed,direct,lci-eu,resolved,Fixed costs LCI,lci-eu
FOD-LEC-LIQ·EU,FOD-LEC-LIQ,EU,4,16,0.16,Supplier margin,fixed,f,fixed,,,fixed,Supplier margin,
FOD-LEC-LIQ·NA,FOD-LEC-LIQ,NA,1,68,0.68,Soybean oil CBOT,SOY-CBOT,d,indexed,direct,soybean-oil,resolved,Soybean oil CBOT,soybean-oil
FOD-LEC-LIQ·NA,FOD-LEC-LIQ,NA,2,8,0.08,Industrial electricity,ELEC-NA,d,indexed,direct,elec-na,resolved,Industrial electricity,elec-na
FOD-LEC-LIQ·NA,FOD-LEC-LIQ,NA,3,8,0.08,Fixed costs LCI,LCI-NA,d,indexed,direct,lci-na,resolved,Fixed costs LCI,lci-na
FOD-LEC-LIQ·NA,FOD-LEC-LIQ,NA,4,16,0.16,Supplier margin,fixed,f,fixed,,,fixed,Supplier margin,
FOD-LEC-LIQ·APAC,FOD-LEC-LIQ,APAC,1,68,0.68,Soybean oil CBOT,SOY-CBOT,d,indexed,direct,soybean-oil,resolved,Soybean oil CBOT,soybean-oil
FOD-LEC-LIQ·APAC,FOD-LEC-LIQ,APAC,2,8,0.08,Industrial electricity,ELEC-APAC,d,indexed,direct,elec-cn,resolved,Industrial electricity,elec-cn
FOD-LEC-LIQ·APAC,FOD-LEC-LIQ,APAC,3,8,0.08,Fixed costs LCI,LCI-APAC,d,indexed,direct,lci-apac,resolved,Fixed costs LCI,lci-apac
FOD-LEC-LIQ·APAC,FOD-LEC-LIQ,APAC,4,16,0.16,Supplier margin,fixed,f,fixed,,,fixed,Supplier margin,
FOD-LEC-PWD·EU,FOD-LEC-PWD,EU,1,60,0.6,Soybean oil CBOT,SOY-CBOT,d,indexed,direct,soybean-oil,resolved,Soybean oil CBOT,soybean-oil
FOD-LEC-PWD·EU,FOD-LEC-PWD,EU,2,10,0.1,Industrial electricity drying,ELEC-EU,d,indexed,direct,elec-eu,resolved,Industrial electricity drying,elec-eu
FOD-LEC-PWD·EU,FOD-LEC-PWD,EU,3,4,0.04,HDPE bag packaging,HDPE-EU,d,indexed,direct,brent,resolved,HDPE bag packaging,brent
FOD-LEC-PWD·EU,FOD-LEC-PWD,EU,4,9,0.09,Fixed costs LCI,LCI-EU,d,indexed,direct,lci-eu,resolved,Fixed costs LCI,lci-eu
FOD-LEC-PWD·EU,FOD-LEC-PWD,EU,5,17,0.17,Supplier margin,fixed,f,fixed,,,fixed,Supplier margin,
FOD-LEC-PWD·NA,FOD-LEC-PWD,NA,1,60,0.6,Soybean oil CBOT,SOY-CBOT,d,indexed,direct,soybean-oil,resolved,Soybean oil CBOT,soybean-oil
FOD-LEC-PWD·NA,FOD-LEC-PWD,NA,2,10,0.1,Industrial electricity drying,ELEC-NA,d,indexed,direct,elec-na,resolved,Industrial electricity drying,elec-na
FOD-LEC-PWD·NA,FOD-LEC-PWD,NA,3,4,0.04,HDPE bag packaging,HDPE-NA,d,indexed,direct,hdpe-na,resolved,HDPE bag packaging,hdpe-na
FOD-LEC-PWD·NA,FOD-LEC-PWD,NA,4,9,0.09,Fixed costs LCI,LCI-NA,d,indexed,direct,lci-na,resolved,Fixed costs LCI,lci-na
FOD-LEC-PWD·NA,FOD-LEC-PWD,NA,5,17,0.17,Supplier margin,fixed,f,fixed,,,fixed,Supplier margin,
OLE-ME-FAME·EU,OLE-ME-FAME,EU,1,70,0.7,CPO feedstock,CPO-MY,p,indexed,proxy,cpo,resolved,CPO feedstock,cpo
OLE-ME-FAME·EU,OLE-ME-FAME,EU,2,14,0.14,Methanol,MEOH-EU,d,indexed,direct,methanol-na,resolved,Methanol,methanol-na
OLE-ME-FAME·EU,OLE-ME-FAME,EU,3,10,0.1,Fixed costs LCI,LCI-EU,d,indexed,direct,lci-eu,resolved,Fixed costs LCI,lci-eu
OLE-ME-FAME·EU,OLE-ME-FAME,EU,4,6,0.06,Supplier margin,fixed,f,fixed,,,fixed,Supplier margin,
OLE-ME-FAME·APAC,OLE-ME-FAME,APAC,1,70,0.7,CPO feedstock,CPO-MY,d,indexed,direct,cpo,resolved,CPO feedstock,cpo
OLE-ME-FAME·APAC,OLE-ME-FAME,APAC,2,14,0.14,Methanol,MEOH-ASIA,d,indexed,direct,methanol-na,resolved,Methanol,methanol-na
OLE-ME-FAME·APAC,OLE-ME-FAME,APAC,3,10,0.1,Fixed costs LCI,LCI-APAC,d,indexed,direct,lci-apac,resolved,Fixed costs LCI,lci-apac
OLE-ME-FAME·APAC,OLE-ME-FAME,APAC,4,6,0.06,Supplier margin,fixed,f,fixed,,,fixed,Supplier margin,
OLE-ME-FAME·LA,OLE-ME-FAME,LA,1,70,0.7,CPO feedstock,CPO-MY,d,indexed,direct,cpo,resolved,CPO feedstock,cpo
OLE-ME-FAME·LA,OLE-ME-FAME,LA,2,14,0.14,Methanol,MEOH-NA,d,indexed,direct,methanol-na,resolved,Methanol,methanol-na
OLE-ME-FAME·LA,OLE-ME-FAME,LA,3,10,0.1,Fixed costs LCI,LCI-LA,d,indexed,direct,lci-la,resolved,Fixed costs LCI,lci-la
OLE-ME-FAME·LA,OLE-ME-FAME,LA,4,6,0.06,Supplier margin,fixed,f,fixed,,,fixed,Supplier margin,
FOD-RBD-LIQ·APAC,FOD-RBD-LIQ,APAC,1,78,0.78,CPO crude palm oil,CPO-MY,d,indexed,direct,cpo,resolved,CPO crude palm oil,cpo
FOD-RBD-LIQ·APAC,FOD-RBD-LIQ,APAC,2,8,0.08,Industrial electricity refining,ELEC-APAC,d,indexed,direct,elec-cn,resolved,Industrial electricity refining,elec-cn
FOD-RBD-LIQ·APAC,FOD-RBD-LIQ,APAC,3,8,0.08,Fixed costs LCI,LCI-APAC,d,indexed,direct,lci-apac,resolved,Fixed costs LCI,lci-apac
FOD-RBD-LIQ·APAC,FOD-RBD-LIQ,APAC,4,6,0.06,Supplier margin,fixed,f,fixed,,,fixed,Supplier margin,
FOD-RBD-LIQ·IN,FOD-RBD-LIQ,IN,1,78,0.78,CPO crude palm oil,CPO-MY,d,indexed,direct,cpo,resolved,CPO crude palm oil,cpo
FOD-RBD-LIQ·IN,FOD-RBD-LIQ,IN,2,8,0.08,Industrial electricity refining,ELEC-IN,d,indexed,direct,elec-in,resolved,Industrial electricity refining,elec-in
FOD-RBD-LIQ·IN,FOD-RBD-LIQ,IN,3,8,0.08,Fixed costs LCI,LCI-IN,d,indexed,direct,lci-in,resolved,Fixed costs LCI,lci-in
FOD-RBD-LIQ·IN,FOD-RBD-LIQ,IN,4,6,0.06,Supplier margin,fixed,f,fixed,,,fixed,Supplier margin,
FOD-RBD-LIQ·MEA,FOD-RBD-LIQ,MEA,1,78,0.78,CPO crude palm oil,CPO-MY,p,indexed,proxy,cpo,resolved,CPO crude palm oil,cpo
FOD-RBD-LIQ·MEA,FOD-RBD-LIQ,MEA,2,8,0.08,Industrial electricity refining,ELEC-EU,p,indexed,proxy,elec-eu,resolved,Industrial electricity refining,elec-eu
FOD-RBD-LIQ·MEA,FOD-RBD-LIQ,MEA,3,8,0.08,Fixed costs LCI,LCI-MEA,d,indexed,direct,lci-mea,resolved,Fixed costs LCI,lci-mea
FOD-RBD-LIQ·MEA,FOD-RBD-LIQ,MEA,4,6,0.06,Supplier margin,fixed,f,fixed,,,fixed,Supplier margin,
SUR-CAPB-LIQ·EU,SUR-CAPB-LIQ,EU,1,46,0.46,Fatty acid CPO/PKO cascade,PKO-MY,p,indexed,proxy,pko,resolved,Fatty acid CPO/PKO cascade,pko
SUR-CAPB-LIQ·EU,SUR-CAPB-LIQ,EU,2,15,0.15,DMAPA ammonia proxy,NH3-EU,p,indexed,proxy,ttf-eu,resolved,DMAPA ammonia proxy,ttf-eu
SUR-CAPB-LIQ·EU,SUR-CAPB-LIQ,EU,3,8,0.08,Industrial electricity,ELEC-EU,d,indexed,direct,elec-eu,resolved,Industrial electricity,elec-eu
SUR-CAPB-LIQ·EU,SUR-CAPB-LIQ,EU,4,4,0.04,Process water,WATER-EU,p,indexed,proxy,water-eu,resolved,Process water,water-eu
SUR-CAPB-LIQ·EU,SUR-CAPB-LIQ,EU,5,13,0.13,Fixed costs LCI,LCI-EU,d,indexed,direct,lci-eu,resolved,Fixed costs LCI,lci-eu
SUR-CAPB-LIQ·EU,SUR-CAPB-LIQ,EU,6,14,0.14,Supplier margin,fixed,f,fixed,,,fixed,Supplier margin,
SUR-CAPB-LIQ·CN,SUR-CAPB-LIQ,CN,1,46,0.46,Fatty acid CPO/PKO cascade,PKO-MY,p,indexed,proxy,pko,resolved,Fatty acid CPO/PKO cascade,pko
SUR-CAPB-LIQ·CN,SUR-CAPB-LIQ,CN,2,15,0.15,DMAPA ammonia proxy,NH3-CN,p,indexed,proxy,ammonia-na,resolved,DMAPA ammonia proxy,ammonia-na
SUR-CAPB-LIQ·CN,SUR-CAPB-LIQ,CN,3,8,0.08,Industrial electricity,ELEC-CN,d,indexed,direct,elec-cn,resolved,Industrial electricity,elec-cn
SUR-CAPB-LIQ·CN,SUR-CAPB-LIQ,CN,4,4,0.04,Process water,WATER-EU,p,indexed,proxy,water-eu,resolved,Process water,water-eu
SUR-CAPB-LIQ·CN,SUR-CAPB-LIQ,CN,5,13,0.13,Fixed costs LCI,LCI-CN,d,indexed,direct,lci-cn,resolved,Fixed costs LCI,lci-cn
SUR-CAPB-LIQ·CN,SUR-CAPB-LIQ,CN,6,14,0.14,Supplier margin,fixed,f,fixed,,,fixed,Supplier margin,
SUR-CAPB-LIQ·NA,SUR-CAPB-LIQ,NA,1,46,0.46,Fatty acid CPO/PKO cascade,PKO-MY,p,indexed,proxy,pko,resolved,Fatty acid CPO/PKO cascade,pko
SUR-CAPB-LIQ·NA,SUR-CAPB-LIQ,NA,2,15,0.15,DMAPA ammonia proxy,NH3-NA,p,indexed,proxy,ammonia-na,resolved,DMAPA ammonia proxy,ammonia-na
SUR-CAPB-LIQ·NA,SUR-CAPB-LIQ,NA,3,8,0.08,Industrial electricity,ELEC-NA,d,indexed,direct,elec-na,resolved,Industrial electricity,elec-na
SUR-CAPB-LIQ·NA,SUR-CAPB-LIQ,NA,4,4,0.04,Process water,WATER-EU,p,indexed,proxy,water-eu,resolved,Process water,water-eu
SUR-CAPB-LIQ·NA,SUR-CAPB-LIQ,NA,5,13,0.13,Fixed costs LCI,LCI-NA,d,indexed,direct,lci-na,resolved,Fixed costs LCI,lci-na
SUR-CAPB-LIQ·NA,SUR-CAPB-LIQ,NA,6,14,0.14,Supplier margin,fixed,f,fixed,,,fixed,Supplier margin,
SUR-CAPB-LIQ·APAC,SUR-CAPB-LIQ,APAC,1,46,0.46,Fatty acid CPO/PKO cascade,PKO-MY,p,indexed,proxy,pko,resolved,Fatty acid CPO/PKO cascade,pko
SUR-CAPB-LIQ·APAC,SUR-CAPB-LIQ,APAC,2,15,0.15,DMAPA ammonia proxy,NH3-APAC,p,indexed,proxy,ammonia-na,resolved,DMAPA ammonia proxy,ammonia-na
SUR-CAPB-LIQ·APAC,SUR-CAPB-LIQ,APAC,3,8,0.08,Industrial electricity,ELEC-APAC,d,indexed,direct,elec-cn,resolved,Industrial electricity,elec-cn
SUR-CAPB-LIQ·APAC,SUR-CAPB-LIQ,APAC,4,4,0.04,Process water,WATER-EU,p,indexed,proxy,water-eu,resolved,Process water,water-eu
SUR-CAPB-LIQ·APAC,SUR-CAPB-LIQ,APAC,5,13,0.13,Fixed costs LCI,LCI-APAC,d,indexed,direct,lci-apac,resolved,Fixed costs LCI,lci-apac
SUR-CAPB-LIQ·APAC,SUR-CAPB-LIQ,APAC,6,14,0.14,Supplier margin,fixed,f,fixed,,,fixed,Supplier margin,
SUR-LABS-ACD·EU,SUR-LABS-ACD,EU,1,48,0.48,Linear alkylbenzene LAB,LAB-NWE,d,indexed,direct,lab-eu,resolved,Linear alkylbenzene LAB,lab-eu
SUR-LABS-ACD·EU,SUR-LABS-ACD,EU,2,18,0.18,Sulfuric acid H2SO4,H2SO4-NWE,d,indexed,direct,sulfuric-acid-na,resolved,Sulfuric acid H2SO4,sulfuric-acid-na
SUR-LABS-ACD·EU,SUR-LABS-ACD,EU,3,7,0.07,Industrial electricity,ELEC-EU,d,indexed,direct,elec-eu,resolved,Industrial electricity,elec-eu
SUR-LABS-ACD·EU,SUR-LABS-ACD,EU,4,3,0.03,Process water,WATER-EU,p,indexed,proxy,water-eu,resolved,Process water,water-eu
SUR-LABS-ACD·EU,SUR-LABS-ACD,EU,5,5,0.05,HDPE drums packaging,HDPE-EU,d,indexed,direct,brent,resolved,HDPE drums packaging,brent
SUR-LABS-ACD·EU,SUR-LABS-ACD,EU,6,14,0.14,Fixed costs LCI,LCI-EU,d,indexed,direct,lci-eu,resolved,Fixed costs LCI,lci-eu
SUR-LABS-ACD·EU,SUR-LABS-ACD,EU,7,5,0.05,Supplier margin,fixed,f,fixed,,,fixed,Supplier margin,
SUR-LABS-ACD·CN,SUR-LABS-ACD,CN,1,48,0.48,Linear alkylbenzene LAB,LAB-CN,d,indexed,direct,lab-apac,resolved,Linear alkylbenzene LAB,lab-apac
SUR-LABS-ACD·CN,SUR-LABS-ACD,CN,2,18,0.18,Sulfuric acid H2SO4,H2SO4-CN,d,indexed,direct,sulfuric-acid-cn,resolved,Sulfuric acid H2SO4,sulfuric-acid-cn
SUR-LABS-ACD·CN,SUR-LABS-ACD,CN,3,7,0.07,Industrial electricity,ELEC-CN,d,indexed,direct,elec-cn,resolved,Industrial electricity,elec-cn
SUR-LABS-ACD·CN,SUR-LABS-ACD,CN,4,3,0.03,Process water,WATER-EU,p,indexed,proxy,water-eu,resolved,Process water,water-eu
SUR-LABS-ACD·CN,SUR-LABS-ACD,CN,5,5,0.05,HDPE drums packaging,HDPE-CN,d,indexed,direct,brent,resolved,HDPE drums packaging,brent
SUR-LABS-ACD·CN,SUR-LABS-ACD,CN,6,14,0.14,Fixed costs LCI,LCI-CN,d,indexed,direct,lci-cn,resolved,Fixed costs LCI,lci-cn
SUR-LABS-ACD·CN,SUR-LABS-ACD,CN,7,5,0.05,Supplier margin,fixed,f,fixed,,,fixed,Supplier margin,
SUR-LABS-ACD·NA,SUR-LABS-ACD,NA,1,48,0.48,Linear alkylbenzene LAB,LAB-NA,d,indexed,direct,lab-na,resolved,Linear alkylbenzene LAB,lab-na
SUR-LABS-ACD·NA,SUR-LABS-ACD,NA,2,18,0.18,Sulfuric acid H2SO4,H2SO4-NA,d,indexed,direct,sulfuric-acid-na,resolved,Sulfuric acid H2SO4,sulfuric-acid-na
SUR-LABS-ACD·NA,SUR-LABS-ACD,NA,3,7,0.07,Industrial electricity,ELEC-NA,d,indexed,direct,elec-na,resolved,Industrial electricity,elec-na
SUR-LABS-ACD·NA,SUR-LABS-ACD,NA,4,3,0.03,Process water,WATER-EU,p,indexed,proxy,water-eu,resolved,Process water,water-eu
SUR-LABS-ACD·NA,SUR-LABS-ACD,NA,5,5,0.05,HDPE drums packaging,HDPE-NA,d,indexed,direct,hdpe-na,resolved,HDPE drums packaging,hdpe-na
SUR-LABS-ACD·NA,SUR-LABS-ACD,NA,6,14,0.14,Fixed costs LCI,LCI-NA,d,indexed,direct,lci-na,resolved,Fixed costs LCI,lci-na
SUR-LABS-ACD·NA,SUR-LABS-ACD,NA,7,5,0.05,Supplier margin,fixed,f,fixed,,,fixed,Supplier margin,
SUR-LABS-ACD·APAC,SUR-LABS-ACD,APAC,1,48,0.48,Linear alkylbenzene LAB,LAB-ASIA,d,indexed,direct,lab-apac,resolved,Linear alkylbenzene LAB,lab-apac
SUR-LABS-ACD·APAC,SUR-LABS-ACD,APAC,2,18,0.18,Sulfuric acid H2SO4,H2SO4-ASIA,p,indexed,proxy,sulfuric-acid-cn,resolved,Sulfuric acid H2SO4,sulfuric-acid-cn
SUR-LABS-ACD·APAC,SUR-LABS-ACD,APAC,3,7,0.07,Industrial electricity,ELEC-APAC,d,indexed,direct,elec-cn,resolved,Industrial electricity,elec-cn
SUR-LABS-ACD·APAC,SUR-LABS-ACD,APAC,4,3,0.03,Process water,WATER-EU,p,indexed,proxy,water-eu,resolved,Process water,water-eu
SUR-LABS-ACD·APAC,SUR-LABS-ACD,APAC,5,5,0.05,HDPE drums packaging,HDPE-ASIA,p,indexed,proxy,brent,resolved,HDPE drums packaging,brent
SUR-LABS-ACD·APAC,SUR-LABS-ACD,APAC,6,14,0.14,Fixed costs LCI,LCI-APAC,d,indexed,direct,lci-apac,resolved,Fixed costs LCI,lci-apac
SUR-LABS-ACD·APAC,SUR-LABS-ACD,APAC,7,5,0.05,Supplier margin,fixed,f,fixed,,,fixed,Supplier margin,
SUR-LABS-ACD·IN,SUR-LABS-ACD,IN,1,48,0.48,Linear alkylbenzene LAB,LAB-IN,d,indexed,direct,lab-in,resolved,Linear alkylbenzene LAB,lab-in
SUR-LABS-ACD·IN,SUR-LABS-ACD,IN,2,18,0.18,Sulfuric acid H2SO4,H2SO4-IN,d,indexed,direct,sulfuric-acid-na,resolved,Sulfuric acid H2SO4,sulfuric-acid-na
SUR-LABS-ACD·IN,SUR-LABS-ACD,IN,3,7,0.07,Industrial electricity,ELEC-IN,d,indexed,direct,elec-in,resolved,Industrial electricity,elec-in
SUR-LABS-ACD·IN,SUR-LABS-ACD,IN,4,3,0.03,Process water,WATER-EU,p,indexed,proxy,water-eu,resolved,Process water,water-eu
SUR-LABS-ACD·IN,SUR-LABS-ACD,IN,5,5,0.05,HDPE drums packaging,HDPE-ASIA,p,indexed,proxy,brent,resolved,HDPE drums packaging,brent
SUR-LABS-ACD·IN,SUR-LABS-ACD,IN,6,14,0.14,Fixed costs LCI,LCI-IN,d,indexed,direct,lci-in,resolved,Fixed costs LCI,lci-in
SUR-LABS-ACD·IN,SUR-LABS-ACD,IN,7,5,0.05,Supplier margin,fixed,f,fixed,,,fixed,Supplier margin,
SUR-LABS-ACD·MEA,SUR-LABS-ACD,MEA,1,48,0.48,Linear alkylbenzene LAB,LAB-ME,d,indexed,direct,lab-mea,resolved,Linear alkylbenzene LAB,lab-mea
SUR-LABS-ACD·MEA,SUR-LABS-ACD,MEA,2,18,0.18,Sulfuric acid H2SO4,H2SO4-MEA,p,indexed,proxy,sulfuric-acid-na,resolved,Sulfuric acid H2SO4,sulfuric-acid-na
SUR-LABS-ACD·MEA,SUR-LABS-ACD,MEA,3,7,0.07,Industrial electricity,ELEC-EU,p,indexed,proxy,elec-eu,resolved,Industrial electricity,elec-eu
SUR-LABS-ACD·MEA,SUR-LABS-ACD,MEA,4,3,0.03,Process water,WATER-EU,p,indexed,proxy,water-eu,resolved,Process water,water-eu
SUR-LABS-ACD·MEA,SUR-LABS-ACD,MEA,5,5,0.05,HDPE drums packaging,HDPE-EU,p,indexed,proxy,brent,resolved,HDPE drums packaging,brent
SUR-LABS-ACD·MEA,SUR-LABS-ACD,MEA,6,14,0.14,Fixed costs LCI,LCI-MEA,d,indexed,direct,lci-mea,resolved,Fixed costs LCI,lci-mea
SUR-LABS-ACD·MEA,SUR-LABS-ACD,MEA,7,5,0.05,Supplier margin,fixed,f,fixed,,,fixed,Supplier margin,
SUR-LABS-ACD·LA,SUR-LABS-ACD,LA,1,48,0.48,Linear alkylbenzene LAB,LAB-ASIA,d,indexed,direct,lab-apac,resolved,Linear alkylbenzene LAB,lab-apac
SUR-LABS-ACD·LA,SUR-LABS-ACD,LA,2,18,0.18,Sulfuric acid H2SO4,H2SO4-NA,p,indexed,proxy,sulfuric-acid-na,resolved,Sulfuric acid H2SO4,sulfuric-acid-na
SUR-LABS-ACD·LA,SUR-LABS-ACD,LA,3,7,0.07,Industrial electricity,ELEC-EU,p,indexed,proxy,elec-eu,resolved,Industrial electricity,elec-eu
SUR-LABS-ACD·LA,SUR-LABS-ACD,LA,4,3,0.03,Process water,WATER-EU,p,indexed,proxy,water-eu,resolved,Process water,water-eu
SUR-LABS-ACD·LA,SUR-LABS-ACD,LA,5,5,0.05,HDPE drums packaging,HDPE-NA,p,indexed,proxy,hdpe-na,resolved,HDPE drums packaging,hdpe-na
SUR-LABS-ACD·LA,SUR-LABS-ACD,LA,6,14,0.14,Fixed costs LCI,LCI-LA,d,indexed,direct,lci-la,resolved,Fixed costs LCI,lci-la
SUR-LABS-ACD·LA,SUR-LABS-ACD,LA,7,5,0.05,Supplier margin,fixed,f,fixed,,,fixed,Supplier margin,
SUR-LABS-PWD·EU,SUR-LABS-PWD,EU,1,62,0.62,LABSA cascade,LAB-NWE,p,indexed,proxy,lab-eu,resolved,LABSA cascade,lab-eu
SUR-LABS-PWD·EU,SUR-LABS-PWD,EU,2,12,0.12,Industrial electricity spray dry,ELEC-EU,d,indexed,direct,elec-eu,resolved,Industrial electricity spray dry,elec-eu
SUR-LABS-PWD·EU,SUR-LABS-PWD,EU,3,5,0.05,HDPE bag packaging,HDPE-EU,d,indexed,direct,brent,resolved,HDPE bag packaging,brent
SUR-LABS-PWD·EU,SUR-LABS-PWD,EU,4,13,0.13,Fixed costs LCI,LCI-EU,d,indexed,direct,lci-eu,resolved,Fixed costs LCI,lci-eu
SUR-LABS-PWD·EU,SUR-LABS-PWD,EU,5,8,0.08,Supplier margin,fixed,f,fixed,,,fixed,Supplier margin,
SUR-LABS-PWD·CN,SUR-LABS-PWD,CN,1,62,0.62,LABSA cascade,LAB-CN,p,indexed,proxy,lab-apac,resolved,LABSA cascade,lab-apac
SUR-LABS-PWD·CN,SUR-LABS-PWD,CN,2,12,0.12,Industrial electricity spray dry,ELEC-CN,d,indexed,direct,elec-cn,resolved,Industrial electricity spray dry,elec-cn
SUR-LABS-PWD·CN,SUR-LABS-PWD,CN,3,5,0.05,HDPE bag packaging,HDPE-CN,d,indexed,direct,brent,resolved,HDPE bag packaging,brent
SUR-LABS-PWD·CN,SUR-LABS-PWD,CN,4,13,0.13,Fixed costs LCI,LCI-CN,d,indexed,direct,lci-cn,resolved,Fixed costs LCI,lci-cn
SUR-LABS-PWD·CN,SUR-LABS-PWD,CN,5,8,0.08,Supplier margin,fixed,f,fixed,,,fixed,Supplier margin,
SUR-LABS-PWD·NA,SUR-LABS-PWD,NA,1,62,0.62,LABSA cascade,LAB-NA,p,indexed,proxy,lab-na,resolved,LABSA cascade,lab-na
SUR-LABS-PWD·NA,SUR-LABS-PWD,NA,2,12,0.12,Industrial electricity spray dry,ELEC-NA,d,indexed,direct,elec-na,resolved,Industrial electricity spray dry,elec-na
SUR-LABS-PWD·NA,SUR-LABS-PWD,NA,3,5,0.05,HDPE bag packaging,HDPE-NA,d,indexed,direct,hdpe-na,resolved,HDPE bag packaging,hdpe-na
SUR-LABS-PWD·NA,SUR-LABS-PWD,NA,4,13,0.13,Fixed costs LCI,LCI-NA,d,indexed,direct,lci-na,resolved,Fixed costs LCI,lci-na
SUR-LABS-PWD·NA,SUR-LABS-PWD,NA,5,8,0.08,Supplier margin,fixed,f,fixed,,,fixed,Supplier margin,
SUR-LABS-PWD·APAC,SUR-LABS-PWD,APAC,1,62,0.62,LABSA cascade,LAB-ASIA,p,indexed,proxy,lab-apac,resolved,LABSA cascade,lab-apac
SUR-LABS-PWD·APAC,SUR-LABS-PWD,APAC,2,12,0.12,Industrial electricity spray dry,ELEC-APAC,d,indexed,direct,elec-cn,resolved,Industrial electricity spray dry,elec-cn
SUR-LABS-PWD·APAC,SUR-LABS-PWD,APAC,3,5,0.05,HDPE bag packaging,HDPE-ASIA,p,indexed,proxy,brent,resolved,HDPE bag packaging,brent
SUR-LABS-PWD·APAC,SUR-LABS-PWD,APAC,4,13,0.13,Fixed costs LCI,LCI-APAC,d,indexed,direct,lci-apac,resolved,Fixed costs LCI,lci-apac
SUR-LABS-PWD·APAC,SUR-LABS-PWD,APAC,5,8,0.08,Supplier margin,fixed,f,fixed,,,fixed,Supplier margin,
SUR-LABS-S30·EU,SUR-LABS-S30,EU,1,52,0.52,LABSA cascade,LAB-NWE,p,indexed,proxy,lab-eu,resolved,LABSA cascade,lab-eu
SUR-LABS-S30·EU,SUR-LABS-S30,EU,2,6,0.06,Caustic soda 50%,NAOH-NWE,d,indexed,direct,elec-eu,resolved,Caustic soda 50%,elec-eu
SUR-LABS-S30·EU,SUR-LABS-S30,EU,3,16,0.16,Process water,WATER-EU,p,indexed,proxy,water-eu,resolved,Process water,water-eu
SUR-LABS-S30·EU,SUR-LABS-S30,EU,4,5,0.05,Industrial electricity,ELEC-EU,d,indexed,direct,elec-eu,resolved,Industrial electricity,elec-eu
SUR-LABS-S30·EU,SUR-LABS-S30,EU,5,14,0.14,Fixed costs LCI,LCI-EU,d,indexed,direct,lci-eu,resolved,Fixed costs LCI,lci-eu
SUR-LABS-S30·EU,SUR-LABS-S30,EU,6,7,0.07,Supplier margin,fixed,f,fixed,,,fixed,Supplier margin,
SUR-LABS-S30·CN,SUR-LABS-S30,CN,1,52,0.52,LABSA cascade,LAB-CN,p,indexed,proxy,lab-apac,resolved,LABSA cascade,lab-apac
SUR-LABS-S30·CN,SUR-LABS-S30,CN,2,6,0.06,Caustic soda 50%,NAOH-CN,d,indexed,direct,caustic-soda-cn,resolved,Caustic soda 50%,caustic-soda-cn
SUR-LABS-S30·CN,SUR-LABS-S30,CN,3,16,0.16,Process water,WATER-EU,p,indexed,proxy,water-eu,resolved,Process water,water-eu
SUR-LABS-S30·CN,SUR-LABS-S30,CN,4,5,0.05,Industrial electricity,ELEC-CN,d,indexed,direct,elec-cn,resolved,Industrial electricity,elec-cn
SUR-LABS-S30·CN,SUR-LABS-S30,CN,5,14,0.14,Fixed costs LCI,LCI-CN,d,indexed,direct,lci-cn,resolved,Fixed costs LCI,lci-cn
SUR-LABS-S30·CN,SUR-LABS-S30,CN,6,7,0.07,Supplier margin,fixed,f,fixed,,,fixed,Supplier margin,
SUR-LABS-S30·NA,SUR-LABS-S30,NA,1,52,0.52,LABSA cascade,LAB-NA,p,indexed,proxy,lab-na,resolved,LABSA cascade,lab-na
SUR-LABS-S30·NA,SUR-LABS-S30,NA,2,6,0.06,Caustic soda 50%,NAOH-NA,d,indexed,direct,caustic-soda-na,resolved,Caustic soda 50%,caustic-soda-na
SUR-LABS-S30·NA,SUR-LABS-S30,NA,3,16,0.16,Process water,WATER-EU,p,indexed,proxy,water-eu,resolved,Process water,water-eu
SUR-LABS-S30·NA,SUR-LABS-S30,NA,4,5,0.05,Industrial electricity,ELEC-NA,d,indexed,direct,elec-na,resolved,Industrial electricity,elec-na
SUR-LABS-S30·NA,SUR-LABS-S30,NA,5,14,0.14,Fixed costs LCI,LCI-NA,d,indexed,direct,lci-na,resolved,Fixed costs LCI,lci-na
SUR-LABS-S30·NA,SUR-LABS-S30,NA,6,7,0.07,Supplier margin,fixed,f,fixed,,,fixed,Supplier margin,
SUR-LABS-S30·APAC,SUR-LABS-S30,APAC,1,52,0.52,LABSA cascade,LAB-ASIA,p,indexed,proxy,lab-apac,resolved,LABSA cascade,lab-apac
SUR-LABS-S30·APAC,SUR-LABS-S30,APAC,2,6,0.06,Caustic soda 50%,NAOH-ASIA,p,indexed,proxy,caustic-soda-cn,resolved,Caustic soda 50%,caustic-soda-cn
SUR-LABS-S30·APAC,SUR-LABS-S30,APAC,3,16,0.16,Process water,WATER-EU,p,indexed,proxy,water-eu,resolved,Process water,water-eu
SUR-LABS-S30·APAC,SUR-LABS-S30,APAC,4,5,0.05,Industrial electricity,ELEC-APAC,d,indexed,direct,elec-cn,resolved,Industrial electricity,elec-cn
SUR-LABS-S30·APAC,SUR-LABS-S30,APAC,5,14,0.14,Fixed costs LCI,LCI-APAC,d,indexed,direct,lci-apac,resolved,Fixed costs LCI,lci-apac
SUR-LABS-S30·APAC,SUR-LABS-S30,APAC,6,7,0.07,Supplier margin,fixed,f,fixed,,,fixed,Supplier margin,
SUR-LABS-S30·IN,SUR-LABS-S30,IN,1,52,0.52,LABSA cascade,LAB-IN,p,indexed,proxy,lab-in,resolved,LABSA cascade,lab-in
SUR-LABS-S30·IN,SUR-LABS-S30,IN,2,6,0.06,Caustic soda 50%,NAOH-IN,p,indexed,proxy,elec-in,resolved,Caustic soda 50%,elec-in
SUR-LABS-S30·IN,SUR-LABS-S30,IN,3,16,0.16,Process water,WATER-EU,p,indexed,proxy,water-eu,resolved,Process water,water-eu
SUR-LABS-S30·IN,SUR-LABS-S30,IN,4,5,0.05,Industrial electricity,ELEC-IN,d,indexed,direct,elec-in,resolved,Industrial electricity,elec-in
SUR-LABS-S30·IN,SUR-LABS-S30,IN,5,14,0.14,Fixed costs LCI,LCI-IN,d,indexed,direct,lci-in,resolved,Fixed costs LCI,lci-in
SUR-LABS-S30·IN,SUR-LABS-S30,IN,6,7,0.07,Supplier margin,fixed,f,fixed,,,fixed,Supplier margin,
SUR-LABS-S30·MEA,SUR-LABS-S30,MEA,1,52,0.52,LABSA cascade,LAB-ME,p,indexed,proxy,lab-mea,resolved,LABSA cascade,lab-mea
SUR-LABS-S30·MEA,SUR-LABS-S30,MEA,2,6,0.06,Caustic soda 50%,NAOH-ASIA,p,indexed,proxy,caustic-soda-cn,resolved,Caustic soda 50%,caustic-soda-cn
SUR-LABS-S30·MEA,SUR-LABS-S30,MEA,3,16,0.16,Process water,WATER-EU,p,indexed,proxy,water-eu,resolved,Process water,water-eu
SUR-LABS-S30·MEA,SUR-LABS-S30,MEA,4,5,0.05,Industrial electricity,ELEC-EU,p,indexed,proxy,elec-eu,resolved,Industrial electricity,elec-eu
SUR-LABS-S30·MEA,SUR-LABS-S30,MEA,5,14,0.14,Fixed costs LCI,LCI-MEA,d,indexed,direct,lci-mea,resolved,Fixed costs LCI,lci-mea
SUR-LABS-S30·MEA,SUR-LABS-S30,MEA,6,7,0.07,Supplier margin,fixed,f,fixed,,,fixed,Supplier margin,
SUR-LABS-S30·LA,SUR-LABS-S30,LA,1,52,0.52,LABSA cascade,LAB-ASIA,p,indexed,proxy,lab-apac,resolved,LABSA cascade,lab-apac
SUR-LABS-S30·LA,SUR-LABS-S30,LA,2,6,0.06,Caustic soda 50%,NAOH-ASIA,p,indexed,proxy,caustic-soda-cn,resolved,Caustic soda 50%,caustic-soda-cn
SUR-LABS-S30·LA,SUR-LABS-S30,LA,3,16,0.16,Process water,WATER-EU,p,indexed,proxy,water-eu,resolved,Process water,water-eu
SUR-LABS-S30·LA,SUR-LABS-S30,LA,4,5,0.05,Industrial electricity,ELEC-EU,p,indexed,proxy,elec-eu,resolved,Industrial electricity,elec-eu
SUR-LABS-S30·LA,SUR-LABS-S30,LA,5,14,0.14,Fixed costs LCI,LCI-LA,d,indexed,direct,lci-la,resolved,Fixed costs LCI,lci-la
SUR-LABS-S30·LA,SUR-LABS-S30,LA,6,7,0.07,Supplier margin,fixed,f,fixed,,,fixed,Supplier margin,
SUR-LABS-S60·EU,SUR-LABS-S60,EU,1,62,0.62,LABSA cascade,LAB-NWE,p,indexed,proxy,lab-eu,resolved,LABSA cascade,lab-eu
SUR-LABS-S60·EU,SUR-LABS-S60,EU,2,8,0.08,Caustic soda 50%,NAOH-NWE,d,indexed,direct,elec-eu,resolved,Caustic soda 50%,elec-eu
SUR-LABS-S60·EU,SUR-LABS-S60,EU,3,8,0.08,Industrial electricity heated,ELEC-EU,d,indexed,direct,elec-eu,resolved,Industrial electricity heated,elec-eu
SUR-LABS-S60·EU,SUR-LABS-S60,EU,4,14,0.14,Fixed costs LCI,LCI-EU,d,indexed,direct,lci-eu,resolved,Fixed costs LCI,lci-eu
SUR-LABS-S60·EU,SUR-LABS-S60,EU,5,8,0.08,Supplier margin,fixed,f,fixed,,,fixed,Supplier margin,
SUR-LABS-S60·CN,SUR-LABS-S60,CN,1,62,0.62,LABSA cascade,LAB-CN,p,indexed,proxy,lab-apac,resolved,LABSA cascade,lab-apac
SUR-LABS-S60·CN,SUR-LABS-S60,CN,2,8,0.08,Caustic soda 50%,NAOH-CN,d,indexed,direct,caustic-soda-cn,resolved,Caustic soda 50%,caustic-soda-cn
SUR-LABS-S60·CN,SUR-LABS-S60,CN,3,8,0.08,Industrial electricity heated,ELEC-CN,d,indexed,direct,elec-cn,resolved,Industrial electricity heated,elec-cn
SUR-LABS-S60·CN,SUR-LABS-S60,CN,4,14,0.14,Fixed costs LCI,LCI-CN,d,indexed,direct,lci-cn,resolved,Fixed costs LCI,lci-cn
SUR-LABS-S60·CN,SUR-LABS-S60,CN,5,8,0.08,Supplier margin,fixed,f,fixed,,,fixed,Supplier margin,
SUR-LABS-S60·NA,SUR-LABS-S60,NA,1,62,0.62,LABSA cascade,LAB-NA,p,indexed,proxy,lab-na,resolved,LABSA cascade,lab-na
SUR-LABS-S60·NA,SUR-LABS-S60,NA,2,8,0.08,Caustic soda 50%,NAOH-NA,d,indexed,direct,caustic-soda-na,resolved,Caustic soda 50%,caustic-soda-na
SUR-LABS-S60·NA,SUR-LABS-S60,NA,3,8,0.08,Industrial electricity heated,ELEC-NA,d,indexed,direct,elec-na,resolved,Industrial electricity heated,elec-na
SUR-LABS-S60·NA,SUR-LABS-S60,NA,4,14,0.14,Fixed costs LCI,LCI-NA,d,indexed,direct,lci-na,resolved,Fixed costs LCI,lci-na
SUR-LABS-S60·NA,SUR-LABS-S60,NA,5,8,0.08,Supplier margin,fixed,f,fixed,,,fixed,Supplier margin,
SUR-LABS-S60·APAC,SUR-LABS-S60,APAC,1,62,0.62,LABSA cascade,LAB-ASIA,p,indexed,proxy,lab-apac,resolved,LABSA cascade,lab-apac
SUR-LABS-S60·APAC,SUR-LABS-S60,APAC,2,8,0.08,Caustic soda 50%,NAOH-ASIA,p,indexed,proxy,caustic-soda-cn,resolved,Caustic soda 50%,caustic-soda-cn
SUR-LABS-S60·APAC,SUR-LABS-S60,APAC,3,8,0.08,Industrial electricity heated,ELEC-APAC,d,indexed,direct,elec-cn,resolved,Industrial electricity heated,elec-cn
SUR-LABS-S60·APAC,SUR-LABS-S60,APAC,4,14,0.14,Fixed costs LCI,LCI-APAC,d,indexed,direct,lci-apac,resolved,Fixed costs LCI,lci-apac
SUR-LABS-S60·APAC,SUR-LABS-S60,APAC,5,8,0.08,Supplier margin,fixed,f,fixed,,,fixed,Supplier margin,
SUR-LABS-S60·IN,SUR-LABS-S60,IN,1,62,0.62,LABSA cascade,LAB-IN,p,indexed,proxy,lab-in,resolved,LABSA cascade,lab-in
SUR-LABS-S60·IN,SUR-LABS-S60,IN,2,8,0.08,Caustic soda 50%,NAOH-IN,p,indexed,proxy,elec-in,resolved,Caustic soda 50%,elec-in
SUR-LABS-S60·IN,SUR-LABS-S60,IN,3,8,0.08,Industrial electricity heated,ELEC-IN,d,indexed,direct,elec-in,resolved,Industrial electricity heated,elec-in
SUR-LABS-S60·IN,SUR-LABS-S60,IN,4,14,0.14,Fixed costs LCI,LCI-IN,d,indexed,direct,lci-in,resolved,Fixed costs LCI,lci-in
SUR-LABS-S60·IN,SUR-LABS-S60,IN,5,8,0.08,Supplier margin,fixed,f,fixed,,,fixed,Supplier margin,
SUR-LABS-S60·MEA,SUR-LABS-S60,MEA,1,62,0.62,LABSA cascade,LAB-ME,p,indexed,proxy,lab-mea,resolved,LABSA cascade,lab-mea
SUR-LABS-S60·MEA,SUR-LABS-S60,MEA,2,8,0.08,Caustic soda 50%,NAOH-ASIA,p,indexed,proxy,caustic-soda-cn,resolved,Caustic soda 50%,caustic-soda-cn
SUR-LABS-S60·MEA,SUR-LABS-S60,MEA,3,8,0.08,Industrial electricity heated,ELEC-EU,p,indexed,proxy,elec-eu,resolved,Industrial electricity heated,elec-eu
SUR-LABS-S60·MEA,SUR-LABS-S60,MEA,4,14,0.14,Fixed costs LCI,LCI-MEA,d,indexed,direct,lci-mea,resolved,Fixed costs LCI,lci-mea
SUR-LABS-S60·MEA,SUR-LABS-S60,MEA,5,8,0.08,Supplier margin,fixed,f,fixed,,,fixed,Supplier margin,
SUR-AES-2EO·EU,SUR-AES-2EO,EU,1,55,0.55,Fatty alcohol C12-C14 PKO,PKO-MY,p,indexed,proxy,pko,resolved,Fatty alcohol C12-C14 PKO,pko
SUR-AES-2EO·EU,SUR-AES-2EO,EU,2,16,0.16,Ethylene oxide 2 mol,EO-EU,d,indexed,direct,brent,resolved,Ethylene oxide 2 mol,brent
SUR-AES-2EO·EU,SUR-AES-2EO,EU,3,8,0.08,Sulfuric acid SO3,H2SO4-NWE,d,indexed,direct,sulfuric-acid-na,resolved,Sulfuric acid SO3,sulfuric-acid-na
SUR-AES-2EO·EU,SUR-AES-2EO,EU,4,13,0.13,Fixed costs LCI,LCI-EU,d,indexed,direct,lci-eu,resolved,Fixed costs LCI,lci-eu
SUR-AES-2EO·EU,SUR-AES-2EO,EU,5,8,0.08,Supplier margin,fixed,f,fixed,,,fixed,Supplier margin,
SUR-AES-2EO·CN,SUR-AES-2EO,CN,1,55,0.55,Fatty alcohol C12-C14 PKO,PKO-MY,p,indexed,proxy,pko,resolved,Fatty alcohol C12-C14 PKO,pko
SUR-AES-2EO·CN,SUR-AES-2EO,CN,2,16,0.16,Ethylene oxide 2 mol,EO-CN,d,indexed,direct,brent,resolved,Ethylene oxide 2 mol,brent
SUR-AES-2EO·CN,SUR-AES-2EO,CN,3,8,0.08,Sulfuric acid SO3,H2SO4-CN,d,indexed,direct,sulfuric-acid-cn,resolved,Sulfuric acid SO3,sulfuric-acid-cn
SUR-AES-2EO·CN,SUR-AES-2EO,CN,4,13,0.13,Fixed costs LCI,LCI-CN,d,indexed,direct,lci-cn,resolved,Fixed costs LCI,lci-cn
SUR-AES-2EO·CN,SUR-AES-2EO,CN,5,8,0.08,Supplier margin,fixed,f,fixed,,,fixed,Supplier margin,
SUR-AES-2EO·NA,SUR-AES-2EO,NA,1,55,0.55,Fatty alcohol C12-C14 PKO,PKO-MY,p,indexed,proxy,pko,resolved,Fatty alcohol C12-C14 PKO,pko
SUR-AES-2EO·NA,SUR-AES-2EO,NA,2,16,0.16,Ethylene oxide 2 mol,EO-ASIA,p,indexed,proxy,brent,resolved,Ethylene oxide 2 mol,brent
SUR-AES-2EO·NA,SUR-AES-2EO,NA,3,8,0.08,Sulfuric acid SO3,H2SO4-NA,d,indexed,direct,sulfuric-acid-na,resolved,Sulfuric acid SO3,sulfuric-acid-na
SUR-AES-2EO·NA,SUR-AES-2EO,NA,4,13,0.13,Fixed costs LCI,LCI-NA,d,indexed,direct,lci-na,resolved,Fixed costs LCI,lci-na
SUR-AES-2EO·NA,SUR-AES-2EO,NA,5,8,0.08,Supplier margin,fixed,f,fixed,,,fixed,Supplier margin,
SUR-AES-2EO·APAC,SUR-AES-2EO,APAC,1,55,0.55,Fatty alcohol C12-C14 PKO,PKO-MY,p,indexed,proxy,pko,resolved,Fatty alcohol C12-C14 PKO,pko
SUR-AES-2EO·APAC,SUR-AES-2EO,APAC,2,16,0.16,Ethylene oxide 2 mol,EO-ASIA,p,indexed,proxy,brent,resolved,Ethylene oxide 2 mol,brent
SUR-AES-2EO·APAC,SUR-AES-2EO,APAC,3,8,0.08,Sulfuric acid SO3,H2SO4-ASIA,p,indexed,proxy,sulfuric-acid-cn,resolved,Sulfuric acid SO3,sulfuric-acid-cn
SUR-AES-2EO·APAC,SUR-AES-2EO,APAC,4,13,0.13,Fixed costs LCI,LCI-APAC,d,indexed,direct,lci-apac,resolved,Fixed costs LCI,lci-apac
SUR-AES-2EO·APAC,SUR-AES-2EO,APAC,5,8,0.08,Supplier margin,fixed,f,fixed,,,fixed,Supplier margin,
SUR-AES-2EO·IN,SUR-AES-2EO,IN,1,55,0.55,Fatty alcohol C12-C14 PKO,PKO-MY,p,indexed,proxy,pko,resolved,Fatty alcohol C12-C14 PKO,pko
SUR-AES-2EO·IN,SUR-AES-2EO,IN,2,16,0.16,Ethylene oxide 2 mol,EO-ASIA,p,indexed,proxy,brent,resolved,Ethylene oxide 2 mol,brent
SUR-AES-2EO·IN,SUR-AES-2EO,IN,3,8,0.08,Sulfuric acid SO3,H2SO4-IN,d,indexed,direct,sulfuric-acid-na,resolved,Sulfuric acid SO3,sulfuric-acid-na
SUR-AES-2EO·IN,SUR-AES-2EO,IN,4,13,0.13,Fixed costs LCI,LCI-IN,d,indexed,direct,lci-in,resolved,Fixed costs LCI,lci-in
SUR-AES-2EO·IN,SUR-AES-2EO,IN,5,8,0.08,Supplier margin,fixed,f,fixed,,,fixed,Supplier margin,
SUR-AES-2EO·MEA,SUR-AES-2EO,MEA,1,55,0.55,Fatty alcohol C12-C14 PKO,PKO-MY,p,indexed,proxy,pko,resolved,Fatty alcohol C12-C14 PKO,pko
SUR-AES-2EO·MEA,SUR-AES-2EO,MEA,2,16,0.16,Ethylene oxide 2 mol,EO-ASIA,p,indexed,proxy,brent,resolved,Ethylene oxide 2 mol,brent
SUR-AES-2EO·MEA,SUR-AES-2EO,MEA,3,8,0.08,Sulfuric acid SO3,H2SO4-MEA,p,indexed,proxy,sulfuric-acid-na,resolved,Sulfuric acid SO3,sulfuric-acid-na
SUR-AES-2EO·MEA,SUR-AES-2EO,MEA,4,13,0.13,Fixed costs LCI,LCI-MEA,d,indexed,direct,lci-mea,resolved,Fixed costs LCI,lci-mea
SUR-AES-2EO·MEA,SUR-AES-2EO,MEA,5,8,0.08,Supplier margin,fixed,f,fixed,,,fixed,Supplier margin,
SUR-AES-3EO·EU,SUR-AES-3EO,EU,1,51,0.51,Fatty alcohol C12-C14 PKO,PKO-MY,p,indexed,proxy,pko,resolved,Fatty alcohol C12-C14 PKO,pko
SUR-AES-3EO·EU,SUR-AES-3EO,EU,2,20,0.2,Ethylene oxide 3 mol,EO-EU,d,indexed,direct,brent,resolved,Ethylene oxide 3 mol,brent
SUR-AES-3EO·EU,SUR-AES-3EO,EU,3,7,0.07,Sulfuric acid SO3,H2SO4-NWE,d,indexed,direct,sulfuric-acid-na,resolved,Sulfuric acid SO3,sulfuric-acid-na
SUR-AES-3EO·EU,SUR-AES-3EO,EU,4,13,0.13,Fixed costs LCI,LCI-EU,d,indexed,direct,lci-eu,resolved,Fixed costs LCI,lci-eu
SUR-AES-3EO·EU,SUR-AES-3EO,EU,5,9,0.09,Supplier margin,fixed,f,fixed,,,fixed,Supplier margin,
SUR-AES-3EO·CN,SUR-AES-3EO,CN,1,51,0.51,Fatty alcohol C12-C14 PKO,PKO-MY,p,indexed,proxy,pko,resolved,Fatty alcohol C12-C14 PKO,pko
SUR-AES-3EO·CN,SUR-AES-3EO,CN,2,20,0.2,Ethylene oxide 3 mol,EO-CN,d,indexed,direct,brent,resolved,Ethylene oxide 3 mol,brent
SUR-AES-3EO·CN,SUR-AES-3EO,CN,3,7,0.07,Sulfuric acid SO3,H2SO4-CN,d,indexed,direct,sulfuric-acid-cn,resolved,Sulfuric acid SO3,sulfuric-acid-cn
SUR-AES-3EO·CN,SUR-AES-3EO,CN,4,13,0.13,Fixed costs LCI,LCI-CN,d,indexed,direct,lci-cn,resolved,Fixed costs LCI,lci-cn
SUR-AES-3EO·CN,SUR-AES-3EO,CN,5,9,0.09,Supplier margin,fixed,f,fixed,,,fixed,Supplier margin,
SUR-AES-3EO·NA,SUR-AES-3EO,NA,1,51,0.51,Fatty alcohol C12-C14 PKO,PKO-MY,p,indexed,proxy,pko,resolved,Fatty alcohol C12-C14 PKO,pko
SUR-AES-3EO·NA,SUR-AES-3EO,NA,2,20,0.2,Ethylene oxide 3 mol,EO-ASIA,p,indexed,proxy,brent,resolved,Ethylene oxide 3 mol,brent
SUR-AES-3EO·NA,SUR-AES-3EO,NA,3,7,0.07,Sulfuric acid SO3,H2SO4-NA,d,indexed,direct,sulfuric-acid-na,resolved,Sulfuric acid SO3,sulfuric-acid-na
SUR-AES-3EO·NA,SUR-AES-3EO,NA,4,13,0.13,Fixed costs LCI,LCI-NA,d,indexed,direct,lci-na,resolved,Fixed costs LCI,lci-na
SUR-AES-3EO·NA,SUR-AES-3EO,NA,5,9,0.09,Supplier margin,fixed,f,fixed,,,fixed,Supplier margin,
SUR-AES-3EO·APAC,SUR-AES-3EO,APAC,1,51,0.51,Fatty alcohol C12-C14 PKO,PKO-MY,p,indexed,proxy,pko,resolved,Fatty alcohol C12-C14 PKO,pko
SUR-AES-3EO·APAC,SUR-AES-3EO,APAC,2,20,0.2,Ethylene oxide 3 mol,EO-ASIA,p,indexed,proxy,brent,resolved,Ethylene oxide 3 mol,brent
SUR-AES-3EO·APAC,SUR-AES-3EO,APAC,3,7,0.07,Sulfuric acid SO3,H2SO4-ASIA,p,indexed,proxy,sulfuric-acid-cn,resolved,Sulfuric acid SO3,sulfuric-acid-cn
SUR-AES-3EO·APAC,SUR-AES-3EO,APAC,4,13,0.13,Fixed costs LCI,LCI-APAC,d,indexed,direct,lci-apac,resolved,Fixed costs LCI,lci-apac
SUR-AES-3EO·APAC,SUR-AES-3EO,APAC,5,9,0.09,Supplier margin,fixed,f,fixed,,,fixed,Supplier margin,
SUR-AES-3EO·IN,SUR-AES-3EO,IN,1,51,0.51,Fatty alcohol C12-C14 PKO,PKO-MY,p,indexed,proxy,pko,resolved,Fatty alcohol C12-C14 PKO,pko
SUR-AES-3EO·IN,SUR-AES-3EO,IN,2,20,0.2,Ethylene oxide 3 mol,EO-ASIA,p,indexed,proxy,brent,resolved,Ethylene oxide 3 mol,brent
SUR-AES-3EO·IN,SUR-AES-3EO,IN,3,7,0.07,Sulfuric acid SO3,H2SO4-IN,d,indexed,direct,sulfuric-acid-na,resolved,Sulfuric acid SO3,sulfuric-acid-na
SUR-AES-3EO·IN,SUR-AES-3EO,IN,4,13,0.13,Fixed costs LCI,LCI-IN,d,indexed,direct,lci-in,resolved,Fixed costs LCI,lci-in
SUR-AES-3EO·IN,SUR-AES-3EO,IN,5,9,0.09,Supplier margin,fixed,f,fixed,,,fixed,Supplier margin,
SUR-AES-3EO·MEA,SUR-AES-3EO,MEA,1,51,0.51,Fatty alcohol C12-C14 PKO,PKO-MY,p,indexed,proxy,pko,resolved,Fatty alcohol C12-C14 PKO,pko
SUR-AES-3EO·MEA,SUR-AES-3EO,MEA,2,20,0.2,Ethylene oxide 3 mol,EO-ASIA,p,indexed,proxy,brent,resolved,Ethylene oxide 3 mol,brent
SUR-AES-3EO·MEA,SUR-AES-3EO,MEA,3,7,0.07,Sulfuric acid SO3,H2SO4-MEA,p,indexed,proxy,sulfuric-acid-na,resolved,Sulfuric acid SO3,sulfuric-acid-na
SUR-AES-3EO·MEA,SUR-AES-3EO,MEA,4,13,0.13,Fixed costs LCI,LCI-MEA,d,indexed,direct,lci-mea,resolved,Fixed costs LCI,lci-mea
SUR-AES-3EO·MEA,SUR-AES-3EO,MEA,5,9,0.09,Supplier margin,fixed,f,fixed,,,fixed,Supplier margin,
SUR-SLS-PST·EU,SUR-SLS-PST,EU,1,56,0.56,Fatty alcohol C12-C14 PKO cascade,PKO-MY,p,indexed,proxy,pko,resolved,Fatty alcohol C12-C14 PKO cascade,pko
SUR-SLS-PST·EU,SUR-SLS-PST,EU,2,16,0.16,Sulfuric acid SO3,H2SO4-NWE,d,indexed,direct,sulfuric-acid-na,resolved,Sulfuric acid SO3,sulfuric-acid-na
SUR-SLS-PST·EU,SUR-SLS-PST,EU,3,6,0.06,Caustic soda,NAOH-NWE,d,indexed,direct,elec-eu,resolved,Caustic soda,elec-eu
SUR-SLS-PST·EU,SUR-SLS-PST,EU,4,13,0.13,Fixed costs LCI,LCI-EU,d,indexed,direct,lci-eu,resolved,Fixed costs LCI,lci-eu
SUR-SLS-PST·EU,SUR-SLS-PST,EU,5,9,0.09,Supplier margin,fixed,f,fixed,,,fixed,Supplier margin,
SUR-SLS-PST·CN,SUR-SLS-PST,CN,1,56,0.56,Fatty alcohol C12-C14 PKO cascade,PKO-MY,p,indexed,proxy,pko,resolved,Fatty alcohol C12-C14 PKO cascade,pko
SUR-SLS-PST·CN,SUR-SLS-PST,CN,2,16,0.16,Sulfuric acid SO3,H2SO4-CN,d,indexed,direct,sulfuric-acid-cn,resolved,Sulfuric acid SO3,sulfuric-acid-cn
SUR-SLS-PST·CN,SUR-SLS-PST,CN,3,6,0.06,Caustic soda,NAOH-CN,d,indexed,direct,caustic-soda-cn,resolved,Caustic soda,caustic-soda-cn
SUR-SLS-PST·CN,SUR-SLS-PST,CN,4,13,0.13,Fixed costs LCI,LCI-CN,d,indexed,direct,lci-cn,resolved,Fixed costs LCI,lci-cn
SUR-SLS-PST·CN,SUR-SLS-PST,CN,5,9,0.09,Supplier margin,fixed,f,fixed,,,fixed,Supplier margin,
SUR-SLS-PST·NA,SUR-SLS-PST,NA,1,56,0.56,Fatty alcohol C12-C14 PKO cascade,PKO-MY,p,indexed,proxy,pko,resolved,Fatty alcohol C12-C14 PKO cascade,pko
SUR-SLS-PST·NA,SUR-SLS-PST,NA,2,16,0.16,Sulfuric acid SO3,H2SO4-NA,d,indexed,direct,sulfuric-acid-na,resolved,Sulfuric acid SO3,sulfuric-acid-na
SUR-SLS-PST·NA,SUR-SLS-PST,NA,3,6,0.06,Caustic soda,NAOH-NA,d,indexed,direct,caustic-soda-na,resolved,Caustic soda,caustic-soda-na
SUR-SLS-PST·NA,SUR-SLS-PST,NA,4,13,0.13,Fixed costs LCI,LCI-NA,d,indexed,direct,lci-na,resolved,Fixed costs LCI,lci-na
SUR-SLS-PST·NA,SUR-SLS-PST,NA,5,9,0.09,Supplier margin,fixed,f,fixed,,,fixed,Supplier margin,
SUR-SLS-PST·APAC,SUR-SLS-PST,APAC,1,56,0.56,Fatty alcohol C12-C14 PKO cascade,PKO-MY,p,indexed,proxy,pko,resolved,Fatty alcohol C12-C14 PKO cascade,pko
SUR-SLS-PST·APAC,SUR-SLS-PST,APAC,2,16,0.16,Sulfuric acid SO3,H2SO4-ASIA,p,indexed,proxy,sulfuric-acid-cn,resolved,Sulfuric acid SO3,sulfuric-acid-cn
SUR-SLS-PST·APAC,SUR-SLS-PST,APAC,3,6,0.06,Caustic soda,NAOH-ASIA,p,indexed,proxy,caustic-soda-cn,resolved,Caustic soda,caustic-soda-cn
SUR-SLS-PST·APAC,SUR-SLS-PST,APAC,4,13,0.13,Fixed costs LCI,LCI-APAC,d,indexed,direct,lci-apac,resolved,Fixed costs LCI,lci-apac
SUR-SLS-PST·APAC,SUR-SLS-PST,APAC,5,9,0.09,Supplier margin,fixed,f,fixed,,,fixed,Supplier margin,
SUR-SLS-PST·IN,SUR-SLS-PST,IN,1,56,0.56,Fatty alcohol C12-C14 PKO cascade,PKO-MY,p,indexed,proxy,pko,resolved,Fatty alcohol C12-C14 PKO cascade,pko
SUR-SLS-PST·IN,SUR-SLS-PST,IN,2,16,0.16,Sulfuric acid SO3,H2SO4-IN,d,indexed,direct,sulfuric-acid-na,resolved,Sulfuric acid SO3,sulfuric-acid-na
SUR-SLS-PST·IN,SUR-SLS-PST,IN,3,6,0.06,Caustic soda,NAOH-IN,p,indexed,proxy,elec-in,resolved,Caustic soda,elec-in
SUR-SLS-PST·IN,SUR-SLS-PST,IN,4,13,0.13,Fixed costs LCI,LCI-IN,d,indexed,direct,lci-in,resolved,Fixed costs LCI,lci-in
SUR-SLS-PST·IN,SUR-SLS-PST,IN,5,9,0.09,Supplier margin,fixed,f,fixed,,,fixed,Supplier margin,
SUR-SLS-PWD·EU,SUR-SLS-PWD,EU,1,46,0.46,Fatty alcohol C12-C14 PKO cascade,PKO-MY,p,indexed,proxy,pko,resolved,Fatty alcohol C12-C14 PKO cascade,pko
SUR-SLS-PWD·EU,SUR-SLS-PWD,EU,2,15,0.15,Sulfuric acid SO3,H2SO4-NWE,d,indexed,direct,sulfuric-acid-na,resolved,Sulfuric acid SO3,sulfuric-acid-na
SUR-SLS-PWD·EU,SUR-SLS-PWD,EU,3,12,0.12,Industrial electricity spray dry,ELEC-EU,d,indexed,direct,elec-eu,resolved,Industrial electricity spray dry,elec-eu
SUR-SLS-PWD·EU,SUR-SLS-PWD,EU,4,5,0.05,HDPE bag packaging,HDPE-EU,d,indexed,direct,brent,resolved,HDPE bag packaging,brent
SUR-SLS-PWD·EU,SUR-SLS-PWD,EU,5,12,0.12,Fixed costs LCI,LCI-EU,d,indexed,direct,lci-eu,resolved,Fixed costs LCI,lci-eu
SUR-SLS-PWD·EU,SUR-SLS-PWD,EU,6,10,0.1,Supplier margin,fixed,f,fixed,,,fixed,Supplier margin,
SUR-SLS-PWD·CN,SUR-SLS-PWD,CN,1,46,0.46,Fatty alcohol C12-C14 PKO cascade,PKO-MY,p,indexed,proxy,pko,resolved,Fatty alcohol C12-C14 PKO cascade,pko
SUR-SLS-PWD·CN,SUR-SLS-PWD,CN,2,15,0.15,Sulfuric acid SO3,H2SO4-CN,d,indexed,direct,sulfuric-acid-cn,resolved,Sulfuric acid SO3,sulfuric-acid-cn
SUR-SLS-PWD·CN,SUR-SLS-PWD,CN,3,12,0.12,Industrial electricity spray dry,ELEC-CN,d,indexed,direct,elec-cn,resolved,Industrial electricity spray dry,elec-cn
SUR-SLS-PWD·CN,SUR-SLS-PWD,CN,4,5,0.05,HDPE bag packaging,HDPE-CN,d,indexed,direct,brent,resolved,HDPE bag packaging,brent
SUR-SLS-PWD·CN,SUR-SLS-PWD,CN,5,12,0.12,Fixed costs LCI,LCI-CN,d,indexed,direct,lci-cn,resolved,Fixed costs LCI,lci-cn
SUR-SLS-PWD·CN,SUR-SLS-PWD,CN,6,10,0.1,Supplier margin,fixed,f,fixed,,,fixed,Supplier margin,
SUR-SLS-PWD·NA,SUR-SLS-PWD,NA,1,46,0.46,Fatty alcohol C12-C14 PKO cascade,PKO-MY,p,indexed,proxy,pko,resolved,Fatty alcohol C12-C14 PKO cascade,pko
SUR-SLS-PWD·NA,SUR-SLS-PWD,NA,2,15,0.15,Sulfuric acid SO3,H2SO4-NA,d,indexed,direct,sulfuric-acid-na,resolved,Sulfuric acid SO3,sulfuric-acid-na
SUR-SLS-PWD·NA,SUR-SLS-PWD,NA,3,12,0.12,Industrial electricity spray dry,ELEC-NA,d,indexed,direct,elec-na,resolved,Industrial electricity spray dry,elec-na
SUR-SLS-PWD·NA,SUR-SLS-PWD,NA,4,5,0.05,HDPE bag packaging,HDPE-NA,d,indexed,direct,hdpe-na,resolved,HDPE bag packaging,hdpe-na
SUR-SLS-PWD·NA,SUR-SLS-PWD,NA,5,12,0.12,Fixed costs LCI,LCI-NA,d,indexed,direct,lci-na,resolved,Fixed costs LCI,lci-na
SUR-SLS-PWD·NA,SUR-SLS-PWD,NA,6,10,0.1,Supplier margin,fixed,f,fixed,,,fixed,Supplier margin,
SUR-SLS-PWD·APAC,SUR-SLS-PWD,APAC,1,46,0.46,Fatty alcohol C12-C14 PKO cascade,PKO-MY,p,indexed,proxy,pko,resolved,Fatty alcohol C12-C14 PKO cascade,pko
SUR-SLS-PWD·APAC,SUR-SLS-PWD,APAC,2,15,0.15,Sulfuric acid SO3,H2SO4-ASIA,p,indexed,proxy,sulfuric-acid-cn,resolved,Sulfuric acid SO3,sulfuric-acid-cn
SUR-SLS-PWD·APAC,SUR-SLS-PWD,APAC,3,12,0.12,Industrial electricity spray dry,ELEC-APAC,d,indexed,direct,elec-cn,resolved,Industrial electricity spray dry,elec-cn
SUR-SLS-PWD·APAC,SUR-SLS-PWD,APAC,4,5,0.05,HDPE bag packaging,HDPE-ASIA,p,indexed,proxy,brent,resolved,HDPE bag packaging,brent
SUR-SLS-PWD·APAC,SUR-SLS-PWD,APAC,5,12,0.12,Fixed costs LCI,LCI-APAC,d,indexed,direct,lci-apac,resolved,Fixed costs LCI,lci-apac
SUR-SLS-PWD·APAC,SUR-SLS-PWD,APAC,6,10,0.1,Supplier margin,fixed,f,fixed,,,fixed,Supplier margin,
SUR-FAM-C12·EU,SUR-FAM-C12,EU,1,46,0.46,Palm kernel oil PKO,PKO-MY,p,indexed,proxy,pko,resolved,Palm kernel oil PKO,pko
SUR-FAM-C12·EU,SUR-FAM-C12,EU,2,18,0.18,Ammonia,NH3-EU,d,indexed,direct,ttf-eu,resolved,Ammonia,ttf-eu
SUR-FAM-C12·EU,SUR-FAM-C12,EU,3,10,0.1,Industrial electricity,ELEC-EU,d,indexed,direct,elec-eu,resolved,Industrial electricity,elec-eu
SUR-FAM-C12·EU,SUR-FAM-C12,EU,4,13,0.13,Fixed costs LCI,LCI-EU,d,indexed,direct,lci-eu,resolved,Fixed costs LCI,lci-eu
SUR-FAM-C12·EU,SUR-FAM-C12,EU,5,13,0.13,Supplier margin,fixed,f,fixed,,,fixed,Supplier margin,
SUR-FAM-C12·APAC,SUR-FAM-C12,APAC,1,46,0.46,Palm kernel oil PKO,PKO-MY,d,indexed,direct,pko,resolved,Palm kernel oil PKO,pko
SUR-FAM-C12·APAC,SUR-FAM-C12,APAC,2,18,0.18,Ammonia,NH3-APAC,p,indexed,proxy,ammonia-na,resolved,Ammonia,ammonia-na
SUR-FAM-C12·APAC,SUR-FAM-C12,APAC,3,10,0.1,Industrial electricity,ELEC-APAC,d,indexed,direct,elec-cn,resolved,Industrial electricity,elec-cn
SUR-FAM-C12·APAC,SUR-FAM-C12,APAC,4,13,0.13,Fixed costs LCI,LCI-APAC,d,indexed,direct,lci-apac,resolved,Fixed costs LCI,lci-apac
SUR-FAM-C12·APAC,SUR-FAM-C12,APAC,5,13,0.13,Supplier margin,fixed,f,fixed,,,fixed,Supplier margin,
SUR-FAM-C12·IN,SUR-FAM-C12,IN,1,46,0.46,Palm kernel oil PKO,PKO-MY,d,indexed,direct,pko,resolved,Palm kernel oil PKO,pko
SUR-FAM-C12·IN,SUR-FAM-C12,IN,2,18,0.18,Ammonia,NH3-IN,d,indexed,direct,gas-india,resolved,Ammonia,gas-india
SUR-FAM-C12·IN,SUR-FAM-C12,IN,3,10,0.1,Industrial electricity,ELEC-IN,d,indexed,direct,elec-in,resolved,Industrial electricity,elec-in
SUR-FAM-C12·IN,SUR-FAM-C12,IN,4,13,0.13,Fixed costs LCI,LCI-IN,d,indexed,direct,lci-in,resolved,Fixed costs LCI,lci-in
SUR-FAM-C12·IN,SUR-FAM-C12,IN,5,13,0.13,Supplier margin,fixed,f,fixed,,,fixed,Supplier margin,
SUR-FAM-C18·EU,SUR-FAM-C18,EU,1,48,0.48,Crude palm oil CPO,CPO-MY,p,indexed,proxy,cpo,resolved,Crude palm oil CPO,cpo
SUR-FAM-C18·EU,SUR-FAM-C18,EU,2,16,0.16,Ammonia,NH3-EU,d,indexed,direct,ttf-eu,resolved,Ammonia,ttf-eu
SUR-FAM-C18·EU,SUR-FAM-C18,EU,3,10,0.1,Industrial electricity,ELEC-EU,d,indexed,direct,elec-eu,resolved,Industrial electricity,elec-eu
SUR-FAM-C18·EU,SUR-FAM-C18,EU,4,13,0.13,Fixed costs LCI,LCI-EU,d,indexed,direct,lci-eu,resolved,Fixed costs LCI,lci-eu
SUR-FAM-C18·EU,SUR-FAM-C18,EU,5,13,0.13,Supplier margin,fixed,f,fixed,,,fixed,Supplier margin,
SUR-FAM-C18·APAC,SUR-FAM-C18,APAC,1,48,0.48,Crude palm oil CPO,CPO-MY,d,indexed,direct,cpo,resolved,Crude palm oil CPO,cpo
SUR-FAM-C18·APAC,SUR-FAM-C18,APAC,2,16,0.16,Ammonia,NH3-APAC,p,indexed,proxy,ammonia-na,resolved,Ammonia,ammonia-na
SUR-FAM-C18·APAC,SUR-FAM-C18,APAC,3,10,0.1,Industrial electricity,ELEC-APAC,d,indexed,direct,elec-cn,resolved,Industrial electricity,elec-cn
SUR-FAM-C18·APAC,SUR-FAM-C18,APAC,4,13,0.13,Fixed costs LCI,LCI-APAC,d,indexed,direct,lci-apac,resolved,Fixed costs LCI,lci-apac
SUR-FAM-C18·APAC,SUR-FAM-C18,APAC,5,13,0.13,Supplier margin,fixed,f,fixed,,,fixed,Supplier margin,
SUR-APG-LIQ·EU,SUR-APG-LIQ,EU,1,32,0.32,Fatty alcohol C12-C14 PKO,PKO-MY,p,indexed,proxy,pko,resolved,Fatty alcohol C12-C14 PKO,pko
SUR-APG-LIQ·EU,SUR-APG-LIQ,EU,2,28,0.28,Glucose feedstock,GLUC-ICIS,d,indexed,direct,corn,resolved,Glucose feedstock,corn
SUR-APG-LIQ·EU,SUR-APG-LIQ,EU,3,10,0.1,Industrial electricity,ELEC-EU,d,indexed,direct,elec-eu,resolved,Industrial electricity,elec-eu
SUR-APG-LIQ·EU,SUR-APG-LIQ,EU,4,3,0.03,Process water,WATER-EU,p,indexed,proxy,water-eu,resolved,Process water,water-eu
SUR-APG-LIQ·EU,SUR-APG-LIQ,EU,5,12,0.12,Fixed costs LCI,LCI-EU,d,indexed,direct,lci-eu,resolved,Fixed costs LCI,lci-eu
SUR-APG-LIQ·EU,SUR-APG-LIQ,EU,6,15,0.15,Supplier margin,fixed,f,fixed,,,fixed,Supplier margin,
SUR-APG-LIQ·CN,SUR-APG-LIQ,CN,1,32,0.32,Fatty alcohol C12-C14 PKO,PKO-MY,p,indexed,proxy,pko,resolved,Fatty alcohol C12-C14 PKO,pko
SUR-APG-LIQ·CN,SUR-APG-LIQ,CN,2,28,0.28,Glucose feedstock,GLUC-CN,d,indexed,direct,corn,resolved,Glucose feedstock,corn
SUR-APG-LIQ·CN,SUR-APG-LIQ,CN,3,10,0.1,Industrial electricity,ELEC-CN,d,indexed,direct,elec-cn,resolved,Industrial electricity,elec-cn
SUR-APG-LIQ·CN,SUR-APG-LIQ,CN,4,3,0.03,Process water,WATER-EU,p,indexed,proxy,water-eu,resolved,Process water,water-eu
SUR-APG-LIQ·CN,SUR-APG-LIQ,CN,5,12,0.12,Fixed costs LCI,LCI-CN,d,indexed,direct,lci-cn,resolved,Fixed costs LCI,lci-cn
SUR-APG-LIQ·CN,SUR-APG-LIQ,CN,6,15,0.15,Supplier margin,fixed,f,fixed,,,fixed,Supplier margin,
SUR-APG-LIQ·NA,SUR-APG-LIQ,NA,1,32,0.32,Fatty alcohol C12-C14 PKO,PKO-MY,p,indexed,proxy,pko,resolved,Fatty alcohol C12-C14 PKO,pko
SUR-APG-LIQ·NA,SUR-APG-LIQ,NA,2,28,0.28,Glucose feedstock,CORN-CBOT,p,indexed,proxy,corn,resolved,Glucose feedstock,corn
SUR-APG-LIQ·NA,SUR-APG-LIQ,NA,3,10,0.1,Industrial electricity,ELEC-NA,d,indexed,direct,elec-na,resolved,Industrial electricity,elec-na
SUR-APG-LIQ·NA,SUR-APG-LIQ,NA,4,3,0.03,Process water,WATER-EU,p,indexed,proxy,water-eu,resolved,Process water,water-eu
SUR-APG-LIQ·NA,SUR-APG-LIQ,NA,5,12,0.12,Fixed costs LCI,LCI-NA,d,indexed,direct,lci-na,resolved,Fixed costs LCI,lci-na
SUR-APG-LIQ·NA,SUR-APG-LIQ,NA,6,15,0.15,Supplier margin,fixed,f,fixed,,,fixed,Supplier margin,
SUR-APG-LIQ·APAC,SUR-APG-LIQ,APAC,1,32,0.32,Fatty alcohol C12-C14 PKO,PKO-MY,p,indexed,proxy,pko,resolved,Fatty alcohol C12-C14 PKO,pko
SUR-APG-LIQ·APAC,SUR-APG-LIQ,APAC,2,28,0.28,Glucose feedstock,CORN-CBOT,p,indexed,proxy,corn,resolved,Glucose feedstock,corn
SUR-APG-LIQ·APAC,SUR-APG-LIQ,APAC,3,10,0.1,Industrial electricity,ELEC-APAC,d,indexed,direct,elec-cn,resolved,Industrial electricity,elec-cn
SUR-APG-LIQ·APAC,SUR-APG-LIQ,APAC,4,3,0.03,Process water,WATER-EU,p,indexed,proxy,water-eu,resolved,Process water,water-eu
SUR-APG-LIQ·APAC,SUR-APG-LIQ,APAC,5,12,0.12,Fixed costs LCI,LCI-APAC,d,indexed,direct,lci-apac,resolved,Fixed costs LCI,lci-apac
SUR-APG-LIQ·APAC,SUR-APG-LIQ,APAC,6,15,0.15,Supplier margin,fixed,f,fixed,,,fixed,Supplier margin,
F19-IMID-LIQ·EU,F19-IMID-LIQ,EU,1,38,0.38,Fatty acids CPO/PKO cascade,CPO-MY,p,indexed,proxy,cpo,resolved,Fatty acids CPO/PKO cascade,cpo
F19-IMID-LIQ·EU,F19-IMID-LIQ,EU,2,20,0.2,DETA diethylenetriamine ammonia proxy,NH3-EU,p,indexed,proxy,ttf-eu,resolved,DETA diethylenetriamine ammonia proxy,ttf-eu
F19-IMID-LIQ·EU,F19-IMID-LIQ,EU,3,8,0.08,Industrial electricity,ELEC-EU,d,indexed,direct,elec-eu,resolved,Industrial electricity,elec-eu
F19-IMID-LIQ·EU,F19-IMID-LIQ,EU,4,12,0.12,Fixed costs LCI,LCI-EU,d,indexed,direct,lci-eu,resolved,Fixed costs LCI,lci-eu
F19-IMID-LIQ·EU,F19-IMID-LIQ,EU,5,22,0.22,Supplier margin,fixed,f,fixed,,,fixed,Supplier margin,
F19-IMID-LIQ·NA,F19-IMID-LIQ,NA,1,38,0.38,Fatty acids CPO/PKO cascade,CPO-MY,p,indexed,proxy,cpo,resolved,Fatty acids CPO/PKO cascade,cpo
F19-IMID-LIQ·NA,F19-IMID-LIQ,NA,2,20,0.2,DETA diethylenetriamine ammonia proxy,NH3-NA,p,indexed,proxy,ammonia-na,resolved,DETA diethylenetriamine ammonia proxy,ammonia-na
F19-IMID-LIQ·NA,F19-IMID-LIQ,NA,3,8,0.08,Industrial electricity,ELEC-NA,d,indexed,direct,elec-na,resolved,Industrial electricity,elec-na
F19-IMID-LIQ·NA,F19-IMID-LIQ,NA,4,12,0.12,Fixed costs LCI,LCI-NA,d,indexed,direct,lci-na,resolved,Fixed costs LCI,lci-na
F19-IMID-LIQ·NA,F19-IMID-LIQ,NA,5,22,0.22,Supplier margin,fixed,f,fixed,,,fixed,Supplier margin,
F19-IMID-LIQ·MEA,F19-IMID-LIQ,MEA,1,38,0.38,Fatty acids CPO/PKO cascade,CPO-MY,p,indexed,proxy,cpo,resolved,Fatty acids CPO/PKO cascade,cpo
F19-IMID-LIQ·MEA,F19-IMID-LIQ,MEA,2,20,0.2,DETA diethylenetriamine ammonia proxy,NH3-MEA,p,indexed,proxy,gas-mea,resolved,DETA diethylenetriamine ammonia proxy,gas-mea
F19-IMID-LIQ·MEA,F19-IMID-LIQ,MEA,3,8,0.08,Industrial electricity,ELEC-EU,p,indexed,proxy,elec-eu,resolved,Industrial electricity,elec-eu
F19-IMID-LIQ·MEA,F19-IMID-LIQ,MEA,4,12,0.12,Fixed costs LCI,LCI-MEA,d,indexed,direct,lci-mea,resolved,Fixed costs LCI,lci-mea
F19-IMID-LIQ·MEA,F19-IMID-LIQ,MEA,5,22,0.22,Supplier margin,fixed,f,fixed,,,fixed,Supplier margin,
SUR-SULF-LIQ·EU,SUR-SULF-LIQ,EU,1,38,0.38,Fatty alcohol C12-C14 PKO cascade,PKO-MY,p,indexed,proxy,pko,resolved,Fatty alcohol C12-C14 PKO cascade,pko
SUR-SULF-LIQ·EU,SUR-SULF-LIQ,EU,2,22,0.22,Maleic anhydride propylene proxy,PRP-NWE,p,indexed,proxy,brent,resolved,Maleic anhydride propylene proxy,brent
SUR-SULF-LIQ·EU,SUR-SULF-LIQ,EU,3,8,0.08,Industrial electricity,ELEC-EU,d,indexed,direct,elec-eu,resolved,Industrial electricity,elec-eu
SUR-SULF-LIQ·EU,SUR-SULF-LIQ,EU,4,12,0.12,Fixed costs LCI,LCI-EU,d,indexed,direct,lci-eu,resolved,Fixed costs LCI,lci-eu
SUR-SULF-LIQ·EU,SUR-SULF-LIQ,EU,5,20,0.2,Supplier margin,fixed,f,fixed,,,fixed,Supplier margin,
SUR-SULF-LIQ·CN,SUR-SULF-LIQ,CN,1,38,0.38,Fatty alcohol C12-C14 PKO cascade,PKO-MY,p,indexed,proxy,pko,resolved,Fatty alcohol C12-C14 PKO cascade,pko
SUR-SULF-LIQ·CN,SUR-SULF-LIQ,CN,2,22,0.22,Maleic anhydride propylene proxy,PRP-CN,p,indexed,proxy,brent,resolved,Maleic anhydride propylene proxy,brent
SUR-SULF-LIQ·CN,SUR-SULF-LIQ,CN,3,8,0.08,Industrial electricity,ELEC-CN,d,indexed,direct,elec-cn,resolved,Industrial electricity,elec-cn
SUR-SULF-LIQ·CN,SUR-SULF-LIQ,CN,4,12,0.12,Fixed costs LCI,LCI-CN,d,indexed,direct,lci-cn,resolved,Fixed costs LCI,lci-cn
SUR-SULF-LIQ·CN,SUR-SULF-LIQ,CN,5,20,0.2,Supplier margin,fixed,f,fixed,,,fixed,Supplier margin,
SUR-SULF-LIQ·NA,SUR-SULF-LIQ,NA,1,38,0.38,Fatty alcohol C12-C14 PKO cascade,PKO-MY,p,indexed,proxy,pko,resolved,Fatty alcohol C12-C14 PKO cascade,pko
SUR-SULF-LIQ·NA,SUR-SULF-LIQ,NA,2,22,0.22,Maleic anhydride propylene proxy,PRP-US,p,indexed,proxy,ethylene-propylene-na,resolved,Maleic anhydride propylene proxy,ethylene-propylene-na
SUR-SULF-LIQ·NA,SUR-SULF-LIQ,NA,3,8,0.08,Industrial electricity,ELEC-NA,d,indexed,direct,elec-na,resolved,Industrial electricity,elec-na
SUR-SULF-LIQ·NA,SUR-SULF-LIQ,NA,4,12,0.12,Fixed costs LCI,LCI-NA,d,indexed,direct,lci-na,resolved,Fixed costs LCI,lci-na
SUR-SULF-LIQ·NA,SUR-SULF-LIQ,NA,5,20,0.2,Supplier margin,fixed,f,fixed,,,fixed,Supplier margin,
RES-PA6-PEL·EU,RES-PA6-PEL,EU,1,68,0.68,Caprolactam,CAPL-EU,d,indexed,direct,brent,resolved,Caprolactam,brent
RES-PA6-PEL·EU,RES-PA6-PEL,EU,2,7,0.07,Industrial electricity,ELEC-EU,d,indexed,direct,elec-eu,resolved,Industrial electricity,elec-eu
RES-PA6-PEL·EU,RES-PA6-PEL,EU,3,3,0.03,HDPE bag packaging,HDPE-EU,d,indexed,direct,brent,resolved,HDPE bag packaging,brent
RES-PA6-PEL·EU,RES-PA6-PEL,EU,4,11,0.11,Fixed costs LCI,LCI-EU,d,indexed,direct,lci-eu,resolved,Fixed costs LCI,lci-eu
RES-PA6-PEL·EU,RES-PA6-PEL,EU,5,11,0.11,Supplier margin,fixed,f,fixed,,,fixed,Supplier margin,
RES-PA6-PEL·CN,RES-PA6-PEL,CN,1,68,0.68,Caprolactam,CAPL-EU,p,indexed,proxy,brent,resolved,Caprolactam,brent
RES-PA6-PEL·CN,RES-PA6-PEL,CN,2,7,0.07,Industrial electricity,ELEC-CN,d,indexed,direct,elec-cn,resolved,Industrial electricity,elec-cn
RES-PA6-PEL·CN,RES-PA6-PEL,CN,3,3,0.03,HDPE bag packaging,HDPE-CN,d,indexed,direct,brent,resolved,HDPE bag packaging,brent
RES-PA6-PEL·CN,RES-PA6-PEL,CN,4,11,0.11,Fixed costs LCI,LCI-CN,d,indexed,direct,lci-cn,resolved,Fixed costs LCI,lci-cn
RES-PA6-PEL·CN,RES-PA6-PEL,CN,5,11,0.11,Supplier margin,fixed,f,fixed,,,fixed,Supplier margin,
RES-PA6-PEL·NA,RES-PA6-PEL,NA,1,68,0.68,Caprolactam,CAPL-EU,p,indexed,proxy,brent,resolved,Caprolactam,brent
RES-PA6-PEL·NA,RES-PA6-PEL,NA,2,7,0.07,Industrial electricity,ELEC-NA,d,indexed,direct,elec-na,resolved,Industrial electricity,elec-na
RES-PA6-PEL·NA,RES-PA6-PEL,NA,3,3,0.03,HDPE bag packaging,HDPE-NA,d,indexed,direct,hdpe-na,resolved,HDPE bag packaging,hdpe-na
RES-PA6-PEL·NA,RES-PA6-PEL,NA,4,11,0.11,Fixed costs LCI,LCI-NA,d,indexed,direct,lci-na,resolved,Fixed costs LCI,lci-na
RES-PA6-PEL·NA,RES-PA6-PEL,NA,5,11,0.11,Supplier margin,fixed,f,fixed,,,fixed,Supplier margin,
RES-PA6-PEL·APAC,RES-PA6-PEL,APAC,1,68,0.68,Caprolactam,CAPL-EU,p,indexed,proxy,brent,resolved,Caprolactam,brent
RES-PA6-PEL·APAC,RES-PA6-PEL,APAC,2,7,0.07,Industrial electricity,ELEC-APAC,d,indexed,direct,elec-cn,resolved,Industrial electricity,elec-cn
RES-PA6-PEL·APAC,RES-PA6-PEL,APAC,3,3,0.03,HDPE bag packaging,HDPE-ASIA,p,indexed,proxy,brent,resolved,HDPE bag packaging,brent
RES-PA6-PEL·APAC,RES-PA6-PEL,APAC,4,11,0.11,Fixed costs LCI,LCI-APAC,d,indexed,direct,lci-apac,resolved,Fixed costs LCI,lci-apac
RES-PA6-PEL·APAC,RES-PA6-PEL,APAC,5,11,0.11,Supplier margin,fixed,f,fixed,,,fixed,Supplier margin,
RES-PC-PEL·EU,RES-PC-PEL,EU,1,66,0.66,Bisphenol A BPA,BPA-EU,d,indexed,direct,brent,resolved,Bisphenol A BPA,brent
RES-PC-PEL·EU,RES-PC-PEL,EU,2,8,0.08,Industrial electricity,ELEC-EU,d,indexed,direct,elec-eu,resolved,Industrial electricity,elec-eu
RES-PC-PEL·EU,RES-PC-PEL,EU,3,3,0.03,HDPE bag packaging,HDPE-EU,d,indexed,direct,brent,resolved,HDPE bag packaging,brent
RES-PC-PEL·EU,RES-PC-PEL,EU,4,11,0.11,Fixed costs LCI,LCI-EU,d,indexed,direct,lci-eu,resolved,Fixed costs LCI,lci-eu
RES-PC-PEL·EU,RES-PC-PEL,EU,5,12,0.12,Supplier margin,fixed,f,fixed,,,fixed,Supplier margin,
RES-PC-PEL·CN,RES-PC-PEL,CN,1,66,0.66,Bisphenol A BPA,BPA-CN,d,indexed,direct,brent,resolved,Bisphenol A BPA,brent
RES-PC-PEL·CN,RES-PC-PEL,CN,2,8,0.08,Industrial electricity,ELEC-CN,d,indexed,direct,elec-cn,resolved,Industrial electricity,elec-cn
RES-PC-PEL·CN,RES-PC-PEL,CN,3,3,0.03,HDPE bag packaging,HDPE-CN,d,indexed,direct,brent,resolved,HDPE bag packaging,brent
RES-PC-PEL·CN,RES-PC-PEL,CN,4,11,0.11,Fixed costs LCI,LCI-CN,d,indexed,direct,lci-cn,resolved,Fixed costs LCI,lci-cn
RES-PC-PEL·CN,RES-PC-PEL,CN,5,12,0.12,Supplier margin,fixed,f,fixed,,,fixed,Supplier margin,
RES-PC-PEL·NA,RES-PC-PEL,NA,1,66,0.66,Bisphenol A BPA,BPA-EU,p,indexed,proxy,brent,resolved,Bisphenol A BPA,brent
RES-PC-PEL·NA,RES-PC-PEL,NA,2,8,0.08,Industrial electricity,ELEC-NA,d,indexed,direct,elec-na,resolved,Industrial electricity,elec-na
RES-PC-PEL·NA,RES-PC-PEL,NA,3,3,0.03,HDPE bag packaging,HDPE-NA,d,indexed,direct,hdpe-na,resolved,HDPE bag packaging,hdpe-na
RES-PC-PEL·NA,RES-PC-PEL,NA,4,11,0.11,Fixed costs LCI,LCI-NA,d,indexed,direct,lci-na,resolved,Fixed costs LCI,lci-na
RES-PC-PEL·NA,RES-PC-PEL,NA,5,12,0.12,Supplier margin,fixed,f,fixed,,,fixed,Supplier margin,
RES-PC-PEL·APAC,RES-PC-PEL,APAC,1,66,0.66,Bisphenol A BPA,BPA-APAC,p,indexed,proxy,brent,resolved,Bisphenol A BPA,brent
RES-PC-PEL·APAC,RES-PC-PEL,APAC,2,8,0.08,Industrial electricity,ELEC-APAC,d,indexed,direct,elec-cn,resolved,Industrial electricity,elec-cn
RES-PC-PEL·APAC,RES-PC-PEL,APAC,3,3,0.03,HDPE bag packaging,HDPE-ASIA,p,indexed,proxy,brent,resolved,HDPE bag packaging,brent
RES-PC-PEL·APAC,RES-PC-PEL,APAC,4,11,0.11,Fixed costs LCI,LCI-APAC,d,indexed,direct,lci-apac,resolved,Fixed costs LCI,lci-apac
RES-PC-PEL·APAC,RES-PC-PEL,APAC,5,12,0.12,Supplier margin,fixed,f,fixed,,,fixed,Supplier margin,
F20-PCE-LIQ·EU,F20-PCE-LIQ,EU,1,48,0.48,MPEG methacrylate Evonik VISIOMER,MMA-EU,p,indexed,proxy,brent,resolved,MPEG methacrylate Evonik VISIOMER,brent
F20-PCE-LIQ·EU,F20-PCE-LIQ,EU,2,18,0.18,Methacrylic acid acrylic acid proxy,AA-EU,p,indexed,proxy,brent,resolved,Methacrylic acid acrylic acid proxy,brent
F20-PCE-LIQ·EU,F20-PCE-LIQ,EU,3,8,0.08,Industrial electricity,ELEC-EU,d,indexed,direct,elec-eu,resolved,Industrial electricity,elec-eu
F20-PCE-LIQ·EU,F20-PCE-LIQ,EU,4,12,0.12,Fixed costs LCI,LCI-EU,d,indexed,direct,lci-eu,resolved,Fixed costs LCI,lci-eu
F20-PCE-LIQ·EU,F20-PCE-LIQ,EU,5,14,0.14,Supplier margin,fixed,f,fixed,,,fixed,Supplier margin,
F20-PCE-LIQ·CN,F20-PCE-LIQ,CN,1,48,0.48,MPEG methacrylate Evonik VISIOMER,MMA-CN,p,indexed,proxy,brent,resolved,MPEG methacrylate Evonik VISIOMER,brent
F20-PCE-LIQ·CN,F20-PCE-LIQ,CN,2,18,0.18,Methacrylic acid acrylic acid proxy,AA-CN,p,indexed,proxy,brent,resolved,Methacrylic acid acrylic acid proxy,brent
F20-PCE-LIQ·CN,F20-PCE-LIQ,CN,3,8,0.08,Industrial electricity,ELEC-CN,d,indexed,direct,elec-cn,resolved,Industrial electricity,elec-cn
F20-PCE-LIQ·CN,F20-PCE-LIQ,CN,4,12,0.12,Fixed costs LCI,LCI-CN,d,indexed,direct,lci-cn,resolved,Fixed costs LCI,lci-cn
F20-PCE-LIQ·CN,F20-PCE-LIQ,CN,5,14,0.14,Supplier margin,fixed,f,fixed,,,fixed,Supplier margin,
F20-PCE-LIQ·NA,F20-PCE-LIQ,NA,1,48,0.48,MPEG methacrylate Evonik VISIOMER,MMA-CN,p,indexed,proxy,brent,resolved,MPEG methacrylate Evonik VISIOMER,brent
F20-PCE-LIQ·NA,F20-PCE-LIQ,NA,2,18,0.18,Methacrylic acid acrylic acid proxy,AA-NA,p,indexed,proxy,brent,resolved,Methacrylic acid acrylic acid proxy,brent
F20-PCE-LIQ·NA,F20-PCE-LIQ,NA,3,8,0.08,Industrial electricity,ELEC-NA,d,indexed,direct,elec-na,resolved,Industrial electricity,elec-na
F20-PCE-LIQ·NA,F20-PCE-LIQ,NA,4,12,0.12,Fixed costs LCI,LCI-NA,d,indexed,direct,lci-na,resolved,Fixed costs LCI,lci-na
F20-PCE-LIQ·NA,F20-PCE-LIQ,NA,5,14,0.14,Supplier margin,fixed,f,fixed,,,fixed,Supplier margin,
F20-PCE-LIQ·IN,F20-PCE-LIQ,IN,1,48,0.48,MPEG methacrylate Evonik VISIOMER,MMA-CN,p,indexed,proxy,brent,resolved,MPEG methacrylate Evonik VISIOMER,brent
F20-PCE-LIQ·IN,F20-PCE-LIQ,IN,2,18,0.18,Methacrylic acid acrylic acid proxy,AA-ASIA,p,indexed,proxy,brent,resolved,Methacrylic acid acrylic acid proxy,brent
F20-PCE-LIQ·IN,F20-PCE-LIQ,IN,3,8,0.08,Industrial electricity,ELEC-IN,d,indexed,direct,elec-in,resolved,Industrial electricity,elec-in
F20-PCE-LIQ·IN,F20-PCE-LIQ,IN,4,12,0.12,Fixed costs LCI,LCI-IN,d,indexed,direct,lci-in,resolved,Fixed costs LCI,lci-in
F20-PCE-LIQ·IN,F20-PCE-LIQ,IN,5,14,0.14,Supplier margin,fixed,f,fixed,,,fixed,Supplier margin,
F20-PCE-PWD·CN,F20-PCE-PWD,CN,1,44,0.44,MPEG methacrylate proxy,MMA-CN,p,indexed,proxy,brent,resolved,MPEG methacrylate proxy,brent
F20-PCE-PWD·CN,F20-PCE-PWD,CN,2,16,0.16,Methacrylic acid proxy,AA-CN,p,indexed,proxy,brent,resolved,Methacrylic acid proxy,brent
F20-PCE-PWD·CN,F20-PCE-PWD,CN,3,12,0.12,Industrial electricity drying,ELEC-CN,d,indexed,direct,elec-cn,resolved,Industrial electricity drying,elec-cn
F20-PCE-PWD·CN,F20-PCE-PWD,CN,4,4,0.04,HDPE bag packaging,HDPE-CN,d,indexed,direct,brent,resolved,HDPE bag packaging,brent
F20-PCE-PWD·CN,F20-PCE-PWD,CN,5,11,0.11,Fixed costs LCI,LCI-CN,d,indexed,direct,lci-cn,resolved,Fixed costs LCI,lci-cn
F20-PCE-PWD·CN,F20-PCE-PWD,CN,6,13,0.13,Supplier margin,fixed,f,fixed,,,fixed,Supplier margin,
F20-PCE-PWD·IN,F20-PCE-PWD,IN,1,44,0.44,MPEG methacrylate proxy,MMA-CN,p,indexed,proxy,brent,resolved,MPEG methacrylate proxy,brent
F20-PCE-PWD·IN,F20-PCE-PWD,IN,2,16,0.16,Methacrylic acid proxy,AA-ASIA,p,indexed,proxy,brent,resolved,Methacrylic acid proxy,brent
F20-PCE-PWD·IN,F20-PCE-PWD,IN,3,12,0.12,Industrial electricity drying,ELEC-IN,d,indexed,direct,elec-in,resolved,Industrial electricity drying,elec-in
F20-PCE-PWD·IN,F20-PCE-PWD,IN,4,4,0.04,HDPE bag packaging,HDPE-ASIA,p,indexed,proxy,brent,resolved,HDPE bag packaging,brent
F20-PCE-PWD·IN,F20-PCE-PWD,IN,5,11,0.11,Fixed costs LCI,LCI-IN,d,indexed,direct,lci-in,resolved,Fixed costs LCI,lci-in
F20-PCE-PWD·IN,F20-PCE-PWD,IN,6,13,0.13,Supplier margin,fixed,f,fixed,,,fixed,Supplier margin,
RES-HDPE-PEL·EU,RES-HDPE-PEL,EU,1,66,0.66,Ethylene monomer,ETH-NWE,d,indexed,direct,brent,resolved,Ethylene monomer,brent
RES-HDPE-PEL·EU,RES-HDPE-PEL,EU,2,8,0.08,Industrial electricity,ELEC-EU,d,indexed,direct,elec-eu,resolved,Industrial electricity,elec-eu
RES-HDPE-PEL·EU,RES-HDPE-PEL,EU,3,3,0.03,HDPE bag packaging,HDPE-EU,d,indexed,direct,brent,resolved,HDPE bag packaging,brent
RES-HDPE-PEL·EU,RES-HDPE-PEL,EU,4,13,0.13,Fixed costs LCI,LCI-EU,d,indexed,direct,lci-eu,resolved,Fixed costs LCI,lci-eu
RES-HDPE-PEL·EU,RES-HDPE-PEL,EU,5,10,0.1,Supplier margin,fixed,f,fixed,,,fixed,Supplier margin,
RES-HDPE-PEL·CN,RES-HDPE-PEL,CN,1,66,0.66,Ethylene monomer,ETH-CN,d,indexed,direct,brent,resolved,Ethylene monomer,brent
RES-HDPE-PEL·CN,RES-HDPE-PEL,CN,2,8,0.08,Industrial electricity,ELEC-CN,d,indexed,direct,elec-cn,resolved,Industrial electricity,elec-cn
RES-HDPE-PEL·CN,RES-HDPE-PEL,CN,3,3,0.03,HDPE bag packaging,HDPE-CN,d,indexed,direct,brent,resolved,HDPE bag packaging,brent
RES-HDPE-PEL·CN,RES-HDPE-PEL,CN,4,13,0.13,Fixed costs LCI,LCI-CN,d,indexed,direct,lci-cn,resolved,Fixed costs LCI,lci-cn
RES-HDPE-PEL·CN,RES-HDPE-PEL,CN,5,10,0.1,Supplier margin,fixed,f,fixed,,,fixed,Supplier margin,
RES-HDPE-PEL·NA,RES-HDPE-PEL,NA,1,66,0.66,Ethylene monomer,ETH-US,d,indexed,direct,ethylene-propylene-na,resolved,Ethylene monomer,ethylene-propylene-na
RES-HDPE-PEL·NA,RES-HDPE-PEL,NA,2,8,0.08,Industrial electricity,ELEC-NA,d,indexed,direct,elec-na,resolved,Industrial electricity,elec-na
RES-HDPE-PEL·NA,RES-HDPE-PEL,NA,3,3,0.03,HDPE bag packaging,HDPE-NA,d,indexed,direct,hdpe-na,resolved,HDPE bag packaging,hdpe-na
RES-HDPE-PEL·NA,RES-HDPE-PEL,NA,4,13,0.13,Fixed costs LCI,LCI-NA,d,indexed,direct,lci-na,resolved,Fixed costs LCI,lci-na
RES-HDPE-PEL·NA,RES-HDPE-PEL,NA,5,10,0.1,Supplier margin,fixed,f,fixed,,,fixed,Supplier margin,
RES-HDPE-PEL·APAC,RES-HDPE-PEL,APAC,1,66,0.66,Ethylene monomer,ETH-APAC,d,indexed,direct,ethylene-propylene-na,resolved,Ethylene monomer,ethylene-propylene-na
RES-HDPE-PEL·APAC,RES-HDPE-PEL,APAC,2,8,0.08,Industrial electricity,ELEC-APAC,d,indexed,direct,elec-cn,resolved,Industrial electricity,elec-cn
RES-HDPE-PEL·APAC,RES-HDPE-PEL,APAC,3,3,0.03,HDPE bag packaging,HDPE-ASIA,p,indexed,proxy,brent,resolved,HDPE bag packaging,brent
RES-HDPE-PEL·APAC,RES-HDPE-PEL,APAC,4,13,0.13,Fixed costs LCI,LCI-APAC,d,indexed,direct,lci-apac,resolved,Fixed costs LCI,lci-apac
RES-HDPE-PEL·APAC,RES-HDPE-PEL,APAC,5,10,0.1,Supplier margin,fixed,f,fixed,,,fixed,Supplier margin,
RES-HDPE-PEL·IN,RES-HDPE-PEL,IN,1,66,0.66,Ethylene monomer,ETH-IN,d,indexed,direct,ethylene-propylene-na,resolved,Ethylene monomer,ethylene-propylene-na
RES-HDPE-PEL·IN,RES-HDPE-PEL,IN,2,8,0.08,Industrial electricity,ELEC-IN,d,indexed,direct,elec-in,resolved,Industrial electricity,elec-in
RES-HDPE-PEL·IN,RES-HDPE-PEL,IN,3,3,0.03,HDPE bag packaging,HDPE-ASIA,p,indexed,proxy,brent,resolved,HDPE bag packaging,brent
RES-HDPE-PEL·IN,RES-HDPE-PEL,IN,4,13,0.13,Fixed costs LCI,LCI-IN,d,indexed,direct,lci-in,resolved,Fixed costs LCI,lci-in
RES-HDPE-PEL·IN,RES-HDPE-PEL,IN,5,10,0.1,Supplier margin,fixed,f,fixed,,,fixed,Supplier margin,
RES-HDPE-PEL·MEA,RES-HDPE-PEL,MEA,1,66,0.66,Ethylene monomer,ETH-MEA,p,indexed,proxy,ethylene-propylene-na,resolved,Ethylene monomer,ethylene-propylene-na
RES-HDPE-PEL·MEA,RES-HDPE-PEL,MEA,2,8,0.08,Industrial electricity,ELEC-EU,p,indexed,proxy,elec-eu,resolved,Industrial electricity,elec-eu
RES-HDPE-PEL·MEA,RES-HDPE-PEL,MEA,3,3,0.03,HDPE bag packaging,HDPE-EU,p,indexed,proxy,brent,resolved,HDPE bag packaging,brent
RES-HDPE-PEL·MEA,RES-HDPE-PEL,MEA,4,13,0.13,Fixed costs LCI,LCI-MEA,d,indexed,direct,lci-mea,resolved,Fixed costs LCI,lci-mea
RES-HDPE-PEL·MEA,RES-HDPE-PEL,MEA,5,10,0.1,Supplier margin,fixed,f,fixed,,,fixed,Supplier margin,
RES-LDPE-PEL·EU,RES-LDPE-PEL,EU,1,66,0.66,Ethylene monomer,ETH-NWE,d,indexed,direct,brent,resolved,Ethylene monomer,brent
RES-LDPE-PEL·EU,RES-LDPE-PEL,EU,2,8,0.08,Industrial electricity,ELEC-EU,d,indexed,direct,elec-eu,resolved,Industrial electricity,elec-eu
RES-LDPE-PEL·EU,RES-LDPE-PEL,EU,3,3,0.03,HDPE bag packaging,HDPE-EU,d,indexed,direct,brent,resolved,HDPE bag packaging,brent
RES-LDPE-PEL·EU,RES-LDPE-PEL,EU,4,13,0.13,Fixed costs LCI,LCI-EU,d,indexed,direct,lci-eu,resolved,Fixed costs LCI,lci-eu
RES-LDPE-PEL·EU,RES-LDPE-PEL,EU,5,10,0.1,Supplier margin,fixed,f,fixed,,,fixed,Supplier margin,
RES-LDPE-PEL·CN,RES-LDPE-PEL,CN,1,66,0.66,Ethylene monomer,ETH-CN,d,indexed,direct,brent,resolved,Ethylene monomer,brent
RES-LDPE-PEL·CN,RES-LDPE-PEL,CN,2,8,0.08,Industrial electricity,ELEC-CN,d,indexed,direct,elec-cn,resolved,Industrial electricity,elec-cn
RES-LDPE-PEL·CN,RES-LDPE-PEL,CN,3,3,0.03,HDPE bag packaging,HDPE-CN,d,indexed,direct,brent,resolved,HDPE bag packaging,brent
RES-LDPE-PEL·CN,RES-LDPE-PEL,CN,4,13,0.13,Fixed costs LCI,LCI-CN,d,indexed,direct,lci-cn,resolved,Fixed costs LCI,lci-cn
RES-LDPE-PEL·CN,RES-LDPE-PEL,CN,5,10,0.1,Supplier margin,fixed,f,fixed,,,fixed,Supplier margin,
RES-LDPE-PEL·NA,RES-LDPE-PEL,NA,1,66,0.66,Ethylene monomer,ETH-US,d,indexed,direct,ethylene-propylene-na,resolved,Ethylene monomer,ethylene-propylene-na
RES-LDPE-PEL·NA,RES-LDPE-PEL,NA,2,8,0.08,Industrial electricity,ELEC-NA,d,indexed,direct,elec-na,resolved,Industrial electricity,elec-na
RES-LDPE-PEL·NA,RES-LDPE-PEL,NA,3,3,0.03,HDPE bag packaging,HDPE-NA,d,indexed,direct,hdpe-na,resolved,HDPE bag packaging,hdpe-na
RES-LDPE-PEL·NA,RES-LDPE-PEL,NA,4,13,0.13,Fixed costs LCI,LCI-NA,d,indexed,direct,lci-na,resolved,Fixed costs LCI,lci-na
RES-LDPE-PEL·NA,RES-LDPE-PEL,NA,5,10,0.1,Supplier margin,fixed,f,fixed,,,fixed,Supplier margin,
RES-LDPE-PEL·APAC,RES-LDPE-PEL,APAC,1,66,0.66,Ethylene monomer,ETH-APAC,d,indexed,direct,ethylene-propylene-na,resolved,Ethylene monomer,ethylene-propylene-na
RES-LDPE-PEL·APAC,RES-LDPE-PEL,APAC,2,8,0.08,Industrial electricity,ELEC-APAC,d,indexed,direct,elec-cn,resolved,Industrial electricity,elec-cn
RES-LDPE-PEL·APAC,RES-LDPE-PEL,APAC,3,3,0.03,HDPE bag packaging,HDPE-ASIA,p,indexed,proxy,brent,resolved,HDPE bag packaging,brent
RES-LDPE-PEL·APAC,RES-LDPE-PEL,APAC,4,13,0.13,Fixed costs LCI,LCI-APAC,d,indexed,direct,lci-apac,resolved,Fixed costs LCI,lci-apac
RES-LDPE-PEL·APAC,RES-LDPE-PEL,APAC,5,10,0.1,Supplier margin,fixed,f,fixed,,,fixed,Supplier margin,
RES-PP-PEL·EU,RES-PP-PEL,EU,1,62,0.62,Propylene monomer,PRP-NWE,d,indexed,direct,brent,resolved,Propylene monomer,brent
RES-PP-PEL·EU,RES-PP-PEL,EU,2,4,0.04,Catalyst TiCl4,fixed,f,fixed,,,fixed,Catalyst TiCl4,
RES-PP-PEL·EU,RES-PP-PEL,EU,3,8,0.08,Industrial electricity,ELEC-EU,d,indexed,direct,elec-eu,resolved,Industrial electricity,elec-eu
RES-PP-PEL·EU,RES-PP-PEL,EU,4,3,0.03,HDPE bag packaging,HDPE-EU,d,indexed,direct,brent,resolved,HDPE bag packaging,brent
RES-PP-PEL·EU,RES-PP-PEL,EU,5,13,0.13,Fixed costs LCI,LCI-EU,d,indexed,direct,lci-eu,resolved,Fixed costs LCI,lci-eu
RES-PP-PEL·EU,RES-PP-PEL,EU,6,10,0.1,Supplier margin,fixed,f,fixed,,,fixed,Supplier margin,
RES-PP-PEL·CN,RES-PP-PEL,CN,1,62,0.62,Propylene monomer,PRP-CN,d,indexed,direct,brent,resolved,Propylene monomer,brent
RES-PP-PEL·CN,RES-PP-PEL,CN,2,4,0.04,Catalyst TiCl4,fixed,f,fixed,,,fixed,Catalyst TiCl4,
RES-PP-PEL·CN,RES-PP-PEL,CN,3,8,0.08,Industrial electricity,ELEC-CN,d,indexed,direct,elec-cn,resolved,Industrial electricity,elec-cn
RES-PP-PEL·CN,RES-PP-PEL,CN,4,3,0.03,HDPE bag packaging,HDPE-CN,d,indexed,direct,brent,resolved,HDPE bag packaging,brent
RES-PP-PEL·CN,RES-PP-PEL,CN,5,13,0.13,Fixed costs LCI,LCI-CN,d,indexed,direct,lci-cn,resolved,Fixed costs LCI,lci-cn
RES-PP-PEL·CN,RES-PP-PEL,CN,6,10,0.1,Supplier margin,fixed,f,fixed,,,fixed,Supplier margin,
RES-PP-PEL·NA,RES-PP-PEL,NA,1,62,0.62,Propylene monomer,PRP-US,d,indexed,direct,ethylene-propylene-na,resolved,Propylene monomer,ethylene-propylene-na
RES-PP-PEL·NA,RES-PP-PEL,NA,2,4,0.04,Catalyst TiCl4,fixed,f,fixed,,,fixed,Catalyst TiCl4,
RES-PP-PEL·NA,RES-PP-PEL,NA,3,8,0.08,Industrial electricity,ELEC-NA,d,indexed,direct,elec-na,resolved,Industrial electricity,elec-na
RES-PP-PEL·NA,RES-PP-PEL,NA,4,3,0.03,HDPE bag packaging,HDPE-NA,d,indexed,direct,hdpe-na,resolved,HDPE bag packaging,hdpe-na
RES-PP-PEL·NA,RES-PP-PEL,NA,5,13,0.13,Fixed costs LCI,LCI-NA,d,indexed,direct,lci-na,resolved,Fixed costs LCI,lci-na
RES-PP-PEL·NA,RES-PP-PEL,NA,6,10,0.1,Supplier margin,fixed,f,fixed,,,fixed,Supplier margin,
RES-PP-PEL·APAC,RES-PP-PEL,APAC,1,62,0.62,Propylene monomer,PRP-APAC,d,indexed,direct,ethylene-propylene-na,resolved,Propylene monomer,ethylene-propylene-na
RES-PP-PEL·APAC,RES-PP-PEL,APAC,2,4,0.04,Catalyst TiCl4,fixed,f,fixed,,,fixed,Catalyst TiCl4,
RES-PP-PEL·APAC,RES-PP-PEL,APAC,3,8,0.08,Industrial electricity,ELEC-APAC,d,indexed,direct,elec-cn,resolved,Industrial electricity,elec-cn
RES-PP-PEL·APAC,RES-PP-PEL,APAC,4,3,0.03,HDPE bag packaging,HDPE-ASIA,p,indexed,proxy,brent,resolved,HDPE bag packaging,brent
RES-PP-PEL·APAC,RES-PP-PEL,APAC,5,13,0.13,Fixed costs LCI,LCI-APAC,d,indexed,direct,lci-apac,resolved,Fixed costs LCI,lci-apac
RES-PP-PEL·APAC,RES-PP-PEL,APAC,6,10,0.1,Supplier margin,fixed,f,fixed,,,fixed,Supplier margin,
RES-PP-PEL·IN,RES-PP-PEL,IN,1,62,0.62,Propylene monomer,PRP-APAC,p,indexed,proxy,ethylene-propylene-na,resolved,Propylene monomer,ethylene-propylene-na
RES-PP-PEL·IN,RES-PP-PEL,IN,2,4,0.04,Catalyst TiCl4,fixed,f,fixed,,,fixed,Catalyst TiCl4,
RES-PP-PEL·IN,RES-PP-PEL,IN,3,8,0.08,Industrial electricity,ELEC-IN,d,indexed,direct,elec-in,resolved,Industrial electricity,elec-in
RES-PP-PEL·IN,RES-PP-PEL,IN,4,3,0.03,HDPE bag packaging,HDPE-ASIA,p,indexed,proxy,brent,resolved,HDPE bag packaging,brent
RES-PP-PEL·IN,RES-PP-PEL,IN,5,13,0.13,Fixed costs LCI,LCI-IN,d,indexed,direct,lci-in,resolved,Fixed costs LCI,lci-in
RES-PP-PEL·IN,RES-PP-PEL,IN,6,10,0.1,Supplier margin,fixed,f,fixed,,,fixed,Supplier margin,
RES-PP-PEL·MEA,RES-PP-PEL,MEA,1,62,0.62,Propylene monomer,PRP-NWE,p,indexed,proxy,brent,resolved,Propylene monomer,brent
RES-PP-PEL·MEA,RES-PP-PEL,MEA,2,4,0.04,Catalyst TiCl4,fixed,f,fixed,,,fixed,Catalyst TiCl4,
RES-PP-PEL·MEA,RES-PP-PEL,MEA,3,8,0.08,Industrial electricity,ELEC-EU,p,indexed,proxy,elec-eu,resolved,Industrial electricity,elec-eu
RES-PP-PEL·MEA,RES-PP-PEL,MEA,4,3,0.03,HDPE bag packaging,HDPE-EU,p,indexed,proxy,brent,resolved,HDPE bag packaging,brent
RES-PP-PEL·MEA,RES-PP-PEL,MEA,5,13,0.13,Fixed costs LCI,LCI-MEA,d,indexed,direct,lci-mea,resolved,Fixed costs LCI,lci-mea
RES-PP-PEL·MEA,RES-PP-PEL,MEA,6,10,0.1,Supplier margin,fixed,f,fixed,,,fixed,Supplier margin,
RES-ACR-LIQ·EU,RES-ACR-LIQ,EU,1,47,0.47,Acrylic acid monomer,AA-EU,d,indexed,direct,brent,resolved,Acrylic acid monomer,brent
RES-ACR-LIQ·EU,RES-ACR-LIQ,EU,2,18,0.18,MMA methyl methacrylate,MMA-EU,d,indexed,direct,brent,resolved,MMA methyl methacrylate,brent
RES-ACR-LIQ·EU,RES-ACR-LIQ,EU,3,10,0.1,Industrial electricity,ELEC-EU,d,indexed,direct,elec-eu,resolved,Industrial electricity,elec-eu
RES-ACR-LIQ·EU,RES-ACR-LIQ,EU,4,12,0.12,Fixed costs LCI,LCI-EU,d,indexed,direct,lci-eu,resolved,Fixed costs LCI,lci-eu
RES-ACR-LIQ·EU,RES-ACR-LIQ,EU,5,13,0.13,Supplier margin,fixed,f,fixed,,,fixed,Supplier margin,
RES-ACR-LIQ·CN,RES-ACR-LIQ,CN,1,47,0.47,Acrylic acid monomer,AA-CN,d,indexed,direct,brent,resolved,Acrylic acid monomer,brent
RES-ACR-LIQ·CN,RES-ACR-LIQ,CN,2,18,0.18,MMA methyl methacrylate,MMA-CN,d,indexed,direct,brent,resolved,MMA methyl methacrylate,brent
RES-ACR-LIQ·CN,RES-ACR-LIQ,CN,3,10,0.1,Industrial electricity,ELEC-CN,d,indexed,direct,elec-cn,resolved,Industrial electricity,elec-cn
RES-ACR-LIQ·CN,RES-ACR-LIQ,CN,4,12,0.12,Fixed costs LCI,LCI-CN,d,indexed,direct,lci-cn,resolved,Fixed costs LCI,lci-cn
RES-ACR-LIQ·CN,RES-ACR-LIQ,CN,5,13,0.13,Supplier margin,fixed,f,fixed,,,fixed,Supplier margin,
RES-ACR-LIQ·NA,RES-ACR-LIQ,NA,1,47,0.47,Acrylic acid monomer,AA-NA,d,indexed,direct,brent,resolved,Acrylic acid monomer,brent
RES-ACR-LIQ·NA,RES-ACR-LIQ,NA,2,18,0.18,MMA methyl methacrylate,MMA-CN,p,indexed,proxy,brent,resolved,MMA methyl methacrylate,brent
RES-ACR-LIQ·NA,RES-ACR-LIQ,NA,3,10,0.1,Industrial electricity,ELEC-NA,d,indexed,direct,elec-na,resolved,Industrial electricity,elec-na
RES-ACR-LIQ·NA,RES-ACR-LIQ,NA,4,12,0.12,Fixed costs LCI,LCI-NA,d,indexed,direct,lci-na,resolved,Fixed costs LCI,lci-na
RES-ACR-LIQ·NA,RES-ACR-LIQ,NA,5,13,0.13,Supplier margin,fixed,f,fixed,,,fixed,Supplier margin,
RES-ACR-LIQ·APAC,RES-ACR-LIQ,APAC,1,47,0.47,Acrylic acid monomer,AA-ASIA,d,indexed,direct,brent,resolved,Acrylic acid monomer,brent
RES-ACR-LIQ·APAC,RES-ACR-LIQ,APAC,2,18,0.18,MMA methyl methacrylate,MMA-CN,p,indexed,proxy,brent,resolved,MMA methyl methacrylate,brent
RES-ACR-LIQ·APAC,RES-ACR-LIQ,APAC,3,10,0.1,Industrial electricity,ELEC-APAC,d,indexed,direct,elec-cn,resolved,Industrial electricity,elec-cn
RES-ACR-LIQ·APAC,RES-ACR-LIQ,APAC,4,12,0.12,Fixed costs LCI,LCI-APAC,d,indexed,direct,lci-apac,resolved,Fixed costs LCI,lci-apac
RES-ACR-LIQ·APAC,RES-ACR-LIQ,APAC,5,13,0.13,Supplier margin,fixed,f,fixed,,,fixed,Supplier margin,
RES-ALK-LIQ·EU,RES-ALK-LIQ,EU,1,37,0.37,CPO fatty acids,CPO-MY,p,indexed,proxy,cpo,resolved,CPO fatty acids,cpo
RES-ALK-LIQ·EU,RES-ALK-LIQ,EU,2,24,0.24,Phthalic anhydride,PA-EU,p,indexed,proxy,brent,resolved,Phthalic anhydride,brent
RES-ALK-LIQ·EU,RES-ALK-LIQ,EU,3,10,0.1,Pentaerythritol no public index,fixed,f,fixed,,,fixed,Pentaerythritol no public index,
RES-ALK-LIQ·EU,RES-ALK-LIQ,EU,4,7,0.07,Industrial electricity,ELEC-EU,d,indexed,direct,elec-eu,resolved,Industrial electricity,elec-eu
RES-ALK-LIQ·EU,RES-ALK-LIQ,EU,5,12,0.12,Fixed costs LCI,LCI-EU,d,indexed,direct,lci-eu,resolved,Fixed costs LCI,lci-eu
RES-ALK-LIQ·EU,RES-ALK-LIQ,EU,6,10,0.1,Supplier margin,fixed,f,fixed,,,fixed,Supplier margin,
RES-ALK-LIQ·CN,RES-ALK-LIQ,CN,1,37,0.37,CPO fatty acids,CPO-MY,p,indexed,proxy,cpo,resolved,CPO fatty acids,cpo
RES-ALK-LIQ·CN,RES-ALK-LIQ,CN,2,24,0.24,Phthalic anhydride,PA-EU,p,indexed,proxy,brent,resolved,Phthalic anhydride,brent
RES-ALK-LIQ·CN,RES-ALK-LIQ,CN,3,10,0.1,Pentaerythritol no public index,fixed,f,fixed,,,fixed,Pentaerythritol no public index,
RES-ALK-LIQ·CN,RES-ALK-LIQ,CN,4,7,0.07,Industrial electricity,ELEC-CN,d,indexed,direct,elec-cn,resolved,Industrial electricity,elec-cn
RES-ALK-LIQ·CN,RES-ALK-LIQ,CN,5,12,0.12,Fixed costs LCI,LCI-CN,d,indexed,direct,lci-cn,resolved,Fixed costs LCI,lci-cn
RES-ALK-LIQ·CN,RES-ALK-LIQ,CN,6,10,0.1,Supplier margin,fixed,f,fixed,,,fixed,Supplier margin,
RES-ALK-LIQ·NA,RES-ALK-LIQ,NA,1,37,0.37,CPO fatty acids,CPO-MY,p,indexed,proxy,cpo,resolved,CPO fatty acids,cpo
RES-ALK-LIQ·NA,RES-ALK-LIQ,NA,2,24,0.24,Phthalic anhydride,PA-EU,p,indexed,proxy,brent,resolved,Phthalic anhydride,brent
RES-ALK-LIQ·NA,RES-ALK-LIQ,NA,3,10,0.1,Pentaerythritol no public index,fixed,f,fixed,,,fixed,Pentaerythritol no public index,
RES-ALK-LIQ·NA,RES-ALK-LIQ,NA,4,7,0.07,Industrial electricity,ELEC-NA,d,indexed,direct,elec-na,resolved,Industrial electricity,elec-na
RES-ALK-LIQ·NA,RES-ALK-LIQ,NA,5,12,0.12,Fixed costs LCI,LCI-NA,d,indexed,direct,lci-na,resolved,Fixed costs LCI,lci-na
RES-ALK-LIQ·NA,RES-ALK-LIQ,NA,6,10,0.1,Supplier margin,fixed,f,fixed,,,fixed,Supplier margin,
RES-EPX-LIQ·EU,RES-EPX-LIQ,EU,1,37,0.37,Bisphenol A BPA,BPA-EU,d,indexed,direct,brent,resolved,Bisphenol A BPA,brent
RES-EPX-LIQ·EU,RES-EPX-LIQ,EU,2,28,0.28,Epichlorohydrin propylene proxy,PRP-NWE,p,indexed,proxy,brent,resolved,Epichlorohydrin propylene proxy,brent
RES-EPX-LIQ·EU,RES-EPX-LIQ,EU,3,7,0.07,Industrial electricity,ELEC-EU,d,indexed,direct,elec-eu,resolved,Industrial electricity,elec-eu
RES-EPX-LIQ·EU,RES-EPX-LIQ,EU,4,4,0.04,HDPE packaging,HDPE-EU,d,indexed,direct,brent,resolved,HDPE packaging,brent
RES-EPX-LIQ·EU,RES-EPX-LIQ,EU,5,11,0.11,Fixed costs LCI,LCI-EU,d,indexed,direct,lci-eu,resolved,Fixed costs LCI,lci-eu
RES-EPX-LIQ·EU,RES-EPX-LIQ,EU,6,13,0.13,Supplier margin,fixed,f,fixed,,,fixed,Supplier margin,
RES-EPX-LIQ·CN,RES-EPX-LIQ,CN,1,37,0.37,Bisphenol A BPA,BPA-CN,d,indexed,direct,brent,resolved,Bisphenol A BPA,brent
RES-EPX-LIQ·CN,RES-EPX-LIQ,CN,2,28,0.28,Epichlorohydrin propylene proxy,PRP-CN,p,indexed,proxy,brent,resolved,Epichlorohydrin propylene proxy,brent
RES-EPX-LIQ·CN,RES-EPX-LIQ,CN,3,7,0.07,Industrial electricity,ELEC-CN,d,indexed,direct,elec-cn,resolved,Industrial electricity,elec-cn
RES-EPX-LIQ·CN,RES-EPX-LIQ,CN,4,4,0.04,HDPE packaging,HDPE-CN,d,indexed,direct,brent,resolved,HDPE packaging,brent
RES-EPX-LIQ·CN,RES-EPX-LIQ,CN,5,11,0.11,Fixed costs LCI,LCI-CN,d,indexed,direct,lci-cn,resolved,Fixed costs LCI,lci-cn
RES-EPX-LIQ·CN,RES-EPX-LIQ,CN,6,13,0.13,Supplier margin,fixed,f,fixed,,,fixed,Supplier margin,
RES-EPX-LIQ·NA,RES-EPX-LIQ,NA,1,37,0.37,Bisphenol A BPA,BPA-EU,p,indexed,proxy,brent,resolved,Bisphenol A BPA,brent
RES-EPX-LIQ·NA,RES-EPX-LIQ,NA,2,28,0.28,Epichlorohydrin propylene proxy,PRP-US,p,indexed,proxy,ethylene-propylene-na,resolved,Epichlorohydrin propylene proxy,ethylene-propylene-na
RES-EPX-LIQ·NA,RES-EPX-LIQ,NA,3,7,0.07,Industrial electricity,ELEC-NA,d,indexed,direct,elec-na,resolved,Industrial electricity,elec-na
RES-EPX-LIQ·NA,RES-EPX-LIQ,NA,4,4,0.04,HDPE packaging,HDPE-NA,d,indexed,direct,hdpe-na,resolved,HDPE packaging,hdpe-na
RES-EPX-LIQ·NA,RES-EPX-LIQ,NA,5,11,0.11,Fixed costs LCI,LCI-NA,d,indexed,direct,lci-na,resolved,Fixed costs LCI,lci-na
RES-EPX-LIQ·NA,RES-EPX-LIQ,NA,6,13,0.13,Supplier margin,fixed,f,fixed,,,fixed,Supplier margin,
RES-EPX-LIQ·APAC,RES-EPX-LIQ,APAC,1,37,0.37,Bisphenol A BPA,BPA-APAC,p,indexed,proxy,brent,resolved,Bisphenol A BPA,brent
RES-EPX-LIQ·APAC,RES-EPX-LIQ,APAC,2,28,0.28,Epichlorohydrin propylene proxy,PRP-APAC,p,indexed,proxy,ethylene-propylene-na,resolved,Epichlorohydrin propylene proxy,ethylene-propylene-na
RES-EPX-LIQ·APAC,RES-EPX-LIQ,APAC,3,7,0.07,Industrial electricity,ELEC-APAC,d,indexed,direct,elec-cn,resolved,Industrial electricity,elec-cn
RES-EPX-LIQ·APAC,RES-EPX-LIQ,APAC,4,4,0.04,HDPE packaging,HDPE-ASIA,p,indexed,proxy,brent,resolved,HDPE packaging,brent
RES-EPX-LIQ·APAC,RES-EPX-LIQ,APAC,5,11,0.11,Fixed costs LCI,LCI-APAC,d,indexed,direct,lci-apac,resolved,Fixed costs LCI,lci-apac
RES-EPX-LIQ·APAC,RES-EPX-LIQ,APAC,6,13,0.13,Supplier margin,fixed,f,fixed,,,fixed,Supplier margin,
RES-EPX-LIQ·IN,RES-EPX-LIQ,IN,1,37,0.37,Bisphenol A BPA,BPA-APAC,p,indexed,proxy,brent,resolved,Bisphenol A BPA,brent
RES-EPX-LIQ·IN,RES-EPX-LIQ,IN,2,28,0.28,Epichlorohydrin propylene proxy,PRP-APAC,p,indexed,proxy,ethylene-propylene-na,resolved,Epichlorohydrin propylene proxy,ethylene-propylene-na
RES-EPX-LIQ·IN,RES-EPX-LIQ,IN,3,7,0.07,Industrial electricity,ELEC-IN,d,indexed,direct,elec-in,resolved,Industrial electricity,elec-in
RES-EPX-LIQ·IN,RES-EPX-LIQ,IN,4,4,0.04,HDPE packaging,HDPE-ASIA,p,indexed,proxy,brent,resolved,HDPE packaging,brent
RES-EPX-LIQ·IN,RES-EPX-LIQ,IN,5,11,0.11,Fixed costs LCI,LCI-IN,d,indexed,direct,lci-in,resolved,Fixed costs LCI,lci-in
RES-EPX-LIQ·IN,RES-EPX-LIQ,IN,6,13,0.13,Supplier margin,fixed,f,fixed,,,fixed,Supplier margin,
RES-EPX-SOL·EU,RES-EPX-SOL,EU,1,39,0.39,Bisphenol A BPA,BPA-EU,d,indexed,direct,brent,resolved,Bisphenol A BPA,brent
RES-EPX-SOL·EU,RES-EPX-SOL,EU,2,26,0.26,Epichlorohydrin propylene proxy,PRP-NWE,p,indexed,proxy,brent,resolved,Epichlorohydrin propylene proxy,brent
RES-EPX-SOL·EU,RES-EPX-SOL,EU,3,8,0.08,Industrial electricity,ELEC-EU,d,indexed,direct,elec-eu,resolved,Industrial electricity,elec-eu
RES-EPX-SOL·EU,RES-EPX-SOL,EU,4,4,0.04,HDPE bag packaging,HDPE-EU,d,indexed,direct,brent,resolved,HDPE bag packaging,brent
RES-EPX-SOL·EU,RES-EPX-SOL,EU,5,11,0.11,Fixed costs LCI,LCI-EU,d,indexed,direct,lci-eu,resolved,Fixed costs LCI,lci-eu
RES-EPX-SOL·EU,RES-EPX-SOL,EU,6,12,0.12,Supplier margin,fixed,f,fixed,,,fixed,Supplier margin,
RES-EPX-SOL·CN,RES-EPX-SOL,CN,1,39,0.39,Bisphenol A BPA,BPA-CN,d,indexed,direct,brent,resolved,Bisphenol A BPA,brent
RES-EPX-SOL·CN,RES-EPX-SOL,CN,2,26,0.26,Epichlorohydrin propylene proxy,PRP-CN,p,indexed,proxy,brent,resolved,Epichlorohydrin propylene proxy,brent
RES-EPX-SOL·CN,RES-EPX-SOL,CN,3,8,0.08,Industrial electricity,ELEC-CN,d,indexed,direct,elec-cn,resolved,Industrial electricity,elec-cn
RES-EPX-SOL·CN,RES-EPX-SOL,CN,4,4,0.04,HDPE bag packaging,HDPE-CN,d,indexed,direct,brent,resolved,HDPE bag packaging,brent
RES-EPX-SOL·CN,RES-EPX-SOL,CN,5,11,0.11,Fixed costs LCI,LCI-CN,d,indexed,direct,lci-cn,resolved,Fixed costs LCI,lci-cn
RES-EPX-SOL·CN,RES-EPX-SOL,CN,6,12,0.12,Supplier margin,fixed,f,fixed,,,fixed,Supplier margin,
RES-EPX-SOL·NA,RES-EPX-SOL,NA,1,39,0.39,Bisphenol A BPA,BPA-EU,p,indexed,proxy,brent,resolved,Bisphenol A BPA,brent
RES-EPX-SOL·NA,RES-EPX-SOL,NA,2,26,0.26,Epichlorohydrin propylene proxy,PRP-US,p,indexed,proxy,ethylene-propylene-na,resolved,Epichlorohydrin propylene proxy,ethylene-propylene-na
RES-EPX-SOL·NA,RES-EPX-SOL,NA,3,8,0.08,Industrial electricity,ELEC-NA,d,indexed,direct,elec-na,resolved,Industrial electricity,elec-na
RES-EPX-SOL·NA,RES-EPX-SOL,NA,4,4,0.04,HDPE bag packaging,HDPE-NA,d,indexed,direct,hdpe-na,resolved,HDPE bag packaging,hdpe-na
RES-EPX-SOL·NA,RES-EPX-SOL,NA,5,11,0.11,Fixed costs LCI,LCI-NA,d,indexed,direct,lci-na,resolved,Fixed costs LCI,lci-na
RES-EPX-SOL·NA,RES-EPX-SOL,NA,6,12,0.12,Supplier margin,fixed,f,fixed,,,fixed,Supplier margin,
RES-EPX-SOL·APAC,RES-EPX-SOL,APAC,1,39,0.39,Bisphenol A BPA,BPA-APAC,p,indexed,proxy,brent,resolved,Bisphenol A BPA,brent
RES-EPX-SOL·APAC,RES-EPX-SOL,APAC,2,26,0.26,Epichlorohydrin propylene proxy,PRP-APAC,p,indexed,proxy,ethylene-propylene-na,resolved,Epichlorohydrin propylene proxy,ethylene-propylene-na
RES-EPX-SOL·APAC,RES-EPX-SOL,APAC,3,8,0.08,Industrial electricity,ELEC-APAC,d,indexed,direct,elec-cn,resolved,Industrial electricity,elec-cn
RES-EPX-SOL·APAC,RES-EPX-SOL,APAC,4,4,0.04,HDPE bag packaging,HDPE-ASIA,p,indexed,proxy,brent,resolved,HDPE bag packaging,brent
RES-EPX-SOL·APAC,RES-EPX-SOL,APAC,5,11,0.11,Fixed costs LCI,LCI-APAC,d,indexed,direct,lci-apac,resolved,Fixed costs LCI,lci-apac
RES-EPX-SOL·APAC,RES-EPX-SOL,APAC,6,12,0.12,Supplier margin,fixed,f,fixed,,,fixed,Supplier margin,
RES-PET-BOT·EU,RES-PET-BOT,EU,1,51,0.51,PTA purified terephthalic acid,PTA-EU,d,indexed,direct,brent,resolved,PTA purified terephthalic acid,brent
RES-PET-BOT·EU,RES-PET-BOT,EU,2,22,0.22,MEG monoethylene glycol,MEG-EU,d,indexed,direct,brent,resolved,MEG monoethylene glycol,brent
RES-PET-BOT·EU,RES-PET-BOT,EU,3,6,0.06,Industrial electricity,ELEC-EU,d,indexed,direct,elec-eu,resolved,Industrial electricity,elec-eu
RES-PET-BOT·EU,RES-PET-BOT,EU,4,3,0.03,HDPE bag packaging,HDPE-EU,d,indexed,direct,brent,resolved,HDPE bag packaging,brent
RES-PET-BOT·EU,RES-PET-BOT,EU,5,9,0.09,Fixed costs LCI,LCI-EU,d,indexed,direct,lci-eu,resolved,Fixed costs LCI,lci-eu
RES-PET-BOT·EU,RES-PET-BOT,EU,6,9,0.09,Supplier margin,fixed,f,fixed,,,fixed,Supplier margin,
RES-PET-BOT·CN,RES-PET-BOT,CN,1,51,0.51,PTA purified terephthalic acid,PTA-CN,d,indexed,direct,brent,resolved,PTA purified terephthalic acid,brent
RES-PET-BOT·CN,RES-PET-BOT,CN,2,22,0.22,MEG monoethylene glycol,MEG-CN,d,indexed,direct,brent,resolved,MEG monoethylene glycol,brent
RES-PET-BOT·CN,RES-PET-BOT,CN,3,6,0.06,Industrial electricity,ELEC-CN,d,indexed,direct,elec-cn,resolved,Industrial electricity,elec-cn
RES-PET-BOT·CN,RES-PET-BOT,CN,4,3,0.03,HDPE bag packaging,HDPE-CN,d,indexed,direct,brent,resolved,HDPE bag packaging,brent
RES-PET-BOT·CN,RES-PET-BOT,CN,5,9,0.09,Fixed costs LCI,LCI-CN,d,indexed,direct,lci-cn,resolved,Fixed costs LCI,lci-cn
RES-PET-BOT·CN,RES-PET-BOT,CN,6,9,0.09,Supplier margin,fixed,f,fixed,,,fixed,Supplier margin,
RES-PET-BOT·NA,RES-PET-BOT,NA,1,51,0.51,PTA purified terephthalic acid,PTA-NA,d,indexed,direct,brent,resolved,PTA purified terephthalic acid,brent
RES-PET-BOT·NA,RES-PET-BOT,NA,2,22,0.22,MEG monoethylene glycol,MEG-NA,d,indexed,direct,ethylene-propylene-na,resolved,MEG monoethylene glycol,ethylene-propylene-na
RES-PET-BOT·NA,RES-PET-BOT,NA,3,6,0.06,Industrial electricity,ELEC-NA,d,indexed,direct,elec-na,resolved,Industrial electricity,elec-na
RES-PET-BOT·NA,RES-PET-BOT,NA,4,3,0.03,HDPE bag packaging,HDPE-NA,d,indexed,direct,hdpe-na,resolved,HDPE bag packaging,hdpe-na
RES-PET-BOT·NA,RES-PET-BOT,NA,5,9,0.09,Fixed costs LCI,LCI-NA,d,indexed,direct,lci-na,resolved,Fixed costs LCI,lci-na
RES-PET-BOT·NA,RES-PET-BOT,NA,6,9,0.09,Supplier margin,fixed,f,fixed,,,fixed,Supplier margin,
RES-PET-BOT·APAC,RES-PET-BOT,APAC,1,51,0.51,PTA purified terephthalic acid,PTA-ASIA,d,indexed,direct,brent,resolved,PTA purified terephthalic acid,brent
RES-PET-BOT·APAC,RES-PET-BOT,APAC,2,22,0.22,MEG monoethylene glycol,MEG-ASIA,d,indexed,direct,brent,resolved,MEG monoethylene glycol,brent
RES-PET-BOT·APAC,RES-PET-BOT,APAC,3,6,0.06,Industrial electricity,ELEC-APAC,d,indexed,direct,elec-cn,resolved,Industrial electricity,elec-cn
RES-PET-BOT·APAC,RES-PET-BOT,APAC,4,3,0.03,HDPE bag packaging,HDPE-ASIA,p,indexed,proxy,brent,resolved,HDPE bag packaging,brent
RES-PET-BOT·APAC,RES-PET-BOT,APAC,5,9,0.09,Fixed costs LCI,LCI-APAC,d,indexed,direct,lci-apac,resolved,Fixed costs LCI,lci-apac
RES-PET-BOT·APAC,RES-PET-BOT,APAC,6,9,0.09,Supplier margin,fixed,f,fixed,,,fixed,Supplier margin,
RES-PET-FIB·CN,RES-PET-FIB,CN,1,54,0.54,PTA purified terephthalic acid,PTA-CN,d,indexed,direct,brent,resolved,PTA purified terephthalic acid,brent
RES-PET-FIB·CN,RES-PET-FIB,CN,2,22,0.22,MEG monoethylene glycol,MEG-CN,d,indexed,direct,brent,resolved,MEG monoethylene glycol,brent
RES-PET-FIB·CN,RES-PET-FIB,CN,3,6,0.06,Industrial electricity,ELEC-CN,d,indexed,direct,elec-cn,resolved,Industrial electricity,elec-cn
RES-PET-FIB·CN,RES-PET-FIB,CN,4,3,0.03,HDPE bag packaging,HDPE-CN,d,indexed,direct,brent,resolved,HDPE bag packaging,brent
RES-PET-FIB·CN,RES-PET-FIB,CN,5,8,0.08,Fixed costs LCI,LCI-CN,d,indexed,direct,lci-cn,resolved,Fixed costs LCI,lci-cn
RES-PET-FIB·CN,RES-PET-FIB,CN,6,7,0.07,Supplier margin,fixed,f,fixed,,,fixed,Supplier margin,
RES-PET-FIB·NA,RES-PET-FIB,NA,1,54,0.54,PTA purified terephthalic acid,PTA-NA,d,indexed,direct,brent,resolved,PTA purified terephthalic acid,brent
RES-PET-FIB·NA,RES-PET-FIB,NA,2,22,0.22,MEG monoethylene glycol,MEG-NA,d,indexed,direct,ethylene-propylene-na,resolved,MEG monoethylene glycol,ethylene-propylene-na
RES-PET-FIB·NA,RES-PET-FIB,NA,3,6,0.06,Industrial electricity,ELEC-NA,d,indexed,direct,elec-na,resolved,Industrial electricity,elec-na
RES-PET-FIB·NA,RES-PET-FIB,NA,4,3,0.03,HDPE bag packaging,HDPE-NA,d,indexed,direct,hdpe-na,resolved,HDPE bag packaging,hdpe-na
RES-PET-FIB·NA,RES-PET-FIB,NA,5,8,0.08,Fixed costs LCI,LCI-NA,d,indexed,direct,lci-na,resolved,Fixed costs LCI,lci-na
RES-PET-FIB·NA,RES-PET-FIB,NA,6,7,0.07,Supplier margin,fixed,f,fixed,,,fixed,Supplier margin,
RES-PET-FIB·APAC,RES-PET-FIB,APAC,1,54,0.54,PTA purified terephthalic acid,PTA-ASIA,d,indexed,direct,brent,resolved,PTA purified terephthalic acid,brent
RES-PET-FIB·APAC,RES-PET-FIB,APAC,2,22,0.22,MEG monoethylene glycol,MEG-ASIA,d,indexed,direct,brent,resolved,MEG monoethylene glycol,brent
RES-PET-FIB·APAC,RES-PET-FIB,APAC,3,6,0.06,Industrial electricity,ELEC-APAC,d,indexed,direct,elec-cn,resolved,Industrial electricity,elec-cn
RES-PET-FIB·APAC,RES-PET-FIB,APAC,4,3,0.03,HDPE bag packaging,HDPE-ASIA,p,indexed,proxy,brent,resolved,HDPE bag packaging,brent
RES-PET-FIB·APAC,RES-PET-FIB,APAC,5,8,0.08,Fixed costs LCI,LCI-APAC,d,indexed,direct,lci-apac,resolved,Fixed costs LCI,lci-apac
RES-PET-FIB·APAC,RES-PET-FIB,APAC,6,7,0.07,Supplier margin,fixed,f,fixed,,,fixed,Supplier margin,
RES-PS-PEL·EU,RES-PS-PEL,EU,1,70,0.7,Styrene monomer,STY-EU,d,indexed,direct,brent,resolved,Styrene monomer,brent
RES-PS-PEL·EU,RES-PS-PEL,EU,2,7,0.07,Industrial electricity,ELEC-EU,d,indexed,direct,elec-eu,resolved,Industrial electricity,elec-eu
RES-PS-PEL·EU,RES-PS-PEL,EU,3,3,0.03,HDPE bag packaging,HDPE-EU,d,indexed,direct,brent,resolved,HDPE bag packaging,brent
RES-PS-PEL·EU,RES-PS-PEL,EU,4,10,0.1,Fixed costs LCI,LCI-EU,d,indexed,direct,lci-eu,resolved,Fixed costs LCI,lci-eu
RES-PS-PEL·EU,RES-PS-PEL,EU,5,10,0.1,Supplier margin,fixed,f,fixed,,,fixed,Supplier margin,
RES-PS-PEL·CN,RES-PS-PEL,CN,1,70,0.7,Styrene monomer,STY-CN,d,indexed,direct,brent,resolved,Styrene monomer,brent
RES-PS-PEL·CN,RES-PS-PEL,CN,2,7,0.07,Industrial electricity,ELEC-CN,d,indexed,direct,elec-cn,resolved,Industrial electricity,elec-cn
RES-PS-PEL·CN,RES-PS-PEL,CN,3,3,0.03,HDPE bag packaging,HDPE-CN,d,indexed,direct,brent,resolved,HDPE bag packaging,brent
RES-PS-PEL·CN,RES-PS-PEL,CN,4,10,0.1,Fixed costs LCI,LCI-CN,d,indexed,direct,lci-cn,resolved,Fixed costs LCI,lci-cn
RES-PS-PEL·CN,RES-PS-PEL,CN,5,10,0.1,Supplier margin,fixed,f,fixed,,,fixed,Supplier margin,
RES-PS-PEL·NA,RES-PS-PEL,NA,1,70,0.7,Styrene monomer,STY-NA,d,indexed,direct,brent,resolved,Styrene monomer,brent
RES-PS-PEL·NA,RES-PS-PEL,NA,2,7,0.07,Industrial electricity,ELEC-NA,d,indexed,direct,elec-na,resolved,Industrial electricity,elec-na
RES-PS-PEL·NA,RES-PS-PEL,NA,3,3,0.03,HDPE bag packaging,HDPE-NA,d,indexed,direct,hdpe-na,resolved,HDPE bag packaging,hdpe-na
RES-PS-PEL·NA,RES-PS-PEL,NA,4,10,0.1,Fixed costs LCI,LCI-NA,d,indexed,direct,lci-na,resolved,Fixed costs LCI,lci-na
RES-PS-PEL·NA,RES-PS-PEL,NA,5,10,0.1,Supplier margin,fixed,f,fixed,,,fixed,Supplier margin,
RES-PS-PEL·APAC,RES-PS-PEL,APAC,1,70,0.7,Styrene monomer,STY-ASIA,d,indexed,direct,brent,resolved,Styrene monomer,brent
RES-PS-PEL·APAC,RES-PS-PEL,APAC,2,7,0.07,Industrial electricity,ELEC-APAC,d,indexed,direct,elec-cn,resolved,Industrial electricity,elec-cn
RES-PS-PEL·APAC,RES-PS-PEL,APAC,3,3,0.03,HDPE bag packaging,HDPE-ASIA,p,indexed,proxy,brent,resolved,HDPE bag packaging,brent
RES-PS-PEL·APAC,RES-PS-PEL,APAC,4,10,0.1,Fixed costs LCI,LCI-APAC,d,indexed,direct,lci-apac,resolved,Fixed costs LCI,lci-apac
RES-PS-PEL·APAC,RES-PS-PEL,APAC,5,10,0.1,Supplier margin,fixed,f,fixed,,,fixed,Supplier margin,
RES-PVC-PWD·EU,RES-PVC-PWD,EU,1,40,0.4,Ethylene,ETH-NWE,d,indexed,direct,brent,resolved,Ethylene,brent
RES-PVC-PWD·EU,RES-PVC-PWD,EU,2,26,0.26,Chlorine,CL2-EU,d,indexed,direct,elec-eu,resolved,Chlorine,elec-eu
RES-PVC-PWD·EU,RES-PVC-PWD,EU,3,8,0.08,Industrial electricity,ELEC-EU,d,indexed,direct,elec-eu,resolved,Industrial electricity,elec-eu
RES-PVC-PWD·EU,RES-PVC-PWD,EU,4,4,0.04,HDPE bag packaging,HDPE-EU,d,indexed,direct,brent,resolved,HDPE bag packaging,brent
RES-PVC-PWD·EU,RES-PVC-PWD,EU,5,12,0.12,Fixed costs LCI,LCI-EU,d,indexed,direct,lci-eu,resolved,Fixed costs LCI,lci-eu
RES-PVC-PWD·EU,RES-PVC-PWD,EU,6,10,0.1,Supplier margin,fixed,f,fixed,,,fixed,Supplier margin,
RES-PVC-PWD·CN,RES-PVC-PWD,CN,1,40,0.4,Ethylene,ETH-CN,d,indexed,direct,brent,resolved,Ethylene,brent
RES-PVC-PWD·CN,RES-PVC-PWD,CN,2,26,0.26,Chlorine,CL2-CN,d,indexed,direct,elec-cn,resolved,Chlorine,elec-cn
RES-PVC-PWD·CN,RES-PVC-PWD,CN,3,8,0.08,Industrial electricity,ELEC-CN,d,indexed,direct,elec-cn,resolved,Industrial electricity,elec-cn
RES-PVC-PWD·CN,RES-PVC-PWD,CN,4,4,0.04,HDPE bag packaging,HDPE-CN,d,indexed,direct,brent,resolved,HDPE bag packaging,brent
RES-PVC-PWD·CN,RES-PVC-PWD,CN,5,12,0.12,Fixed costs LCI,LCI-CN,d,indexed,direct,lci-cn,resolved,Fixed costs LCI,lci-cn
RES-PVC-PWD·CN,RES-PVC-PWD,CN,6,10,0.1,Supplier margin,fixed,f,fixed,,,fixed,Supplier margin,
RES-PVC-PWD·NA,RES-PVC-PWD,NA,1,40,0.4,Ethylene,ETH-US,d,indexed,direct,ethylene-propylene-na,resolved,Ethylene,ethylene-propylene-na
RES-PVC-PWD·NA,RES-PVC-PWD,NA,2,26,0.26,Chlorine,CL2-NA,d,indexed,direct,caustic-soda-na,resolved,Chlorine,caustic-soda-na
RES-PVC-PWD·NA,RES-PVC-PWD,NA,3,8,0.08,Industrial electricity,ELEC-NA,d,indexed,direct,elec-na,resolved,Industrial electricity,elec-na
RES-PVC-PWD·NA,RES-PVC-PWD,NA,4,4,0.04,HDPE bag packaging,HDPE-NA,d,indexed,direct,hdpe-na,resolved,HDPE bag packaging,hdpe-na
RES-PVC-PWD·NA,RES-PVC-PWD,NA,5,12,0.12,Fixed costs LCI,LCI-NA,d,indexed,direct,lci-na,resolved,Fixed costs LCI,lci-na
RES-PVC-PWD·NA,RES-PVC-PWD,NA,6,10,0.1,Supplier margin,fixed,f,fixed,,,fixed,Supplier margin,
RES-PVC-PWD·APAC,RES-PVC-PWD,APAC,1,40,0.4,Ethylene,ETH-APAC,d,indexed,direct,ethylene-propylene-na,resolved,Ethylene,ethylene-propylene-na
RES-PVC-PWD·APAC,RES-PVC-PWD,APAC,2,26,0.26,Chlorine,CL2-EU,p,indexed,proxy,elec-eu,resolved,Chlorine,elec-eu
RES-PVC-PWD·APAC,RES-PVC-PWD,APAC,3,8,0.08,Industrial electricity,ELEC-APAC,d,indexed,direct,elec-cn,resolved,Industrial electricity,elec-cn
RES-PVC-PWD·APAC,RES-PVC-PWD,APAC,4,4,0.04,HDPE bag packaging,HDPE-ASIA,p,indexed,proxy,brent,resolved,HDPE bag packaging,brent
RES-PVC-PWD·APAC,RES-PVC-PWD,APAC,5,12,0.12,Fixed costs LCI,LCI-APAC,d,indexed,direct,lci-apac,resolved,Fixed costs LCI,lci-apac
RES-PVC-PWD·APAC,RES-PVC-PWD,APAC,6,10,0.1,Supplier margin,fixed,f,fixed,,,fixed,Supplier margin,
RES-PVC-PWD·IN,RES-PVC-PWD,IN,1,40,0.4,Ethylene,ETH-IN,d,indexed,direct,ethylene-propylene-na,resolved,Ethylene,ethylene-propylene-na
RES-PVC-PWD·IN,RES-PVC-PWD,IN,2,26,0.26,Chlorine,CL2-IN,d,indexed,direct,elec-in,resolved,Chlorine,elec-in
RES-PVC-PWD·IN,RES-PVC-PWD,IN,3,8,0.08,Industrial electricity,ELEC-IN,d,indexed,direct,elec-in,resolved,Industrial electricity,elec-in
RES-PVC-PWD·IN,RES-PVC-PWD,IN,4,4,0.04,HDPE bag packaging,HDPE-ASIA,p,indexed,proxy,brent,resolved,HDPE bag packaging,brent
RES-PVC-PWD·IN,RES-PVC-PWD,IN,5,12,0.12,Fixed costs LCI,LCI-IN,d,indexed,direct,lci-in,resolved,Fixed costs LCI,lci-in
RES-PVC-PWD·IN,RES-PVC-PWD,IN,6,10,0.1,Supplier margin,fixed,f,fixed,,,fixed,Supplier margin,
ELA-BR-BAL·EU,ELA-BR-BAL,EU,1,75,0.75,Butadiene,BD-EU,d,indexed,direct,brent,resolved,Butadiene,brent
ELA-BR-BAL·EU,ELA-BR-BAL,EU,2,8,0.08,Industrial electricity,ELEC-EU,d,indexed,direct,elec-eu,resolved,Industrial electricity,elec-eu
ELA-BR-BAL·EU,ELA-BR-BAL,EU,3,8,0.08,Fixed costs LCI,LCI-EU,d,indexed,direct,lci-eu,resolved,Fixed costs LCI,lci-eu
ELA-BR-BAL·EU,ELA-BR-BAL,EU,4,9,0.09,Supplier margin,fixed,f,fixed,,,fixed,Supplier margin,
ELA-BR-BAL·CN,ELA-BR-BAL,CN,1,75,0.75,Butadiene,BD-CN,d,indexed,direct,brent,resolved,Butadiene,brent
ELA-BR-BAL·CN,ELA-BR-BAL,CN,2,8,0.08,Industrial electricity,ELEC-CN,d,indexed,direct,elec-cn,resolved,Industrial electricity,elec-cn
ELA-BR-BAL·CN,ELA-BR-BAL,CN,3,8,0.08,Fixed costs LCI,LCI-CN,d,indexed,direct,lci-cn,resolved,Fixed costs LCI,lci-cn
ELA-BR-BAL·CN,ELA-BR-BAL,CN,4,9,0.09,Supplier margin,fixed,f,fixed,,,fixed,Supplier margin,
ELA-BR-BAL·NA,ELA-BR-BAL,NA,1,75,0.75,Butadiene,BD-NA,d,indexed,direct,brent,resolved,Butadiene,brent
ELA-BR-BAL·NA,ELA-BR-BAL,NA,2,8,0.08,Industrial electricity,ELEC-NA,d,indexed,direct,elec-na,resolved,Industrial electricity,elec-na
ELA-BR-BAL·NA,ELA-BR-BAL,NA,3,8,0.08,Fixed costs LCI,LCI-NA,d,indexed,direct,lci-na,resolved,Fixed costs LCI,lci-na
ELA-BR-BAL·NA,ELA-BR-BAL,NA,4,9,0.09,Supplier margin,fixed,f,fixed,,,fixed,Supplier margin,
ELA-BR-BAL·APAC,ELA-BR-BAL,APAC,1,75,0.75,Butadiene,BD-ASIA,d,indexed,direct,brent,resolved,Butadiene,brent
ELA-BR-BAL·APAC,ELA-BR-BAL,APAC,2,8,0.08,Industrial electricity,ELEC-APAC,d,indexed,direct,elec-cn,resolved,Industrial electricity,elec-cn
ELA-BR-BAL·APAC,ELA-BR-BAL,APAC,3,8,0.08,Fixed costs LCI,LCI-APAC,d,indexed,direct,lci-apac,resolved,Fixed costs LCI,lci-apac
ELA-BR-BAL·APAC,ELA-BR-BAL,APAC,4,9,0.09,Supplier margin,fixed,f,fixed,,,fixed,Supplier margin,
ELA-SBR-BAL·EU,ELA-SBR-BAL,EU,1,54,0.54,Butadiene,BD-EU,d,indexed,direct,brent,resolved,Butadiene,brent
ELA-SBR-BAL·EU,ELA-SBR-BAL,EU,2,25,0.25,Styrene monomer,STY-EU,d,indexed,direct,brent,resolved,Styrene monomer,brent
ELA-SBR-BAL·EU,ELA-SBR-BAL,EU,3,6,0.06,Industrial electricity,ELEC-EU,d,indexed,direct,elec-eu,resolved,Industrial electricity,elec-eu
ELA-SBR-BAL·EU,ELA-SBR-BAL,EU,4,6,0.06,Fixed costs LCI,LCI-EU,d,indexed,direct,lci-eu,resolved,Fixed costs LCI,lci-eu
ELA-SBR-BAL·EU,ELA-SBR-BAL,EU,5,9,0.09,Supplier margin,fixed,f,fixed,,,fixed,Supplier margin,
ELA-SBR-BAL·CN,ELA-SBR-BAL,CN,1,54,0.54,Butadiene,BD-CN,d,indexed,direct,brent,resolved,Butadiene,brent
ELA-SBR-BAL·CN,ELA-SBR-BAL,CN,2,25,0.25,Styrene monomer,STY-CN,d,indexed,direct,brent,resolved,Styrene monomer,brent
ELA-SBR-BAL·CN,ELA-SBR-BAL,CN,3,6,0.06,Industrial electricity,ELEC-CN,d,indexed,direct,elec-cn,resolved,Industrial electricity,elec-cn
ELA-SBR-BAL·CN,ELA-SBR-BAL,CN,4,6,0.06,Fixed costs LCI,LCI-CN,d,indexed,direct,lci-cn,resolved,Fixed costs LCI,lci-cn
ELA-SBR-BAL·CN,ELA-SBR-BAL,CN,5,9,0.09,Supplier margin,fixed,f,fixed,,,fixed,Supplier margin,
ELA-SBR-BAL·NA,ELA-SBR-BAL,NA,1,54,0.54,Butadiene,BD-NA,d,indexed,direct,brent,resolved,Butadiene,brent
ELA-SBR-BAL·NA,ELA-SBR-BAL,NA,2,25,0.25,Styrene monomer,STY-NA,d,indexed,direct,brent,resolved,Styrene monomer,brent
ELA-SBR-BAL·NA,ELA-SBR-BAL,NA,3,6,0.06,Industrial electricity,ELEC-NA,d,indexed,direct,elec-na,resolved,Industrial electricity,elec-na
ELA-SBR-BAL·NA,ELA-SBR-BAL,NA,4,6,0.06,Fixed costs LCI,LCI-NA,d,indexed,direct,lci-na,resolved,Fixed costs LCI,lci-na
ELA-SBR-BAL·NA,ELA-SBR-BAL,NA,5,9,0.09,Supplier margin,fixed,f,fixed,,,fixed,Supplier margin,
ELA-SBR-BAL·APAC,ELA-SBR-BAL,APAC,1,54,0.54,Butadiene,BD-ASIA,d,indexed,direct,brent,resolved,Butadiene,brent
ELA-SBR-BAL·APAC,ELA-SBR-BAL,APAC,2,25,0.25,Styrene monomer,STY-ASIA,d,indexed,direct,brent,resolved,Styrene monomer,brent
ELA-SBR-BAL·APAC,ELA-SBR-BAL,APAC,3,6,0.06,Industrial electricity,ELEC-APAC,d,indexed,direct,elec-cn,resolved,Industrial electricity,elec-cn
ELA-SBR-BAL·APAC,ELA-SBR-BAL,APAC,4,6,0.06,Fixed costs LCI,LCI-APAC,d,indexed,direct,lci-apac,resolved,Fixed costs LCI,lci-apac
ELA-SBR-BAL·APAC,ELA-SBR-BAL,APAC,5,9,0.09,Supplier margin,fixed,f,fixed,,,fixed,Supplier margin,
ELA-NBR-BAL·EU,ELA-NBR-BAL,EU,1,38,0.38,Butadiene,BD-EU,d,indexed,direct,brent,resolved,Butadiene,brent
ELA-NBR-BAL·EU,ELA-NBR-BAL,EU,2,32,0.32,Acrylonitrile ACN,ACN-EU,d,indexed,direct,brent,resolved,Acrylonitrile ACN,brent
ELA-NBR-BAL·EU,ELA-NBR-BAL,EU,3,7,0.07,Industrial electricity,ELEC-EU,d,indexed,direct,elec-eu,resolved,Industrial electricity,elec-eu
ELA-NBR-BAL·EU,ELA-NBR-BAL,EU,4,12,0.12,Fixed costs LCI,LCI-EU,d,indexed,direct,lci-eu,resolved,Fixed costs LCI,lci-eu
ELA-NBR-BAL·EU,ELA-NBR-BAL,EU,5,11,0.11,Supplier margin,fixed,f,fixed,,,fixed,Supplier margin,
ELA-NBR-BAL·CN,ELA-NBR-BAL,CN,1,38,0.38,Butadiene,BD-CN,d,indexed,direct,brent,resolved,Butadiene,brent
ELA-NBR-BAL·CN,ELA-NBR-BAL,CN,2,32,0.32,Acrylonitrile ACN,ACN-CN,d,indexed,direct,brent,resolved,Acrylonitrile ACN,brent
ELA-NBR-BAL·CN,ELA-NBR-BAL,CN,3,7,0.07,Industrial electricity,ELEC-CN,d,indexed,direct,elec-cn,resolved,Industrial electricity,elec-cn
ELA-NBR-BAL·CN,ELA-NBR-BAL,CN,4,12,0.12,Fixed costs LCI,LCI-CN,d,indexed,direct,lci-cn,resolved,Fixed costs LCI,lci-cn
ELA-NBR-BAL·CN,ELA-NBR-BAL,CN,5,11,0.11,Supplier margin,fixed,f,fixed,,,fixed,Supplier margin,
ELA-NBR-BAL·NA,ELA-NBR-BAL,NA,1,38,0.38,Butadiene,BD-NA,d,indexed,direct,brent,resolved,Butadiene,brent
ELA-NBR-BAL·NA,ELA-NBR-BAL,NA,2,32,0.32,Acrylonitrile ACN,ACN-NA,d,indexed,direct,brent,resolved,Acrylonitrile ACN,brent
ELA-NBR-BAL·NA,ELA-NBR-BAL,NA,3,7,0.07,Industrial electricity,ELEC-NA,d,indexed,direct,elec-na,resolved,Industrial electricity,elec-na
ELA-NBR-BAL·NA,ELA-NBR-BAL,NA,4,12,0.12,Fixed costs LCI,LCI-NA,d,indexed,direct,lci-na,resolved,Fixed costs LCI,lci-na
ELA-NBR-BAL·NA,ELA-NBR-BAL,NA,5,11,0.11,Supplier margin,fixed,f,fixed,,,fixed,Supplier margin,
ELA-NBR-BAL·APAC,ELA-NBR-BAL,APAC,1,38,0.38,Butadiene,BD-ASIA,d,indexed,direct,brent,resolved,Butadiene,brent
ELA-NBR-BAL·APAC,ELA-NBR-BAL,APAC,2,32,0.32,Acrylonitrile ACN,ACN-ASIA,d,indexed,direct,brent,resolved,Acrylonitrile ACN,brent
ELA-NBR-BAL·APAC,ELA-NBR-BAL,APAC,3,7,0.07,Industrial electricity,ELEC-APAC,d,indexed,direct,elec-cn,resolved,Industrial electricity,elec-cn
ELA-NBR-BAL·APAC,ELA-NBR-BAL,APAC,4,12,0.12,Fixed costs LCI,LCI-APAC,d,indexed,direct,lci-apac,resolved,Fixed costs LCI,lci-apac
ELA-NBR-BAL·APAC,ELA-NBR-BAL,APAC,5,11,0.11,Supplier margin,fixed,f,fixed,,,fixed,Supplier margin,
F20-SBR-LATEX·EU,F20-SBR-LATEX,EU,1,41,0.41,Butadiene,BD-EU,d,indexed,direct,brent,resolved,Butadiene,brent
F20-SBR-LATEX·EU,F20-SBR-LATEX,EU,2,28,0.28,Styrene monomer,STY-EU,d,indexed,direct,brent,resolved,Styrene monomer,brent
F20-SBR-LATEX·EU,F20-SBR-LATEX,EU,3,8,0.08,Industrial electricity,ELEC-EU,d,indexed,direct,elec-eu,resolved,Industrial electricity,elec-eu
F20-SBR-LATEX·EU,F20-SBR-LATEX,EU,4,10,0.1,Fixed costs LCI,LCI-EU,d,indexed,direct,lci-eu,resolved,Fixed costs LCI,lci-eu
F20-SBR-LATEX·EU,F20-SBR-LATEX,EU,5,13,0.13,Supplier margin,fixed,f,fixed,,,fixed,Supplier margin,
F20-SBR-LATEX·CN,F20-SBR-LATEX,CN,1,41,0.41,Butadiene,BD-CN,d,indexed,direct,brent,resolved,Butadiene,brent
F20-SBR-LATEX·CN,F20-SBR-LATEX,CN,2,28,0.28,Styrene monomer,STY-CN,d,indexed,direct,brent,resolved,Styrene monomer,brent
F20-SBR-LATEX·CN,F20-SBR-LATEX,CN,3,8,0.08,Industrial electricity,ELEC-CN,d,indexed,direct,elec-cn,resolved,Industrial electricity,elec-cn
F20-SBR-LATEX·CN,F20-SBR-LATEX,CN,4,10,0.1,Fixed costs LCI,LCI-CN,d,indexed,direct,lci-cn,resolved,Fixed costs LCI,lci-cn
F20-SBR-LATEX·CN,F20-SBR-LATEX,CN,5,13,0.13,Supplier margin,fixed,f,fixed,,,fixed,Supplier margin,
F20-SBR-LATEX·NA,F20-SBR-LATEX,NA,1,41,0.41,Butadiene,BD-NA,d,indexed,direct,brent,resolved,Butadiene,brent
F20-SBR-LATEX·NA,F20-SBR-LATEX,NA,2,28,0.28,Styrene monomer,STY-NA,d,indexed,direct,brent,resolved,Styrene monomer,brent
F20-SBR-LATEX·NA,F20-SBR-LATEX,NA,3,8,0.08,Industrial electricity,ELEC-NA,d,indexed,direct,elec-na,resolved,Industrial electricity,elec-na
F20-SBR-LATEX·NA,F20-SBR-LATEX,NA,4,10,0.1,Fixed costs LCI,LCI-NA,d,indexed,direct,lci-na,resolved,Fixed costs LCI,lci-na
F20-SBR-LATEX·NA,F20-SBR-LATEX,NA,5,13,0.13,Supplier margin,fixed,f,fixed,,,fixed,Supplier margin,
ELA-EPDM-BAL·EU,ELA-EPDM-BAL,EU,1,36,0.36,Ethylene,ETH-NWE,d,indexed,direct,brent,resolved,Ethylene,brent
ELA-EPDM-BAL·EU,ELA-EPDM-BAL,EU,2,28,0.28,Propylene,PRP-NWE,d,indexed,direct,brent,resolved,Propylene,brent
ELA-EPDM-BAL·EU,ELA-EPDM-BAL,EU,3,8,0.08,ENB diene C5 proxy limited index,fixed,f,fixed,,,fixed,ENB diene C5 proxy limited index,
ELA-EPDM-BAL·EU,ELA-EPDM-BAL,EU,4,7,0.07,Industrial electricity,ELEC-EU,d,indexed,direct,elec-eu,resolved,Industrial electricity,elec-eu
ELA-EPDM-BAL·EU,ELA-EPDM-BAL,EU,5,10,0.1,Fixed costs LCI,LCI-EU,d,indexed,direct,lci-eu,resolved,Fixed costs LCI,lci-eu
ELA-EPDM-BAL·EU,ELA-EPDM-BAL,EU,6,11,0.11,Supplier margin,fixed,f,fixed,,,fixed,Supplier margin,
ELA-EPDM-BAL·CN,ELA-EPDM-BAL,CN,1,36,0.36,Ethylene,ETH-CN,d,indexed,direct,brent,resolved,Ethylene,brent
ELA-EPDM-BAL·CN,ELA-EPDM-BAL,CN,2,28,0.28,Propylene,PRP-CN,d,indexed,direct,brent,resolved,Propylene,brent
ELA-EPDM-BAL·CN,ELA-EPDM-BAL,CN,3,8,0.08,ENB diene C5 proxy limited index,fixed,f,fixed,,,fixed,ENB diene C5 proxy limited index,
ELA-EPDM-BAL·CN,ELA-EPDM-BAL,CN,4,7,0.07,Industrial electricity,ELEC-CN,d,indexed,direct,elec-cn,resolved,Industrial electricity,elec-cn
ELA-EPDM-BAL·CN,ELA-EPDM-BAL,CN,5,10,0.1,Fixed costs LCI,LCI-CN,d,indexed,direct,lci-cn,resolved,Fixed costs LCI,lci-cn
ELA-EPDM-BAL·CN,ELA-EPDM-BAL,CN,6,11,0.11,Supplier margin,fixed,f,fixed,,,fixed,Supplier margin,
ELA-EPDM-BAL·NA,ELA-EPDM-BAL,NA,1,36,0.36,Ethylene,ETH-US,d,indexed,direct,ethylene-propylene-na,resolved,Ethylene,ethylene-propylene-na
ELA-EPDM-BAL·NA,ELA-EPDM-BAL,NA,2,28,0.28,Propylene,PRP-US,d,indexed,direct,ethylene-propylene-na,resolved,Propylene,ethylene-propylene-na
ELA-EPDM-BAL·NA,ELA-EPDM-BAL,NA,3,8,0.08,ENB diene C5 proxy limited index,fixed,f,fixed,,,fixed,ENB diene C5 proxy limited index,
ELA-EPDM-BAL·NA,ELA-EPDM-BAL,NA,4,7,0.07,Industrial electricity,ELEC-NA,d,indexed,direct,elec-na,resolved,Industrial electricity,elec-na
ELA-EPDM-BAL·NA,ELA-EPDM-BAL,NA,5,10,0.1,Fixed costs LCI,LCI-NA,d,indexed,direct,lci-na,resolved,Fixed costs LCI,lci-na
ELA-EPDM-BAL·NA,ELA-EPDM-BAL,NA,6,11,0.11,Supplier margin,fixed,f,fixed,,,fixed,Supplier margin,
ELA-EPDM-BAL·APAC,ELA-EPDM-BAL,APAC,1,36,0.36,Ethylene,ETH-APAC,d,indexed,direct,ethylene-propylene-na,resolved,Ethylene,ethylene-propylene-na
ELA-EPDM-BAL·APAC,ELA-EPDM-BAL,APAC,2,28,0.28,Propylene,PRP-APAC,d,indexed,direct,ethylene-propylene-na,resolved,Propylene,ethylene-propylene-na
ELA-EPDM-BAL·APAC,ELA-EPDM-BAL,APAC,3,8,0.08,ENB diene C5 proxy limited index,fixed,f,fixed,,,fixed,ENB diene C5 proxy limited index,
ELA-EPDM-BAL·APAC,ELA-EPDM-BAL,APAC,4,7,0.07,Industrial electricity,ELEC-APAC,d,indexed,direct,elec-cn,resolved,Industrial electricity,elec-cn
ELA-EPDM-BAL·APAC,ELA-EPDM-BAL,APAC,5,10,0.1,Fixed costs LCI,LCI-APAC,d,indexed,direct,lci-apac,resolved,Fixed costs LCI,lci-apac
ELA-EPDM-BAL·APAC,ELA-EPDM-BAL,APAC,6,11,0.11,Supplier margin,fixed,f,fixed,,,fixed,Supplier margin,
ELA-NEO-CHI·EU,ELA-NEO-CHI,EU,1,42,0.42,Butadiene via chloroprene,BD-EU,d,indexed,direct,brent,resolved,Butadiene via chloroprene,brent
ELA-NEO-CHI·EU,ELA-NEO-CHI,EU,2,22,0.22,Chlorine,CL2-EU,d,indexed,direct,elec-eu,resolved,Chlorine,elec-eu
ELA-NEO-CHI·EU,ELA-NEO-CHI,EU,3,9,0.09,Industrial electricity,ELEC-EU,d,indexed,direct,elec-eu,resolved,Industrial electricity,elec-eu
ELA-NEO-CHI·EU,ELA-NEO-CHI,EU,4,14,0.14,Fixed costs LCI,LCI-EU,d,indexed,direct,lci-eu,resolved,Fixed costs LCI,lci-eu
ELA-NEO-CHI·EU,ELA-NEO-CHI,EU,5,13,0.13,Supplier margin,fixed,f,fixed,,,fixed,Supplier margin,
ELA-NEO-CHI·CN,ELA-NEO-CHI,CN,1,42,0.42,Butadiene via chloroprene,BD-CN,p,indexed,proxy,brent,resolved,Butadiene via chloroprene,brent
ELA-NEO-CHI·CN,ELA-NEO-CHI,CN,2,22,0.22,Chlorine,CL2-CN,d,indexed,direct,elec-cn,resolved,Chlorine,elec-cn
ELA-NEO-CHI·CN,ELA-NEO-CHI,CN,3,9,0.09,Industrial electricity,ELEC-CN,d,indexed,direct,elec-cn,resolved,Industrial electricity,elec-cn
ELA-NEO-CHI·CN,ELA-NEO-CHI,CN,4,14,0.14,Fixed costs LCI,LCI-CN,d,indexed,direct,lci-cn,resolved,Fixed costs LCI,lci-cn
ELA-NEO-CHI·CN,ELA-NEO-CHI,CN,5,13,0.13,Supplier margin,fixed,f,fixed,,,fixed,Supplier margin,
ELA-NEO-CHI·APAC,ELA-NEO-CHI,APAC,1,42,0.42,Butadiene via chloroprene,BD-ASIA,p,indexed,proxy,brent,resolved,Butadiene via chloroprene,brent
ELA-NEO-CHI·APAC,ELA-NEO-CHI,APAC,2,22,0.22,Chlorine,CL2-EU,p,indexed,proxy,elec-eu,resolved,Chlorine,elec-eu
ELA-NEO-CHI·APAC,ELA-NEO-CHI,APAC,3,9,0.09,Industrial electricity,ELEC-APAC,d,indexed,direct,elec-cn,resolved,Industrial electricity,elec-cn
ELA-NEO-CHI·APAC,ELA-NEO-CHI,APAC,4,14,0.14,Fixed costs LCI,LCI-APAC,d,indexed,direct,lci-apac,resolved,Fixed costs LCI,lci-apac
ELA-NEO-CHI·APAC,ELA-NEO-CHI,APAC,5,13,0.13,Supplier margin,fixed,f,fixed,,,fixed,Supplier margin,
SOL-TOL-LIQ·EU,SOL-TOL-LIQ,EU,1,72,0.72,Naphtha feedstock,NAPH-NWE,d,indexed,direct,brent,resolved,Naphtha feedstock,brent
SOL-TOL-LIQ·EU,SOL-TOL-LIQ,EU,2,8,0.08,Industrial electricity,ELEC-EU,d,indexed,direct,elec-eu,resolved,Industrial electricity,elec-eu
SOL-TOL-LIQ·EU,SOL-TOL-LIQ,EU,3,10,0.1,Fixed costs LCI,LCI-EU,d,indexed,direct,lci-eu,resolved,Fixed costs LCI,lci-eu
SOL-TOL-LIQ·EU,SOL-TOL-LIQ,EU,4,10,0.1,Supplier margin,fixed,f,fixed,,,fixed,Supplier margin,
SOL-TOL-LIQ·CN,SOL-TOL-LIQ,CN,1,72,0.72,Naphtha feedstock,NAPH-CN,d,indexed,direct,brent,resolved,Naphtha feedstock,brent
SOL-TOL-LIQ·CN,SOL-TOL-LIQ,CN,2,8,0.08,Industrial electricity,ELEC-CN,d,indexed,direct,elec-cn,resolved,Industrial electricity,elec-cn
SOL-TOL-LIQ·CN,SOL-TOL-LIQ,CN,3,10,0.1,Fixed costs LCI,LCI-CN,d,indexed,direct,lci-cn,resolved,Fixed costs LCI,lci-cn
SOL-TOL-LIQ·CN,SOL-TOL-LIQ,CN,4,10,0.1,Supplier margin,fixed,f,fixed,,,fixed,Supplier margin,
SOL-TOL-LIQ·NA,SOL-TOL-LIQ,NA,1,72,0.72,Naphtha feedstock,NAPH-NA,d,indexed,direct,brent,resolved,Naphtha feedstock,brent
SOL-TOL-LIQ·NA,SOL-TOL-LIQ,NA,2,8,0.08,Industrial electricity,ELEC-NA,d,indexed,direct,elec-na,resolved,Industrial electricity,elec-na
SOL-TOL-LIQ·NA,SOL-TOL-LIQ,NA,3,10,0.1,Fixed costs LCI,LCI-NA,d,indexed,direct,lci-na,resolved,Fixed costs LCI,lci-na
SOL-TOL-LIQ·NA,SOL-TOL-LIQ,NA,4,10,0.1,Supplier margin,fixed,f,fixed,,,fixed,Supplier margin,
SOL-TOL-LIQ·APAC,SOL-TOL-LIQ,APAC,1,72,0.72,Naphtha feedstock,NAPH-ASIA,d,indexed,direct,brent,resolved,Naphtha feedstock,brent
SOL-TOL-LIQ·APAC,SOL-TOL-LIQ,APAC,2,8,0.08,Industrial electricity,ELEC-APAC,d,indexed,direct,elec-cn,resolved,Industrial electricity,elec-cn
SOL-TOL-LIQ·APAC,SOL-TOL-LIQ,APAC,3,10,0.1,Fixed costs LCI,LCI-APAC,d,indexed,direct,lci-apac,resolved,Fixed costs LCI,lci-apac
SOL-TOL-LIQ·APAC,SOL-TOL-LIQ,APAC,4,10,0.1,Supplier margin,fixed,f,fixed,,,fixed,Supplier margin,
SOL-XYL-LIQ·EU,SOL-XYL-LIQ,EU,1,70,0.7,Naphtha feedstock,NAPH-NWE,d,indexed,direct,brent,resolved,Naphtha feedstock,brent
SOL-XYL-LIQ·EU,SOL-XYL-LIQ,EU,2,8,0.08,Industrial electricity,ELEC-EU,d,indexed,direct,elec-eu,resolved,Industrial electricity,elec-eu
SOL-XYL-LIQ·EU,SOL-XYL-LIQ,EU,3,11,0.11,Fixed costs LCI,LCI-EU,d,indexed,direct,lci-eu,resolved,Fixed costs LCI,lci-eu
SOL-XYL-LIQ·EU,SOL-XYL-LIQ,EU,4,11,0.11,Supplier margin,fixed,f,fixed,,,fixed,Supplier margin,
SOL-XYL-LIQ·CN,SOL-XYL-LIQ,CN,1,70,0.7,Naphtha feedstock,NAPH-CN,d,indexed,direct,brent,resolved,Naphtha feedstock,brent
SOL-XYL-LIQ·CN,SOL-XYL-LIQ,CN,2,8,0.08,Industrial electricity,ELEC-CN,d,indexed,direct,elec-cn,resolved,Industrial electricity,elec-cn
SOL-XYL-LIQ·CN,SOL-XYL-LIQ,CN,3,11,0.11,Fixed costs LCI,LCI-CN,d,indexed,direct,lci-cn,resolved,Fixed costs LCI,lci-cn
SOL-XYL-LIQ·CN,SOL-XYL-LIQ,CN,4,11,0.11,Supplier margin,fixed,f,fixed,,,fixed,Supplier margin,
SOL-XYL-LIQ·NA,SOL-XYL-LIQ,NA,1,70,0.7,Naphtha feedstock,NAPH-NA,d,indexed,direct,brent,resolved,Naphtha feedstock,brent
SOL-XYL-LIQ·NA,SOL-XYL-LIQ,NA,2,8,0.08,Industrial electricity,ELEC-NA,d,indexed,direct,elec-na,resolved,Industrial electricity,elec-na
SOL-XYL-LIQ·NA,SOL-XYL-LIQ,NA,3,11,0.11,Fixed costs LCI,LCI-NA,d,indexed,direct,lci-na,resolved,Fixed costs LCI,lci-na
SOL-XYL-LIQ·NA,SOL-XYL-LIQ,NA,4,11,0.11,Supplier margin,fixed,f,fixed,,,fixed,Supplier margin,
SOL-XYL-LIQ·APAC,SOL-XYL-LIQ,APAC,1,70,0.7,Naphtha feedstock,NAPH-ASIA,d,indexed,direct,brent,resolved,Naphtha feedstock,brent
SOL-XYL-LIQ·APAC,SOL-XYL-LIQ,APAC,2,8,0.08,Industrial electricity,ELEC-APAC,d,indexed,direct,elec-cn,resolved,Industrial electricity,elec-cn
SOL-XYL-LIQ·APAC,SOL-XYL-LIQ,APAC,3,11,0.11,Fixed costs LCI,LCI-APAC,d,indexed,direct,lci-apac,resolved,Fixed costs LCI,lci-apac
SOL-XYL-LIQ·APAC,SOL-XYL-LIQ,APAC,4,11,0.11,Supplier margin,fixed,f,fixed,,,fixed,Supplier margin,
CLN-ETOH-IPC·EU,CLN-ETOH-IPC,EU,1,60,0.6,Corn sugarcane fermentation,WHEAT-EURONEXT,d,indexed,direct,wheat,resolved,Corn sugarcane fermentation,wheat
CLN-ETOH-IPC·EU,CLN-ETOH-IPC,EU,2,10,0.1,Natural gas distillation,TTF-EU,d,indexed,direct,ttf-eu,resolved,Natural gas distillation,ttf-eu
CLN-ETOH-IPC·EU,CLN-ETOH-IPC,EU,3,8,0.08,Industrial electricity,ELEC-EU,d,indexed,direct,elec-eu,resolved,Industrial electricity,elec-eu
CLN-ETOH-IPC·EU,CLN-ETOH-IPC,EU,4,11,0.11,Fixed costs LCI,LCI-EU,d,indexed,direct,lci-eu,resolved,Fixed costs LCI,lci-eu
CLN-ETOH-IPC·EU,CLN-ETOH-IPC,EU,5,11,0.11,Supplier margin,fixed,f,fixed,,,fixed,Supplier margin,
CLN-ETOH-IPC·LA,CLN-ETOH-IPC,LA,1,60,0.6,Corn sugarcane fermentation,CORN-CBOT,d,indexed,direct,corn,resolved,Corn sugarcane fermentation,corn
CLN-ETOH-IPC·LA,CLN-ETOH-IPC,LA,2,10,0.1,Natural gas distillation,GAS-BR,d,indexed,direct,gas-brazil,resolved,Natural gas distillation,gas-brazil
CLN-ETOH-IPC·LA,CLN-ETOH-IPC,LA,3,8,0.08,Industrial electricity,ELEC-EU,p,indexed,proxy,elec-eu,resolved,Industrial electricity,elec-eu
CLN-ETOH-IPC·LA,CLN-ETOH-IPC,LA,4,11,0.11,Fixed costs LCI,LCI-LA,d,indexed,direct,lci-la,resolved,Fixed costs LCI,lci-la
CLN-ETOH-IPC·LA,CLN-ETOH-IPC,LA,5,11,0.11,Supplier margin,fixed,f,fixed,,,fixed,Supplier margin,
CLN-ETOH-IPC·NA,CLN-ETOH-IPC,NA,1,60,0.6,Corn sugarcane fermentation,CORN-CBOT,d,indexed,direct,corn,resolved,Corn sugarcane fermentation,corn
CLN-ETOH-IPC·NA,CLN-ETOH-IPC,NA,2,10,0.1,Natural gas distillation,HH-NA,d,indexed,direct,natgas-na,resolved,Natural gas distillation,natgas-na
CLN-ETOH-IPC·NA,CLN-ETOH-IPC,NA,3,8,0.08,Industrial electricity,ELEC-NA,d,indexed,direct,elec-na,resolved,Industrial electricity,elec-na
CLN-ETOH-IPC·NA,CLN-ETOH-IPC,NA,4,11,0.11,Fixed costs LCI,LCI-NA,d,indexed,direct,lci-na,resolved,Fixed costs LCI,lci-na
CLN-ETOH-IPC·NA,CLN-ETOH-IPC,NA,5,11,0.11,Supplier margin,fixed,f,fixed,,,fixed,Supplier margin,
SOL-ACE-LIQ·EU,SOL-ACE-LIQ,EU,1,70,0.7,Propylene phenol cumene co-product,PRP-NWE,p,indexed,proxy,brent,resolved,Propylene phenol cumene co-product,brent
SOL-ACE-LIQ·EU,SOL-ACE-LIQ,EU,2,8,0.08,Industrial electricity,ELEC-EU,d,indexed,direct,elec-eu,resolved,Industrial electricity,elec-eu
SOL-ACE-LIQ·EU,SOL-ACE-LIQ,EU,3,12,0.12,Fixed costs LCI,LCI-EU,d,indexed,direct,lci-eu,resolved,Fixed costs LCI,lci-eu
SOL-ACE-LIQ·EU,SOL-ACE-LIQ,EU,4,10,0.1,Supplier margin,fixed,f,fixed,,,fixed,Supplier margin,
SOL-ACE-LIQ·CN,SOL-ACE-LIQ,CN,1,70,0.7,Propylene phenol cumene co-product,PRP-CN,p,indexed,proxy,brent,resolved,Propylene phenol cumene co-product,brent
SOL-ACE-LIQ·CN,SOL-ACE-LIQ,CN,2,8,0.08,Industrial electricity,ELEC-CN,d,indexed,direct,elec-cn,resolved,Industrial electricity,elec-cn
SOL-ACE-LIQ·CN,SOL-ACE-LIQ,CN,3,12,0.12,Fixed costs LCI,LCI-CN,d,indexed,direct,lci-cn,resolved,Fixed costs LCI,lci-cn
SOL-ACE-LIQ·CN,SOL-ACE-LIQ,CN,4,10,0.1,Supplier margin,fixed,f,fixed,,,fixed,Supplier margin,
SOL-ACE-LIQ·NA,SOL-ACE-LIQ,NA,1,70,0.7,Propylene phenol cumene co-product,PRP-US,p,indexed,proxy,ethylene-propylene-na,resolved,Propylene phenol cumene co-product,ethylene-propylene-na
SOL-ACE-LIQ·NA,SOL-ACE-LIQ,NA,2,8,0.08,Industrial electricity,ELEC-NA,d,indexed,direct,elec-na,resolved,Industrial electricity,elec-na
SOL-ACE-LIQ·NA,SOL-ACE-LIQ,NA,3,12,0.12,Fixed costs LCI,LCI-NA,d,indexed,direct,lci-na,resolved,Fixed costs LCI,lci-na
SOL-ACE-LIQ·NA,SOL-ACE-LIQ,NA,4,10,0.1,Supplier margin,fixed,f,fixed,,,fixed,Supplier margin,
SOL-ACE-LIQ·APAC,SOL-ACE-LIQ,APAC,1,70,0.7,Propylene phenol cumene co-product,PRP-APAC,p,indexed,proxy,ethylene-propylene-na,resolved,Propylene phenol cumene co-product,ethylene-propylene-na
SOL-ACE-LIQ·APAC,SOL-ACE-LIQ,APAC,2,8,0.08,Industrial electricity,ELEC-APAC,d,indexed,direct,elec-cn,resolved,Industrial electricity,elec-cn
SOL-ACE-LIQ·APAC,SOL-ACE-LIQ,APAC,3,12,0.12,Fixed costs LCI,LCI-APAC,d,indexed,direct,lci-apac,resolved,Fixed costs LCI,lci-apac
SOL-ACE-LIQ·APAC,SOL-ACE-LIQ,APAC,4,10,0.1,Supplier margin,fixed,f,fixed,,,fixed,Supplier margin,
SOL-ETOH-IND·EU,SOL-ETOH-IND,EU,1,60,0.6,Corn wheat fermentation,WHEAT-EURONEXT,d,indexed,direct,wheat,resolved,Corn wheat fermentation,wheat
SOL-ETOH-IND·EU,SOL-ETOH-IND,EU,2,10,0.1,Natural gas distillation,TTF-EU,d,indexed,direct,ttf-eu,resolved,Natural gas distillation,ttf-eu
SOL-ETOH-IND·EU,SOL-ETOH-IND,EU,3,8,0.08,Industrial electricity,ELEC-EU,d,indexed,direct,elec-eu,resolved,Industrial electricity,elec-eu
SOL-ETOH-IND·EU,SOL-ETOH-IND,EU,4,11,0.11,Fixed costs LCI,LCI-EU,d,indexed,direct,lci-eu,resolved,Fixed costs LCI,lci-eu
SOL-ETOH-IND·EU,SOL-ETOH-IND,EU,5,11,0.11,Supplier margin,fixed,f,fixed,,,fixed,Supplier margin,
SOL-ETOH-IND·LA,SOL-ETOH-IND,LA,1,60,0.6,Corn wheat fermentation,CORN-CBOT,d,indexed,direct,corn,resolved,Corn wheat fermentation,corn
SOL-ETOH-IND·LA,SOL-ETOH-IND,LA,2,10,0.1,Natural gas distillation,GAS-BR,d,indexed,direct,gas-brazil,resolved,Natural gas distillation,gas-brazil
SOL-ETOH-IND·LA,SOL-ETOH-IND,LA,3,8,0.08,Industrial electricity,ELEC-EU,p,indexed,proxy,elec-eu,resolved,Industrial electricity,elec-eu
SOL-ETOH-IND·LA,SOL-ETOH-IND,LA,4,11,0.11,Fixed costs LCI,LCI-LA,d,indexed,direct,lci-la,resolved,Fixed costs LCI,lci-la
SOL-ETOH-IND·LA,SOL-ETOH-IND,LA,5,11,0.11,Supplier margin,fixed,f,fixed,,,fixed,Supplier margin,
SOL-ETOH-IND·NA,SOL-ETOH-IND,NA,1,60,0.6,Corn wheat fermentation,CORN-CBOT,d,indexed,direct,corn,resolved,Corn wheat fermentation,corn
SOL-ETOH-IND·NA,SOL-ETOH-IND,NA,2,10,0.1,Natural gas distillation,HH-NA,d,indexed,direct,natgas-na,resolved,Natural gas distillation,natgas-na
SOL-ETOH-IND·NA,SOL-ETOH-IND,NA,3,8,0.08,Industrial electricity,ELEC-NA,d,indexed,direct,elec-na,resolved,Industrial electricity,elec-na
SOL-ETOH-IND·NA,SOL-ETOH-IND,NA,4,11,0.11,Fixed costs LCI,LCI-NA,d,indexed,direct,lci-na,resolved,Fixed costs LCI,lci-na
SOL-ETOH-IND·NA,SOL-ETOH-IND,NA,5,11,0.11,Supplier margin,fixed,f,fixed,,,fixed,Supplier margin,
SOL-IPA-LIQ·EU,SOL-IPA-LIQ,EU,1,61,0.61,Propylene monomer,PRP-NWE,d,indexed,direct,brent,resolved,Propylene monomer,brent
SOL-IPA-LIQ·EU,SOL-IPA-LIQ,EU,2,9,0.09,Industrial electricity,ELEC-EU,d,indexed,direct,elec-eu,resolved,Industrial electricity,elec-eu
SOL-IPA-LIQ·EU,SOL-IPA-LIQ,EU,3,4,0.04,Process water,WATER-EU,p,indexed,proxy,water-eu,resolved,Process water,water-eu
SOL-IPA-LIQ·EU,SOL-IPA-LIQ,EU,4,13,0.13,Fixed costs LCI,LCI-EU,d,indexed,direct,lci-eu,resolved,Fixed costs LCI,lci-eu
SOL-IPA-LIQ·EU,SOL-IPA-LIQ,EU,5,13,0.13,Supplier margin,fixed,f,fixed,,,fixed,Supplier margin,
SOL-IPA-LIQ·CN,SOL-IPA-LIQ,CN,1,61,0.61,Propylene monomer,PRP-CN,d,indexed,direct,brent,resolved,Propylene monomer,brent
SOL-IPA-LIQ·CN,SOL-IPA-LIQ,CN,2,9,0.09,Industrial electricity,ELEC-CN,d,indexed,direct,elec-cn,resolved,Industrial electricity,elec-cn
SOL-IPA-LIQ·CN,SOL-IPA-LIQ,CN,3,4,0.04,Process water,WATER-EU,p,indexed,proxy,water-eu,resolved,Process water,water-eu
SOL-IPA-LIQ·CN,SOL-IPA-LIQ,CN,4,13,0.13,Fixed costs LCI,LCI-CN,d,indexed,direct,lci-cn,resolved,Fixed costs LCI,lci-cn
SOL-IPA-LIQ·CN,SOL-IPA-LIQ,CN,5,13,0.13,Supplier margin,fixed,f,fixed,,,fixed,Supplier margin,
SOL-IPA-LIQ·NA,SOL-IPA-LIQ,NA,1,61,0.61,Propylene monomer,PRP-US,d,indexed,direct,ethylene-propylene-na,resolved,Propylene monomer,ethylene-propylene-na
SOL-IPA-LIQ·NA,SOL-IPA-LIQ,NA,2,9,0.09,Industrial electricity,ELEC-NA,d,indexed,direct,elec-na,resolved,Industrial electricity,elec-na
SOL-IPA-LIQ·NA,SOL-IPA-LIQ,NA,3,4,0.04,Process water,WATER-EU,p,indexed,proxy,water-eu,resolved,Process water,water-eu
SOL-IPA-LIQ·NA,SOL-IPA-LIQ,NA,4,13,0.13,Fixed costs LCI,LCI-NA,d,indexed,direct,lci-na,resolved,Fixed costs LCI,lci-na
SOL-IPA-LIQ·NA,SOL-IPA-LIQ,NA,5,13,0.13,Supplier margin,fixed,f,fixed,,,fixed,Supplier margin,
SOL-IPA-LIQ·APAC,SOL-IPA-LIQ,APAC,1,61,0.61,Propylene monomer,PRP-APAC,d,indexed,direct,ethylene-propylene-na,resolved,Propylene monomer,ethylene-propylene-na
SOL-IPA-LIQ·APAC,SOL-IPA-LIQ,APAC,2,9,0.09,Industrial electricity,ELEC-APAC,d,indexed,direct,elec-cn,resolved,Industrial electricity,elec-cn
SOL-IPA-LIQ·APAC,SOL-IPA-LIQ,APAC,3,4,0.04,Process water,WATER-EU,p,indexed,proxy,water-eu,resolved,Process water,water-eu
SOL-IPA-LIQ·APAC,SOL-IPA-LIQ,APAC,4,13,0.13,Fixed costs LCI,LCI-APAC,d,indexed,direct,lci-apac,resolved,Fixed costs LCI,lci-apac
SOL-IPA-LIQ·APAC,SOL-IPA-LIQ,APAC,5,13,0.13,Supplier margin,fixed,f,fixed,,,fixed,Supplier margin,
SOL-IPA-LIQ·IN,SOL-IPA-LIQ,IN,1,61,0.61,Propylene monomer,PRP-APAC,p,indexed,proxy,ethylene-propylene-na,resolved,Propylene monomer,ethylene-propylene-na
SOL-IPA-LIQ·IN,SOL-IPA-LIQ,IN,2,9,0.09,Industrial electricity,ELEC-IN,d,indexed,direct,elec-in,resolved,Industrial electricity,elec-in
SOL-IPA-LIQ·IN,SOL-IPA-LIQ,IN,3,4,0.04,Process water,WATER-EU,p,indexed,proxy,water-eu,resolved,Process water,water-eu
SOL-IPA-LIQ·IN,SOL-IPA-LIQ,IN,4,13,0.13,Fixed costs LCI,LCI-IN,d,indexed,direct,lci-in,resolved,Fixed costs LCI,lci-in
SOL-IPA-LIQ·IN,SOL-IPA-LIQ,IN,5,13,0.13,Supplier margin,fixed,f,fixed,,,fixed,Supplier margin,
SOL-MEK-LIQ·EU,SOL-MEK-LIQ,EU,1,68,0.68,Propylene n-butylene proxy,PRP-NWE,p,indexed,proxy,brent,resolved,Propylene n-butylene proxy,brent
SOL-MEK-LIQ·EU,SOL-MEK-LIQ,EU,2,8,0.08,Industrial electricity,ELEC-EU,d,indexed,direct,elec-eu,resolved,Industrial electricity,elec-eu
SOL-MEK-LIQ·EU,SOL-MEK-LIQ,EU,3,12,0.12,Fixed costs LCI,LCI-EU,d,indexed,direct,lci-eu,resolved,Fixed costs LCI,lci-eu
SOL-MEK-LIQ·EU,SOL-MEK-LIQ,EU,4,12,0.12,Supplier margin,fixed,f,fixed,,,fixed,Supplier margin,
SOL-MEK-LIQ·CN,SOL-MEK-LIQ,CN,1,68,0.68,Propylene n-butylene proxy,PRP-CN,p,indexed,proxy,brent,resolved,Propylene n-butylene proxy,brent
SOL-MEK-LIQ·CN,SOL-MEK-LIQ,CN,2,8,0.08,Industrial electricity,ELEC-CN,d,indexed,direct,elec-cn,resolved,Industrial electricity,elec-cn
SOL-MEK-LIQ·CN,SOL-MEK-LIQ,CN,3,12,0.12,Fixed costs LCI,LCI-CN,d,indexed,direct,lci-cn,resolved,Fixed costs LCI,lci-cn
SOL-MEK-LIQ·CN,SOL-MEK-LIQ,CN,4,12,0.12,Supplier margin,fixed,f,fixed,,,fixed,Supplier margin,
SOL-MEK-LIQ·NA,SOL-MEK-LIQ,NA,1,68,0.68,Propylene n-butylene proxy,PRP-US,p,indexed,proxy,ethylene-propylene-na,resolved,Propylene n-butylene proxy,ethylene-propylene-na
SOL-MEK-LIQ·NA,SOL-MEK-LIQ,NA,2,8,0.08,Industrial electricity,ELEC-NA,d,indexed,direct,elec-na,resolved,Industrial electricity,elec-na
SOL-MEK-LIQ·NA,SOL-MEK-LIQ,NA,3,12,0.12,Fixed costs LCI,LCI-NA,d,indexed,direct,lci-na,resolved,Fixed costs LCI,lci-na
SOL-MEK-LIQ·NA,SOL-MEK-LIQ,NA,4,12,0.12,Supplier margin,fixed,f,fixed,,,fixed,Supplier margin,
F17-PQ7-LIQ·EU,F17-PQ7-LIQ,EU,1,36,0.36,DADMAC monomer acrylonitrile proxy,ACN-EU,p,indexed,proxy,brent,resolved,DADMAC monomer acrylonitrile proxy,brent
F17-PQ7-LIQ·EU,F17-PQ7-LIQ,EU,2,28,0.28,Acrylamide ACN proxy,ACN-EU,p,indexed,proxy,brent,resolved,Acrylamide ACN proxy,brent
F17-PQ7-LIQ·EU,F17-PQ7-LIQ,EU,3,10,0.1,Industrial electricity,ELEC-EU,d,indexed,direct,elec-eu,resolved,Industrial electricity,elec-eu
F17-PQ7-LIQ·EU,F17-PQ7-LIQ,EU,4,11,0.11,Fixed costs LCI,LCI-EU,d,indexed,direct,lci-eu,resolved,Fixed costs LCI,lci-eu
F17-PQ7-LIQ·EU,F17-PQ7-LIQ,EU,5,15,0.15,Supplier margin,fixed,f,fixed,,,fixed,Supplier margin,
F17-PQ7-LIQ·CN,F17-PQ7-LIQ,CN,1,36,0.36,DADMAC monomer acrylonitrile proxy,ACN-CN,p,indexed,proxy,brent,resolved,DADMAC monomer acrylonitrile proxy,brent
F17-PQ7-LIQ·CN,F17-PQ7-LIQ,CN,2,28,0.28,Acrylamide ACN proxy,ACN-CN,p,indexed,proxy,brent,resolved,Acrylamide ACN proxy,brent
F17-PQ7-LIQ·CN,F17-PQ7-LIQ,CN,3,10,0.1,Industrial electricity,ELEC-CN,d,indexed,direct,elec-cn,resolved,Industrial electricity,elec-cn
F17-PQ7-LIQ·CN,F17-PQ7-LIQ,CN,4,11,0.11,Fixed costs LCI,LCI-CN,d,indexed,direct,lci-cn,resolved,Fixed costs LCI,lci-cn
F17-PQ7-LIQ·CN,F17-PQ7-LIQ,CN,5,15,0.15,Supplier margin,fixed,f,fixed,,,fixed,Supplier margin,
F17-PQ7-LIQ·NA,F17-PQ7-LIQ,NA,1,36,0.36,DADMAC monomer acrylonitrile proxy,ACN-NA,p,indexed,proxy,brent,resolved,DADMAC monomer acrylonitrile proxy,brent
F17-PQ7-LIQ·NA,F17-PQ7-LIQ,NA,2,28,0.28,Acrylamide ACN proxy,ACN-NA,p,indexed,proxy,brent,resolved,Acrylamide ACN proxy,brent
F17-PQ7-LIQ·NA,F17-PQ7-LIQ,NA,3,10,0.1,Industrial electricity,ELEC-NA,d,indexed,direct,elec-na,resolved,Industrial electricity,elec-na
F17-PQ7-LIQ·NA,F17-PQ7-LIQ,NA,4,11,0.11,Fixed costs LCI,LCI-NA,d,indexed,direct,lci-na,resolved,Fixed costs LCI,lci-na
F17-PQ7-LIQ·NA,F17-PQ7-LIQ,NA,5,15,0.15,Supplier margin,fixed,f,fixed,,,fixed,Supplier margin,
F19-DEMUL-OIL·EU,F19-DEMUL-OIL,EU,1,34,0.34,Ethylene oxide,EO-EU,d,indexed,direct,brent,resolved,Ethylene oxide,brent
F19-DEMUL-OIL·EU,F19-DEMUL-OIL,EU,2,28,0.28,Propylene oxide propylene proxy,PRP-NWE,p,indexed,proxy,brent,resolved,Propylene oxide propylene proxy,brent
F19-DEMUL-OIL·EU,F19-DEMUL-OIL,EU,3,8,0.08,Industrial electricity,ELEC-EU,d,indexed,direct,elec-eu,resolved,Industrial electricity,elec-eu
F19-DEMUL-OIL·EU,F19-DEMUL-OIL,EU,4,10,0.1,Fixed costs LCI,LCI-EU,d,indexed,direct,lci-eu,resolved,Fixed costs LCI,lci-eu
F19-DEMUL-OIL·EU,F19-DEMUL-OIL,EU,5,20,0.2,Supplier margin,fixed,f,fixed,,,fixed,Supplier margin,
F19-DEMUL-OIL·NA,F19-DEMUL-OIL,NA,1,34,0.34,Ethylene oxide,EO-ASIA,p,indexed,proxy,brent,resolved,Ethylene oxide,brent
F19-DEMUL-OIL·NA,F19-DEMUL-OIL,NA,2,28,0.28,Propylene oxide propylene proxy,PRP-US,p,indexed,proxy,ethylene-propylene-na,resolved,Propylene oxide propylene proxy,ethylene-propylene-na
F19-DEMUL-OIL·NA,F19-DEMUL-OIL,NA,3,8,0.08,Industrial electricity,ELEC-NA,d,indexed,direct,elec-na,resolved,Industrial electricity,elec-na
F19-DEMUL-OIL·NA,F19-DEMUL-OIL,NA,4,10,0.1,Fixed costs LCI,LCI-NA,d,indexed,direct,lci-na,resolved,Fixed costs LCI,lci-na
F19-DEMUL-OIL·NA,F19-DEMUL-OIL,NA,5,20,0.2,Supplier margin,fixed,f,fixed,,,fixed,Supplier margin,
F19-DEMUL-OIL·MEA,F19-DEMUL-OIL,MEA,1,34,0.34,Ethylene oxide,EO-ASIA,p,indexed,proxy,brent,resolved,Ethylene oxide,brent
F19-DEMUL-OIL·MEA,F19-DEMUL-OIL,MEA,2,28,0.28,Propylene oxide propylene proxy,PRP-NWE,p,indexed,proxy,brent,resolved,Propylene oxide propylene proxy,brent
F19-DEMUL-OIL·MEA,F19-DEMUL-OIL,MEA,3,8,0.08,Industrial electricity,ELEC-EU,p,indexed,proxy,elec-eu,resolved,Industrial electricity,elec-eu
F19-DEMUL-OIL·MEA,F19-DEMUL-OIL,MEA,4,10,0.1,Fixed costs LCI,LCI-MEA,d,indexed,direct,lci-mea,resolved,Fixed costs LCI,lci-mea
F19-DEMUL-OIL·MEA,F19-DEMUL-OIL,MEA,5,20,0.2,Supplier margin,fixed,f,fixed,,,fixed,Supplier margin,
SPO-PA12-PEL·EU,SPO-PA12-PEL,EU,1,62,0.62,Laurolactam cyclododecatriene proxy no index,fixed,f,fixed,,,fixed,Laurolactam cyclododecatriene proxy no index,
SPO-PA12-PEL·EU,SPO-PA12-PEL,EU,2,8,0.08,Industrial electricity,ELEC-EU,d,indexed,direct,elec-eu,resolved,Industrial electricity,elec-eu
SPO-PA12-PEL·EU,SPO-PA12-PEL,EU,3,3,0.03,HDPE bag packaging,HDPE-EU,d,indexed,direct,brent,resolved,HDPE bag packaging,brent
SPO-PA12-PEL·EU,SPO-PA12-PEL,EU,4,11,0.11,Fixed costs LCI,LCI-EU,d,indexed,direct,lci-eu,resolved,Fixed costs LCI,lci-eu
SPO-PA12-PEL·EU,SPO-PA12-PEL,EU,5,16,0.16,Supplier margin,fixed,f,fixed,,,fixed,Supplier margin,
SPO-MDI-POL·EU,SPO-MDI-POL,EU,1,46,0.46,Benzene via aniline/MDA,BZ-EU,d,indexed,direct,brent,resolved,Benzene via aniline/MDA,brent
SPO-MDI-POL·EU,SPO-MDI-POL,EU,2,8,0.08,Natural gas hydrogenation,TTF-EU,p,indexed,proxy,ttf-eu,resolved,Natural gas hydrogenation,ttf-eu
SPO-MDI-POL·EU,SPO-MDI-POL,EU,3,14,0.14,Phosgene CO+Cl2 hazmat,fixed,f,fixed,,,fixed,Phosgene CO+Cl2 hazmat,
SPO-MDI-POL·EU,SPO-MDI-POL,EU,4,7,0.07,Industrial electricity,ELEC-EU,d,indexed,direct,elec-eu,resolved,Industrial electricity,elec-eu
SPO-MDI-POL·EU,SPO-MDI-POL,EU,5,12,0.12,Fixed costs LCI,LCI-EU,d,indexed,direct,lci-eu,resolved,Fixed costs LCI,lci-eu
SPO-MDI-POL·EU,SPO-MDI-POL,EU,6,13,0.13,Supplier margin,fixed,f,fixed,,,fixed,Supplier margin,
SPO-MDI-POL·CN,SPO-MDI-POL,CN,1,46,0.46,Benzene via aniline/MDA,BZ-CN,d,indexed,direct,brent,resolved,Benzene via aniline/MDA,brent
SPO-MDI-POL·CN,SPO-MDI-POL,CN,2,8,0.08,Natural gas hydrogenation,NDRC-CN,p,indexed,proxy,gas-china,resolved,Natural gas hydrogenation,gas-china
SPO-MDI-POL·CN,SPO-MDI-POL,CN,3,14,0.14,Phosgene CO+Cl2 hazmat,fixed,f,fixed,,,fixed,Phosgene CO+Cl2 hazmat,
SPO-MDI-POL·CN,SPO-MDI-POL,CN,4,7,0.07,Industrial electricity,ELEC-CN,d,indexed,direct,elec-cn,resolved,Industrial electricity,elec-cn
SPO-MDI-POL·CN,SPO-MDI-POL,CN,5,12,0.12,Fixed costs LCI,LCI-CN,d,indexed,direct,lci-cn,resolved,Fixed costs LCI,lci-cn
SPO-MDI-POL·CN,SPO-MDI-POL,CN,6,13,0.13,Supplier margin,fixed,f,fixed,,,fixed,Supplier margin,
SPO-MDI-POL·NA,SPO-MDI-POL,NA,1,46,0.46,Benzene via aniline/MDA,BZ-NA,d,indexed,direct,benzene-na,resolved,Benzene via aniline/MDA,benzene-na
SPO-MDI-POL·NA,SPO-MDI-POL,NA,2,8,0.08,Natural gas hydrogenation,HH-NA,p,indexed,proxy,natgas-na,resolved,Natural gas hydrogenation,natgas-na
SPO-MDI-POL·NA,SPO-MDI-POL,NA,3,14,0.14,Phosgene CO+Cl2 hazmat,fixed,f,fixed,,,fixed,Phosgene CO+Cl2 hazmat,
SPO-MDI-POL·NA,SPO-MDI-POL,NA,4,7,0.07,Industrial electricity,ELEC-NA,d,indexed,direct,elec-na,resolved,Industrial electricity,elec-na
SPO-MDI-POL·NA,SPO-MDI-POL,NA,5,12,0.12,Fixed costs LCI,LCI-NA,d,indexed,direct,lci-na,resolved,Fixed costs LCI,lci-na
SPO-MDI-POL·NA,SPO-MDI-POL,NA,6,13,0.13,Supplier margin,fixed,f,fixed,,,fixed,Supplier margin,
SPO-MDI-POL·APAC,SPO-MDI-POL,APAC,1,46,0.46,Benzene via aniline/MDA,BZ-ASIA,p,indexed,proxy,brent,resolved,Benzene via aniline/MDA,brent
SPO-MDI-POL·APAC,SPO-MDI-POL,APAC,2,8,0.08,Natural gas hydrogenation,JKM-APAC,p,indexed,proxy,lng-japan,resolved,Natural gas hydrogenation,lng-japan
SPO-MDI-POL·APAC,SPO-MDI-POL,APAC,3,14,0.14,Phosgene CO+Cl2 hazmat,fixed,f,fixed,,,fixed,Phosgene CO+Cl2 hazmat,
SPO-MDI-POL·APAC,SPO-MDI-POL,APAC,4,7,0.07,Industrial electricity,ELEC-APAC,d,indexed,direct,elec-cn,resolved,Industrial electricity,elec-cn
SPO-MDI-POL·APAC,SPO-MDI-POL,APAC,5,12,0.12,Fixed costs LCI,LCI-APAC,d,indexed,direct,lci-apac,resolved,Fixed costs LCI,lci-apac
SPO-MDI-POL·APAC,SPO-MDI-POL,APAC,6,13,0.13,Supplier margin,fixed,f,fixed,,,fixed,Supplier margin,
SPO-MDI-POL·MEA,SPO-MDI-POL,MEA,1,46,0.46,Benzene via aniline/MDA,BZ-EU,p,indexed,proxy,brent,resolved,Benzene via aniline/MDA,brent
SPO-MDI-POL·MEA,SPO-MDI-POL,MEA,2,8,0.08,Natural gas hydrogenation,GAS-MEA,p,indexed,proxy,gas-mea,resolved,Natural gas hydrogenation,gas-mea
SPO-MDI-POL·MEA,SPO-MDI-POL,MEA,3,14,0.14,Phosgene CO+Cl2 hazmat,fixed,f,fixed,,,fixed,Phosgene CO+Cl2 hazmat,
SPO-MDI-POL·MEA,SPO-MDI-POL,MEA,4,7,0.07,Industrial electricity,ELEC-EU,p,indexed,proxy,elec-eu,resolved,Industrial electricity,elec-eu
SPO-MDI-POL·MEA,SPO-MDI-POL,MEA,5,12,0.12,Fixed costs LCI,LCI-MEA,d,indexed,direct,lci-mea,resolved,Fixed costs LCI,lci-mea
SPO-MDI-POL·MEA,SPO-MDI-POL,MEA,6,13,0.13,Supplier margin,fixed,f,fixed,,,fixed,Supplier margin,
SPO-MDI-PUR·EU,SPO-MDI-PUR,EU,1,44,0.44,Benzene via aniline/MDA,BZ-EU,d,indexed,direct,brent,resolved,Benzene via aniline/MDA,brent
SPO-MDI-PUR·EU,SPO-MDI-PUR,EU,2,8,0.08,Natural gas hydrogenation,TTF-EU,p,indexed,proxy,ttf-eu,resolved,Natural gas hydrogenation,ttf-eu
SPO-MDI-PUR·EU,SPO-MDI-PUR,EU,3,14,0.14,Phosgene CO+Cl2 hazmat,fixed,f,fixed,,,fixed,Phosgene CO+Cl2 hazmat,
SPO-MDI-PUR·EU,SPO-MDI-PUR,EU,4,8,0.08,Industrial electricity,ELEC-EU,d,indexed,direct,elec-eu,resolved,Industrial electricity,elec-eu
SPO-MDI-PUR·EU,SPO-MDI-PUR,EU,5,11,0.11,Fixed costs LCI,LCI-EU,d,indexed,direct,lci-eu,resolved,Fixed costs LCI,lci-eu
SPO-MDI-PUR·EU,SPO-MDI-PUR,EU,6,15,0.15,Supplier margin,fixed,f,fixed,,,fixed,Supplier margin,
SPO-MDI-PUR·CN,SPO-MDI-PUR,CN,1,44,0.44,Benzene via aniline/MDA,BZ-CN,d,indexed,direct,brent,resolved,Benzene via aniline/MDA,brent
SPO-MDI-PUR·CN,SPO-MDI-PUR,CN,2,8,0.08,Natural gas hydrogenation,NDRC-CN,p,indexed,proxy,gas-china,resolved,Natural gas hydrogenation,gas-china
SPO-MDI-PUR·CN,SPO-MDI-PUR,CN,3,14,0.14,Phosgene CO+Cl2 hazmat,fixed,f,fixed,,,fixed,Phosgene CO+Cl2 hazmat,
SPO-MDI-PUR·CN,SPO-MDI-PUR,CN,4,8,0.08,Industrial electricity,ELEC-CN,d,indexed,direct,elec-cn,resolved,Industrial electricity,elec-cn
SPO-MDI-PUR·CN,SPO-MDI-PUR,CN,5,11,0.11,Fixed costs LCI,LCI-CN,d,indexed,direct,lci-cn,resolved,Fixed costs LCI,lci-cn
SPO-MDI-PUR·CN,SPO-MDI-PUR,CN,6,15,0.15,Supplier margin,fixed,f,fixed,,,fixed,Supplier margin,
SPO-MDI-PUR·NA,SPO-MDI-PUR,NA,1,44,0.44,Benzene via aniline/MDA,BZ-NA,d,indexed,direct,benzene-na,resolved,Benzene via aniline/MDA,benzene-na
SPO-MDI-PUR·NA,SPO-MDI-PUR,NA,2,8,0.08,Natural gas hydrogenation,HH-NA,p,indexed,proxy,natgas-na,resolved,Natural gas hydrogenation,natgas-na
SPO-MDI-PUR·NA,SPO-MDI-PUR,NA,3,14,0.14,Phosgene CO+Cl2 hazmat,fixed,f,fixed,,,fixed,Phosgene CO+Cl2 hazmat,
SPO-MDI-PUR·NA,SPO-MDI-PUR,NA,4,8,0.08,Industrial electricity,ELEC-NA,d,indexed,direct,elec-na,resolved,Industrial electricity,elec-na
SPO-MDI-PUR·NA,SPO-MDI-PUR,NA,5,11,0.11,Fixed costs LCI,LCI-NA,d,indexed,direct,lci-na,resolved,Fixed costs LCI,lci-na
SPO-MDI-PUR·NA,SPO-MDI-PUR,NA,6,15,0.15,Supplier margin,fixed,f,fixed,,,fixed,Supplier margin,
SPO-MDI-PUR·APAC,SPO-MDI-PUR,APAC,1,44,0.44,Benzene via aniline/MDA,BZ-ASIA,p,indexed,proxy,brent,resolved,Benzene via aniline/MDA,brent
SPO-MDI-PUR·APAC,SPO-MDI-PUR,APAC,2,8,0.08,Natural gas hydrogenation,JKM-APAC,p,indexed,proxy,lng-japan,resolved,Natural gas hydrogenation,lng-japan
SPO-MDI-PUR·APAC,SPO-MDI-PUR,APAC,3,14,0.14,Phosgene CO+Cl2 hazmat,fixed,f,fixed,,,fixed,Phosgene CO+Cl2 hazmat,
SPO-MDI-PUR·APAC,SPO-MDI-PUR,APAC,4,8,0.08,Industrial electricity,ELEC-APAC,d,indexed,direct,elec-cn,resolved,Industrial electricity,elec-cn
SPO-MDI-PUR·APAC,SPO-MDI-PUR,APAC,5,11,0.11,Fixed costs LCI,LCI-APAC,d,indexed,direct,lci-apac,resolved,Fixed costs LCI,lci-apac
SPO-MDI-PUR·APAC,SPO-MDI-PUR,APAC,6,15,0.15,Supplier margin,fixed,f,fixed,,,fixed,Supplier margin,
SPO-MDI-PUR·MEA,SPO-MDI-PUR,MEA,1,44,0.44,Benzene via aniline/MDA,BZ-EU,p,indexed,proxy,brent,resolved,Benzene via aniline/MDA,brent
SPO-MDI-PUR·MEA,SPO-MDI-PUR,MEA,2,8,0.08,Natural gas hydrogenation,GAS-MEA,p,indexed,proxy,gas-mea,resolved,Natural gas hydrogenation,gas-mea
SPO-MDI-PUR·MEA,SPO-MDI-PUR,MEA,3,14,0.14,Phosgene CO+Cl2 hazmat,fixed,f,fixed,,,fixed,Phosgene CO+Cl2 hazmat,
SPO-MDI-PUR·MEA,SPO-MDI-PUR,MEA,4,8,0.08,Industrial electricity,ELEC-EU,p,indexed,proxy,elec-eu,resolved,Industrial electricity,elec-eu
SPO-MDI-PUR·MEA,SPO-MDI-PUR,MEA,5,11,0.11,Fixed costs LCI,LCI-MEA,d,indexed,direct,lci-mea,resolved,Fixed costs LCI,lci-mea
SPO-MDI-PUR·MEA,SPO-MDI-PUR,MEA,6,15,0.15,Supplier margin,fixed,f,fixed,,,fixed,Supplier margin,
SPO-TDI-LIQ·EU,SPO-TDI-LIQ,EU,1,44,0.44,Toluene,STY-EU,p,indexed,proxy,brent,resolved,Toluene,brent
SPO-TDI-LIQ·EU,SPO-TDI-LIQ,EU,2,8,0.08,Natural gas HNO3 nitration,TTF-EU,p,indexed,proxy,ttf-eu,resolved,Natural gas HNO3 nitration,ttf-eu
SPO-TDI-LIQ·EU,SPO-TDI-LIQ,EU,3,14,0.14,Phosgene CO+Cl2 hazmat,fixed,f,fixed,,,fixed,Phosgene CO+Cl2 hazmat,
SPO-TDI-LIQ·EU,SPO-TDI-LIQ,EU,4,8,0.08,Industrial electricity,ELEC-EU,d,indexed,direct,elec-eu,resolved,Industrial electricity,elec-eu
SPO-TDI-LIQ·EU,SPO-TDI-LIQ,EU,5,12,0.12,Fixed costs LCI,LCI-EU,d,indexed,direct,lci-eu,resolved,Fixed costs LCI,lci-eu
SPO-TDI-LIQ·EU,SPO-TDI-LIQ,EU,6,14,0.14,Supplier margin,fixed,f,fixed,,,fixed,Supplier margin,
SPO-TDI-LIQ·CN,SPO-TDI-LIQ,CN,1,44,0.44,Toluene,STY-CN,p,indexed,proxy,brent,resolved,Toluene,brent
SPO-TDI-LIQ·CN,SPO-TDI-LIQ,CN,2,8,0.08,Natural gas HNO3 nitration,NDRC-CN,p,indexed,proxy,gas-china,resolved,Natural gas HNO3 nitration,gas-china
SPO-TDI-LIQ·CN,SPO-TDI-LIQ,CN,3,14,0.14,Phosgene CO+Cl2 hazmat,fixed,f,fixed,,,fixed,Phosgene CO+Cl2 hazmat,
SPO-TDI-LIQ·CN,SPO-TDI-LIQ,CN,4,8,0.08,Industrial electricity,ELEC-CN,d,indexed,direct,elec-cn,resolved,Industrial electricity,elec-cn
SPO-TDI-LIQ·CN,SPO-TDI-LIQ,CN,5,12,0.12,Fixed costs LCI,LCI-CN,d,indexed,direct,lci-cn,resolved,Fixed costs LCI,lci-cn
SPO-TDI-LIQ·CN,SPO-TDI-LIQ,CN,6,14,0.14,Supplier margin,fixed,f,fixed,,,fixed,Supplier margin,
SPO-TDI-LIQ·NA,SPO-TDI-LIQ,NA,1,44,0.44,Toluene,STY-NA,p,indexed,proxy,brent,resolved,Toluene,brent
SPO-TDI-LIQ·NA,SPO-TDI-LIQ,NA,2,8,0.08,Natural gas HNO3 nitration,HH-NA,p,indexed,proxy,natgas-na,resolved,Natural gas HNO3 nitration,natgas-na
SPO-TDI-LIQ·NA,SPO-TDI-LIQ,NA,3,14,0.14,Phosgene CO+Cl2 hazmat,fixed,f,fixed,,,fixed,Phosgene CO+Cl2 hazmat,
SPO-TDI-LIQ·NA,SPO-TDI-LIQ,NA,4,8,0.08,Industrial electricity,ELEC-NA,d,indexed,direct,elec-na,resolved,Industrial electricity,elec-na
SPO-TDI-LIQ·NA,SPO-TDI-LIQ,NA,5,12,0.12,Fixed costs LCI,LCI-NA,d,indexed,direct,lci-na,resolved,Fixed costs LCI,lci-na
SPO-TDI-LIQ·NA,SPO-TDI-LIQ,NA,6,14,0.14,Supplier margin,fixed,f,fixed,,,fixed,Supplier margin,
SPO-TDI-LIQ·APAC,SPO-TDI-LIQ,APAC,1,44,0.44,Toluene,STY-ASIA,p,indexed,proxy,brent,resolved,Toluene,brent
SPO-TDI-LIQ·APAC,SPO-TDI-LIQ,APAC,2,8,0.08,Natural gas HNO3 nitration,JKM-APAC,p,indexed,proxy,lng-japan,resolved,Natural gas HNO3 nitration,lng-japan
SPO-TDI-LIQ·APAC,SPO-TDI-LIQ,APAC,3,14,0.14,Phosgene CO+Cl2 hazmat,fixed,f,fixed,,,fixed,Phosgene CO+Cl2 hazmat,
SPO-TDI-LIQ·APAC,SPO-TDI-LIQ,APAC,4,8,0.08,Industrial electricity,ELEC-APAC,d,indexed,direct,elec-cn,resolved,Industrial electricity,elec-cn
SPO-TDI-LIQ·APAC,SPO-TDI-LIQ,APAC,5,12,0.12,Fixed costs LCI,LCI-APAC,d,indexed,direct,lci-apac,resolved,Fixed costs LCI,lci-apac
SPO-TDI-LIQ·APAC,SPO-TDI-LIQ,APAC,6,14,0.14,Supplier margin,fixed,f,fixed,,,fixed,Supplier margin,
F17-MF-CAPS·EU,F17-MF-CAPS,EU,1,36,0.36,Formaldehyde methanol proxy,MEOH-EU,p,indexed,proxy,methanol-na,resolved,Formaldehyde methanol proxy,methanol-na
F17-MF-CAPS·EU,F17-MF-CAPS,EU,2,24,0.24,Melamine ammonia proxy,NH3-EU,p,indexed,proxy,ttf-eu,resolved,Melamine ammonia proxy,ttf-eu
F17-MF-CAPS·EU,F17-MF-CAPS,EU,3,8,0.08,Industrial electricity,ELEC-EU,d,indexed,direct,elec-eu,resolved,Industrial electricity,elec-eu
F17-MF-CAPS·EU,F17-MF-CAPS,EU,4,12,0.12,Fixed costs LCI,LCI-EU,d,indexed,direct,lci-eu,resolved,Fixed costs LCI,lci-eu
F17-MF-CAPS·EU,F17-MF-CAPS,EU,5,20,0.2,Supplier margin,fixed,f,fixed,,,fixed,Supplier margin,
F17-MF-CAPS·CN,F17-MF-CAPS,CN,1,36,0.36,Formaldehyde methanol proxy,MEOH-CN,p,indexed,proxy,methanol-na,resolved,Formaldehyde methanol proxy,methanol-na
F17-MF-CAPS·CN,F17-MF-CAPS,CN,2,24,0.24,Melamine ammonia proxy,NH3-CN,p,indexed,proxy,ammonia-na,resolved,Melamine ammonia proxy,ammonia-na
F17-MF-CAPS·CN,F17-MF-CAPS,CN,3,8,0.08,Industrial electricity,ELEC-CN,d,indexed,direct,elec-cn,resolved,Industrial electricity,elec-cn
F17-MF-CAPS·CN,F17-MF-CAPS,CN,4,12,0.12,Fixed costs LCI,LCI-CN,d,indexed,direct,lci-cn,resolved,Fixed costs LCI,lci-cn
F17-MF-CAPS·CN,F17-MF-CAPS,CN,5,20,0.2,Supplier margin,fixed,f,fixed,,,fixed,Supplier margin,
SPO-PEEK-PEL·EU,SPO-PEEK-PEL,EU,1,42,0.42,Difluorobenzophenone no public index,fixed,f,fixed,,,fixed,Difluorobenzophenone no public index,
SPO-PEEK-PEL·EU,SPO-PEEK-PEL,EU,2,18,0.18,Hydroquinone limited index,fixed,f,fixed,,,fixed,Hydroquinone limited index,
SPO-PEEK-PEL·EU,SPO-PEEK-PEL,EU,3,8,0.08,Industrial electricity,ELEC-EU,d,indexed,direct,elec-eu,resolved,Industrial electricity,elec-eu
SPO-PEEK-PEL·EU,SPO-PEEK-PEL,EU,4,4,0.04,Fixed costs LCI,LCI-EU,d,indexed,direct,lci-eu,resolved,Fixed costs LCI,lci-eu
SPO-PEEK-PEL·EU,SPO-PEEK-PEL,EU,5,28,0.28,Supplier margin performance-priced,fixed,f,fixed,,,fixed,Supplier margin performance-priced,
SPO-PEEK-PEL·NA,SPO-PEEK-PEL,NA,1,42,0.42,Difluorobenzophenone no public index,fixed,f,fixed,,,fixed,Difluorobenzophenone no public index,
SPO-PEEK-PEL·NA,SPO-PEEK-PEL,NA,2,18,0.18,Hydroquinone limited index,fixed,f,fixed,,,fixed,Hydroquinone limited index,
SPO-PEEK-PEL·NA,SPO-PEEK-PEL,NA,3,8,0.08,Industrial electricity,ELEC-NA,d,indexed,direct,elec-na,resolved,Industrial electricity,elec-na
SPO-PEEK-PEL·NA,SPO-PEEK-PEL,NA,4,4,0.04,Fixed costs LCI,LCI-NA,d,indexed,direct,lci-na,resolved,Fixed costs LCI,lci-na
SPO-PEEK-PEL·NA,SPO-PEEK-PEL,NA,5,28,0.28,Supplier margin performance-priced,fixed,f,fixed,,,fixed,Supplier margin performance-priced,
SPO-PVDF-PEL·EU,SPO-PVDF-PEL,EU,1,60,0.6,VDF monomer fluorite upstream limited index,fixed,f,fixed,,,fixed,VDF monomer fluorite upstream limited index,
SPO-PVDF-PEL·EU,SPO-PVDF-PEL,EU,2,10,0.1,Industrial electricity,ELEC-EU,d,indexed,direct,elec-eu,resolved,Industrial electricity,elec-eu
SPO-PVDF-PEL·EU,SPO-PVDF-PEL,EU,3,8,0.08,Fixed costs LCI,LCI-EU,d,indexed,direct,lci-eu,resolved,Fixed costs LCI,lci-eu
SPO-PVDF-PEL·EU,SPO-PVDF-PEL,EU,4,22,0.22,Supplier margin,fixed,f,fixed,,,fixed,Supplier margin,
SPO-PVDF-PEL·CN,SPO-PVDF-PEL,CN,1,60,0.6,VDF monomer fluorite upstream limited index,fixed,f,fixed,,,fixed,VDF monomer fluorite upstream limited index,
SPO-PVDF-PEL·CN,SPO-PVDF-PEL,CN,2,10,0.1,Industrial electricity,ELEC-CN,d,indexed,direct,elec-cn,resolved,Industrial electricity,elec-cn
SPO-PVDF-PEL·CN,SPO-PVDF-PEL,CN,3,8,0.08,Fixed costs LCI,LCI-CN,d,indexed,direct,lci-cn,resolved,Fixed costs LCI,lci-cn
SPO-PVDF-PEL·CN,SPO-PVDF-PEL,CN,4,22,0.22,Supplier margin,fixed,f,fixed,,,fixed,Supplier margin,
AGR-AN-GRN·EU,AGR-AN-GRN,EU,1,42,0.42,Ammonia Haber-Bosch,NH3-EU,d,indexed,direct,ttf-eu,resolved,Ammonia Haber-Bosch,ttf-eu
AGR-AN-GRN·EU,AGR-AN-GRN,EU,2,28,0.28,Nitric acid ammonia+air proxy,NH3-EU,p,indexed,proxy,ttf-eu,resolved,Nitric acid ammonia+air proxy,ttf-eu
AGR-AN-GRN·EU,AGR-AN-GRN,EU,3,8,0.08,Natural gas upstream,TTF-EU,p,indexed,proxy,ttf-eu,resolved,Natural gas upstream,ttf-eu
AGR-AN-GRN·EU,AGR-AN-GRN,EU,4,4,0.04,HDPE bag packaging,HDPE-EU,d,indexed,direct,brent,resolved,HDPE bag packaging,brent
AGR-AN-GRN·EU,AGR-AN-GRN,EU,5,9,0.09,Fixed costs LCI,LCI-EU,d,indexed,direct,lci-eu,resolved,Fixed costs LCI,lci-eu
AGR-AN-GRN·EU,AGR-AN-GRN,EU,6,9,0.09,Supplier margin,fixed,f,fixed,,,fixed,Supplier margin,
AGR-AN-GRN·NA,AGR-AN-GRN,NA,1,42,0.42,Ammonia Haber-Bosch,NH3-NA,d,indexed,direct,ammonia-na,resolved,Ammonia Haber-Bosch,ammonia-na
AGR-AN-GRN·NA,AGR-AN-GRN,NA,2,28,0.28,Nitric acid ammonia+air proxy,NH3-NA,p,indexed,proxy,ammonia-na,resolved,Nitric acid ammonia+air proxy,ammonia-na
AGR-AN-GRN·NA,AGR-AN-GRN,NA,3,8,0.08,Natural gas upstream,HH-NA,p,indexed,proxy,natgas-na,resolved,Natural gas upstream,natgas-na
AGR-AN-GRN·NA,AGR-AN-GRN,NA,4,4,0.04,HDPE bag packaging,HDPE-NA,d,indexed,direct,hdpe-na,resolved,HDPE bag packaging,hdpe-na
AGR-AN-GRN·NA,AGR-AN-GRN,NA,5,9,0.09,Fixed costs LCI,LCI-NA,d,indexed,direct,lci-na,resolved,Fixed costs LCI,lci-na
AGR-AN-GRN·NA,AGR-AN-GRN,NA,6,9,0.09,Supplier margin,fixed,f,fixed,,,fixed,Supplier margin,
AGR-AN-GRN·MEA,AGR-AN-GRN,MEA,1,42,0.42,Ammonia Haber-Bosch,NH3-MEA,p,indexed,proxy,gas-mea,resolved,Ammonia Haber-Bosch,gas-mea
AGR-AN-GRN·MEA,AGR-AN-GRN,MEA,2,28,0.28,Nitric acid ammonia+air proxy,NH3-MEA,p,indexed,proxy,gas-mea,resolved,Nitric acid ammonia+air proxy,gas-mea
AGR-AN-GRN·MEA,AGR-AN-GRN,MEA,3,8,0.08,Natural gas upstream,GAS-MEA,p,indexed,proxy,gas-mea,resolved,Natural gas upstream,gas-mea
AGR-AN-GRN·MEA,AGR-AN-GRN,MEA,4,4,0.04,HDPE bag packaging,HDPE-EU,p,indexed,proxy,brent,resolved,HDPE bag packaging,brent
AGR-AN-GRN·MEA,AGR-AN-GRN,MEA,5,9,0.09,Fixed costs LCI,LCI-MEA,d,indexed,direct,lci-mea,resolved,Fixed costs LCI,lci-mea
AGR-AN-GRN·MEA,AGR-AN-GRN,MEA,6,9,0.09,Supplier margin,fixed,f,fixed,,,fixed,Supplier margin,
AGR-AN-GRN·IN,AGR-AN-GRN,IN,1,42,0.42,Ammonia Haber-Bosch,NH3-IN,d,indexed,direct,gas-india,resolved,Ammonia Haber-Bosch,gas-india
AGR-AN-GRN·IN,AGR-AN-GRN,IN,2,28,0.28,Nitric acid ammonia+air proxy,NH3-IN,p,indexed,proxy,gas-india,resolved,Nitric acid ammonia+air proxy,gas-india
AGR-AN-GRN·IN,AGR-AN-GRN,IN,3,8,0.08,Natural gas upstream,GAS-IN,p,indexed,proxy,gas-india,resolved,Natural gas upstream,gas-india
AGR-AN-GRN·IN,AGR-AN-GRN,IN,4,4,0.04,HDPE bag packaging,HDPE-ASIA,p,indexed,proxy,brent,resolved,HDPE bag packaging,brent
AGR-AN-GRN·IN,AGR-AN-GRN,IN,5,9,0.09,Fixed costs LCI,LCI-IN,d,indexed,direct,lci-in,resolved,Fixed costs LCI,lci-in
AGR-AN-GRN·IN,AGR-AN-GRN,IN,6,9,0.09,Supplier margin,fixed,f,fixed,,,fixed,Supplier margin,
AGR-AN-GRN·CN,AGR-AN-GRN,CN,1,42,0.42,Ammonia Haber-Bosch,NH3-CN,d,indexed,direct,ammonia-na,resolved,Ammonia Haber-Bosch,ammonia-na
AGR-AN-GRN·CN,AGR-AN-GRN,CN,2,28,0.28,Nitric acid ammonia+air proxy,NH3-CN,p,indexed,proxy,ammonia-na,resolved,Nitric acid ammonia+air proxy,ammonia-na
AGR-AN-GRN·CN,AGR-AN-GRN,CN,3,8,0.08,Natural gas upstream,NDRC-CN,p,indexed,proxy,gas-china,resolved,Natural gas upstream,gas-china
AGR-AN-GRN·CN,AGR-AN-GRN,CN,4,4,0.04,HDPE bag packaging,HDPE-CN,d,indexed,direct,brent,resolved,HDPE bag packaging,brent
AGR-AN-GRN·CN,AGR-AN-GRN,CN,5,9,0.09,Fixed costs LCI,LCI-CN,d,indexed,direct,lci-cn,resolved,Fixed costs LCI,lci-cn
AGR-AN-GRN·CN,AGR-AN-GRN,CN,6,9,0.09,Supplier margin,fixed,f,fixed,,,fixed,Supplier margin,
AGR-DAP-GRN·EU,AGR-DAP-GRN,EU,1,56,0.56,World Bank DAP index,DAP-WB,d,indexed,direct,dap,resolved,World Bank DAP index,dap
AGR-DAP-GRN·EU,AGR-DAP-GRN,EU,2,14,0.14,Phosphate rock WB,PHOS-WB,p,indexed,proxy,dap,resolved,Phosphate rock WB,dap
AGR-DAP-GRN·EU,AGR-DAP-GRN,EU,3,10,0.1,Sulfuric acid,H2SO4-NWE,d,indexed,direct,sulfuric-acid-na,resolved,Sulfuric acid,sulfuric-acid-na
AGR-DAP-GRN·EU,AGR-DAP-GRN,EU,4,4,0.04,HDPE bag packaging,HDPE-EU,d,indexed,direct,brent,resolved,HDPE bag packaging,brent
AGR-DAP-GRN·EU,AGR-DAP-GRN,EU,5,8,0.08,Fixed costs LCI,LCI-EU,d,indexed,direct,lci-eu,resolved,Fixed costs LCI,lci-eu
AGR-DAP-GRN·EU,AGR-DAP-GRN,EU,6,8,0.08,Supplier margin,fixed,f,fixed,,,fixed,Supplier margin,
AGR-DAP-GRN·NA,AGR-DAP-GRN,NA,1,56,0.56,World Bank DAP index,DAP-WB,d,indexed,direct,dap,resolved,World Bank DAP index,dap
AGR-DAP-GRN·NA,AGR-DAP-GRN,NA,2,14,0.14,Phosphate rock WB,PHOS-WB,p,indexed,proxy,dap,resolved,Phosphate rock WB,dap
AGR-DAP-GRN·NA,AGR-DAP-GRN,NA,3,10,0.1,Sulfuric acid,H2SO4-NA,d,indexed,direct,sulfuric-acid-na,resolved,Sulfuric acid,sulfuric-acid-na
AGR-DAP-GRN·NA,AGR-DAP-GRN,NA,4,4,0.04,HDPE bag packaging,HDPE-NA,d,indexed,direct,hdpe-na,resolved,HDPE bag packaging,hdpe-na
AGR-DAP-GRN·NA,AGR-DAP-GRN,NA,5,8,0.08,Fixed costs LCI,LCI-NA,d,indexed,direct,lci-na,resolved,Fixed costs LCI,lci-na
AGR-DAP-GRN·NA,AGR-DAP-GRN,NA,6,8,0.08,Supplier margin,fixed,f,fixed,,,fixed,Supplier margin,
AGR-DAP-GRN·MEA,AGR-DAP-GRN,MEA,1,56,0.56,World Bank DAP index,DAP-WB,d,indexed,direct,dap,resolved,World Bank DAP index,dap
AGR-DAP-GRN·MEA,AGR-DAP-GRN,MEA,2,14,0.14,Phosphate rock WB,PHOS-WB,p,indexed,proxy,dap,resolved,Phosphate rock WB,dap
AGR-DAP-GRN·MEA,AGR-DAP-GRN,MEA,3,10,0.1,Sulfuric acid,H2SO4-MEA,p,indexed,proxy,sulfuric-acid-na,resolved,Sulfuric acid,sulfuric-acid-na
AGR-DAP-GRN·MEA,AGR-DAP-GRN,MEA,4,4,0.04,HDPE bag packaging,HDPE-EU,p,indexed,proxy,brent,resolved,HDPE bag packaging,brent
AGR-DAP-GRN·MEA,AGR-DAP-GRN,MEA,5,8,0.08,Fixed costs LCI,LCI-MEA,d,indexed,direct,lci-mea,resolved,Fixed costs LCI,lci-mea
AGR-DAP-GRN·MEA,AGR-DAP-GRN,MEA,6,8,0.08,Supplier margin,fixed,f,fixed,,,fixed,Supplier margin,
AGR-DAP-GRN·LA,AGR-DAP-GRN,LA,1,56,0.56,World Bank DAP index,DAP-WB,d,indexed,direct,dap,resolved,World Bank DAP index,dap
AGR-DAP-GRN·LA,AGR-DAP-GRN,LA,2,14,0.14,Phosphate rock WB,PHOS-WB,p,indexed,proxy,dap,resolved,Phosphate rock WB,dap
AGR-DAP-GRN·LA,AGR-DAP-GRN,LA,3,10,0.1,Sulfuric acid,H2SO4-NA,p,indexed,proxy,sulfuric-acid-na,resolved,Sulfuric acid,sulfuric-acid-na
AGR-DAP-GRN·LA,AGR-DAP-GRN,LA,4,4,0.04,HDPE bag packaging,HDPE-NA,p,indexed,proxy,hdpe-na,resolved,HDPE bag packaging,hdpe-na
AGR-DAP-GRN·LA,AGR-DAP-GRN,LA,5,8,0.08,Fixed costs LCI,LCI-LA,d,indexed,direct,lci-la,resolved,Fixed costs LCI,lci-la
AGR-DAP-GRN·LA,AGR-DAP-GRN,LA,6,8,0.08,Supplier margin,fixed,f,fixed,,,fixed,Supplier margin,
AGR-MOP-GRN·EU,AGR-MOP-GRN,EU,1,68,0.68,Potash MOP World Bank proxy,PHOS-WB,p,indexed,proxy,dap,resolved,Potash MOP World Bank proxy,dap
AGR-MOP-GRN·EU,AGR-MOP-GRN,EU,2,10,0.1,Industrial electricity mining,ELEC-EU,d,indexed,direct,elec-eu,resolved,Industrial electricity mining,elec-eu
AGR-MOP-GRN·EU,AGR-MOP-GRN,EU,3,4,0.04,HDPE bag packaging,HDPE-EU,d,indexed,direct,brent,resolved,HDPE bag packaging,brent
AGR-MOP-GRN·EU,AGR-MOP-GRN,EU,4,9,0.09,Fixed costs LCI,LCI-EU,d,indexed,direct,lci-eu,resolved,Fixed costs LCI,lci-eu
AGR-MOP-GRN·EU,AGR-MOP-GRN,EU,5,9,0.09,Supplier margin,fixed,f,fixed,,,fixed,Supplier margin,
AGR-MOP-GRN·NA,AGR-MOP-GRN,NA,1,68,0.68,Potash MOP World Bank proxy,PHOS-WB,p,indexed,proxy,dap,resolved,Potash MOP World Bank proxy,dap
AGR-MOP-GRN·NA,AGR-MOP-GRN,NA,2,10,0.1,Industrial electricity mining,ELEC-NA,d,indexed,direct,elec-na,resolved,Industrial electricity mining,elec-na
AGR-MOP-GRN·NA,AGR-MOP-GRN,NA,3,4,0.04,HDPE bag packaging,HDPE-NA,d,indexed,direct,hdpe-na,resolved,HDPE bag packaging,hdpe-na
AGR-MOP-GRN·NA,AGR-MOP-GRN,NA,4,9,0.09,Fixed costs LCI,LCI-NA,d,indexed,direct,lci-na,resolved,Fixed costs LCI,lci-na
AGR-MOP-GRN·NA,AGR-MOP-GRN,NA,5,9,0.09,Supplier margin,fixed,f,fixed,,,fixed,Supplier margin,
AGR-MOP-GRN·MEA,AGR-MOP-GRN,MEA,1,68,0.68,Potash MOP World Bank proxy,PHOS-WB,p,indexed,proxy,dap,resolved,Potash MOP World Bank proxy,dap
AGR-MOP-GRN·MEA,AGR-MOP-GRN,MEA,2,10,0.1,Industrial electricity mining,ELEC-EU,p,indexed,proxy,elec-eu,resolved,Industrial electricity mining,elec-eu
AGR-MOP-GRN·MEA,AGR-MOP-GRN,MEA,3,4,0.04,HDPE bag packaging,HDPE-EU,p,indexed,proxy,brent,resolved,HDPE bag packaging,brent
AGR-MOP-GRN·MEA,AGR-MOP-GRN,MEA,4,9,0.09,Fixed costs LCI,LCI-MEA,d,indexed,direct,lci-mea,resolved,Fixed costs LCI,lci-mea
AGR-MOP-GRN·MEA,AGR-MOP-GRN,MEA,5,9,0.09,Supplier margin,fixed,f,fixed,,,fixed,Supplier margin,
AGR-MOP-GRN·IN,AGR-MOP-GRN,IN,1,68,0.68,Potash MOP World Bank proxy,PHOS-WB,p,indexed,proxy,dap,resolved,Potash MOP World Bank proxy,dap
AGR-MOP-GRN·IN,AGR-MOP-GRN,IN,2,10,0.1,Industrial electricity mining,ELEC-IN,d,indexed,direct,elec-in,resolved,Industrial electricity mining,elec-in
AGR-MOP-GRN·IN,AGR-MOP-GRN,IN,3,4,0.04,HDPE bag packaging,HDPE-ASIA,p,indexed,proxy,brent,resolved,HDPE bag packaging,brent
AGR-MOP-GRN·IN,AGR-MOP-GRN,IN,4,9,0.09,Fixed costs LCI,LCI-IN,d,indexed,direct,lci-in,resolved,Fixed costs LCI,lci-in
AGR-MOP-GRN·IN,AGR-MOP-GRN,IN,5,9,0.09,Supplier margin,fixed,f,fixed,,,fixed,Supplier margin,
AGR-MOP-GRN·CN,AGR-MOP-GRN,CN,1,68,0.68,Potash MOP World Bank proxy,PHOS-WB,p,indexed,proxy,dap,resolved,Potash MOP World Bank proxy,dap
AGR-MOP-GRN·CN,AGR-MOP-GRN,CN,2,10,0.1,Industrial electricity mining,ELEC-CN,d,indexed,direct,elec-cn,resolved,Industrial electricity mining,elec-cn
AGR-MOP-GRN·CN,AGR-MOP-GRN,CN,3,4,0.04,HDPE bag packaging,HDPE-CN,d,indexed,direct,brent,resolved,HDPE bag packaging,brent
AGR-MOP-GRN·CN,AGR-MOP-GRN,CN,4,9,0.09,Fixed costs LCI,LCI-CN,d,indexed,direct,lci-cn,resolved,Fixed costs LCI,lci-cn
AGR-MOP-GRN·CN,AGR-MOP-GRN,CN,5,9,0.09,Supplier margin,fixed,f,fixed,,,fixed,Supplier margin,
AGR-MOP-GRN·LA,AGR-MOP-GRN,LA,1,68,0.68,Potash MOP World Bank proxy,PHOS-WB,p,indexed,proxy,dap,resolved,Potash MOP World Bank proxy,dap
AGR-MOP-GRN·LA,AGR-MOP-GRN,LA,2,10,0.1,Industrial electricity mining,ELEC-EU,p,indexed,proxy,elec-eu,resolved,Industrial electricity mining,elec-eu
AGR-MOP-GRN·LA,AGR-MOP-GRN,LA,3,4,0.04,HDPE bag packaging,HDPE-NA,p,indexed,proxy,hdpe-na,resolved,HDPE bag packaging,hdpe-na
AGR-MOP-GRN·LA,AGR-MOP-GRN,LA,4,9,0.09,Fixed costs LCI,LCI-LA,d,indexed,direct,lci-la,resolved,Fixed costs LCI,lci-la
AGR-MOP-GRN·LA,AGR-MOP-GRN,LA,5,9,0.09,Supplier margin,fixed,f,fixed,,,fixed,Supplier margin,
AGR-MOP-GRN·APAC,AGR-MOP-GRN,APAC,1,68,0.68,Potash MOP World Bank proxy,PHOS-WB,p,indexed,proxy,dap,resolved,Potash MOP World Bank proxy,dap
AGR-MOP-GRN·APAC,AGR-MOP-GRN,APAC,2,10,0.1,Industrial electricity mining,ELEC-APAC,d,indexed,direct,elec-cn,resolved,Industrial electricity mining,elec-cn
AGR-MOP-GRN·APAC,AGR-MOP-GRN,APAC,3,4,0.04,HDPE bag packaging,HDPE-ASIA,p,indexed,proxy,brent,resolved,HDPE bag packaging,brent
AGR-MOP-GRN·APAC,AGR-MOP-GRN,APAC,4,9,0.09,Fixed costs LCI,LCI-APAC,d,indexed,direct,lci-apac,resolved,Fixed costs LCI,lci-apac
AGR-MOP-GRN·APAC,AGR-MOP-GRN,APAC,5,9,0.09,Supplier margin,fixed,f,fixed,,,fixed,Supplier margin,
AGR-NH3-LIQ·EU,AGR-NH3-LIQ,EU,1,74,0.74,Natural gas Haber-Bosch process,TTF-EU,d,indexed,direct,ttf-eu,resolved,Natural gas Haber-Bosch process,ttf-eu
AGR-NH3-LIQ·EU,AGR-NH3-LIQ,EU,2,8,0.08,Industrial electricity,ELEC-EU,d,indexed,direct,elec-eu,resolved,Industrial electricity,elec-eu
AGR-NH3-LIQ·EU,AGR-NH3-LIQ,EU,3,9,0.09,Fixed costs LCI,LCI-EU,d,indexed,direct,lci-eu,resolved,Fixed costs LCI,lci-eu
AGR-NH3-LIQ·EU,AGR-NH3-LIQ,EU,4,9,0.09,Supplier margin,fixed,f,fixed,,,fixed,Supplier margin,
AGR-NH3-LIQ·NA,AGR-NH3-LIQ,NA,1,74,0.74,Natural gas Haber-Bosch process,HH-NA,d,indexed,direct,natgas-na,resolved,Natural gas Haber-Bosch process,natgas-na
AGR-NH3-LIQ·NA,AGR-NH3-LIQ,NA,2,8,0.08,Industrial electricity,ELEC-NA,d,indexed,direct,elec-na,resolved,Industrial electricity,elec-na
AGR-NH3-LIQ·NA,AGR-NH3-LIQ,NA,3,9,0.09,Fixed costs LCI,LCI-NA,d,indexed,direct,lci-na,resolved,Fixed costs LCI,lci-na
AGR-NH3-LIQ·NA,AGR-NH3-LIQ,NA,4,9,0.09,Supplier margin,fixed,f,fixed,,,fixed,Supplier margin,
AGR-NH3-LIQ·MEA,AGR-NH3-LIQ,MEA,1,74,0.74,Natural gas Haber-Bosch process,GAS-MEA,d,indexed,direct,gas-mea,resolved,Natural gas Haber-Bosch process,gas-mea
AGR-NH3-LIQ·MEA,AGR-NH3-LIQ,MEA,2,8,0.08,Industrial electricity,ELEC-EU,p,indexed,proxy,elec-eu,resolved,Industrial electricity,elec-eu
AGR-NH3-LIQ·MEA,AGR-NH3-LIQ,MEA,3,9,0.09,Fixed costs LCI,LCI-MEA,d,indexed,direct,lci-mea,resolved,Fixed costs LCI,lci-mea
AGR-NH3-LIQ·MEA,AGR-NH3-LIQ,MEA,4,9,0.09,Supplier margin,fixed,f,fixed,,,fixed,Supplier margin,
AGR-NH3-LIQ·IN,AGR-NH3-LIQ,IN,1,74,0.74,Natural gas Haber-Bosch process,GAS-IN,d,indexed,direct,gas-india,resolved,Natural gas Haber-Bosch process,gas-india
AGR-NH3-LIQ·IN,AGR-NH3-LIQ,IN,2,8,0.08,Industrial electricity,ELEC-IN,d,indexed,direct,elec-in,resolved,Industrial electricity,elec-in
AGR-NH3-LIQ·IN,AGR-NH3-LIQ,IN,3,9,0.09,Fixed costs LCI,LCI-IN,d,indexed,direct,lci-in,resolved,Fixed costs LCI,lci-in
AGR-NH3-LIQ·IN,AGR-NH3-LIQ,IN,4,9,0.09,Supplier margin,fixed,f,fixed,,,fixed,Supplier margin,
AGR-NH3-LIQ·CN,AGR-NH3-LIQ,CN,1,74,0.74,Natural gas Haber-Bosch process,NDRC-CN,d,indexed,direct,gas-china,resolved,Natural gas Haber-Bosch process,gas-china
AGR-NH3-LIQ·CN,AGR-NH3-LIQ,CN,2,8,0.08,Industrial electricity,ELEC-CN,d,indexed,direct,elec-cn,resolved,Industrial electricity,elec-cn
AGR-NH3-LIQ·CN,AGR-NH3-LIQ,CN,3,9,0.09,Fixed costs LCI,LCI-CN,d,indexed,direct,lci-cn,resolved,Fixed costs LCI,lci-cn
AGR-NH3-LIQ·CN,AGR-NH3-LIQ,CN,4,9,0.09,Supplier margin,fixed,f,fixed,,,fixed,Supplier margin,
AGR-NH3-LIQ·LA,AGR-NH3-LIQ,LA,1,74,0.74,Natural gas Haber-Bosch process,GAS-BR,d,indexed,direct,gas-brazil,resolved,Natural gas Haber-Bosch process,gas-brazil
AGR-NH3-LIQ·LA,AGR-NH3-LIQ,LA,2,8,0.08,Industrial electricity,ELEC-EU,p,indexed,proxy,elec-eu,resolved,Industrial electricity,elec-eu
AGR-NH3-LIQ·LA,AGR-NH3-LIQ,LA,3,9,0.09,Fixed costs LCI,LCI-LA,d,indexed,direct,lci-la,resolved,Fixed costs LCI,lci-la
AGR-NH3-LIQ·LA,AGR-NH3-LIQ,LA,4,9,0.09,Supplier margin,fixed,f,fixed,,,fixed,Supplier margin,
AGR-UREA-GRN·EU,AGR-UREA-GRN,EU,1,64,0.64,World Bank Urea index,UREA-WB,d,indexed,direct,urea,resolved,World Bank Urea index,urea
AGR-UREA-GRN·EU,AGR-UREA-GRN,EU,2,14,0.14,Natural gas ammonia route,TTF-EU,p,indexed,proxy,ttf-eu,resolved,Natural gas ammonia route,ttf-eu
AGR-UREA-GRN·EU,AGR-UREA-GRN,EU,3,4,0.04,HDPE bag packaging,HDPE-EU,d,indexed,direct,brent,resolved,HDPE bag packaging,brent
AGR-UREA-GRN·EU,AGR-UREA-GRN,EU,4,8,0.08,Fixed costs LCI,LCI-EU,d,indexed,direct,lci-eu,resolved,Fixed costs LCI,lci-eu
AGR-UREA-GRN·EU,AGR-UREA-GRN,EU,5,10,0.1,Supplier margin,fixed,f,fixed,,,fixed,Supplier margin,
AGR-UREA-GRN·NA,AGR-UREA-GRN,NA,1,64,0.64,World Bank Urea index,UREA-WB,d,indexed,direct,urea,resolved,World Bank Urea index,urea
AGR-UREA-GRN·NA,AGR-UREA-GRN,NA,2,14,0.14,Natural gas ammonia route,HH-NA,p,indexed,proxy,natgas-na,resolved,Natural gas ammonia route,natgas-na
AGR-UREA-GRN·NA,AGR-UREA-GRN,NA,3,4,0.04,HDPE bag packaging,HDPE-NA,d,indexed,direct,hdpe-na,resolved,HDPE bag packaging,hdpe-na
AGR-UREA-GRN·NA,AGR-UREA-GRN,NA,4,8,0.08,Fixed costs LCI,LCI-NA,d,indexed,direct,lci-na,resolved,Fixed costs LCI,lci-na
AGR-UREA-GRN·NA,AGR-UREA-GRN,NA,5,10,0.1,Supplier margin,fixed,f,fixed,,,fixed,Supplier margin,
AGR-UREA-GRN·MEA,AGR-UREA-GRN,MEA,1,64,0.64,World Bank Urea index,UREA-WB,d,indexed,direct,urea,resolved,World Bank Urea index,urea
AGR-UREA-GRN·MEA,AGR-UREA-GRN,MEA,2,14,0.14,Natural gas ammonia route,GAS-MEA,p,indexed,proxy,gas-mea,resolved,Natural gas ammonia route,gas-mea
AGR-UREA-GRN·MEA,AGR-UREA-GRN,MEA,3,4,0.04,HDPE bag packaging,HDPE-EU,p,indexed,proxy,brent,resolved,HDPE bag packaging,brent
AGR-UREA-GRN·MEA,AGR-UREA-GRN,MEA,4,8,0.08,Fixed costs LCI,LCI-MEA,d,indexed,direct,lci-mea,resolved,Fixed costs LCI,lci-mea
AGR-UREA-GRN·MEA,AGR-UREA-GRN,MEA,5,10,0.1,Supplier margin,fixed,f,fixed,,,fixed,Supplier margin,
AGR-UREA-GRN·IN,AGR-UREA-GRN,IN,1,64,0.64,World Bank Urea index,UREA-WB,d,indexed,direct,urea,resolved,World Bank Urea index,urea
AGR-UREA-GRN·IN,AGR-UREA-GRN,IN,2,14,0.14,Natural gas ammonia route,GAS-IN,p,indexed,proxy,gas-india,resolved,Natural gas ammonia route,gas-india
AGR-UREA-GRN·IN,AGR-UREA-GRN,IN,3,4,0.04,HDPE bag packaging,HDPE-ASIA,p,indexed,proxy,brent,resolved,HDPE bag packaging,brent
AGR-UREA-GRN·IN,AGR-UREA-GRN,IN,4,8,0.08,Fixed costs LCI,LCI-IN,d,indexed,direct,lci-in,resolved,Fixed costs LCI,lci-in
AGR-UREA-GRN·IN,AGR-UREA-GRN,IN,5,10,0.1,Supplier margin,fixed,f,fixed,,,fixed,Supplier margin,
AGR-UREA-GRN·CN,AGR-UREA-GRN,CN,1,64,0.64,World Bank Urea index,UREA-WB,d,indexed,direct,urea,resolved,World Bank Urea index,urea
AGR-UREA-GRN·CN,AGR-UREA-GRN,CN,2,14,0.14,Natural gas ammonia route,NDRC-CN,p,indexed,proxy,gas-china,resolved,Natural gas ammonia route,gas-china
AGR-UREA-GRN·CN,AGR-UREA-GRN,CN,3,4,0.04,HDPE bag packaging,HDPE-CN,d,indexed,direct,brent,resolved,HDPE bag packaging,brent
AGR-UREA-GRN·CN,AGR-UREA-GRN,CN,4,8,0.08,Fixed costs LCI,LCI-CN,d,indexed,direct,lci-cn,resolved,Fixed costs LCI,lci-cn
AGR-UREA-GRN·CN,AGR-UREA-GRN,CN,5,10,0.1,Supplier margin,fixed,f,fixed,,,fixed,Supplier margin,
AGR-UREA-GRN·LA,AGR-UREA-GRN,LA,1,64,0.64,World Bank Urea index,UREA-WB,d,indexed,direct,urea,resolved,World Bank Urea index,urea
AGR-UREA-GRN·LA,AGR-UREA-GRN,LA,2,14,0.14,Natural gas ammonia route,GAS-BR,p,indexed,proxy,gas-brazil,resolved,Natural gas ammonia route,gas-brazil
AGR-UREA-GRN·LA,AGR-UREA-GRN,LA,3,4,0.04,HDPE bag packaging,HDPE-NA,p,indexed,proxy,hdpe-na,resolved,HDPE bag packaging,hdpe-na
AGR-UREA-GRN·LA,AGR-UREA-GRN,LA,4,8,0.08,Fixed costs LCI,LCI-LA,d,indexed,direct,lci-la,resolved,Fixed costs LCI,lci-la
AGR-UREA-GRN·LA,AGR-UREA-GRN,LA,5,10,0.1,Supplier margin,fixed,f,fixed,,,fixed,Supplier margin,
AGR-UREA-GRN·APAC,AGR-UREA-GRN,APAC,1,64,0.64,World Bank Urea index,UREA-WB,d,indexed,direct,urea,resolved,World Bank Urea index,urea
AGR-UREA-GRN·APAC,AGR-UREA-GRN,APAC,2,14,0.14,Natural gas ammonia route,JKM-APAC,p,indexed,proxy,lng-japan,resolved,Natural gas ammonia route,lng-japan
AGR-UREA-GRN·APAC,AGR-UREA-GRN,APAC,3,4,0.04,HDPE bag packaging,HDPE-ASIA,p,indexed,proxy,brent,resolved,HDPE bag packaging,brent
AGR-UREA-GRN·APAC,AGR-UREA-GRN,APAC,4,8,0.08,Fixed costs LCI,LCI-APAC,d,indexed,direct,lci-apac,resolved,Fixed costs LCI,lci-apac
AGR-UREA-GRN·APAC,AGR-UREA-GRN,APAC,5,10,0.1,Supplier margin,fixed,f,fixed,,,fixed,Supplier margin,
PFC-AOX-PWD·EU,PFC-AOX-PWD,EU,1,41,0.41,Phenol,BZ-EU,p,indexed,proxy,brent,resolved,Phenol,brent
PFC-AOX-PWD·EU,PFC-AOX-PWD,EU,2,24,0.24,Isobutylene propylene proxy,PRP-NWE,p,indexed,proxy,brent,resolved,Isobutylene propylene proxy,brent
PFC-AOX-PWD·EU,PFC-AOX-PWD,EU,3,8,0.08,Industrial electricity,ELEC-EU,d,indexed,direct,elec-eu,resolved,Industrial electricity,elec-eu
PFC-AOX-PWD·EU,PFC-AOX-PWD,EU,4,4,0.04,HDPE bag packaging,HDPE-EU,d,indexed,direct,brent,resolved,HDPE bag packaging,brent
PFC-AOX-PWD·EU,PFC-AOX-PWD,EU,5,10,0.1,Fixed costs LCI,LCI-EU,d,indexed,direct,lci-eu,resolved,Fixed costs LCI,lci-eu
PFC-AOX-PWD·EU,PFC-AOX-PWD,EU,6,13,0.13,Supplier margin,fixed,f,fixed,,,fixed,Supplier margin,
PFC-AOX-PWD·CN,PFC-AOX-PWD,CN,1,41,0.41,Phenol,BZ-EU,p,indexed,proxy,brent,resolved,Phenol,brent
PFC-AOX-PWD·CN,PFC-AOX-PWD,CN,2,24,0.24,Isobutylene propylene proxy,PRP-CN,p,indexed,proxy,brent,resolved,Isobutylene propylene proxy,brent
PFC-AOX-PWD·CN,PFC-AOX-PWD,CN,3,8,0.08,Industrial electricity,ELEC-CN,d,indexed,direct,elec-cn,resolved,Industrial electricity,elec-cn
PFC-AOX-PWD·CN,PFC-AOX-PWD,CN,4,4,0.04,HDPE bag packaging,HDPE-CN,d,indexed,direct,brent,resolved,HDPE bag packaging,brent
PFC-AOX-PWD·CN,PFC-AOX-PWD,CN,5,10,0.1,Fixed costs LCI,LCI-CN,d,indexed,direct,lci-cn,resolved,Fixed costs LCI,lci-cn
PFC-AOX-PWD·CN,PFC-AOX-PWD,CN,6,13,0.13,Supplier margin,fixed,f,fixed,,,fixed,Supplier margin,
PFC-AOX-PWD·NA,PFC-AOX-PWD,NA,1,41,0.41,Phenol,BZ-EU,p,indexed,proxy,brent,resolved,Phenol,brent
PFC-AOX-PWD·NA,PFC-AOX-PWD,NA,2,24,0.24,Isobutylene propylene proxy,PRP-US,p,indexed,proxy,ethylene-propylene-na,resolved,Isobutylene propylene proxy,ethylene-propylene-na
PFC-AOX-PWD·NA,PFC-AOX-PWD,NA,3,8,0.08,Industrial electricity,ELEC-NA,d,indexed,direct,elec-na,resolved,Industrial electricity,elec-na
PFC-AOX-PWD·NA,PFC-AOX-PWD,NA,4,4,0.04,HDPE bag packaging,HDPE-NA,d,indexed,direct,hdpe-na,resolved,HDPE bag packaging,hdpe-na
PFC-AOX-PWD·NA,PFC-AOX-PWD,NA,5,10,0.1,Fixed costs LCI,LCI-NA,d,indexed,direct,lci-na,resolved,Fixed costs LCI,lci-na
PFC-AOX-PWD·NA,PFC-AOX-PWD,NA,6,13,0.13,Supplier margin,fixed,f,fixed,,,fixed,Supplier margin,
PFC-BPO-PWD·EU,PFC-BPO-PWD,EU,1,40,0.4,Benzene via benzoic acid route,BZ-EU,d,indexed,direct,brent,resolved,Benzene via benzoic acid route,brent
PFC-BPO-PWD·EU,PFC-BPO-PWD,EU,2,16,0.16,H2O2 oxidant proxy,H2SO4-NWE,p,indexed,proxy,sulfuric-acid-na,resolved,H2O2 oxidant proxy,sulfuric-acid-na
PFC-BPO-PWD·EU,PFC-BPO-PWD,EU,3,8,0.08,Industrial electricity,ELEC-EU,d,indexed,direct,elec-eu,resolved,Industrial electricity,elec-eu
PFC-BPO-PWD·EU,PFC-BPO-PWD,EU,4,5,0.05,HDPE drum packaging,HDPE-EU,d,indexed,direct,brent,resolved,HDPE drum packaging,brent
PFC-BPO-PWD·EU,PFC-BPO-PWD,EU,5,11,0.11,Fixed costs LCI,LCI-EU,d,indexed,direct,lci-eu,resolved,Fixed costs LCI,lci-eu
PFC-BPO-PWD·EU,PFC-BPO-PWD,EU,6,20,0.2,Supplier margin,fixed,f,fixed,,,fixed,Supplier margin,
PFC-BPO-PWD·CN,PFC-BPO-PWD,CN,1,40,0.4,Benzene via benzoic acid route,BZ-CN,d,indexed,direct,brent,resolved,Benzene via benzoic acid route,brent
PFC-BPO-PWD·CN,PFC-BPO-PWD,CN,2,16,0.16,H2O2 oxidant proxy,H2SO4-CN,p,indexed,proxy,sulfuric-acid-cn,resolved,H2O2 oxidant proxy,sulfuric-acid-cn
PFC-BPO-PWD·CN,PFC-BPO-PWD,CN,3,8,0.08,Industrial electricity,ELEC-CN,d,indexed,direct,elec-cn,resolved,Industrial electricity,elec-cn
PFC-BPO-PWD·CN,PFC-BPO-PWD,CN,4,5,0.05,HDPE drum packaging,HDPE-CN,d,indexed,direct,brent,resolved,HDPE drum packaging,brent
PFC-BPO-PWD·CN,PFC-BPO-PWD,CN,5,11,0.11,Fixed costs LCI,LCI-CN,d,indexed,direct,lci-cn,resolved,Fixed costs LCI,lci-cn
PFC-BPO-PWD·CN,PFC-BPO-PWD,CN,6,20,0.2,Supplier margin,fixed,f,fixed,,,fixed,Supplier margin,
PFC-DTBP-LIQ·EU,PFC-DTBP-LIQ,EU,1,48,0.48,Isobutylene propylene proxy,PRP-NWE,p,indexed,proxy,brent,resolved,Isobutylene propylene proxy,brent
PFC-DTBP-LIQ·EU,PFC-DTBP-LIQ,EU,2,14,0.14,H2O2 oxidant proxy,H2SO4-NWE,p,indexed,proxy,sulfuric-acid-na,resolved,H2O2 oxidant proxy,sulfuric-acid-na
PFC-DTBP-LIQ·EU,PFC-DTBP-LIQ,EU,3,8,0.08,Industrial electricity,ELEC-EU,d,indexed,direct,elec-eu,resolved,Industrial electricity,elec-eu
PFC-DTBP-LIQ·EU,PFC-DTBP-LIQ,EU,4,12,0.12,Fixed costs LCI,LCI-EU,d,indexed,direct,lci-eu,resolved,Fixed costs LCI,lci-eu
PFC-DTBP-LIQ·EU,PFC-DTBP-LIQ,EU,5,18,0.18,Supplier margin,fixed,f,fixed,,,fixed,Supplier margin,
PFC-DTBP-LIQ·NA,PFC-DTBP-LIQ,NA,1,48,0.48,Isobutylene propylene proxy,PRP-US,p,indexed,proxy,ethylene-propylene-na,resolved,Isobutylene propylene proxy,ethylene-propylene-na
PFC-DTBP-LIQ·NA,PFC-DTBP-LIQ,NA,2,14,0.14,H2O2 oxidant proxy,H2SO4-NA,p,indexed,proxy,sulfuric-acid-na,resolved,H2O2 oxidant proxy,sulfuric-acid-na
PFC-DTBP-LIQ·NA,PFC-DTBP-LIQ,NA,3,8,0.08,Industrial electricity,ELEC-NA,d,indexed,direct,elec-na,resolved,Industrial electricity,elec-na
PFC-DTBP-LIQ·NA,PFC-DTBP-LIQ,NA,4,12,0.12,Fixed costs LCI,LCI-NA,d,indexed,direct,lci-na,resolved,Fixed costs LCI,lci-na
PFC-DTBP-LIQ·NA,PFC-DTBP-LIQ,NA,5,18,0.18,Supplier margin,fixed,f,fixed,,,fixed,Supplier margin,
PFC-H2O2-35·EU,PFC-H2O2-35,EU,1,42,0.42,Natural gas H2 production,TTF-EU,p,indexed,proxy,ttf-eu,resolved,Natural gas H2 production,ttf-eu
PFC-H2O2-35·EU,PFC-H2O2-35,EU,2,28,0.28,Industrial electricity anthraquinone,ELEC-EU,d,indexed,direct,elec-eu,resolved,Industrial electricity anthraquinone,elec-eu
PFC-H2O2-35·EU,PFC-H2O2-35,EU,3,6,0.06,Process water,WATER-EU,p,indexed,proxy,water-eu,resolved,Process water,water-eu
PFC-H2O2-35·EU,PFC-H2O2-35,EU,4,12,0.12,Fixed costs LCI,LCI-EU,d,indexed,direct,lci-eu,resolved,Fixed costs LCI,lci-eu
PFC-H2O2-35·EU,PFC-H2O2-35,EU,5,12,0.12,Supplier margin,fixed,f,fixed,,,fixed,Supplier margin,
PFC-H2O2-35·CN,PFC-H2O2-35,CN,1,42,0.42,Natural gas H2 production,NDRC-CN,p,indexed,proxy,gas-china,resolved,Natural gas H2 production,gas-china
PFC-H2O2-35·CN,PFC-H2O2-35,CN,2,28,0.28,Industrial electricity anthraquinone,ELEC-CN,d,indexed,direct,elec-cn,resolved,Industrial electricity anthraquinone,elec-cn
PFC-H2O2-35·CN,PFC-H2O2-35,CN,3,6,0.06,Process water,WATER-EU,p,indexed,proxy,water-eu,resolved,Process water,water-eu
PFC-H2O2-35·CN,PFC-H2O2-35,CN,4,12,0.12,Fixed costs LCI,LCI-CN,d,indexed,direct,lci-cn,resolved,Fixed costs LCI,lci-cn
PFC-H2O2-35·CN,PFC-H2O2-35,CN,5,12,0.12,Supplier margin,fixed,f,fixed,,,fixed,Supplier margin,
PFC-H2O2-35·NA,PFC-H2O2-35,NA,1,42,0.42,Natural gas H2 production,HH-NA,p,indexed,proxy,natgas-na,resolved,Natural gas H2 production,natgas-na
PFC-H2O2-35·NA,PFC-H2O2-35,NA,2,28,0.28,Industrial electricity anthraquinone,ELEC-NA,d,indexed,direct,elec-na,resolved,Industrial electricity anthraquinone,elec-na
PFC-H2O2-35·NA,PFC-H2O2-35,NA,3,6,0.06,Process water,WATER-EU,p,indexed,proxy,water-eu,resolved,Process water,water-eu
PFC-H2O2-35·NA,PFC-H2O2-35,NA,4,12,0.12,Fixed costs LCI,LCI-NA,d,indexed,direct,lci-na,resolved,Fixed costs LCI,lci-na
PFC-H2O2-35·NA,PFC-H2O2-35,NA,5,12,0.12,Supplier margin,fixed,f,fixed,,,fixed,Supplier margin,
PFC-H2O2-35·APAC,PFC-H2O2-35,APAC,1,42,0.42,Natural gas H2 production,JKM-APAC,p,indexed,proxy,lng-japan,resolved,Natural gas H2 production,lng-japan
PFC-H2O2-35·APAC,PFC-H2O2-35,APAC,2,28,0.28,Industrial electricity anthraquinone,ELEC-APAC,d,indexed,direct,elec-cn,resolved,Industrial electricity anthraquinone,elec-cn
PFC-H2O2-35·APAC,PFC-H2O2-35,APAC,3,6,0.06,Process water,WATER-EU,p,indexed,proxy,water-eu,resolved,Process water,water-eu
PFC-H2O2-35·APAC,PFC-H2O2-35,APAC,4,12,0.12,Fixed costs LCI,LCI-APAC,d,indexed,direct,lci-apac,resolved,Fixed costs LCI,lci-apac
PFC-H2O2-35·APAC,PFC-H2O2-35,APAC,5,12,0.12,Supplier margin,fixed,f,fixed,,,fixed,Supplier margin,
PFC-H2O2-35·IN,PFC-H2O2-35,IN,1,42,0.42,Natural gas H2 production,GAS-IN,p,indexed,proxy,gas-india,resolved,Natural gas H2 production,gas-india
PFC-H2O2-35·IN,PFC-H2O2-35,IN,2,28,0.28,Industrial electricity anthraquinone,ELEC-IN,d,indexed,direct,elec-in,resolved,Industrial electricity anthraquinone,elec-in
PFC-H2O2-35·IN,PFC-H2O2-35,IN,3,6,0.06,Process water,WATER-EU,p,indexed,proxy,water-eu,resolved,Process water,water-eu
PFC-H2O2-35·IN,PFC-H2O2-35,IN,4,12,0.12,Fixed costs LCI,LCI-IN,d,indexed,direct,lci-in,resolved,Fixed costs LCI,lci-in
PFC-H2O2-35·IN,PFC-H2O2-35,IN,5,12,0.12,Supplier margin,fixed,f,fixed,,,fixed,Supplier margin,
PFC-H2O2-50·EU,PFC-H2O2-50,EU,1,43,0.43,Natural gas H2 production,TTF-EU,p,indexed,proxy,ttf-eu,resolved,Natural gas H2 production,ttf-eu
PFC-H2O2-50·EU,PFC-H2O2-50,EU,2,28,0.28,Industrial electricity,ELEC-EU,d,indexed,direct,elec-eu,resolved,Industrial electricity,elec-eu
PFC-H2O2-50·EU,PFC-H2O2-50,EU,3,5,0.05,Process water,WATER-EU,p,indexed,proxy,water-eu,resolved,Process water,water-eu
PFC-H2O2-50·EU,PFC-H2O2-50,EU,4,12,0.12,Fixed costs LCI,LCI-EU,d,indexed,direct,lci-eu,resolved,Fixed costs LCI,lci-eu
PFC-H2O2-50·EU,PFC-H2O2-50,EU,5,12,0.12,Supplier margin,fixed,f,fixed,,,fixed,Supplier margin,
PFC-H2O2-50·CN,PFC-H2O2-50,CN,1,43,0.43,Natural gas H2 production,NDRC-CN,p,indexed,proxy,gas-china,resolved,Natural gas H2 production,gas-china
PFC-H2O2-50·CN,PFC-H2O2-50,CN,2,28,0.28,Industrial electricity,ELEC-CN,d,indexed,direct,elec-cn,resolved,Industrial electricity,elec-cn
PFC-H2O2-50·CN,PFC-H2O2-50,CN,3,5,0.05,Process water,WATER-EU,p,indexed,proxy,water-eu,resolved,Process water,water-eu
PFC-H2O2-50·CN,PFC-H2O2-50,CN,4,12,0.12,Fixed costs LCI,LCI-CN,d,indexed,direct,lci-cn,resolved,Fixed costs LCI,lci-cn
PFC-H2O2-50·CN,PFC-H2O2-50,CN,5,12,0.12,Supplier margin,fixed,f,fixed,,,fixed,Supplier margin,
PFC-H2O2-50·NA,PFC-H2O2-50,NA,1,43,0.43,Natural gas H2 production,HH-NA,p,indexed,proxy,natgas-na,resolved,Natural gas H2 production,natgas-na
PFC-H2O2-50·NA,PFC-H2O2-50,NA,2,28,0.28,Industrial electricity,ELEC-NA,d,indexed,direct,elec-na,resolved,Industrial electricity,elec-na
PFC-H2O2-50·NA,PFC-H2O2-50,NA,3,5,0.05,Process water,WATER-EU,p,indexed,proxy,water-eu,resolved,Process water,water-eu
PFC-H2O2-50·NA,PFC-H2O2-50,NA,4,12,0.12,Fixed costs LCI,LCI-NA,d,indexed,direct,lci-na,resolved,Fixed costs LCI,lci-na
PFC-H2O2-50·NA,PFC-H2O2-50,NA,5,12,0.12,Supplier margin,fixed,f,fixed,,,fixed,Supplier margin,
PFC-H2O2-EG·EU,PFC-H2O2-EG,EU,1,30,0.3,Natural gas H2 production,TTF-EU,p,indexed,proxy,ttf-eu,resolved,Natural gas H2 production,ttf-eu
PFC-H2O2-EG·EU,PFC-H2O2-EG,EU,2,26,0.26,Industrial electricity,ELEC-EU,d,indexed,direct,elec-eu,resolved,Industrial electricity,elec-eu
PFC-H2O2-EG·EU,PFC-H2O2-EG,EU,3,10,0.1,Purification ultra-clean process fixed,fixed,f,fixed,,,fixed,Purification ultra-clean process fixed,
PFC-H2O2-EG·EU,PFC-H2O2-EG,EU,4,12,0.12,Fixed costs LCI,LCI-EU,d,indexed,direct,lci-eu,resolved,Fixed costs LCI,lci-eu
PFC-H2O2-EG·EU,PFC-H2O2-EG,EU,5,22,0.22,Supplier margin purity premium,fixed,f,fixed,,,fixed,Supplier margin purity premium,
PFC-H2O2-EG·CN,PFC-H2O2-EG,CN,1,30,0.3,Natural gas H2 production,NDRC-CN,p,indexed,proxy,gas-china,resolved,Natural gas H2 production,gas-china
PFC-H2O2-EG·CN,PFC-H2O2-EG,CN,2,26,0.26,Industrial electricity,ELEC-CN,d,indexed,direct,elec-cn,resolved,Industrial electricity,elec-cn
PFC-H2O2-EG·CN,PFC-H2O2-EG,CN,3,10,0.1,Purification ultra-clean process fixed,fixed,f,fixed,,,fixed,Purification ultra-clean process fixed,
PFC-H2O2-EG·CN,PFC-H2O2-EG,CN,4,12,0.12,Fixed costs LCI,LCI-CN,d,indexed,direct,lci-cn,resolved,Fixed costs LCI,lci-cn
PFC-H2O2-EG·CN,PFC-H2O2-EG,CN,5,22,0.22,Supplier margin purity premium,fixed,f,fixed,,,fixed,Supplier margin purity premium,
PFC-H2O2-EG·NA,PFC-H2O2-EG,NA,1,30,0.3,Natural gas H2 production,HH-NA,p,indexed,proxy,natgas-na,resolved,Natural gas H2 production,natgas-na
PFC-H2O2-EG·NA,PFC-H2O2-EG,NA,2,26,0.26,Industrial electricity,ELEC-NA,d,indexed,direct,elec-na,resolved,Industrial electricity,elec-na
PFC-H2O2-EG·NA,PFC-H2O2-EG,NA,3,10,0.1,Purification ultra-clean process fixed,fixed,f,fixed,,,fixed,Purification ultra-clean process fixed,
PFC-H2O2-EG·NA,PFC-H2O2-EG,NA,4,12,0.12,Fixed costs LCI,LCI-NA,d,indexed,direct,lci-na,resolved,Fixed costs LCI,lci-na
PFC-H2O2-EG·NA,PFC-H2O2-EG,NA,5,22,0.22,Supplier margin purity premium,fixed,f,fixed,,,fixed,Supplier margin purity premium,
PFC-DINP-LIQ·EU,PFC-DINP-LIQ,EU,1,32,0.32,Phthalic anhydride,PA-EU,d,indexed,direct,brent,resolved,Phthalic anhydride,brent
PFC-DINP-LIQ·EU,PFC-DINP-LIQ,EU,2,38,0.38,Isononanol 2-EH upstream,2EH-EU,d,indexed,direct,brent,resolved,Isononanol 2-EH upstream,brent
PFC-DINP-LIQ·EU,PFC-DINP-LIQ,EU,3,8,0.08,Industrial electricity,ELEC-EU,d,indexed,direct,elec-eu,resolved,Industrial electricity,elec-eu
PFC-DINP-LIQ·EU,PFC-DINP-LIQ,EU,4,11,0.11,Fixed costs LCI,LCI-EU,d,indexed,direct,lci-eu,resolved,Fixed costs LCI,lci-eu
PFC-DINP-LIQ·EU,PFC-DINP-LIQ,EU,5,11,0.11,Supplier margin,fixed,f,fixed,,,fixed,Supplier margin,
PFC-DINP-LIQ·CN,PFC-DINP-LIQ,CN,1,32,0.32,Phthalic anhydride,PA-EU,p,indexed,proxy,brent,resolved,Phthalic anhydride,brent
PFC-DINP-LIQ·CN,PFC-DINP-LIQ,CN,2,38,0.38,Isononanol 2-EH upstream,2EH-EU,p,indexed,proxy,brent,resolved,Isononanol 2-EH upstream,brent
PFC-DINP-LIQ·CN,PFC-DINP-LIQ,CN,3,8,0.08,Industrial electricity,ELEC-CN,d,indexed,direct,elec-cn,resolved,Industrial electricity,elec-cn
PFC-DINP-LIQ·CN,PFC-DINP-LIQ,CN,4,11,0.11,Fixed costs LCI,LCI-CN,d,indexed,direct,lci-cn,resolved,Fixed costs LCI,lci-cn
PFC-DINP-LIQ·CN,PFC-DINP-LIQ,CN,5,11,0.11,Supplier margin,fixed,f,fixed,,,fixed,Supplier margin,
PFC-DINP-LIQ·NA,PFC-DINP-LIQ,NA,1,32,0.32,Phthalic anhydride,PA-EU,p,indexed,proxy,brent,resolved,Phthalic anhydride,brent
PFC-DINP-LIQ·NA,PFC-DINP-LIQ,NA,2,38,0.38,Isononanol 2-EH upstream,2EH-EU,p,indexed,proxy,brent,resolved,Isononanol 2-EH upstream,brent
PFC-DINP-LIQ·NA,PFC-DINP-LIQ,NA,3,8,0.08,Industrial electricity,ELEC-NA,d,indexed,direct,elec-na,resolved,Industrial electricity,elec-na
PFC-DINP-LIQ·NA,PFC-DINP-LIQ,NA,4,11,0.11,Fixed costs LCI,LCI-NA,d,indexed,direct,lci-na,resolved,Fixed costs LCI,lci-na
PFC-DINP-LIQ·NA,PFC-DINP-LIQ,NA,5,11,0.11,Supplier margin,fixed,f,fixed,,,fixed,Supplier margin,
F21-AVOB-PWD·EU,F21-AVOB-PWD,EU,1,54,0.54,Benzene dibenzoylmethane route,BZ-EU,p,indexed,proxy,brent,resolved,Benzene dibenzoylmethane route,brent
F21-AVOB-PWD·EU,F21-AVOB-PWD,EU,2,8,0.08,Industrial electricity,ELEC-EU,d,indexed,direct,elec-eu,resolved,Industrial electricity,elec-eu
F21-AVOB-PWD·EU,F21-AVOB-PWD,EU,3,4,0.04,HDPE drum packaging,HDPE-EU,d,indexed,direct,brent,resolved,HDPE drum packaging,brent
F21-AVOB-PWD·EU,F21-AVOB-PWD,EU,4,10,0.1,Fixed costs LCI,LCI-EU,d,indexed,direct,lci-eu,resolved,Fixed costs LCI,lci-eu
F21-AVOB-PWD·EU,F21-AVOB-PWD,EU,5,24,0.24,Supplier margin,fixed,f,fixed,,,fixed,Supplier margin,
F21-AVOB-PWD·CN,F21-AVOB-PWD,CN,1,54,0.54,Benzene dibenzoylmethane route,BZ-CN,p,indexed,proxy,brent,resolved,Benzene dibenzoylmethane route,brent
F21-AVOB-PWD·CN,F21-AVOB-PWD,CN,2,8,0.08,Industrial electricity,ELEC-CN,d,indexed,direct,elec-cn,resolved,Industrial electricity,elec-cn
F21-AVOB-PWD·CN,F21-AVOB-PWD,CN,3,4,0.04,HDPE drum packaging,HDPE-CN,d,indexed,direct,brent,resolved,HDPE drum packaging,brent
F21-AVOB-PWD·CN,F21-AVOB-PWD,CN,4,10,0.1,Fixed costs LCI,LCI-CN,d,indexed,direct,lci-cn,resolved,Fixed costs LCI,lci-cn
F21-AVOB-PWD·CN,F21-AVOB-PWD,CN,5,24,0.24,Supplier margin,fixed,f,fixed,,,fixed,Supplier margin,
PIG-FEO-BLK·EU,PIG-FEO-BLK,EU,1,49,0.49,Iron scrap feedstock,FE-MB,d,indexed,direct,iron-scrap-na,resolved,Iron scrap feedstock,iron-scrap-na
PIG-FEO-BLK·EU,PIG-FEO-BLK,EU,2,22,0.22,Industrial electricity,ELEC-EU,d,indexed,direct,elec-eu,resolved,Industrial electricity,elec-eu
PIG-FEO-BLK·EU,PIG-FEO-BLK,EU,3,4,0.04,PP bag packaging,HDPE-EU,p,indexed,proxy,brent,resolved,PP bag packaging,brent
PIG-FEO-BLK·EU,PIG-FEO-BLK,EU,4,14,0.14,Fixed costs LCI,LCI-EU,d,indexed,direct,lci-eu,resolved,Fixed costs LCI,lci-eu
PIG-FEO-BLK·EU,PIG-FEO-BLK,EU,5,11,0.11,Supplier margin,fixed,f,fixed,,,fixed,Supplier margin,
PIG-FEO-BLK·CN,PIG-FEO-BLK,CN,1,49,0.49,Iron scrap feedstock,FE-MB-CN,d,indexed,direct,iron-scrap-na,resolved,Iron scrap feedstock,iron-scrap-na
PIG-FEO-BLK·CN,PIG-FEO-BLK,CN,2,22,0.22,Industrial electricity,ELEC-CN,d,indexed,direct,elec-cn,resolved,Industrial electricity,elec-cn
PIG-FEO-BLK·CN,PIG-FEO-BLK,CN,3,4,0.04,PP bag packaging,HDPE-CN,p,indexed,proxy,brent,resolved,PP bag packaging,brent
PIG-FEO-BLK·CN,PIG-FEO-BLK,CN,4,14,0.14,Fixed costs LCI,LCI-CN,d,indexed,direct,lci-cn,resolved,Fixed costs LCI,lci-cn
PIG-FEO-BLK·CN,PIG-FEO-BLK,CN,5,11,0.11,Supplier margin,fixed,f,fixed,,,fixed,Supplier margin,
PIG-FEO-BLK·NA,PIG-FEO-BLK,NA,1,49,0.49,Iron scrap feedstock,FE-MB-NA,d,indexed,direct,iron-scrap-na,resolved,Iron scrap feedstock,iron-scrap-na
PIG-FEO-BLK·NA,PIG-FEO-BLK,NA,2,22,0.22,Industrial electricity,ELEC-NA,d,indexed,direct,elec-na,resolved,Industrial electricity,elec-na
PIG-FEO-BLK·NA,PIG-FEO-BLK,NA,3,4,0.04,PP bag packaging,HDPE-NA,p,indexed,proxy,hdpe-na,resolved,PP bag packaging,hdpe-na
PIG-FEO-BLK·NA,PIG-FEO-BLK,NA,4,14,0.14,Fixed costs LCI,LCI-NA,d,indexed,direct,lci-na,resolved,Fixed costs LCI,lci-na
PIG-FEO-BLK·NA,PIG-FEO-BLK,NA,5,11,0.11,Supplier margin,fixed,f,fixed,,,fixed,Supplier margin,
PIG-FEO-RED·EU,PIG-FEO-RED,EU,1,38,0.38,Iron scrap feedstock,FE-MB,d,indexed,direct,iron-scrap-na,resolved,Iron scrap feedstock,iron-scrap-na
PIG-FEO-RED·EU,PIG-FEO-RED,EU,2,20,0.2,Industrial electricity calcination,ELEC-EU,d,indexed,direct,elec-eu,resolved,Industrial electricity calcination,elec-eu
PIG-FEO-RED·EU,PIG-FEO-RED,EU,3,10,0.1,Sulfuric acid processing,H2SO4-NWE,d,indexed,direct,sulfuric-acid-na,resolved,Sulfuric acid processing,sulfuric-acid-na
PIG-FEO-RED·EU,PIG-FEO-RED,EU,4,4,0.04,PP bag packaging,HDPE-EU,p,indexed,proxy,brent,resolved,PP bag packaging,brent
PIG-FEO-RED·EU,PIG-FEO-RED,EU,5,17,0.17,Fixed costs LCI,LCI-EU,d,indexed,direct,lci-eu,resolved,Fixed costs LCI,lci-eu
PIG-FEO-RED·EU,PIG-FEO-RED,EU,6,11,0.11,Supplier margin,fixed,f,fixed,,,fixed,Supplier margin,
PIG-FEO-RED·CN,PIG-FEO-RED,CN,1,38,0.38,Iron scrap feedstock,FE-MB-CN,d,indexed,direct,iron-scrap-na,resolved,Iron scrap feedstock,iron-scrap-na
PIG-FEO-RED·CN,PIG-FEO-RED,CN,2,20,0.2,Industrial electricity calcination,ELEC-CN,d,indexed,direct,elec-cn,resolved,Industrial electricity calcination,elec-cn
PIG-FEO-RED·CN,PIG-FEO-RED,CN,3,10,0.1,Sulfuric acid processing,H2SO4-CN,d,indexed,direct,sulfuric-acid-cn,resolved,Sulfuric acid processing,sulfuric-acid-cn
PIG-FEO-RED·CN,PIG-FEO-RED,CN,4,4,0.04,PP bag packaging,HDPE-CN,p,indexed,proxy,brent,resolved,PP bag packaging,brent
PIG-FEO-RED·CN,PIG-FEO-RED,CN,5,17,0.17,Fixed costs LCI,LCI-CN,d,indexed,direct,lci-cn,resolved,Fixed costs LCI,lci-cn
PIG-FEO-RED·CN,PIG-FEO-RED,CN,6,11,0.11,Supplier margin,fixed,f,fixed,,,fixed,Supplier margin,
PIG-FEO-RED·NA,PIG-FEO-RED,NA,1,38,0.38,Iron scrap feedstock,FE-MB-NA,d,indexed,direct,iron-scrap-na,resolved,Iron scrap feedstock,iron-scrap-na
PIG-FEO-RED·NA,PIG-FEO-RED,NA,2,20,0.2,Industrial electricity calcination,ELEC-NA,d,indexed,direct,elec-na,resolved,Industrial electricity calcination,elec-na
PIG-FEO-RED·NA,PIG-FEO-RED,NA,3,10,0.1,Sulfuric acid processing,H2SO4-NA,d,indexed,direct,sulfuric-acid-na,resolved,Sulfuric acid processing,sulfuric-acid-na
PIG-FEO-RED·NA,PIG-FEO-RED,NA,4,4,0.04,PP bag packaging,HDPE-NA,p,indexed,proxy,hdpe-na,resolved,PP bag packaging,hdpe-na
PIG-FEO-RED·NA,PIG-FEO-RED,NA,5,17,0.17,Fixed costs LCI,LCI-NA,d,indexed,direct,lci-na,resolved,Fixed costs LCI,lci-na
PIG-FEO-RED·NA,PIG-FEO-RED,NA,6,11,0.11,Supplier margin,fixed,f,fixed,,,fixed,Supplier margin,
PIG-FEO-RED·APAC,PIG-FEO-RED,APAC,1,38,0.38,Iron scrap feedstock,FE-MB-GLB,p,indexed,proxy,iron-scrap-na,resolved,Iron scrap feedstock,iron-scrap-na
PIG-FEO-RED·APAC,PIG-FEO-RED,APAC,2,20,0.2,Industrial electricity calcination,ELEC-APAC,d,indexed,direct,elec-cn,resolved,Industrial electricity calcination,elec-cn
PIG-FEO-RED·APAC,PIG-FEO-RED,APAC,3,10,0.1,Sulfuric acid processing,H2SO4-ASIA,p,indexed,proxy,sulfuric-acid-cn,resolved,Sulfuric acid processing,sulfuric-acid-cn
PIG-FEO-RED·APAC,PIG-FEO-RED,APAC,4,4,0.04,PP bag packaging,HDPE-ASIA,p,indexed,proxy,brent,resolved,PP bag packaging,brent
PIG-FEO-RED·APAC,PIG-FEO-RED,APAC,5,17,0.17,Fixed costs LCI,LCI-APAC,d,indexed,direct,lci-apac,resolved,Fixed costs LCI,lci-apac
PIG-FEO-RED·APAC,PIG-FEO-RED,APAC,6,11,0.11,Supplier margin,fixed,f,fixed,,,fixed,Supplier margin,
PIG-FEO-RED·IN,PIG-FEO-RED,IN,1,38,0.38,Iron scrap feedstock,FE-MB-IN,d,indexed,direct,iron-scrap-na,resolved,Iron scrap feedstock,iron-scrap-na
PIG-FEO-RED·IN,PIG-FEO-RED,IN,2,20,0.2,Industrial electricity calcination,ELEC-IN,d,indexed,direct,elec-in,resolved,Industrial electricity calcination,elec-in
PIG-FEO-RED·IN,PIG-FEO-RED,IN,3,10,0.1,Sulfuric acid processing,H2SO4-IN,d,indexed,direct,sulfuric-acid-na,resolved,Sulfuric acid processing,sulfuric-acid-na
PIG-FEO-RED·IN,PIG-FEO-RED,IN,4,4,0.04,PP bag packaging,HDPE-ASIA,p,indexed,proxy,brent,resolved,PP bag packaging,brent
PIG-FEO-RED·IN,PIG-FEO-RED,IN,5,17,0.17,Fixed costs LCI,LCI-IN,d,indexed,direct,lci-in,resolved,Fixed costs LCI,lci-in
PIG-FEO-RED·IN,PIG-FEO-RED,IN,6,11,0.11,Supplier margin,fixed,f,fixed,,,fixed,Supplier margin,
PIG-FEO-YEL·EU,PIG-FEO-YEL,EU,1,36,0.36,Iron scrap feedstock,FE-MB,d,indexed,direct,iron-scrap-na,resolved,Iron scrap feedstock,iron-scrap-na
PIG-FEO-YEL·EU,PIG-FEO-YEL,EU,2,22,0.22,Industrial electricity,ELEC-EU,d,indexed,direct,elec-eu,resolved,Industrial electricity,elec-eu
PIG-FEO-YEL·EU,PIG-FEO-YEL,EU,3,10,0.1,Sulfuric acid,H2SO4-NWE,d,indexed,direct,sulfuric-acid-na,resolved,Sulfuric acid,sulfuric-acid-na
PIG-FEO-YEL·EU,PIG-FEO-YEL,EU,4,4,0.04,PP bag packaging,HDPE-EU,p,indexed,proxy,brent,resolved,PP bag packaging,brent
PIG-FEO-YEL·EU,PIG-FEO-YEL,EU,5,15,0.15,Fixed costs LCI,LCI-EU,d,indexed,direct,lci-eu,resolved,Fixed costs LCI,lci-eu
PIG-FEO-YEL·EU,PIG-FEO-YEL,EU,6,13,0.13,Supplier margin,fixed,f,fixed,,,fixed,Supplier margin,
PIG-FEO-YEL·CN,PIG-FEO-YEL,CN,1,36,0.36,Iron scrap feedstock,FE-MB-CN,d,indexed,direct,iron-scrap-na,resolved,Iron scrap feedstock,iron-scrap-na
PIG-FEO-YEL·CN,PIG-FEO-YEL,CN,2,22,0.22,Industrial electricity,ELEC-CN,d,indexed,direct,elec-cn,resolved,Industrial electricity,elec-cn
PIG-FEO-YEL·CN,PIG-FEO-YEL,CN,3,10,0.1,Sulfuric acid,H2SO4-CN,d,indexed,direct,sulfuric-acid-cn,resolved,Sulfuric acid,sulfuric-acid-cn
PIG-FEO-YEL·CN,PIG-FEO-YEL,CN,4,4,0.04,PP bag packaging,HDPE-CN,p,indexed,proxy,brent,resolved,PP bag packaging,brent
PIG-FEO-YEL·CN,PIG-FEO-YEL,CN,5,15,0.15,Fixed costs LCI,LCI-CN,d,indexed,direct,lci-cn,resolved,Fixed costs LCI,lci-cn
PIG-FEO-YEL·CN,PIG-FEO-YEL,CN,6,13,0.13,Supplier margin,fixed,f,fixed,,,fixed,Supplier margin,
PIG-FEO-YEL·NA,PIG-FEO-YEL,NA,1,36,0.36,Iron scrap feedstock,FE-MB-NA,d,indexed,direct,iron-scrap-na,resolved,Iron scrap feedstock,iron-scrap-na
PIG-FEO-YEL·NA,PIG-FEO-YEL,NA,2,22,0.22,Industrial electricity,ELEC-NA,d,indexed,direct,elec-na,resolved,Industrial electricity,elec-na
PIG-FEO-YEL·NA,PIG-FEO-YEL,NA,3,10,0.1,Sulfuric acid,H2SO4-NA,d,indexed,direct,sulfuric-acid-na,resolved,Sulfuric acid,sulfuric-acid-na
PIG-FEO-YEL·NA,PIG-FEO-YEL,NA,4,4,0.04,PP bag packaging,HDPE-NA,p,indexed,proxy,hdpe-na,resolved,PP bag packaging,hdpe-na
PIG-FEO-YEL·NA,PIG-FEO-YEL,NA,5,15,0.15,Fixed costs LCI,LCI-NA,d,indexed,direct,lci-na,resolved,Fixed costs LCI,lci-na
PIG-FEO-YEL·NA,PIG-FEO-YEL,NA,6,13,0.13,Supplier margin,fixed,f,fixed,,,fixed,Supplier margin,
PIG-PC-BLU·EU,PIG-PC-BLU,EU,1,38,0.38,Phthalic anhydride,PA-EU,d,indexed,direct,brent,resolved,Phthalic anhydride,brent
PIG-PC-BLU·EU,PIG-PC-BLU,EU,2,16,0.16,Chlorine halogenation,CL2-EU,d,indexed,direct,elec-eu,resolved,Chlorine halogenation,elec-eu
PIG-PC-BLU·EU,PIG-PC-BLU,EU,3,4,0.04,Copper catalyst small qty,fixed,f,fixed,,,fixed,Copper catalyst small qty,
PIG-PC-BLU·EU,PIG-PC-BLU,EU,4,10,0.1,Industrial electricity,ELEC-EU,d,indexed,direct,elec-eu,resolved,Industrial electricity,elec-eu
PIG-PC-BLU·EU,PIG-PC-BLU,EU,5,4,0.04,HDPE bag packaging,HDPE-EU,d,indexed,direct,brent,resolved,HDPE bag packaging,brent
PIG-PC-BLU·EU,PIG-PC-BLU,EU,6,12,0.12,Fixed costs LCI,LCI-EU,d,indexed,direct,lci-eu,resolved,Fixed costs LCI,lci-eu
PIG-PC-BLU·EU,PIG-PC-BLU,EU,7,16,0.16,Supplier margin,fixed,f,fixed,,,fixed,Supplier margin,
PIG-PC-BLU·CN,PIG-PC-BLU,CN,1,38,0.38,Phthalic anhydride,PA-EU,p,indexed,proxy,brent,resolved,Phthalic anhydride,brent
PIG-PC-BLU·CN,PIG-PC-BLU,CN,2,16,0.16,Chlorine halogenation,CL2-CN,d,indexed,direct,elec-cn,resolved,Chlorine halogenation,elec-cn
PIG-PC-BLU·CN,PIG-PC-BLU,CN,3,4,0.04,Copper catalyst small qty,fixed,f,fixed,,,fixed,Copper catalyst small qty,
PIG-PC-BLU·CN,PIG-PC-BLU,CN,4,10,0.1,Industrial electricity,ELEC-CN,d,indexed,direct,elec-cn,resolved,Industrial electricity,elec-cn
PIG-PC-BLU·CN,PIG-PC-BLU,CN,5,4,0.04,HDPE bag packaging,HDPE-CN,d,indexed,direct,brent,resolved,HDPE bag packaging,brent
PIG-PC-BLU·CN,PIG-PC-BLU,CN,6,12,0.12,Fixed costs LCI,LCI-CN,d,indexed,direct,lci-cn,resolved,Fixed costs LCI,lci-cn
PIG-PC-BLU·CN,PIG-PC-BLU,CN,7,16,0.16,Supplier margin,fixed,f,fixed,,,fixed,Supplier margin,
PIG-PC-BLU·NA,PIG-PC-BLU,NA,1,38,0.38,Phthalic anhydride,PA-EU,p,indexed,proxy,brent,resolved,Phthalic anhydride,brent
PIG-PC-BLU·NA,PIG-PC-BLU,NA,2,16,0.16,Chlorine halogenation,CL2-NA,d,indexed,direct,caustic-soda-na,resolved,Chlorine halogenation,caustic-soda-na
PIG-PC-BLU·NA,PIG-PC-BLU,NA,3,4,0.04,Copper catalyst small qty,fixed,f,fixed,,,fixed,Copper catalyst small qty,
PIG-PC-BLU·NA,PIG-PC-BLU,NA,4,10,0.1,Industrial electricity,ELEC-NA,d,indexed,direct,elec-na,resolved,Industrial electricity,elec-na
PIG-PC-BLU·NA,PIG-PC-BLU,NA,5,4,0.04,HDPE bag packaging,HDPE-NA,d,indexed,direct,hdpe-na,resolved,HDPE bag packaging,hdpe-na
PIG-PC-BLU·NA,PIG-PC-BLU,NA,6,12,0.12,Fixed costs LCI,LCI-NA,d,indexed,direct,lci-na,resolved,Fixed costs LCI,lci-na
PIG-PC-BLU·NA,PIG-PC-BLU,NA,7,16,0.16,Supplier margin,fixed,f,fixed,,,fixed,Supplier margin,
PIG-TIO2-CHL·EU,PIG-TIO2-CHL,EU,1,30,0.3,Rutile ore feedstock,RUT-MB,p,indexed,proxy,rutile,no_series,Rutile ore feedstock,
PIG-TIO2-CHL·EU,PIG-TIO2-CHL,EU,2,20,0.2,Chlorine,CL2-EU,d,indexed,direct,elec-eu,resolved,Chlorine,elec-eu
PIG-TIO2-CHL·EU,PIG-TIO2-CHL,EU,3,14,0.14,Industrial electricity,ELEC-EU,d,indexed,direct,elec-eu,resolved,Industrial electricity,elec-eu
PIG-TIO2-CHL·EU,PIG-TIO2-CHL,EU,4,6,0.06,Natural gas,TTF-EU,d,indexed,direct,ttf-eu,resolved,Natural gas,ttf-eu
PIG-TIO2-CHL·EU,PIG-TIO2-CHL,EU,5,3,0.03,PP bag packaging,HDPE-EU,p,indexed,proxy,brent,resolved,PP bag packaging,brent
PIG-TIO2-CHL·EU,PIG-TIO2-CHL,EU,6,12,0.12,Fixed costs LCI,LCI-EU,d,indexed,direct,lci-eu,resolved,Fixed costs LCI,lci-eu
PIG-TIO2-CHL·EU,PIG-TIO2-CHL,EU,7,15,0.15,Supplier margin,fixed,f,fixed,,,fixed,Supplier margin,
PIG-TIO2-CHL·NA,PIG-TIO2-CHL,NA,1,30,0.3,Rutile ore feedstock,RUT-MB,p,indexed,proxy,rutile,no_series,Rutile ore feedstock,
PIG-TIO2-CHL·NA,PIG-TIO2-CHL,NA,2,20,0.2,Chlorine,CL2-NA,d,indexed,direct,caustic-soda-na,resolved,Chlorine,caustic-soda-na
PIG-TIO2-CHL·NA,PIG-TIO2-CHL,NA,3,14,0.14,Industrial electricity,ELEC-NA,d,indexed,direct,elec-na,resolved,Industrial electricity,elec-na
PIG-TIO2-CHL·NA,PIG-TIO2-CHL,NA,4,6,0.06,Natural gas,HH-NA,d,indexed,direct,natgas-na,resolved,Natural gas,natgas-na
PIG-TIO2-CHL·NA,PIG-TIO2-CHL,NA,5,3,0.03,PP bag packaging,HDPE-NA,p,indexed,proxy,hdpe-na,resolved,PP bag packaging,hdpe-na
PIG-TIO2-CHL·NA,PIG-TIO2-CHL,NA,6,12,0.12,Fixed costs LCI,LCI-NA,d,indexed,direct,lci-na,resolved,Fixed costs LCI,lci-na
PIG-TIO2-CHL·NA,PIG-TIO2-CHL,NA,7,15,0.15,Supplier margin,fixed,f,fixed,,,fixed,Supplier margin,
PIG-TIO2-SUL·EU,PIG-TIO2-SUL,EU,1,32,0.32,Ilmenite ore feedstock,ILM-MB,p,indexed,proxy,ilmenite,no_series,Ilmenite ore feedstock,
PIG-TIO2-SUL·EU,PIG-TIO2-SUL,EU,2,18,0.18,Sulfuric acid H2SO4,H2SO4-NWE,d,indexed,direct,sulfuric-acid-na,resolved,Sulfuric acid H2SO4,sulfuric-acid-na
PIG-TIO2-SUL·EU,PIG-TIO2-SUL,EU,3,14,0.14,Industrial electricity,ELEC-EU,d,indexed,direct,elec-eu,resolved,Industrial electricity,elec-eu
PIG-TIO2-SUL·EU,PIG-TIO2-SUL,EU,4,6,0.06,Natural gas calcination,TTF-EU,p,indexed,proxy,ttf-eu,resolved,Natural gas calcination,ttf-eu
PIG-TIO2-SUL·EU,PIG-TIO2-SUL,EU,5,3,0.03,PP bag packaging,HDPE-EU,p,indexed,proxy,brent,resolved,PP bag packaging,brent
PIG-TIO2-SUL·EU,PIG-TIO2-SUL,EU,6,14,0.14,Fixed costs LCI,LCI-EU,d,indexed,direct,lci-eu,resolved,Fixed costs LCI,lci-eu
PIG-TIO2-SUL·EU,PIG-TIO2-SUL,EU,7,13,0.13,Supplier margin,fixed,f,fixed,,,fixed,Supplier margin,
PIG-TIO2-SUL·CN,PIG-TIO2-SUL,CN,1,32,0.32,Ilmenite ore feedstock,ILM-MB,p,indexed,proxy,ilmenite,no_series,Ilmenite ore feedstock,
PIG-TIO2-SUL·CN,PIG-TIO2-SUL,CN,2,18,0.18,Sulfuric acid H2SO4,H2SO4-CN,d,indexed,direct,sulfuric-acid-cn,resolved,Sulfuric acid H2SO4,sulfuric-acid-cn
PIG-TIO2-SUL·CN,PIG-TIO2-SUL,CN,3,14,0.14,Industrial electricity,ELEC-CN,d,indexed,direct,elec-cn,resolved,Industrial electricity,elec-cn
PIG-TIO2-SUL·CN,PIG-TIO2-SUL,CN,4,6,0.06,Natural gas calcination,NDRC-CN,p,indexed,proxy,gas-china,resolved,Natural gas calcination,gas-china
PIG-TIO2-SUL·CN,PIG-TIO2-SUL,CN,5,3,0.03,PP bag packaging,HDPE-CN,p,indexed,proxy,brent,resolved,PP bag packaging,brent
PIG-TIO2-SUL·CN,PIG-TIO2-SUL,CN,6,14,0.14,Fixed costs LCI,LCI-CN,d,indexed,direct,lci-cn,resolved,Fixed costs LCI,lci-cn
PIG-TIO2-SUL·CN,PIG-TIO2-SUL,CN,7,13,0.13,Supplier margin,fixed,f,fixed,,,fixed,Supplier margin,
PIG-TIO2-SUL·NA,PIG-TIO2-SUL,NA,1,32,0.32,Ilmenite ore feedstock,ILM-MB,p,indexed,proxy,ilmenite,no_series,Ilmenite ore feedstock,
PIG-TIO2-SUL·NA,PIG-TIO2-SUL,NA,2,18,0.18,Sulfuric acid H2SO4,H2SO4-NA,d,indexed,direct,sulfuric-acid-na,resolved,Sulfuric acid H2SO4,sulfuric-acid-na
PIG-TIO2-SUL·NA,PIG-TIO2-SUL,NA,3,14,0.14,Industrial electricity,ELEC-NA,d,indexed,direct,elec-na,resolved,Industrial electricity,elec-na
PIG-TIO2-SUL·NA,PIG-TIO2-SUL,NA,4,6,0.06,Natural gas calcination,HH-NA,p,indexed,proxy,natgas-na,resolved,Natural gas calcination,natgas-na
PIG-TIO2-SUL·NA,PIG-TIO2-SUL,NA,5,3,0.03,PP bag packaging,HDPE-NA,p,indexed,proxy,hdpe-na,resolved,PP bag packaging,hdpe-na
PIG-TIO2-SUL·NA,PIG-TIO2-SUL,NA,6,14,0.14,Fixed costs LCI,LCI-NA,d,indexed,direct,lci-na,resolved,Fixed costs LCI,lci-na
PIG-TIO2-SUL·NA,PIG-TIO2-SUL,NA,7,13,0.13,Supplier margin,fixed,f,fixed,,,fixed,Supplier margin,
PIG-TIO2-SUL·APAC,PIG-TIO2-SUL,APAC,1,32,0.32,Ilmenite ore feedstock,ILM-MB,p,indexed,proxy,ilmenite,no_series,Ilmenite ore feedstock,
PIG-TIO2-SUL·APAC,PIG-TIO2-SUL,APAC,2,18,0.18,Sulfuric acid H2SO4,H2SO4-ASIA,p,indexed,proxy,sulfuric-acid-cn,resolved,Sulfuric acid H2SO4,sulfuric-acid-cn
PIG-TIO2-SUL·APAC,PIG-TIO2-SUL,APAC,3,14,0.14,Industrial electricity,ELEC-APAC,d,indexed,direct,elec-cn,resolved,Industrial electricity,elec-cn
PIG-TIO2-SUL·APAC,PIG-TIO2-SUL,APAC,4,6,0.06,Natural gas calcination,JKM-APAC,p,indexed,proxy,lng-japan,resolved,Natural gas calcination,lng-japan
PIG-TIO2-SUL·APAC,PIG-TIO2-SUL,APAC,5,3,0.03,PP bag packaging,HDPE-ASIA,p,indexed,proxy,brent,resolved,PP bag packaging,brent
PIG-TIO2-SUL·APAC,PIG-TIO2-SUL,APAC,6,14,0.14,Fixed costs LCI,LCI-APAC,d,indexed,direct,lci-apac,resolved,Fixed costs LCI,lci-apac
PIG-TIO2-SUL·APAC,PIG-TIO2-SUL,APAC,7,13,0.13,Supplier margin,fixed,f,fixed,,,fixed,Supplier margin,
PIG-TIO2-SUL·IN,PIG-TIO2-SUL,IN,1,32,0.32,Ilmenite ore feedstock,ILM-MB,p,indexed,proxy,ilmenite,no_series,Ilmenite ore feedstock,
PIG-TIO2-SUL·IN,PIG-TIO2-SUL,IN,2,18,0.18,Sulfuric acid H2SO4,H2SO4-IN,d,indexed,direct,sulfuric-acid-na,resolved,Sulfuric acid H2SO4,sulfuric-acid-na
PIG-TIO2-SUL·IN,PIG-TIO2-SUL,IN,3,14,0.14,Industrial electricity,ELEC-IN,d,indexed,direct,elec-in,resolved,Industrial electricity,elec-in
PIG-TIO2-SUL·IN,PIG-TIO2-SUL,IN,4,6,0.06,Natural gas calcination,GAS-IN,p,indexed,proxy,gas-india,resolved,Natural gas calcination,gas-india
PIG-TIO2-SUL·IN,PIG-TIO2-SUL,IN,5,3,0.03,PP bag packaging,HDPE-ASIA,p,indexed,proxy,brent,resolved,PP bag packaging,brent
PIG-TIO2-SUL·IN,PIG-TIO2-SUL,IN,6,14,0.14,Fixed costs LCI,LCI-IN,d,indexed,direct,lci-in,resolved,Fixed costs LCI,lci-in
PIG-TIO2-SUL·IN,PIG-TIO2-SUL,IN,7,13,0.13,Supplier margin,fixed,f,fixed,,,fixed,Supplier margin,
PIG-CB-PEL·EU,PIG-CB-PEL,EU,1,60,0.6,Carbon black feedstock CBFS,CBFS-EU,d,indexed,direct,brent,resolved,Carbon black feedstock CBFS,brent
PIG-CB-PEL·EU,PIG-CB-PEL,EU,2,10,0.1,Natural gas furnace fuel,TTF-EU,d,indexed,direct,ttf-eu,resolved,Natural gas furnace fuel,ttf-eu
PIG-CB-PEL·EU,PIG-CB-PEL,EU,3,8,0.08,Industrial electricity,ELEC-EU,d,indexed,direct,elec-eu,resolved,Industrial electricity,elec-eu
PIG-CB-PEL·EU,PIG-CB-PEL,EU,4,11,0.11,Fixed costs LCI,LCI-EU,d,indexed,direct,lci-eu,resolved,Fixed costs LCI,lci-eu
PIG-CB-PEL·EU,PIG-CB-PEL,EU,5,11,0.11,Supplier margin,fixed,f,fixed,,,fixed,Supplier margin,
PIG-CB-PEL·CN,PIG-CB-PEL,CN,1,60,0.6,Carbon black feedstock CBFS,CBFS-CN,d,indexed,direct,brent,resolved,Carbon black feedstock CBFS,brent
PIG-CB-PEL·CN,PIG-CB-PEL,CN,2,10,0.1,Natural gas furnace fuel,NDRC-CN,d,indexed,direct,gas-china,resolved,Natural gas furnace fuel,gas-china
PIG-CB-PEL·CN,PIG-CB-PEL,CN,3,8,0.08,Industrial electricity,ELEC-CN,d,indexed,direct,elec-cn,resolved,Industrial electricity,elec-cn
PIG-CB-PEL·CN,PIG-CB-PEL,CN,4,11,0.11,Fixed costs LCI,LCI-CN,d,indexed,direct,lci-cn,resolved,Fixed costs LCI,lci-cn
PIG-CB-PEL·CN,PIG-CB-PEL,CN,5,11,0.11,Supplier margin,fixed,f,fixed,,,fixed,Supplier margin,
PIG-CB-PEL·NA,PIG-CB-PEL,NA,1,60,0.6,Carbon black feedstock CBFS,CBFS-NA,d,indexed,direct,brent,resolved,Carbon black feedstock CBFS,brent
PIG-CB-PEL·NA,PIG-CB-PEL,NA,2,10,0.1,Natural gas furnace fuel,HH-NA,d,indexed,direct,natgas-na,resolved,Natural gas furnace fuel,natgas-na
PIG-CB-PEL·NA,PIG-CB-PEL,NA,3,8,0.08,Industrial electricity,ELEC-NA,d,indexed,direct,elec-na,resolved,Industrial electricity,elec-na
PIG-CB-PEL·NA,PIG-CB-PEL,NA,4,11,0.11,Fixed costs LCI,LCI-NA,d,indexed,direct,lci-na,resolved,Fixed costs LCI,lci-na
PIG-CB-PEL·NA,PIG-CB-PEL,NA,5,11,0.11,Supplier margin,fixed,f,fixed,,,fixed,Supplier margin,
PIG-CB-PEL·APAC,PIG-CB-PEL,APAC,1,60,0.6,Carbon black feedstock CBFS,CBFS-ASIA,d,indexed,direct,brent,resolved,Carbon black feedstock CBFS,brent
PIG-CB-PEL·APAC,PIG-CB-PEL,APAC,2,10,0.1,Natural gas furnace fuel,JKM-APAC,d,indexed,direct,lng-japan,resolved,Natural gas furnace fuel,lng-japan
PIG-CB-PEL·APAC,PIG-CB-PEL,APAC,3,8,0.08,Industrial electricity,ELEC-APAC,d,indexed,direct,elec-cn,resolved,Industrial electricity,elec-cn
PIG-CB-PEL·APAC,PIG-CB-PEL,APAC,4,11,0.11,Fixed costs LCI,LCI-APAC,d,indexed,direct,lci-apac,resolved,Fixed costs LCI,lci-apac
PIG-CB-PEL·APAC,PIG-CB-PEL,APAC,5,11,0.11,Supplier margin,fixed,f,fixed,,,fixed,Supplier margin,
PIG-ZNO-PWD·EU,PIG-ZNO-PWD,EU,1,62,0.62,Zinc metal LME,ZN-LME,d,indexed,direct,zinc,resolved,Zinc metal LME,zinc
PIG-ZNO-PWD·EU,PIG-ZNO-PWD,EU,2,12,0.12,Industrial electricity,ELEC-EU,d,indexed,direct,elec-eu,resolved,Industrial electricity,elec-eu
PIG-ZNO-PWD·EU,PIG-ZNO-PWD,EU,3,4,0.04,HDPE bag packaging,HDPE-EU,d,indexed,direct,brent,resolved,HDPE bag packaging,brent
PIG-ZNO-PWD·EU,PIG-ZNO-PWD,EU,4,10,0.1,Fixed costs LCI,LCI-EU,d,indexed,direct,lci-eu,resolved,Fixed costs LCI,lci-eu
PIG-ZNO-PWD·EU,PIG-ZNO-PWD,EU,5,12,0.12,Supplier margin,fixed,f,fixed,,,fixed,Supplier margin,
PIG-ZNO-PWD·CN,PIG-ZNO-PWD,CN,1,62,0.62,Zinc metal LME,ZN-LME,d,indexed,direct,zinc,resolved,Zinc metal LME,zinc
PIG-ZNO-PWD·CN,PIG-ZNO-PWD,CN,2,12,0.12,Industrial electricity,ELEC-CN,d,indexed,direct,elec-cn,resolved,Industrial electricity,elec-cn
PIG-ZNO-PWD·CN,PIG-ZNO-PWD,CN,3,4,0.04,HDPE bag packaging,HDPE-CN,d,indexed,direct,brent,resolved,HDPE bag packaging,brent
PIG-ZNO-PWD·CN,PIG-ZNO-PWD,CN,4,10,0.1,Fixed costs LCI,LCI-CN,d,indexed,direct,lci-cn,resolved,Fixed costs LCI,lci-cn
PIG-ZNO-PWD·CN,PIG-ZNO-PWD,CN,5,12,0.12,Supplier margin,fixed,f,fixed,,,fixed,Supplier margin,
PIG-ZNO-PWD·NA,PIG-ZNO-PWD,NA,1,62,0.62,Zinc metal LME,ZN-LME,d,indexed,direct,zinc,resolved,Zinc metal LME,zinc
PIG-ZNO-PWD·NA,PIG-ZNO-PWD,NA,2,12,0.12,Industrial electricity,ELEC-NA,d,indexed,direct,elec-na,resolved,Industrial electricity,elec-na
PIG-ZNO-PWD·NA,PIG-ZNO-PWD,NA,3,4,0.04,HDPE bag packaging,HDPE-NA,d,indexed,direct,hdpe-na,resolved,HDPE bag packaging,hdpe-na
PIG-ZNO-PWD·NA,PIG-ZNO-PWD,NA,4,10,0.1,Fixed costs LCI,LCI-NA,d,indexed,direct,lci-na,resolved,Fixed costs LCI,lci-na
PIG-ZNO-PWD·NA,PIG-ZNO-PWD,NA,5,12,0.12,Supplier margin,fixed,f,fixed,,,fixed,Supplier margin,
PIG-ZNO-PWD·APAC,PIG-ZNO-PWD,APAC,1,62,0.62,Zinc metal LME,ZN-LME,d,indexed,direct,zinc,resolved,Zinc metal LME,zinc
PIG-ZNO-PWD·APAC,PIG-ZNO-PWD,APAC,2,12,0.12,Industrial electricity,ELEC-APAC,d,indexed,direct,elec-cn,resolved,Industrial electricity,elec-cn
PIG-ZNO-PWD·APAC,PIG-ZNO-PWD,APAC,3,4,0.04,HDPE bag packaging,HDPE-ASIA,p,indexed,proxy,brent,resolved,HDPE bag packaging,brent
PIG-ZNO-PWD·APAC,PIG-ZNO-PWD,APAC,4,10,0.1,Fixed costs LCI,LCI-APAC,d,indexed,direct,lci-apac,resolved,Fixed costs LCI,lci-apac
PIG-ZNO-PWD·APAC,PIG-ZNO-PWD,APAC,5,12,0.12,Supplier margin,fixed,f,fixed,,,fixed,Supplier margin,
PIG-ZNO-PWD·IN,PIG-ZNO-PWD,IN,1,62,0.62,Zinc metal LME,ZN-LME,d,indexed,direct,zinc,resolved,Zinc metal LME,zinc
PIG-ZNO-PWD·IN,PIG-ZNO-PWD,IN,2,12,0.12,Industrial electricity,ELEC-IN,d,indexed,direct,elec-in,resolved,Industrial electricity,elec-in
PIG-ZNO-PWD·IN,PIG-ZNO-PWD,IN,3,4,0.04,HDPE bag packaging,HDPE-ASIA,p,indexed,proxy,brent,resolved,HDPE bag packaging,brent
PIG-ZNO-PWD·IN,PIG-ZNO-PWD,IN,4,10,0.1,Fixed costs LCI,LCI-IN,d,indexed,direct,lci-in,resolved,Fixed costs LCI,lci-in
PIG-ZNO-PWD·IN,PIG-ZNO-PWD,IN,5,12,0.12,Supplier margin,fixed,f,fixed,,,fixed,Supplier margin,
BCI-NA2CO3-PWD·EU,BCI-NA2CO3-PWD,EU,1,50,0.5,Natural gas Solvay process/trona,TTF-EU,d,indexed,direct,ttf-eu,resolved,Natural gas Solvay process/trona,ttf-eu
BCI-NA2CO3-PWD·EU,BCI-NA2CO3-PWD,EU,2,16,0.16,Industrial electricity,ELEC-EU,d,indexed,direct,elec-eu,resolved,Industrial electricity,elec-eu
BCI-NA2CO3-PWD·EU,BCI-NA2CO3-PWD,EU,3,10,0.1,Salt limestone fixed,fixed,f,fixed,,,fixed,Salt limestone fixed,
BCI-NA2CO3-PWD·EU,BCI-NA2CO3-PWD,EU,4,4,0.04,HDPE bag packaging,HDPE-EU,d,indexed,direct,brent,resolved,HDPE bag packaging,brent
BCI-NA2CO3-PWD·EU,BCI-NA2CO3-PWD,EU,5,10,0.1,Fixed costs LCI,LCI-EU,d,indexed,direct,lci-eu,resolved,Fixed costs LCI,lci-eu
BCI-NA2CO3-PWD·EU,BCI-NA2CO3-PWD,EU,6,10,0.1,Supplier margin,fixed,f,fixed,,,fixed,Supplier margin,
BCI-NA2CO3-PWD·CN,BCI-NA2CO3-PWD,CN,1,50,0.5,Natural gas Solvay process/trona,NDRC-CN,d,indexed,direct,gas-china,resolved,Natural gas Solvay process/trona,gas-china
BCI-NA2CO3-PWD·CN,BCI-NA2CO3-PWD,CN,2,16,0.16,Industrial electricity,ELEC-CN,d,indexed,direct,elec-cn,resolved,Industrial electricity,elec-cn
BCI-NA2CO3-PWD·CN,BCI-NA2CO3-PWD,CN,3,10,0.1,Salt limestone fixed,fixed,f,fixed,,,fixed,Salt limestone fixed,
BCI-NA2CO3-PWD·CN,BCI-NA2CO3-PWD,CN,4,4,0.04,HDPE bag packaging,HDPE-CN,d,indexed,direct,brent,resolved,HDPE bag packaging,brent
BCI-NA2CO3-PWD·CN,BCI-NA2CO3-PWD,CN,5,10,0.1,Fixed costs LCI,LCI-CN,d,indexed,direct,lci-cn,resolved,Fixed costs LCI,lci-cn
BCI-NA2CO3-PWD·CN,BCI-NA2CO3-PWD,CN,6,10,0.1,Supplier margin,fixed,f,fixed,,,fixed,Supplier margin,
BCI-NA2CO3-PWD·NA,BCI-NA2CO3-PWD,NA,1,50,0.5,Natural gas Solvay process/trona,HH-NA,d,indexed,direct,natgas-na,resolved,Natural gas Solvay process/trona,natgas-na
BCI-NA2CO3-PWD·NA,BCI-NA2CO3-PWD,NA,2,16,0.16,Industrial electricity,ELEC-NA,d,indexed,direct,elec-na,resolved,Industrial electricity,elec-na
BCI-NA2CO3-PWD·NA,BCI-NA2CO3-PWD,NA,3,10,0.1,Salt limestone fixed,fixed,f,fixed,,,fixed,Salt limestone fixed,
BCI-NA2CO3-PWD·NA,BCI-NA2CO3-PWD,NA,4,4,0.04,HDPE bag packaging,HDPE-NA,d,indexed,direct,hdpe-na,resolved,HDPE bag packaging,hdpe-na
BCI-NA2CO3-PWD·NA,BCI-NA2CO3-PWD,NA,5,10,0.1,Fixed costs LCI,LCI-NA,d,indexed,direct,lci-na,resolved,Fixed costs LCI,lci-na
BCI-NA2CO3-PWD·NA,BCI-NA2CO3-PWD,NA,6,10,0.1,Supplier margin,fixed,f,fixed,,,fixed,Supplier margin,
BCI-NA2CO3-PWD·APAC,BCI-NA2CO3-PWD,APAC,1,50,0.5,Natural gas Solvay process/trona,JKM-APAC,d,indexed,direct,lng-japan,resolved,Natural gas Solvay process/trona,lng-japan
BCI-NA2CO3-PWD·APAC,BCI-NA2CO3-PWD,APAC,2,16,0.16,Industrial electricity,ELEC-APAC,d,indexed,direct,elec-cn,resolved,Industrial electricity,elec-cn
BCI-NA2CO3-PWD·APAC,BCI-NA2CO3-PWD,APAC,3,10,0.1,Salt limestone fixed,fixed,f,fixed,,,fixed,Salt limestone fixed,
BCI-NA2CO3-PWD·APAC,BCI-NA2CO3-PWD,APAC,4,4,0.04,HDPE bag packaging,HDPE-ASIA,p,indexed,proxy,brent,resolved,HDPE bag packaging,brent
BCI-NA2CO3-PWD·APAC,BCI-NA2CO3-PWD,APAC,5,10,0.1,Fixed costs LCI,LCI-APAC,d,indexed,direct,lci-apac,resolved,Fixed costs LCI,lci-apac
BCI-NA2CO3-PWD·APAC,BCI-NA2CO3-PWD,APAC,6,10,0.1,Supplier margin,fixed,f,fixed,,,fixed,Supplier margin,
BCI-NAOH-FLK·EU,BCI-NAOH-FLK,EU,1,58,0.58,Industrial electricity chlor-alkali,ELEC-EU,d,indexed,direct,elec-eu,resolved,Industrial electricity chlor-alkali,elec-eu
BCI-NAOH-FLK·EU,BCI-NAOH-FLK,EU,2,8,0.08,Natural gas evaporation,TTF-EU,p,indexed,proxy,ttf-eu,resolved,Natural gas evaporation,ttf-eu
BCI-NAOH-FLK·EU,BCI-NAOH-FLK,EU,3,5,0.05,Salt brine fixed negligible,fixed,f,fixed,,,fixed,Salt brine fixed negligible,
BCI-NAOH-FLK·EU,BCI-NAOH-FLK,EU,4,4,0.04,HDPE bag packaging,HDPE-EU,d,indexed,direct,brent,resolved,HDPE bag packaging,brent
BCI-NAOH-FLK·EU,BCI-NAOH-FLK,EU,5,12,0.12,Fixed costs LCI,LCI-EU,d,indexed,direct,lci-eu,resolved,Fixed costs LCI,lci-eu
BCI-NAOH-FLK·EU,BCI-NAOH-FLK,EU,6,13,0.13,Supplier margin,fixed,f,fixed,,,fixed,Supplier margin,
BCI-NAOH-FLK·CN,BCI-NAOH-FLK,CN,1,58,0.58,Industrial electricity chlor-alkali,ELEC-CN,d,indexed,direct,elec-cn,resolved,Industrial electricity chlor-alkali,elec-cn
BCI-NAOH-FLK·CN,BCI-NAOH-FLK,CN,2,8,0.08,Natural gas evaporation,NDRC-CN,p,indexed,proxy,gas-china,resolved,Natural gas evaporation,gas-china
BCI-NAOH-FLK·CN,BCI-NAOH-FLK,CN,3,5,0.05,Salt brine fixed negligible,fixed,f,fixed,,,fixed,Salt brine fixed negligible,
BCI-NAOH-FLK·CN,BCI-NAOH-FLK,CN,4,4,0.04,HDPE bag packaging,HDPE-CN,d,indexed,direct,brent,resolved,HDPE bag packaging,brent
BCI-NAOH-FLK·CN,BCI-NAOH-FLK,CN,5,12,0.12,Fixed costs LCI,LCI-CN,d,indexed,direct,lci-cn,resolved,Fixed costs LCI,lci-cn
BCI-NAOH-FLK·CN,BCI-NAOH-FLK,CN,6,13,0.13,Supplier margin,fixed,f,fixed,,,fixed,Supplier margin,
BCI-NAOH-FLK·NA,BCI-NAOH-FLK,NA,1,58,0.58,Industrial electricity chlor-alkali,ELEC-NA,d,indexed,direct,elec-na,resolved,Industrial electricity chlor-alkali,elec-na
BCI-NAOH-FLK·NA,BCI-NAOH-FLK,NA,2,8,0.08,Natural gas evaporation,HH-NA,p,indexed,proxy,natgas-na,resolved,Natural gas evaporation,natgas-na
BCI-NAOH-FLK·NA,BCI-NAOH-FLK,NA,3,5,0.05,Salt brine fixed negligible,fixed,f,fixed,,,fixed,Salt brine fixed negligible,
BCI-NAOH-FLK·NA,BCI-NAOH-FLK,NA,4,4,0.04,HDPE bag packaging,HDPE-NA,d,indexed,direct,hdpe-na,resolved,HDPE bag packaging,hdpe-na
BCI-NAOH-FLK·NA,BCI-NAOH-FLK,NA,5,12,0.12,Fixed costs LCI,LCI-NA,d,indexed,direct,lci-na,resolved,Fixed costs LCI,lci-na
BCI-NAOH-FLK·NA,BCI-NAOH-FLK,NA,6,13,0.13,Supplier margin,fixed,f,fixed,,,fixed,Supplier margin,
BCI-NAOH-FLK·APAC,BCI-NAOH-FLK,APAC,1,58,0.58,Industrial electricity chlor-alkali,ELEC-APAC,d,indexed,direct,elec-cn,resolved,Industrial electricity chlor-alkali,elec-cn
BCI-NAOH-FLK·APAC,BCI-NAOH-FLK,APAC,2,8,0.08,Natural gas evaporation,JKM-APAC,p,indexed,proxy,lng-japan,resolved,Natural gas evaporation,lng-japan
BCI-NAOH-FLK·APAC,BCI-NAOH-FLK,APAC,3,5,0.05,Salt brine fixed negligible,fixed,f,fixed,,,fixed,Salt brine fixed negligible,
BCI-NAOH-FLK·APAC,BCI-NAOH-FLK,APAC,4,4,0.04,HDPE bag packaging,HDPE-ASIA,p,indexed,proxy,brent,resolved,HDPE bag packaging,brent
BCI-NAOH-FLK·APAC,BCI-NAOH-FLK,APAC,5,12,0.12,Fixed costs LCI,LCI-APAC,d,indexed,direct,lci-apac,resolved,Fixed costs LCI,lci-apac
BCI-NAOH-FLK·APAC,BCI-NAOH-FLK,APAC,6,13,0.13,Supplier margin,fixed,f,fixed,,,fixed,Supplier margin,
BCI-NAOH-SOL·EU,BCI-NAOH-SOL,EU,1,70,0.7,Industrial electricity chlor-alkali,ELEC-EU,d,indexed,direct,elec-eu,resolved,Industrial electricity chlor-alkali,elec-eu
BCI-NAOH-SOL·EU,BCI-NAOH-SOL,EU,2,6,0.06,Salt brine fixed negligible,fixed,f,fixed,,,fixed,Salt brine fixed negligible,
BCI-NAOH-SOL·EU,BCI-NAOH-SOL,EU,3,12,0.12,Fixed costs LCI,LCI-EU,d,indexed,direct,lci-eu,resolved,Fixed costs LCI,lci-eu
BCI-NAOH-SOL·EU,BCI-NAOH-SOL,EU,4,12,0.12,Supplier margin,fixed,f,fixed,,,fixed,Supplier margin,
BCI-NAOH-SOL·CN,BCI-NAOH-SOL,CN,1,70,0.7,Industrial electricity chlor-alkali,ELEC-CN,d,indexed,direct,elec-cn,resolved,Industrial electricity chlor-alkali,elec-cn
BCI-NAOH-SOL·CN,BCI-NAOH-SOL,CN,2,6,0.06,Salt brine fixed negligible,fixed,f,fixed,,,fixed,Salt brine fixed negligible,
BCI-NAOH-SOL·CN,BCI-NAOH-SOL,CN,3,12,0.12,Fixed costs LCI,LCI-CN,d,indexed,direct,lci-cn,resolved,Fixed costs LCI,lci-cn
BCI-NAOH-SOL·CN,BCI-NAOH-SOL,CN,4,12,0.12,Supplier margin,fixed,f,fixed,,,fixed,Supplier margin,
BCI-NAOH-SOL·NA,BCI-NAOH-SOL,NA,1,70,0.7,Industrial electricity chlor-alkali,ELEC-NA,d,indexed,direct,elec-na,resolved,Industrial electricity chlor-alkali,elec-na
BCI-NAOH-SOL·NA,BCI-NAOH-SOL,NA,2,6,0.06,Salt brine fixed negligible,fixed,f,fixed,,,fixed,Salt brine fixed negligible,
BCI-NAOH-SOL·NA,BCI-NAOH-SOL,NA,3,12,0.12,Fixed costs LCI,LCI-NA,d,indexed,direct,lci-na,resolved,Fixed costs LCI,lci-na
BCI-NAOH-SOL·NA,BCI-NAOH-SOL,NA,4,12,0.12,Supplier margin,fixed,f,fixed,,,fixed,Supplier margin,
BCI-NAOH-SOL·APAC,BCI-NAOH-SOL,APAC,1,70,0.7,Industrial electricity chlor-alkali,ELEC-APAC,d,indexed,direct,elec-cn,resolved,Industrial electricity chlor-alkali,elec-cn
BCI-NAOH-SOL·APAC,BCI-NAOH-SOL,APAC,2,6,0.06,Salt brine fixed negligible,fixed,f,fixed,,,fixed,Salt brine fixed negligible,
BCI-NAOH-SOL·APAC,BCI-NAOH-SOL,APAC,3,12,0.12,Fixed costs LCI,LCI-APAC,d,indexed,direct,lci-apac,resolved,Fixed costs LCI,lci-apac
BCI-NAOH-SOL·APAC,BCI-NAOH-SOL,APAC,4,12,0.12,Supplier margin,fixed,f,fixed,,,fixed,Supplier margin,
BCI-NAOH-SOL·IN,BCI-NAOH-SOL,IN,1,70,0.7,Industrial electricity chlor-alkali,ELEC-IN,d,indexed,direct,elec-in,resolved,Industrial electricity chlor-alkali,elec-in
BCI-NAOH-SOL·IN,BCI-NAOH-SOL,IN,2,6,0.06,Salt brine fixed negligible,fixed,f,fixed,,,fixed,Salt brine fixed negligible,
BCI-NAOH-SOL·IN,BCI-NAOH-SOL,IN,3,12,0.12,Fixed costs LCI,LCI-IN,d,indexed,direct,lci-in,resolved,Fixed costs LCI,lci-in
BCI-NAOH-SOL·IN,BCI-NAOH-SOL,IN,4,12,0.12,Supplier margin,fixed,f,fixed,,,fixed,Supplier margin,
BCI-NAOH-SOL·MEA,BCI-NAOH-SOL,MEA,1,70,0.7,Industrial electricity chlor-alkali,ELEC-EU,p,indexed,proxy,elec-eu,resolved,Industrial electricity chlor-alkali,elec-eu
BCI-NAOH-SOL·MEA,BCI-NAOH-SOL,MEA,2,6,0.06,Salt brine fixed negligible,fixed,f,fixed,,,fixed,Salt brine fixed negligible,
BCI-NAOH-SOL·MEA,BCI-NAOH-SOL,MEA,3,12,0.12,Fixed costs LCI,LCI-MEA,d,indexed,direct,lci-mea,resolved,Fixed costs LCI,lci-mea
BCI-NAOH-SOL·MEA,BCI-NAOH-SOL,MEA,4,12,0.12,Supplier margin,fixed,f,fixed,,,fixed,Supplier margin,
BCI-ALUM-GRN·EU,BCI-ALUM-GRN,EU,1,40,0.4,Aluminium trihydrate LME proxy,AL-LME,p,indexed,proxy,aluminum,resolved,Aluminium trihydrate LME proxy,aluminum
BCI-ALUM-GRN·EU,BCI-ALUM-GRN,EU,2,26,0.26,Sulfuric acid H2SO4,H2SO4-NWE,d,indexed,direct,sulfuric-acid-na,resolved,Sulfuric acid H2SO4,sulfuric-acid-na
BCI-ALUM-GRN·EU,BCI-ALUM-GRN,EU,3,8,0.08,Industrial electricity,ELEC-EU,d,indexed,direct,elec-eu,resolved,Industrial electricity,elec-eu
BCI-ALUM-GRN·EU,BCI-ALUM-GRN,EU,4,4,0.04,HDPE bag packaging,HDPE-EU,d,indexed,direct,brent,resolved,HDPE bag packaging,brent
BCI-ALUM-GRN·EU,BCI-ALUM-GRN,EU,5,11,0.11,Fixed costs LCI,LCI-EU,d,indexed,direct,lci-eu,resolved,Fixed costs LCI,lci-eu
BCI-ALUM-GRN·EU,BCI-ALUM-GRN,EU,6,11,0.11,Supplier margin,fixed,f,fixed,,,fixed,Supplier margin,
BCI-ALUM-GRN·CN,BCI-ALUM-GRN,CN,1,40,0.4,Aluminium trihydrate LME proxy,AL-LME,p,indexed,proxy,aluminum,resolved,Aluminium trihydrate LME proxy,aluminum
BCI-ALUM-GRN·CN,BCI-ALUM-GRN,CN,2,26,0.26,Sulfuric acid H2SO4,H2SO4-CN,d,indexed,direct,sulfuric-acid-cn,resolved,Sulfuric acid H2SO4,sulfuric-acid-cn
BCI-ALUM-GRN·CN,BCI-ALUM-GRN,CN,3,8,0.08,Industrial electricity,ELEC-CN,d,indexed,direct,elec-cn,resolved,Industrial electricity,elec-cn
BCI-ALUM-GRN·CN,BCI-ALUM-GRN,CN,4,4,0.04,HDPE bag packaging,HDPE-CN,d,indexed,direct,brent,resolved,HDPE bag packaging,brent
BCI-ALUM-GRN·CN,BCI-ALUM-GRN,CN,5,11,0.11,Fixed costs LCI,LCI-CN,d,indexed,direct,lci-cn,resolved,Fixed costs LCI,lci-cn
BCI-ALUM-GRN·CN,BCI-ALUM-GRN,CN,6,11,0.11,Supplier margin,fixed,f,fixed,,,fixed,Supplier margin,
BCI-ALUM-GRN·NA,BCI-ALUM-GRN,NA,1,40,0.4,Aluminium trihydrate LME proxy,AL-LME,p,indexed,proxy,aluminum,resolved,Aluminium trihydrate LME proxy,aluminum
BCI-ALUM-GRN·NA,BCI-ALUM-GRN,NA,2,26,0.26,Sulfuric acid H2SO4,H2SO4-NA,d,indexed,direct,sulfuric-acid-na,resolved,Sulfuric acid H2SO4,sulfuric-acid-na
BCI-ALUM-GRN·NA,BCI-ALUM-GRN,NA,3,8,0.08,Industrial electricity,ELEC-NA,d,indexed,direct,elec-na,resolved,Industrial electricity,elec-na
BCI-ALUM-GRN·NA,BCI-ALUM-GRN,NA,4,4,0.04,HDPE bag packaging,HDPE-NA,d,indexed,direct,hdpe-na,resolved,HDPE bag packaging,hdpe-na
BCI-ALUM-GRN·NA,BCI-ALUM-GRN,NA,5,11,0.11,Fixed costs LCI,LCI-NA,d,indexed,direct,lci-na,resolved,Fixed costs LCI,lci-na
BCI-ALUM-GRN·NA,BCI-ALUM-GRN,NA,6,11,0.11,Supplier margin,fixed,f,fixed,,,fixed,Supplier margin,
BCI-ALUM-GRN·APAC,BCI-ALUM-GRN,APAC,1,40,0.4,Aluminium trihydrate LME proxy,AL-LME,p,indexed,proxy,aluminum,resolved,Aluminium trihydrate LME proxy,aluminum
BCI-ALUM-GRN·APAC,BCI-ALUM-GRN,APAC,2,26,0.26,Sulfuric acid H2SO4,H2SO4-ASIA,p,indexed,proxy,sulfuric-acid-cn,resolved,Sulfuric acid H2SO4,sulfuric-acid-cn
BCI-ALUM-GRN·APAC,BCI-ALUM-GRN,APAC,3,8,0.08,Industrial electricity,ELEC-APAC,d,indexed,direct,elec-cn,resolved,Industrial electricity,elec-cn
BCI-ALUM-GRN·APAC,BCI-ALUM-GRN,APAC,4,4,0.04,HDPE bag packaging,HDPE-ASIA,p,indexed,proxy,brent,resolved,HDPE bag packaging,brent
BCI-ALUM-GRN·APAC,BCI-ALUM-GRN,APAC,5,11,0.11,Fixed costs LCI,LCI-APAC,d,indexed,direct,lci-apac,resolved,Fixed costs LCI,lci-apac
BCI-ALUM-GRN·APAC,BCI-ALUM-GRN,APAC,6,11,0.11,Supplier margin,fixed,f,fixed,,,fixed,Supplier margin,
BCI-ALUM-GRN·IN,BCI-ALUM-GRN,IN,1,40,0.4,Aluminium trihydrate LME proxy,AL-LME,p,indexed,proxy,aluminum,resolved,Aluminium trihydrate LME proxy,aluminum
BCI-ALUM-GRN·IN,BCI-ALUM-GRN,IN,2,26,0.26,Sulfuric acid H2SO4,H2SO4-IN,d,indexed,direct,sulfuric-acid-na,resolved,Sulfuric acid H2SO4,sulfuric-acid-na
BCI-ALUM-GRN·IN,BCI-ALUM-GRN,IN,3,8,0.08,Industrial electricity,ELEC-IN,d,indexed,direct,elec-in,resolved,Industrial electricity,elec-in
BCI-ALUM-GRN·IN,BCI-ALUM-GRN,IN,4,4,0.04,HDPE bag packaging,HDPE-ASIA,p,indexed,proxy,brent,resolved,HDPE bag packaging,brent
BCI-ALUM-GRN·IN,BCI-ALUM-GRN,IN,5,11,0.11,Fixed costs LCI,LCI-IN,d,indexed,direct,lci-in,resolved,Fixed costs LCI,lci-in
BCI-ALUM-GRN·IN,BCI-ALUM-GRN,IN,6,11,0.11,Supplier margin,fixed,f,fixed,,,fixed,Supplier margin,
BCI-ALUM-LIQ·EU,BCI-ALUM-LIQ,EU,1,34,0.34,Aluminium trihydrate LME proxy,AL-LME,p,indexed,proxy,aluminum,resolved,Aluminium trihydrate LME proxy,aluminum
BCI-ALUM-LIQ·EU,BCI-ALUM-LIQ,EU,2,28,0.28,Sulfuric acid H2SO4,H2SO4-NWE,d,indexed,direct,sulfuric-acid-na,resolved,Sulfuric acid H2SO4,sulfuric-acid-na
BCI-ALUM-LIQ·EU,BCI-ALUM-LIQ,EU,3,8,0.08,Process water,WATER-EU,p,indexed,proxy,water-eu,resolved,Process water,water-eu
BCI-ALUM-LIQ·EU,BCI-ALUM-LIQ,EU,4,6,0.06,Industrial electricity,ELEC-EU,d,indexed,direct,elec-eu,resolved,Industrial electricity,elec-eu
BCI-ALUM-LIQ·EU,BCI-ALUM-LIQ,EU,5,13,0.13,Fixed costs LCI,LCI-EU,d,indexed,direct,lci-eu,resolved,Fixed costs LCI,lci-eu
BCI-ALUM-LIQ·EU,BCI-ALUM-LIQ,EU,6,11,0.11,Supplier margin,fixed,f,fixed,,,fixed,Supplier margin,
BCI-ALUM-LIQ·CN,BCI-ALUM-LIQ,CN,1,34,0.34,Aluminium trihydrate LME proxy,AL-LME,p,indexed,proxy,aluminum,resolved,Aluminium trihydrate LME proxy,aluminum
BCI-ALUM-LIQ·CN,BCI-ALUM-LIQ,CN,2,28,0.28,Sulfuric acid H2SO4,H2SO4-CN,d,indexed,direct,sulfuric-acid-cn,resolved,Sulfuric acid H2SO4,sulfuric-acid-cn
BCI-ALUM-LIQ·CN,BCI-ALUM-LIQ,CN,3,8,0.08,Process water,WATER-EU,p,indexed,proxy,water-eu,resolved,Process water,water-eu
BCI-ALUM-LIQ·CN,BCI-ALUM-LIQ,CN,4,6,0.06,Industrial electricity,ELEC-CN,d,indexed,direct,elec-cn,resolved,Industrial electricity,elec-cn
BCI-ALUM-LIQ·CN,BCI-ALUM-LIQ,CN,5,13,0.13,Fixed costs LCI,LCI-CN,d,indexed,direct,lci-cn,resolved,Fixed costs LCI,lci-cn
BCI-ALUM-LIQ·CN,BCI-ALUM-LIQ,CN,6,11,0.11,Supplier margin,fixed,f,fixed,,,fixed,Supplier margin,
BCI-ALUM-LIQ·NA,BCI-ALUM-LIQ,NA,1,34,0.34,Aluminium trihydrate LME proxy,AL-LME,p,indexed,proxy,aluminum,resolved,Aluminium trihydrate LME proxy,aluminum
BCI-ALUM-LIQ·NA,BCI-ALUM-LIQ,NA,2,28,0.28,Sulfuric acid H2SO4,H2SO4-NA,d,indexed,direct,sulfuric-acid-na,resolved,Sulfuric acid H2SO4,sulfuric-acid-na
BCI-ALUM-LIQ·NA,BCI-ALUM-LIQ,NA,3,8,0.08,Process water,WATER-EU,p,indexed,proxy,water-eu,resolved,Process water,water-eu
BCI-ALUM-LIQ·NA,BCI-ALUM-LIQ,NA,4,6,0.06,Industrial electricity,ELEC-NA,d,indexed,direct,elec-na,resolved,Industrial electricity,elec-na
BCI-ALUM-LIQ·NA,BCI-ALUM-LIQ,NA,5,13,0.13,Fixed costs LCI,LCI-NA,d,indexed,direct,lci-na,resolved,Fixed costs LCI,lci-na
BCI-ALUM-LIQ·NA,BCI-ALUM-LIQ,NA,6,11,0.11,Supplier margin,fixed,f,fixed,,,fixed,Supplier margin,
BCI-ALUM-LIQ·APAC,BCI-ALUM-LIQ,APAC,1,34,0.34,Aluminium trihydrate LME proxy,AL-LME,p,indexed,proxy,aluminum,resolved,Aluminium trihydrate LME proxy,aluminum
BCI-ALUM-LIQ·APAC,BCI-ALUM-LIQ,APAC,2,28,0.28,Sulfuric acid H2SO4,H2SO4-ASIA,p,indexed,proxy,sulfuric-acid-cn,resolved,Sulfuric acid H2SO4,sulfuric-acid-cn
BCI-ALUM-LIQ·APAC,BCI-ALUM-LIQ,APAC,3,8,0.08,Process water,WATER-EU,p,indexed,proxy,water-eu,resolved,Process water,water-eu
BCI-ALUM-LIQ·APAC,BCI-ALUM-LIQ,APAC,4,6,0.06,Industrial electricity,ELEC-APAC,d,indexed,direct,elec-cn,resolved,Industrial electricity,elec-cn
BCI-ALUM-LIQ·APAC,BCI-ALUM-LIQ,APAC,5,13,0.13,Fixed costs LCI,LCI-APAC,d,indexed,direct,lci-apac,resolved,Fixed costs LCI,lci-apac
BCI-ALUM-LIQ·APAC,BCI-ALUM-LIQ,APAC,6,11,0.11,Supplier margin,fixed,f,fixed,,,fixed,Supplier margin,
BCI-ALUM-LIQ·IN,BCI-ALUM-LIQ,IN,1,34,0.34,Aluminium trihydrate LME proxy,AL-LME,p,indexed,proxy,aluminum,resolved,Aluminium trihydrate LME proxy,aluminum
BCI-ALUM-LIQ·IN,BCI-ALUM-LIQ,IN,2,28,0.28,Sulfuric acid H2SO4,H2SO4-IN,d,indexed,direct,sulfuric-acid-na,resolved,Sulfuric acid H2SO4,sulfuric-acid-na
BCI-ALUM-LIQ·IN,BCI-ALUM-LIQ,IN,3,8,0.08,Process water,WATER-EU,p,indexed,proxy,water-eu,resolved,Process water,water-eu
BCI-ALUM-LIQ·IN,BCI-ALUM-LIQ,IN,4,6,0.06,Industrial electricity,ELEC-IN,d,indexed,direct,elec-in,resolved,Industrial electricity,elec-in
BCI-ALUM-LIQ·IN,BCI-ALUM-LIQ,IN,5,13,0.13,Fixed costs LCI,LCI-IN,d,indexed,direct,lci-in,resolved,Fixed costs LCI,lci-in
BCI-ALUM-LIQ·IN,BCI-ALUM-LIQ,IN,6,11,0.11,Supplier margin,fixed,f,fixed,,,fixed,Supplier margin,
BCI-ALUM-LIQ·MEA,BCI-ALUM-LIQ,MEA,1,34,0.34,Aluminium trihydrate LME proxy,AL-LME,p,indexed,proxy,aluminum,resolved,Aluminium trihydrate LME proxy,aluminum
BCI-ALUM-LIQ·MEA,BCI-ALUM-LIQ,MEA,2,28,0.28,Sulfuric acid H2SO4,H2SO4-MEA,p,indexed,proxy,sulfuric-acid-na,resolved,Sulfuric acid H2SO4,sulfuric-acid-na
BCI-ALUM-LIQ·MEA,BCI-ALUM-LIQ,MEA,3,8,0.08,Process water,WATER-EU,p,indexed,proxy,water-eu,resolved,Process water,water-eu
BCI-ALUM-LIQ·MEA,BCI-ALUM-LIQ,MEA,4,6,0.06,Industrial electricity,ELEC-EU,p,indexed,proxy,elec-eu,resolved,Industrial electricity,elec-eu
BCI-ALUM-LIQ·MEA,BCI-ALUM-LIQ,MEA,5,13,0.13,Fixed costs LCI,LCI-MEA,d,indexed,direct,lci-mea,resolved,Fixed costs LCI,lci-mea
BCI-ALUM-LIQ·MEA,BCI-ALUM-LIQ,MEA,6,11,0.11,Supplier margin,fixed,f,fixed,,,fixed,Supplier margin,
BCI-PAC-10·EU,BCI-PAC-10,EU,1,36,0.36,Aluminium trihydrate LME proxy,AL-LME,p,indexed,proxy,aluminum,resolved,Aluminium trihydrate LME proxy,aluminum
BCI-PAC-10·EU,BCI-PAC-10,EU,2,22,0.22,Hydrochloric acid HCl,H2SO4-NWE,p,indexed,proxy,sulfuric-acid-na,resolved,Hydrochloric acid HCl,sulfuric-acid-na
BCI-PAC-10·EU,BCI-PAC-10,EU,3,7,0.07,Industrial electricity,ELEC-EU,d,indexed,direct,elec-eu,resolved,Industrial electricity,elec-eu
BCI-PAC-10·EU,BCI-PAC-10,EU,4,5,0.05,Process water,WATER-EU,p,indexed,proxy,water-eu,resolved,Process water,water-eu
BCI-PAC-10·EU,BCI-PAC-10,EU,5,17,0.17,Fixed costs LCI,LCI-EU,d,indexed,direct,lci-eu,resolved,Fixed costs LCI,lci-eu
BCI-PAC-10·EU,BCI-PAC-10,EU,6,13,0.13,Supplier margin,fixed,f,fixed,,,fixed,Supplier margin,
BCI-PAC-10·CN,BCI-PAC-10,CN,1,36,0.36,Aluminium trihydrate LME proxy,AL-LME,p,indexed,proxy,aluminum,resolved,Aluminium trihydrate LME proxy,aluminum
BCI-PAC-10·CN,BCI-PAC-10,CN,2,22,0.22,Hydrochloric acid HCl,H2SO4-CN,p,indexed,proxy,sulfuric-acid-cn,resolved,Hydrochloric acid HCl,sulfuric-acid-cn
BCI-PAC-10·CN,BCI-PAC-10,CN,3,7,0.07,Industrial electricity,ELEC-CN,d,indexed,direct,elec-cn,resolved,Industrial electricity,elec-cn
BCI-PAC-10·CN,BCI-PAC-10,CN,4,5,0.05,Process water,WATER-EU,p,indexed,proxy,water-eu,resolved,Process water,water-eu
BCI-PAC-10·CN,BCI-PAC-10,CN,5,17,0.17,Fixed costs LCI,LCI-CN,d,indexed,direct,lci-cn,resolved,Fixed costs LCI,lci-cn
BCI-PAC-10·CN,BCI-PAC-10,CN,6,13,0.13,Supplier margin,fixed,f,fixed,,,fixed,Supplier margin,
BCI-PAC-10·NA,BCI-PAC-10,NA,1,36,0.36,Aluminium trihydrate LME proxy,AL-LME,p,indexed,proxy,aluminum,resolved,Aluminium trihydrate LME proxy,aluminum
BCI-PAC-10·NA,BCI-PAC-10,NA,2,22,0.22,Hydrochloric acid HCl,H2SO4-NA,p,indexed,proxy,sulfuric-acid-na,resolved,Hydrochloric acid HCl,sulfuric-acid-na
BCI-PAC-10·NA,BCI-PAC-10,NA,3,7,0.07,Industrial electricity,ELEC-NA,d,indexed,direct,elec-na,resolved,Industrial electricity,elec-na
BCI-PAC-10·NA,BCI-PAC-10,NA,4,5,0.05,Process water,WATER-EU,p,indexed,proxy,water-eu,resolved,Process water,water-eu
BCI-PAC-10·NA,BCI-PAC-10,NA,5,17,0.17,Fixed costs LCI,LCI-NA,d,indexed,direct,lci-na,resolved,Fixed costs LCI,lci-na
BCI-PAC-10·NA,BCI-PAC-10,NA,6,13,0.13,Supplier margin,fixed,f,fixed,,,fixed,Supplier margin,
BCI-PAC-10·APAC,BCI-PAC-10,APAC,1,36,0.36,Aluminium trihydrate LME proxy,AL-LME,p,indexed,proxy,aluminum,resolved,Aluminium trihydrate LME proxy,aluminum
BCI-PAC-10·APAC,BCI-PAC-10,APAC,2,22,0.22,Hydrochloric acid HCl,H2SO4-ASIA,p,indexed,proxy,sulfuric-acid-cn,resolved,Hydrochloric acid HCl,sulfuric-acid-cn
BCI-PAC-10·APAC,BCI-PAC-10,APAC,3,7,0.07,Industrial electricity,ELEC-APAC,d,indexed,direct,elec-cn,resolved,Industrial electricity,elec-cn
BCI-PAC-10·APAC,BCI-PAC-10,APAC,4,5,0.05,Process water,WATER-EU,p,indexed,proxy,water-eu,resolved,Process water,water-eu
BCI-PAC-10·APAC,BCI-PAC-10,APAC,5,17,0.17,Fixed costs LCI,LCI-APAC,d,indexed,direct,lci-apac,resolved,Fixed costs LCI,lci-apac
BCI-PAC-10·APAC,BCI-PAC-10,APAC,6,13,0.13,Supplier margin,fixed,f,fixed,,,fixed,Supplier margin,
BCI-PAC-10·IN,BCI-PAC-10,IN,1,36,0.36,Aluminium trihydrate LME proxy,AL-LME,p,indexed,proxy,aluminum,resolved,Aluminium trihydrate LME proxy,aluminum
BCI-PAC-10·IN,BCI-PAC-10,IN,2,22,0.22,Hydrochloric acid HCl,H2SO4-IN,p,indexed,proxy,sulfuric-acid-na,resolved,Hydrochloric acid HCl,sulfuric-acid-na
BCI-PAC-10·IN,BCI-PAC-10,IN,3,7,0.07,Industrial electricity,ELEC-IN,d,indexed,direct,elec-in,resolved,Industrial electricity,elec-in
BCI-PAC-10·IN,BCI-PAC-10,IN,4,5,0.05,Process water,WATER-EU,p,indexed,proxy,water-eu,resolved,Process water,water-eu
BCI-PAC-10·IN,BCI-PAC-10,IN,5,17,0.17,Fixed costs LCI,LCI-IN,d,indexed,direct,lci-in,resolved,Fixed costs LCI,lci-in
BCI-PAC-10·IN,BCI-PAC-10,IN,6,13,0.13,Supplier margin,fixed,f,fixed,,,fixed,Supplier margin,
BCI-PAC-10·MEA,BCI-PAC-10,MEA,1,36,0.36,Aluminium trihydrate LME proxy,AL-LME,p,indexed,proxy,aluminum,resolved,Aluminium trihydrate LME proxy,aluminum
BCI-PAC-10·MEA,BCI-PAC-10,MEA,2,22,0.22,Hydrochloric acid HCl,H2SO4-MEA,p,indexed,proxy,sulfuric-acid-na,resolved,Hydrochloric acid HCl,sulfuric-acid-na
BCI-PAC-10·MEA,BCI-PAC-10,MEA,3,7,0.07,Industrial electricity,ELEC-EU,p,indexed,proxy,elec-eu,resolved,Industrial electricity,elec-eu
BCI-PAC-10·MEA,BCI-PAC-10,MEA,4,5,0.05,Process water,WATER-EU,p,indexed,proxy,water-eu,resolved,Process water,water-eu
BCI-PAC-10·MEA,BCI-PAC-10,MEA,5,17,0.17,Fixed costs LCI,LCI-MEA,d,indexed,direct,lci-mea,resolved,Fixed costs LCI,lci-mea
BCI-PAC-10·MEA,BCI-PAC-10,MEA,6,13,0.13,Supplier margin,fixed,f,fixed,,,fixed,Supplier margin,
BCI-PAC-18·EU,BCI-PAC-18,EU,1,36,0.36,Aluminium trihydrate LME proxy,AL-LME,p,indexed,proxy,aluminum,resolved,Aluminium trihydrate LME proxy,aluminum
BCI-PAC-18·EU,BCI-PAC-18,EU,2,22,0.22,Hydrochloric acid HCl,H2SO4-NWE,p,indexed,proxy,sulfuric-acid-na,resolved,Hydrochloric acid HCl,sulfuric-acid-na
BCI-PAC-18·EU,BCI-PAC-18,EU,3,7,0.07,Industrial electricity,ELEC-EU,d,indexed,direct,elec-eu,resolved,Industrial electricity,elec-eu
BCI-PAC-18·EU,BCI-PAC-18,EU,4,5,0.05,Process water,WATER-EU,p,indexed,proxy,water-eu,resolved,Process water,water-eu
BCI-PAC-18·EU,BCI-PAC-18,EU,5,16,0.16,Fixed costs LCI,LCI-EU,d,indexed,direct,lci-eu,resolved,Fixed costs LCI,lci-eu
BCI-PAC-18·EU,BCI-PAC-18,EU,6,14,0.14,Supplier margin,fixed,f,fixed,,,fixed,Supplier margin,
BCI-PAC-18·CN,BCI-PAC-18,CN,1,36,0.36,Aluminium trihydrate LME proxy,AL-LME,p,indexed,proxy,aluminum,resolved,Aluminium trihydrate LME proxy,aluminum
BCI-PAC-18·CN,BCI-PAC-18,CN,2,22,0.22,Hydrochloric acid HCl,H2SO4-CN,p,indexed,proxy,sulfuric-acid-cn,resolved,Hydrochloric acid HCl,sulfuric-acid-cn
BCI-PAC-18·CN,BCI-PAC-18,CN,3,7,0.07,Industrial electricity,ELEC-CN,d,indexed,direct,elec-cn,resolved,Industrial electricity,elec-cn
BCI-PAC-18·CN,BCI-PAC-18,CN,4,5,0.05,Process water,WATER-EU,p,indexed,proxy,water-eu,resolved,Process water,water-eu
BCI-PAC-18·CN,BCI-PAC-18,CN,5,16,0.16,Fixed costs LCI,LCI-CN,d,indexed,direct,lci-cn,resolved,Fixed costs LCI,lci-cn
BCI-PAC-18·CN,BCI-PAC-18,CN,6,14,0.14,Supplier margin,fixed,f,fixed,,,fixed,Supplier margin,
BCI-PAC-18·NA,BCI-PAC-18,NA,1,36,0.36,Aluminium trihydrate LME proxy,AL-LME,p,indexed,proxy,aluminum,resolved,Aluminium trihydrate LME proxy,aluminum
BCI-PAC-18·NA,BCI-PAC-18,NA,2,22,0.22,Hydrochloric acid HCl,H2SO4-NA,p,indexed,proxy,sulfuric-acid-na,resolved,Hydrochloric acid HCl,sulfuric-acid-na
BCI-PAC-18·NA,BCI-PAC-18,NA,3,7,0.07,Industrial electricity,ELEC-NA,d,indexed,direct,elec-na,resolved,Industrial electricity,elec-na
BCI-PAC-18·NA,BCI-PAC-18,NA,4,5,0.05,Process water,WATER-EU,p,indexed,proxy,water-eu,resolved,Process water,water-eu
BCI-PAC-18·NA,BCI-PAC-18,NA,5,16,0.16,Fixed costs LCI,LCI-NA,d,indexed,direct,lci-na,resolved,Fixed costs LCI,lci-na
BCI-PAC-18·NA,BCI-PAC-18,NA,6,14,0.14,Supplier margin,fixed,f,fixed,,,fixed,Supplier margin,
BCI-PAC-18·APAC,BCI-PAC-18,APAC,1,36,0.36,Aluminium trihydrate LME proxy,AL-LME,p,indexed,proxy,aluminum,resolved,Aluminium trihydrate LME proxy,aluminum
BCI-PAC-18·APAC,BCI-PAC-18,APAC,2,22,0.22,Hydrochloric acid HCl,H2SO4-ASIA,p,indexed,proxy,sulfuric-acid-cn,resolved,Hydrochloric acid HCl,sulfuric-acid-cn
BCI-PAC-18·APAC,BCI-PAC-18,APAC,3,7,0.07,Industrial electricity,ELEC-APAC,d,indexed,direct,elec-cn,resolved,Industrial electricity,elec-cn
BCI-PAC-18·APAC,BCI-PAC-18,APAC,4,5,0.05,Process water,WATER-EU,p,indexed,proxy,water-eu,resolved,Process water,water-eu
BCI-PAC-18·APAC,BCI-PAC-18,APAC,5,16,0.16,Fixed costs LCI,LCI-APAC,d,indexed,direct,lci-apac,resolved,Fixed costs LCI,lci-apac
BCI-PAC-18·APAC,BCI-PAC-18,APAC,6,14,0.14,Supplier margin,fixed,f,fixed,,,fixed,Supplier margin,
BCI-PAC-18·IN,BCI-PAC-18,IN,1,36,0.36,Aluminium trihydrate LME proxy,AL-LME,p,indexed,proxy,aluminum,resolved,Aluminium trihydrate LME proxy,aluminum
BCI-PAC-18·IN,BCI-PAC-18,IN,2,22,0.22,Hydrochloric acid HCl,H2SO4-IN,p,indexed,proxy,sulfuric-acid-na,resolved,Hydrochloric acid HCl,sulfuric-acid-na
BCI-PAC-18·IN,BCI-PAC-18,IN,3,7,0.07,Industrial electricity,ELEC-IN,d,indexed,direct,elec-in,resolved,Industrial electricity,elec-in
BCI-PAC-18·IN,BCI-PAC-18,IN,4,5,0.05,Process water,WATER-EU,p,indexed,proxy,water-eu,resolved,Process water,water-eu
BCI-PAC-18·IN,BCI-PAC-18,IN,5,16,0.16,Fixed costs LCI,LCI-IN,d,indexed,direct,lci-in,resolved,Fixed costs LCI,lci-in
BCI-PAC-18·IN,BCI-PAC-18,IN,6,14,0.14,Supplier margin,fixed,f,fixed,,,fixed,Supplier margin,
BCI-PAC-18·MEA,BCI-PAC-18,MEA,1,36,0.36,Aluminium trihydrate LME proxy,AL-LME,p,indexed,proxy,aluminum,resolved,Aluminium trihydrate LME proxy,aluminum
BCI-PAC-18·MEA,BCI-PAC-18,MEA,2,22,0.22,Hydrochloric acid HCl,H2SO4-MEA,p,indexed,proxy,sulfuric-acid-na,resolved,Hydrochloric acid HCl,sulfuric-acid-na
BCI-PAC-18·MEA,BCI-PAC-18,MEA,3,7,0.07,Industrial electricity,ELEC-EU,p,indexed,proxy,elec-eu,resolved,Industrial electricity,elec-eu
BCI-PAC-18·MEA,BCI-PAC-18,MEA,4,5,0.05,Process water,WATER-EU,p,indexed,proxy,water-eu,resolved,Process water,water-eu
BCI-PAC-18·MEA,BCI-PAC-18,MEA,5,16,0.16,Fixed costs LCI,LCI-MEA,d,indexed,direct,lci-mea,resolved,Fixed costs LCI,lci-mea
BCI-PAC-18·MEA,BCI-PAC-18,MEA,6,14,0.14,Supplier margin,fixed,f,fixed,,,fixed,Supplier margin,
BCI-FE2SO4-GRN·EU,BCI-FE2SO4-GRN,EU,1,44,0.44,Iron scrap ore upstream,FE-MB,d,indexed,direct,iron-scrap-na,resolved,Iron scrap ore upstream,iron-scrap-na
BCI-FE2SO4-GRN·EU,BCI-FE2SO4-GRN,EU,2,26,0.26,Sulfuric acid H2SO4,H2SO4-NWE,d,indexed,direct,sulfuric-acid-na,resolved,Sulfuric acid H2SO4,sulfuric-acid-na
BCI-FE2SO4-GRN·EU,BCI-FE2SO4-GRN,EU,3,8,0.08,Industrial electricity,ELEC-EU,d,indexed,direct,elec-eu,resolved,Industrial electricity,elec-eu
BCI-FE2SO4-GRN·EU,BCI-FE2SO4-GRN,EU,4,4,0.04,HDPE bag packaging,HDPE-EU,d,indexed,direct,brent,resolved,HDPE bag packaging,brent
BCI-FE2SO4-GRN·EU,BCI-FE2SO4-GRN,EU,5,8,0.08,Fixed costs LCI,LCI-EU,d,indexed,direct,lci-eu,resolved,Fixed costs LCI,lci-eu
BCI-FE2SO4-GRN·EU,BCI-FE2SO4-GRN,EU,6,10,0.1,Supplier margin,fixed,f,fixed,,,fixed,Supplier margin,
BCI-FE2SO4-GRN·CN,BCI-FE2SO4-GRN,CN,1,44,0.44,Iron scrap ore upstream,FE-MB-CN,d,indexed,direct,iron-scrap-na,resolved,Iron scrap ore upstream,iron-scrap-na
BCI-FE2SO4-GRN·CN,BCI-FE2SO4-GRN,CN,2,26,0.26,Sulfuric acid H2SO4,H2SO4-CN,d,indexed,direct,sulfuric-acid-cn,resolved,Sulfuric acid H2SO4,sulfuric-acid-cn
BCI-FE2SO4-GRN·CN,BCI-FE2SO4-GRN,CN,3,8,0.08,Industrial electricity,ELEC-CN,d,indexed,direct,elec-cn,resolved,Industrial electricity,elec-cn
BCI-FE2SO4-GRN·CN,BCI-FE2SO4-GRN,CN,4,4,0.04,HDPE bag packaging,HDPE-CN,d,indexed,direct,brent,resolved,HDPE bag packaging,brent
BCI-FE2SO4-GRN·CN,BCI-FE2SO4-GRN,CN,5,8,0.08,Fixed costs LCI,LCI-CN,d,indexed,direct,lci-cn,resolved,Fixed costs LCI,lci-cn
BCI-FE2SO4-GRN·CN,BCI-FE2SO4-GRN,CN,6,10,0.1,Supplier margin,fixed,f,fixed,,,fixed,Supplier margin,
BCI-FE2SO4-GRN·NA,BCI-FE2SO4-GRN,NA,1,44,0.44,Iron scrap ore upstream,FE-MB-NA,d,indexed,direct,iron-scrap-na,resolved,Iron scrap ore upstream,iron-scrap-na
BCI-FE2SO4-GRN·NA,BCI-FE2SO4-GRN,NA,2,26,0.26,Sulfuric acid H2SO4,H2SO4-NA,d,indexed,direct,sulfuric-acid-na,resolved,Sulfuric acid H2SO4,sulfuric-acid-na
BCI-FE2SO4-GRN·NA,BCI-FE2SO4-GRN,NA,3,8,0.08,Industrial electricity,ELEC-NA,d,indexed,direct,elec-na,resolved,Industrial electricity,elec-na
BCI-FE2SO4-GRN·NA,BCI-FE2SO4-GRN,NA,4,4,0.04,HDPE bag packaging,HDPE-NA,d,indexed,direct,hdpe-na,resolved,HDPE bag packaging,hdpe-na
BCI-FE2SO4-GRN·NA,BCI-FE2SO4-GRN,NA,5,8,0.08,Fixed costs LCI,LCI-NA,d,indexed,direct,lci-na,resolved,Fixed costs LCI,lci-na
BCI-FE2SO4-GRN·NA,BCI-FE2SO4-GRN,NA,6,10,0.1,Supplier margin,fixed,f,fixed,,,fixed,Supplier margin,
BCI-FE2SO4-GRN·APAC,BCI-FE2SO4-GRN,APAC,1,44,0.44,Iron scrap ore upstream,FE-MB-GLB,p,indexed,proxy,iron-scrap-na,resolved,Iron scrap ore upstream,iron-scrap-na
BCI-FE2SO4-GRN·APAC,BCI-FE2SO4-GRN,APAC,2,26,0.26,Sulfuric acid H2SO4,H2SO4-ASIA,p,indexed,proxy,sulfuric-acid-cn,resolved,Sulfuric acid H2SO4,sulfuric-acid-cn
BCI-FE2SO4-GRN·APAC,BCI-FE2SO4-GRN,APAC,3,8,0.08,Industrial electricity,ELEC-APAC,d,indexed,direct,elec-cn,resolved,Industrial electricity,elec-cn
BCI-FE2SO4-GRN·APAC,BCI-FE2SO4-GRN,APAC,4,4,0.04,HDPE bag packaging,HDPE-ASIA,p,indexed,proxy,brent,resolved,HDPE bag packaging,brent
BCI-FE2SO4-GRN·APAC,BCI-FE2SO4-GRN,APAC,5,8,0.08,Fixed costs LCI,LCI-APAC,d,indexed,direct,lci-apac,resolved,Fixed costs LCI,lci-apac
BCI-FE2SO4-GRN·APAC,BCI-FE2SO4-GRN,APAC,6,10,0.1,Supplier margin,fixed,f,fixed,,,fixed,Supplier margin,
BCI-FE2SO4-GRN·IN,BCI-FE2SO4-GRN,IN,1,44,0.44,Iron scrap ore upstream,FE-MB-IN,d,indexed,direct,iron-scrap-na,resolved,Iron scrap ore upstream,iron-scrap-na
BCI-FE2SO4-GRN·IN,BCI-FE2SO4-GRN,IN,2,26,0.26,Sulfuric acid H2SO4,H2SO4-IN,d,indexed,direct,sulfuric-acid-na,resolved,Sulfuric acid H2SO4,sulfuric-acid-na
BCI-FE2SO4-GRN·IN,BCI-FE2SO4-GRN,IN,3,8,0.08,Industrial electricity,ELEC-IN,d,indexed,direct,elec-in,resolved,Industrial electricity,elec-in
BCI-FE2SO4-GRN·IN,BCI-FE2SO4-GRN,IN,4,4,0.04,HDPE bag packaging,HDPE-ASIA,p,indexed,proxy,brent,resolved,HDPE bag packaging,brent
BCI-FE2SO4-GRN·IN,BCI-FE2SO4-GRN,IN,5,8,0.08,Fixed costs LCI,LCI-IN,d,indexed,direct,lci-in,resolved,Fixed costs LCI,lci-in
BCI-FE2SO4-GRN·IN,BCI-FE2SO4-GRN,IN,6,10,0.1,Supplier margin,fixed,f,fixed,,,fixed,Supplier margin,
BCI-FE2SO4-LIQ·EU,BCI-FE2SO4-LIQ,EU,1,41,0.41,Iron scrap ore upstream,FE-MB,d,indexed,direct,iron-scrap-na,resolved,Iron scrap ore upstream,iron-scrap-na
BCI-FE2SO4-LIQ·EU,BCI-FE2SO4-LIQ,EU,2,28,0.28,Sulfuric acid H2SO4,H2SO4-NWE,d,indexed,direct,sulfuric-acid-na,resolved,Sulfuric acid H2SO4,sulfuric-acid-na
BCI-FE2SO4-LIQ·EU,BCI-FE2SO4-LIQ,EU,3,7,0.07,Industrial electricity,ELEC-EU,d,indexed,direct,elec-eu,resolved,Industrial electricity,elec-eu
BCI-FE2SO4-LIQ·EU,BCI-FE2SO4-LIQ,EU,4,5,0.05,Process water,WATER-EU,p,indexed,proxy,water-eu,resolved,Process water,water-eu
BCI-FE2SO4-LIQ·EU,BCI-FE2SO4-LIQ,EU,5,8,0.08,Fixed costs LCI,LCI-EU,d,indexed,direct,lci-eu,resolved,Fixed costs LCI,lci-eu
BCI-FE2SO4-LIQ·EU,BCI-FE2SO4-LIQ,EU,6,11,0.11,Supplier margin,fixed,f,fixed,,,fixed,Supplier margin,
BCI-FE2SO4-LIQ·CN,BCI-FE2SO4-LIQ,CN,1,41,0.41,Iron scrap ore upstream,FE-MB-CN,d,indexed,direct,iron-scrap-na,resolved,Iron scrap ore upstream,iron-scrap-na
BCI-FE2SO4-LIQ·CN,BCI-FE2SO4-LIQ,CN,2,28,0.28,Sulfuric acid H2SO4,H2SO4-CN,d,indexed,direct,sulfuric-acid-cn,resolved,Sulfuric acid H2SO4,sulfuric-acid-cn
BCI-FE2SO4-LIQ·CN,BCI-FE2SO4-LIQ,CN,3,7,0.07,Industrial electricity,ELEC-CN,d,indexed,direct,elec-cn,resolved,Industrial electricity,elec-cn
BCI-FE2SO4-LIQ·CN,BCI-FE2SO4-LIQ,CN,4,5,0.05,Process water,WATER-EU,p,indexed,proxy,water-eu,resolved,Process water,water-eu
BCI-FE2SO4-LIQ·CN,BCI-FE2SO4-LIQ,CN,5,8,0.08,Fixed costs LCI,LCI-CN,d,indexed,direct,lci-cn,resolved,Fixed costs LCI,lci-cn
BCI-FE2SO4-LIQ·CN,BCI-FE2SO4-LIQ,CN,6,11,0.11,Supplier margin,fixed,f,fixed,,,fixed,Supplier margin,
BCI-FE2SO4-LIQ·NA,BCI-FE2SO4-LIQ,NA,1,41,0.41,Iron scrap ore upstream,FE-MB-NA,d,indexed,direct,iron-scrap-na,resolved,Iron scrap ore upstream,iron-scrap-na
BCI-FE2SO4-LIQ·NA,BCI-FE2SO4-LIQ,NA,2,28,0.28,Sulfuric acid H2SO4,H2SO4-NA,d,indexed,direct,sulfuric-acid-na,resolved,Sulfuric acid H2SO4,sulfuric-acid-na
BCI-FE2SO4-LIQ·NA,BCI-FE2SO4-LIQ,NA,3,7,0.07,Industrial electricity,ELEC-NA,d,indexed,direct,elec-na,resolved,Industrial electricity,elec-na
BCI-FE2SO4-LIQ·NA,BCI-FE2SO4-LIQ,NA,4,5,0.05,Process water,WATER-EU,p,indexed,proxy,water-eu,resolved,Process water,water-eu
BCI-FE2SO4-LIQ·NA,BCI-FE2SO4-LIQ,NA,5,8,0.08,Fixed costs LCI,LCI-NA,d,indexed,direct,lci-na,resolved,Fixed costs LCI,lci-na
BCI-FE2SO4-LIQ·NA,BCI-FE2SO4-LIQ,NA,6,11,0.11,Supplier margin,fixed,f,fixed,,,fixed,Supplier margin,
BCI-FE2SO4-LIQ·APAC,BCI-FE2SO4-LIQ,APAC,1,41,0.41,Iron scrap ore upstream,FE-MB-GLB,p,indexed,proxy,iron-scrap-na,resolved,Iron scrap ore upstream,iron-scrap-na
BCI-FE2SO4-LIQ·APAC,BCI-FE2SO4-LIQ,APAC,2,28,0.28,Sulfuric acid H2SO4,H2SO4-ASIA,p,indexed,proxy,sulfuric-acid-cn,resolved,Sulfuric acid H2SO4,sulfuric-acid-cn
BCI-FE2SO4-LIQ·APAC,BCI-FE2SO4-LIQ,APAC,3,7,0.07,Industrial electricity,ELEC-APAC,d,indexed,direct,elec-cn,resolved,Industrial electricity,elec-cn
BCI-FE2SO4-LIQ·APAC,BCI-FE2SO4-LIQ,APAC,4,5,0.05,Process water,WATER-EU,p,indexed,proxy,water-eu,resolved,Process water,water-eu
BCI-FE2SO4-LIQ·APAC,BCI-FE2SO4-LIQ,APAC,5,8,0.08,Fixed costs LCI,LCI-APAC,d,indexed,direct,lci-apac,resolved,Fixed costs LCI,lci-apac
BCI-FE2SO4-LIQ·APAC,BCI-FE2SO4-LIQ,APAC,6,11,0.11,Supplier margin,fixed,f,fixed,,,fixed,Supplier margin,
BCI-FE2SO4-LIQ·IN,BCI-FE2SO4-LIQ,IN,1,41,0.41,Iron scrap ore upstream,FE-MB-IN,d,indexed,direct,iron-scrap-na,resolved,Iron scrap ore upstream,iron-scrap-na
BCI-FE2SO4-LIQ·IN,BCI-FE2SO4-LIQ,IN,2,28,0.28,Sulfuric acid H2SO4,H2SO4-IN,d,indexed,direct,sulfuric-acid-na,resolved,Sulfuric acid H2SO4,sulfuric-acid-na
BCI-FE2SO4-LIQ·IN,BCI-FE2SO4-LIQ,IN,3,7,0.07,Industrial electricity,ELEC-IN,d,indexed,direct,elec-in,resolved,Industrial electricity,elec-in
BCI-FE2SO4-LIQ·IN,BCI-FE2SO4-LIQ,IN,4,5,0.05,Process water,WATER-EU,p,indexed,proxy,water-eu,resolved,Process water,water-eu
BCI-FE2SO4-LIQ·IN,BCI-FE2SO4-LIQ,IN,5,8,0.08,Fixed costs LCI,LCI-IN,d,indexed,direct,lci-in,resolved,Fixed costs LCI,lci-in
BCI-FE2SO4-LIQ·IN,BCI-FE2SO4-LIQ,IN,6,11,0.11,Supplier margin,fixed,f,fixed,,,fixed,Supplier margin,
BCI-FE2SO4-LIQ·MEA,BCI-FE2SO4-LIQ,MEA,1,41,0.41,Iron scrap ore upstream,FE-MB-GLB,p,indexed,proxy,iron-scrap-na,resolved,Iron scrap ore upstream,iron-scrap-na
BCI-FE2SO4-LIQ·MEA,BCI-FE2SO4-LIQ,MEA,2,28,0.28,Sulfuric acid H2SO4,H2SO4-MEA,p,indexed,proxy,sulfuric-acid-na,resolved,Sulfuric acid H2SO4,sulfuric-acid-na
BCI-FE2SO4-LIQ·MEA,BCI-FE2SO4-LIQ,MEA,3,7,0.07,Industrial electricity,ELEC-EU,p,indexed,proxy,elec-eu,resolved,Industrial electricity,elec-eu
BCI-FE2SO4-LIQ·MEA,BCI-FE2SO4-LIQ,MEA,4,5,0.05,Process water,WATER-EU,p,indexed,proxy,water-eu,resolved,Process water,water-eu
BCI-FE2SO4-LIQ·MEA,BCI-FE2SO4-LIQ,MEA,5,8,0.08,Fixed costs LCI,LCI-MEA,d,indexed,direct,lci-mea,resolved,Fixed costs LCI,lci-mea
BCI-FE2SO4-LIQ·MEA,BCI-FE2SO4-LIQ,MEA,6,11,0.11,Supplier margin,fixed,f,fixed,,,fixed,Supplier margin,
BCI-FECL3-ANH·EU,BCI-FECL3-ANH,EU,1,30,0.3,Iron scrap ore upstream,FE-MB,d,indexed,direct,iron-scrap-na,resolved,Iron scrap ore upstream,iron-scrap-na
BCI-FECL3-ANH·EU,BCI-FECL3-ANH,EU,2,34,0.34,Hydrochloric acid HCl 33%,H2SO4-NWE,p,indexed,proxy,sulfuric-acid-na,resolved,Hydrochloric acid HCl 33%,sulfuric-acid-na
BCI-FECL3-ANH·EU,BCI-FECL3-ANH,EU,3,10,0.1,Industrial electricity,ELEC-EU,d,indexed,direct,elec-eu,resolved,Industrial electricity,elec-eu
BCI-FECL3-ANH·EU,BCI-FECL3-ANH,EU,4,5,0.05,HDPE drum packaging,HDPE-EU,d,indexed,direct,brent,resolved,HDPE drum packaging,brent
BCI-FECL3-ANH·EU,BCI-FECL3-ANH,EU,5,9,0.09,Fixed costs LCI,LCI-EU,d,indexed,direct,lci-eu,resolved,Fixed costs LCI,lci-eu
BCI-FECL3-ANH·EU,BCI-FECL3-ANH,EU,6,12,0.12,Supplier margin,fixed,f,fixed,,,fixed,Supplier margin,
BCI-FECL3-ANH·CN,BCI-FECL3-ANH,CN,1,30,0.3,Iron scrap ore upstream,FE-MB-CN,d,indexed,direct,iron-scrap-na,resolved,Iron scrap ore upstream,iron-scrap-na
BCI-FECL3-ANH·CN,BCI-FECL3-ANH,CN,2,34,0.34,Hydrochloric acid HCl 33%,H2SO4-CN,p,indexed,proxy,sulfuric-acid-cn,resolved,Hydrochloric acid HCl 33%,sulfuric-acid-cn
BCI-FECL3-ANH·CN,BCI-FECL3-ANH,CN,3,10,0.1,Industrial electricity,ELEC-CN,d,indexed,direct,elec-cn,resolved,Industrial electricity,elec-cn
BCI-FECL3-ANH·CN,BCI-FECL3-ANH,CN,4,5,0.05,HDPE drum packaging,HDPE-CN,d,indexed,direct,brent,resolved,HDPE drum packaging,brent
BCI-FECL3-ANH·CN,BCI-FECL3-ANH,CN,5,9,0.09,Fixed costs LCI,LCI-CN,d,indexed,direct,lci-cn,resolved,Fixed costs LCI,lci-cn
BCI-FECL3-ANH·CN,BCI-FECL3-ANH,CN,6,12,0.12,Supplier margin,fixed,f,fixed,,,fixed,Supplier margin,
BCI-FECL3-ANH·NA,BCI-FECL3-ANH,NA,1,30,0.3,Iron scrap ore upstream,FE-MB-NA,d,indexed,direct,iron-scrap-na,resolved,Iron scrap ore upstream,iron-scrap-na
BCI-FECL3-ANH·NA,BCI-FECL3-ANH,NA,2,34,0.34,Hydrochloric acid HCl 33%,H2SO4-NA,p,indexed,proxy,sulfuric-acid-na,resolved,Hydrochloric acid HCl 33%,sulfuric-acid-na
BCI-FECL3-ANH·NA,BCI-FECL3-ANH,NA,3,10,0.1,Industrial electricity,ELEC-NA,d,indexed,direct,elec-na,resolved,Industrial electricity,elec-na
BCI-FECL3-ANH·NA,BCI-FECL3-ANH,NA,4,5,0.05,HDPE drum packaging,HDPE-NA,d,indexed,direct,hdpe-na,resolved,HDPE drum packaging,hdpe-na
BCI-FECL3-ANH·NA,BCI-FECL3-ANH,NA,5,9,0.09,Fixed costs LCI,LCI-NA,d,indexed,direct,lci-na,resolved,Fixed costs LCI,lci-na
BCI-FECL3-ANH·NA,BCI-FECL3-ANH,NA,6,12,0.12,Supplier margin,fixed,f,fixed,,,fixed,Supplier margin,
BCI-FECL3-LIQ·EU,BCI-FECL3-LIQ,EU,1,32,0.32,Iron scrap ore upstream,FE-MB,d,indexed,direct,iron-scrap-na,resolved,Iron scrap ore upstream,iron-scrap-na
BCI-FECL3-LIQ·EU,BCI-FECL3-LIQ,EU,2,35,0.35,Hydrochloric acid HCl 33%,H2SO4-NWE,p,indexed,proxy,sulfuric-acid-na,resolved,Hydrochloric acid HCl 33%,sulfuric-acid-na
BCI-FECL3-LIQ·EU,BCI-FECL3-LIQ,EU,3,7,0.07,Industrial electricity,ELEC-EU,d,indexed,direct,elec-eu,resolved,Industrial electricity,elec-eu
BCI-FECL3-LIQ·EU,BCI-FECL3-LIQ,EU,4,5,0.05,Process water,WATER-EU,p,indexed,proxy,water-eu,resolved,Process water,water-eu
BCI-FECL3-LIQ·EU,BCI-FECL3-LIQ,EU,5,8,0.08,Fixed costs LCI,LCI-EU,d,indexed,direct,lci-eu,resolved,Fixed costs LCI,lci-eu
BCI-FECL3-LIQ·EU,BCI-FECL3-LIQ,EU,6,13,0.13,Supplier margin,fixed,f,fixed,,,fixed,Supplier margin,
BCI-FECL3-LIQ·CN,BCI-FECL3-LIQ,CN,1,32,0.32,Iron scrap ore upstream,FE-MB-CN,d,indexed,direct,iron-scrap-na,resolved,Iron scrap ore upstream,iron-scrap-na
BCI-FECL3-LIQ·CN,BCI-FECL3-LIQ,CN,2,35,0.35,Hydrochloric acid HCl 33%,H2SO4-CN,p,indexed,proxy,sulfuric-acid-cn,resolved,Hydrochloric acid HCl 33%,sulfuric-acid-cn
BCI-FECL3-LIQ·CN,BCI-FECL3-LIQ,CN,3,7,0.07,Industrial electricity,ELEC-CN,d,indexed,direct,elec-cn,resolved,Industrial electricity,elec-cn
BCI-FECL3-LIQ·CN,BCI-FECL3-LIQ,CN,4,5,0.05,Process water,WATER-EU,p,indexed,proxy,water-eu,resolved,Process water,water-eu
BCI-FECL3-LIQ·CN,BCI-FECL3-LIQ,CN,5,8,0.08,Fixed costs LCI,LCI-CN,d,indexed,direct,lci-cn,resolved,Fixed costs LCI,lci-cn
BCI-FECL3-LIQ·CN,BCI-FECL3-LIQ,CN,6,13,0.13,Supplier margin,fixed,f,fixed,,,fixed,Supplier margin,
BCI-FECL3-LIQ·NA,BCI-FECL3-LIQ,NA,1,32,0.32,Iron scrap ore upstream,FE-MB-NA,d,indexed,direct,iron-scrap-na,resolved,Iron scrap ore upstream,iron-scrap-na
BCI-FECL3-LIQ·NA,BCI-FECL3-LIQ,NA,2,35,0.35,Hydrochloric acid HCl 33%,H2SO4-NA,p,indexed,proxy,sulfuric-acid-na,resolved,Hydrochloric acid HCl 33%,sulfuric-acid-na
BCI-FECL3-LIQ·NA,BCI-FECL3-LIQ,NA,3,7,0.07,Industrial electricity,ELEC-NA,d,indexed,direct,elec-na,resolved,Industrial electricity,elec-na
BCI-FECL3-LIQ·NA,BCI-FECL3-LIQ,NA,4,5,0.05,Process water,WATER-EU,p,indexed,proxy,water-eu,resolved,Process water,water-eu
BCI-FECL3-LIQ·NA,BCI-FECL3-LIQ,NA,5,8,0.08,Fixed costs LCI,LCI-NA,d,indexed,direct,lci-na,resolved,Fixed costs LCI,lci-na
BCI-FECL3-LIQ·NA,BCI-FECL3-LIQ,NA,6,13,0.13,Supplier margin,fixed,f,fixed,,,fixed,Supplier margin,
BCI-FECL3-LIQ·APAC,BCI-FECL3-LIQ,APAC,1,32,0.32,Iron scrap ore upstream,FE-MB-GLB,p,indexed,proxy,iron-scrap-na,resolved,Iron scrap ore upstream,iron-scrap-na
BCI-FECL3-LIQ·APAC,BCI-FECL3-LIQ,APAC,2,35,0.35,Hydrochloric acid HCl 33%,H2SO4-ASIA,p,indexed,proxy,sulfuric-acid-cn,resolved,Hydrochloric acid HCl 33%,sulfuric-acid-cn
BCI-FECL3-LIQ·APAC,BCI-FECL3-LIQ,APAC,3,7,0.07,Industrial electricity,ELEC-APAC,d,indexed,direct,elec-cn,resolved,Industrial electricity,elec-cn
BCI-FECL3-LIQ·APAC,BCI-FECL3-LIQ,APAC,4,5,0.05,Process water,WATER-EU,p,indexed,proxy,water-eu,resolved,Process water,water-eu
BCI-FECL3-LIQ·APAC,BCI-FECL3-LIQ,APAC,5,8,0.08,Fixed costs LCI,LCI-APAC,d,indexed,direct,lci-apac,resolved,Fixed costs LCI,lci-apac
BCI-FECL3-LIQ·APAC,BCI-FECL3-LIQ,APAC,6,13,0.13,Supplier margin,fixed,f,fixed,,,fixed,Supplier margin,
BCI-FECL3-LIQ·IN,BCI-FECL3-LIQ,IN,1,32,0.32,Iron scrap ore upstream,FE-MB-IN,d,indexed,direct,iron-scrap-na,resolved,Iron scrap ore upstream,iron-scrap-na
BCI-FECL3-LIQ·IN,BCI-FECL3-LIQ,IN,2,35,0.35,Hydrochloric acid HCl 33%,H2SO4-IN,p,indexed,proxy,sulfuric-acid-na,resolved,Hydrochloric acid HCl 33%,sulfuric-acid-na
BCI-FECL3-LIQ·IN,BCI-FECL3-LIQ,IN,3,7,0.07,Industrial electricity,ELEC-IN,d,indexed,direct,elec-in,resolved,Industrial electricity,elec-in
BCI-FECL3-LIQ·IN,BCI-FECL3-LIQ,IN,4,5,0.05,Process water,WATER-EU,p,indexed,proxy,water-eu,resolved,Process water,water-eu
BCI-FECL3-LIQ·IN,BCI-FECL3-LIQ,IN,5,8,0.08,Fixed costs LCI,LCI-IN,d,indexed,direct,lci-in,resolved,Fixed costs LCI,lci-in
BCI-FECL3-LIQ·IN,BCI-FECL3-LIQ,IN,6,13,0.13,Supplier margin,fixed,f,fixed,,,fixed,Supplier margin,
BCI-FECL3-LIQ·MEA,BCI-FECL3-LIQ,MEA,1,32,0.32,Iron scrap ore upstream,FE-MB-GLB,p,indexed,proxy,iron-scrap-na,resolved,Iron scrap ore upstream,iron-scrap-na
BCI-FECL3-LIQ·MEA,BCI-FECL3-LIQ,MEA,2,35,0.35,Hydrochloric acid HCl 33%,H2SO4-MEA,p,indexed,proxy,sulfuric-acid-na,resolved,Hydrochloric acid HCl 33%,sulfuric-acid-na
BCI-FECL3-LIQ·MEA,BCI-FECL3-LIQ,MEA,3,7,0.07,Industrial electricity,ELEC-EU,p,indexed,proxy,elec-eu,resolved,Industrial electricity,elec-eu
BCI-FECL3-LIQ·MEA,BCI-FECL3-LIQ,MEA,4,5,0.05,Process water,WATER-EU,p,indexed,proxy,water-eu,resolved,Process water,water-eu
BCI-FECL3-LIQ·MEA,BCI-FECL3-LIQ,MEA,5,8,0.08,Fixed costs LCI,LCI-MEA,d,indexed,direct,lci-mea,resolved,Fixed costs LCI,lci-mea
BCI-FECL3-LIQ·MEA,BCI-FECL3-LIQ,MEA,6,13,0.13,Supplier margin,fixed,f,fixed,,,fixed,Supplier margin,
BCI-FESO4-HEP·EU,BCI-FESO4-HEP,EU,1,49,0.49,Iron scrap TiO2 by-product chain,FE-MB,d,indexed,direct,iron-scrap-na,resolved,Iron scrap TiO2 by-product chain,iron-scrap-na
BCI-FESO4-HEP·EU,BCI-FESO4-HEP,EU,2,20,0.2,Sulfuric acid H2SO4,H2SO4-NWE,d,indexed,direct,sulfuric-acid-na,resolved,Sulfuric acid H2SO4,sulfuric-acid-na
BCI-FESO4-HEP·EU,BCI-FESO4-HEP,EU,3,8,0.08,Industrial electricity,ELEC-EU,d,indexed,direct,elec-eu,resolved,Industrial electricity,elec-eu
BCI-FESO4-HEP·EU,BCI-FESO4-HEP,EU,4,4,0.04,HDPE bag packaging,HDPE-EU,d,indexed,direct,brent,resolved,HDPE bag packaging,brent
BCI-FESO4-HEP·EU,BCI-FESO4-HEP,EU,5,10,0.1,Fixed costs LCI,LCI-EU,d,indexed,direct,lci-eu,resolved,Fixed costs LCI,lci-eu
BCI-FESO4-HEP·EU,BCI-FESO4-HEP,EU,6,9,0.09,Supplier margin,fixed,f,fixed,,,fixed,Supplier margin,
BCI-FESO4-HEP·CN,BCI-FESO4-HEP,CN,1,49,0.49,Iron scrap TiO2 by-product chain,FE-MB-CN,d,indexed,direct,iron-scrap-na,resolved,Iron scrap TiO2 by-product chain,iron-scrap-na
BCI-FESO4-HEP·CN,BCI-FESO4-HEP,CN,2,20,0.2,Sulfuric acid H2SO4,H2SO4-CN,d,indexed,direct,sulfuric-acid-cn,resolved,Sulfuric acid H2SO4,sulfuric-acid-cn
BCI-FESO4-HEP·CN,BCI-FESO4-HEP,CN,3,8,0.08,Industrial electricity,ELEC-CN,d,indexed,direct,elec-cn,resolved,Industrial electricity,elec-cn
BCI-FESO4-HEP·CN,BCI-FESO4-HEP,CN,4,4,0.04,HDPE bag packaging,HDPE-CN,d,indexed,direct,brent,resolved,HDPE bag packaging,brent
BCI-FESO4-HEP·CN,BCI-FESO4-HEP,CN,5,10,0.1,Fixed costs LCI,LCI-CN,d,indexed,direct,lci-cn,resolved,Fixed costs LCI,lci-cn
BCI-FESO4-HEP·CN,BCI-FESO4-HEP,CN,6,9,0.09,Supplier margin,fixed,f,fixed,,,fixed,Supplier margin,
BCI-FESO4-HEP·NA,BCI-FESO4-HEP,NA,1,49,0.49,Iron scrap TiO2 by-product chain,FE-MB-NA,d,indexed,direct,iron-scrap-na,resolved,Iron scrap TiO2 by-product chain,iron-scrap-na
BCI-FESO4-HEP·NA,BCI-FESO4-HEP,NA,2,20,0.2,Sulfuric acid H2SO4,H2SO4-NA,d,indexed,direct,sulfuric-acid-na,resolved,Sulfuric acid H2SO4,sulfuric-acid-na
BCI-FESO4-HEP·NA,BCI-FESO4-HEP,NA,3,8,0.08,Industrial electricity,ELEC-NA,d,indexed,direct,elec-na,resolved,Industrial electricity,elec-na
BCI-FESO4-HEP·NA,BCI-FESO4-HEP,NA,4,4,0.04,HDPE bag packaging,HDPE-NA,d,indexed,direct,hdpe-na,resolved,HDPE bag packaging,hdpe-na
BCI-FESO4-HEP·NA,BCI-FESO4-HEP,NA,5,10,0.1,Fixed costs LCI,LCI-NA,d,indexed,direct,lci-na,resolved,Fixed costs LCI,lci-na
BCI-FESO4-HEP·NA,BCI-FESO4-HEP,NA,6,9,0.09,Supplier margin,fixed,f,fixed,,,fixed,Supplier margin,
BCI-FESO4-HEP·APAC,BCI-FESO4-HEP,APAC,1,49,0.49,Iron scrap TiO2 by-product chain,FE-MB-GLB,p,indexed,proxy,iron-scrap-na,resolved,Iron scrap TiO2 by-product chain,iron-scrap-na
BCI-FESO4-HEP·APAC,BCI-FESO4-HEP,APAC,2,20,0.2,Sulfuric acid H2SO4,H2SO4-ASIA,p,indexed,proxy,sulfuric-acid-cn,resolved,Sulfuric acid H2SO4,sulfuric-acid-cn
BCI-FESO4-HEP·APAC,BCI-FESO4-HEP,APAC,3,8,0.08,Industrial electricity,ELEC-APAC,d,indexed,direct,elec-cn,resolved,Industrial electricity,elec-cn
BCI-FESO4-HEP·APAC,BCI-FESO4-HEP,APAC,4,4,0.04,HDPE bag packaging,HDPE-ASIA,p,indexed,proxy,brent,resolved,HDPE bag packaging,brent
BCI-FESO4-HEP·APAC,BCI-FESO4-HEP,APAC,5,10,0.1,Fixed costs LCI,LCI-APAC,d,indexed,direct,lci-apac,resolved,Fixed costs LCI,lci-apac
BCI-FESO4-HEP·APAC,BCI-FESO4-HEP,APAC,6,9,0.09,Supplier margin,fixed,f,fixed,,,fixed,Supplier margin,
BCI-FESO4-HEP·IN,BCI-FESO4-HEP,IN,1,49,0.49,Iron scrap TiO2 by-product chain,FE-MB-IN,d,indexed,direct,iron-scrap-na,resolved,Iron scrap TiO2 by-product chain,iron-scrap-na
BCI-FESO4-HEP·IN,BCI-FESO4-HEP,IN,2,20,0.2,Sulfuric acid H2SO4,H2SO4-IN,d,indexed,direct,sulfuric-acid-na,resolved,Sulfuric acid H2SO4,sulfuric-acid-na
BCI-FESO4-HEP·IN,BCI-FESO4-HEP,IN,3,8,0.08,Industrial electricity,ELEC-IN,d,indexed,direct,elec-in,resolved,Industrial electricity,elec-in
BCI-FESO4-HEP·IN,BCI-FESO4-HEP,IN,4,4,0.04,HDPE bag packaging,HDPE-ASIA,p,indexed,proxy,brent,resolved,HDPE bag packaging,brent
BCI-FESO4-HEP·IN,BCI-FESO4-HEP,IN,5,10,0.1,Fixed costs LCI,LCI-IN,d,indexed,direct,lci-in,resolved,Fixed costs LCI,lci-in
BCI-FESO4-HEP·IN,BCI-FESO4-HEP,IN,6,9,0.09,Supplier margin,fixed,f,fixed,,,fixed,Supplier margin,
BCI-FESO4-MON·EU,BCI-FESO4-MON,EU,1,49,0.49,Iron scrap upstream,FE-MB,d,indexed,direct,iron-scrap-na,resolved,Iron scrap upstream,iron-scrap-na
BCI-FESO4-MON·EU,BCI-FESO4-MON,EU,2,18,0.18,Sulfuric acid H2SO4,H2SO4-NWE,d,indexed,direct,sulfuric-acid-na,resolved,Sulfuric acid H2SO4,sulfuric-acid-na
BCI-FESO4-MON·EU,BCI-FESO4-MON,EU,3,10,0.1,Industrial electricity drying,ELEC-EU,d,indexed,direct,elec-eu,resolved,Industrial electricity drying,elec-eu
BCI-FESO4-MON·EU,BCI-FESO4-MON,EU,4,4,0.04,HDPE bag packaging,HDPE-EU,d,indexed,direct,brent,resolved,HDPE bag packaging,brent
BCI-FESO4-MON·EU,BCI-FESO4-MON,EU,5,10,0.1,Fixed costs LCI,LCI-EU,d,indexed,direct,lci-eu,resolved,Fixed costs LCI,lci-eu
BCI-FESO4-MON·EU,BCI-FESO4-MON,EU,6,9,0.09,Supplier margin,fixed,f,fixed,,,fixed,Supplier margin,
BCI-FESO4-MON·CN,BCI-FESO4-MON,CN,1,49,0.49,Iron scrap upstream,FE-MB-CN,d,indexed,direct,iron-scrap-na,resolved,Iron scrap upstream,iron-scrap-na
BCI-FESO4-MON·CN,BCI-FESO4-MON,CN,2,18,0.18,Sulfuric acid H2SO4,H2SO4-CN,d,indexed,direct,sulfuric-acid-cn,resolved,Sulfuric acid H2SO4,sulfuric-acid-cn
BCI-FESO4-MON·CN,BCI-FESO4-MON,CN,3,10,0.1,Industrial electricity drying,ELEC-CN,d,indexed,direct,elec-cn,resolved,Industrial electricity drying,elec-cn
BCI-FESO4-MON·CN,BCI-FESO4-MON,CN,4,4,0.04,HDPE bag packaging,HDPE-CN,d,indexed,direct,brent,resolved,HDPE bag packaging,brent
BCI-FESO4-MON·CN,BCI-FESO4-MON,CN,5,10,0.1,Fixed costs LCI,LCI-CN,d,indexed,direct,lci-cn,resolved,Fixed costs LCI,lci-cn
BCI-FESO4-MON·CN,BCI-FESO4-MON,CN,6,9,0.09,Supplier margin,fixed,f,fixed,,,fixed,Supplier margin,
BCI-FESO4-MON·IN,BCI-FESO4-MON,IN,1,49,0.49,Iron scrap upstream,FE-MB-IN,d,indexed,direct,iron-scrap-na,resolved,Iron scrap upstream,iron-scrap-na
BCI-FESO4-MON·IN,BCI-FESO4-MON,IN,2,18,0.18,Sulfuric acid H2SO4,H2SO4-IN,d,indexed,direct,sulfuric-acid-na,resolved,Sulfuric acid H2SO4,sulfuric-acid-na
BCI-FESO4-MON·IN,BCI-FESO4-MON,IN,3,10,0.1,Industrial electricity drying,ELEC-IN,d,indexed,direct,elec-in,resolved,Industrial electricity drying,elec-in
BCI-FESO4-MON·IN,BCI-FESO4-MON,IN,4,4,0.04,HDPE bag packaging,HDPE-ASIA,p,indexed,proxy,brent,resolved,HDPE bag packaging,brent
BCI-FESO4-MON·IN,BCI-FESO4-MON,IN,5,10,0.1,Fixed costs LCI,LCI-IN,d,indexed,direct,lci-in,resolved,Fixed costs LCI,lci-in
BCI-FESO4-MON·IN,BCI-FESO4-MON,IN,6,9,0.09,Supplier margin,fixed,f,fixed,,,fixed,Supplier margin,
BCI-HCL-EG·EU,BCI-HCL-EG,EU,1,52,0.52,Chlorine chlor-alkali,CL2-EU,d,indexed,direct,elec-eu,resolved,Chlorine chlor-alkali,elec-eu
BCI-HCL-EG·EU,BCI-HCL-EG,EU,2,14,0.14,Industrial electricity,ELEC-EU,d,indexed,direct,elec-eu,resolved,Industrial electricity,elec-eu
BCI-HCL-EG·EU,BCI-HCL-EG,EU,3,10,0.1,Ultra-purification fixed process cost,fixed,f,fixed,,,fixed,Ultra-purification fixed process cost,
BCI-HCL-EG·EU,BCI-HCL-EG,EU,4,6,0.06,Fixed costs LCI,LCI-EU,d,indexed,direct,lci-eu,resolved,Fixed costs LCI,lci-eu
BCI-HCL-EG·EU,BCI-HCL-EG,EU,5,18,0.18,Supplier margin purity premium,fixed,f,fixed,,,fixed,Supplier margin purity premium,
BCI-HCL-EG·CN,BCI-HCL-EG,CN,1,52,0.52,Chlorine chlor-alkali,CL2-CN,d,indexed,direct,elec-cn,resolved,Chlorine chlor-alkali,elec-cn
BCI-HCL-EG·CN,BCI-HCL-EG,CN,2,14,0.14,Industrial electricity,ELEC-CN,d,indexed,direct,elec-cn,resolved,Industrial electricity,elec-cn
BCI-HCL-EG·CN,BCI-HCL-EG,CN,3,10,0.1,Ultra-purification fixed process cost,fixed,f,fixed,,,fixed,Ultra-purification fixed process cost,
BCI-HCL-EG·CN,BCI-HCL-EG,CN,4,6,0.06,Fixed costs LCI,LCI-CN,d,indexed,direct,lci-cn,resolved,Fixed costs LCI,lci-cn
BCI-HCL-EG·CN,BCI-HCL-EG,CN,5,18,0.18,Supplier margin purity premium,fixed,f,fixed,,,fixed,Supplier margin purity premium,
BCI-HCL-EG·NA,BCI-HCL-EG,NA,1,52,0.52,Chlorine chlor-alkali,CL2-NA,d,indexed,direct,caustic-soda-na,resolved,Chlorine chlor-alkali,caustic-soda-na
BCI-HCL-EG·NA,BCI-HCL-EG,NA,2,14,0.14,Industrial electricity,ELEC-NA,d,indexed,direct,elec-na,resolved,Industrial electricity,elec-na
BCI-HCL-EG·NA,BCI-HCL-EG,NA,3,10,0.1,Ultra-purification fixed process cost,fixed,f,fixed,,,fixed,Ultra-purification fixed process cost,
BCI-HCL-EG·NA,BCI-HCL-EG,NA,4,6,0.06,Fixed costs LCI,LCI-NA,d,indexed,direct,lci-na,resolved,Fixed costs LCI,lci-na
BCI-HCL-EG·NA,BCI-HCL-EG,NA,5,18,0.18,Supplier margin purity premium,fixed,f,fixed,,,fixed,Supplier margin purity premium,
FOD-GLC-SYR·EU,FOD-GLC-SYR,EU,1,66,0.66,Corn wet milling,CORN-CBOT,d,indexed,direct,corn,resolved,Corn wet milling,corn
FOD-GLC-SYR·EU,FOD-GLC-SYR,EU,2,10,0.1,Industrial electricity,ELEC-EU,d,indexed,direct,elec-eu,resolved,Industrial electricity,elec-eu
FOD-GLC-SYR·EU,FOD-GLC-SYR,EU,3,6,0.06,Natural gas processing,TTF-EU,d,indexed,direct,ttf-eu,resolved,Natural gas processing,ttf-eu
FOD-GLC-SYR·EU,FOD-GLC-SYR,EU,4,9,0.09,Fixed costs LCI,LCI-EU,d,indexed,direct,lci-eu,resolved,Fixed costs LCI,lci-eu
FOD-GLC-SYR·EU,FOD-GLC-SYR,EU,5,9,0.09,Supplier margin,fixed,f,fixed,,,fixed,Supplier margin,
FOD-GLC-SYR·CN,FOD-GLC-SYR,CN,1,66,0.66,Corn wet milling,CORN-CBOT,d,indexed,direct,corn,resolved,Corn wet milling,corn
FOD-GLC-SYR·CN,FOD-GLC-SYR,CN,2,10,0.1,Industrial electricity,ELEC-CN,d,indexed,direct,elec-cn,resolved,Industrial electricity,elec-cn
FOD-GLC-SYR·CN,FOD-GLC-SYR,CN,3,6,0.06,Natural gas processing,NDRC-CN,d,indexed,direct,gas-china,resolved,Natural gas processing,gas-china
FOD-GLC-SYR·CN,FOD-GLC-SYR,CN,4,9,0.09,Fixed costs LCI,LCI-CN,d,indexed,direct,lci-cn,resolved,Fixed costs LCI,lci-cn
FOD-GLC-SYR·CN,FOD-GLC-SYR,CN,5,9,0.09,Supplier margin,fixed,f,fixed,,,fixed,Supplier margin,
FOD-GLC-SYR·NA,FOD-GLC-SYR,NA,1,66,0.66,Corn wet milling,CORN-CBOT,d,indexed,direct,corn,resolved,Corn wet milling,corn
FOD-GLC-SYR·NA,FOD-GLC-SYR,NA,2,10,0.1,Industrial electricity,ELEC-NA,d,indexed,direct,elec-na,resolved,Industrial electricity,elec-na
FOD-GLC-SYR·NA,FOD-GLC-SYR,NA,3,6,0.06,Natural gas processing,HH-NA,d,indexed,direct,natgas-na,resolved,Natural gas processing,natgas-na
FOD-GLC-SYR·NA,FOD-GLC-SYR,NA,4,9,0.09,Fixed costs LCI,LCI-NA,d,indexed,direct,lci-na,resolved,Fixed costs LCI,lci-na
FOD-GLC-SYR·NA,FOD-GLC-SYR,NA,5,9,0.09,Supplier margin,fixed,f,fixed,,,fixed,Supplier margin,
FOD-LACT-LIQ·EU,FOD-LACT-LIQ,EU,1,66,0.66,Glucose fermentation,GLUC-ICIS,d,indexed,direct,corn,resolved,Glucose fermentation,corn
FOD-LACT-LIQ·EU,FOD-LACT-LIQ,EU,2,10,0.1,Industrial electricity,ELEC-EU,d,indexed,direct,elec-eu,resolved,Industrial electricity,elec-eu
FOD-LACT-LIQ·EU,FOD-LACT-LIQ,EU,3,10,0.1,Fixed costs LCI,LCI-EU,d,indexed,direct,lci-eu,resolved,Fixed costs LCI,lci-eu
FOD-LACT-LIQ·EU,FOD-LACT-LIQ,EU,4,14,0.14,Supplier margin,fixed,f,fixed,,,fixed,Supplier margin,
FOD-LACT-LIQ·CN,FOD-LACT-LIQ,CN,1,66,0.66,Glucose fermentation,GLUC-CN,d,indexed,direct,corn,resolved,Glucose fermentation,corn
FOD-LACT-LIQ·CN,FOD-LACT-LIQ,CN,2,10,0.1,Industrial electricity,ELEC-CN,d,indexed,direct,elec-cn,resolved,Industrial electricity,elec-cn
FOD-LACT-LIQ·CN,FOD-LACT-LIQ,CN,3,10,0.1,Fixed costs LCI,LCI-CN,d,indexed,direct,lci-cn,resolved,Fixed costs LCI,lci-cn
FOD-LACT-LIQ·CN,FOD-LACT-LIQ,CN,4,14,0.14,Supplier margin,fixed,f,fixed,,,fixed,Supplier margin,
BCI-H2SO4-LIQ·EU,BCI-H2SO4-LIQ,EU,1,56,0.56,Sulfuric acid PPI (self-referential proxy),SULF-WB,p,indexed,proxy,sulfuric-acid-na,resolved,Sulfuric acid PPI (self-referential proxy),sulfuric-acid-na
BCI-H2SO4-LIQ·EU,BCI-H2SO4-LIQ,EU,2,18,0.18,Industrial electricity,ELEC-EU,d,indexed,direct,elec-eu,resolved,Industrial electricity,elec-eu
BCI-H2SO4-LIQ·EU,BCI-H2SO4-LIQ,EU,3,6,0.06,Natural gas catalyst regeneration,TTF-EU,p,indexed,proxy,ttf-eu,resolved,Natural gas catalyst regeneration,ttf-eu
BCI-H2SO4-LIQ·EU,BCI-H2SO4-LIQ,EU,4,10,0.1,Fixed costs LCI,LCI-EU,d,indexed,direct,lci-eu,resolved,Fixed costs LCI,lci-eu
BCI-H2SO4-LIQ·EU,BCI-H2SO4-LIQ,EU,5,10,0.1,Supplier margin,fixed,f,fixed,,,fixed,Supplier margin,
BCI-H2SO4-LIQ·CN,BCI-H2SO4-LIQ,CN,1,56,0.56,Sulfuric acid PPI (self-referential proxy),SULF-WB,p,indexed,proxy,sulfuric-acid-na,resolved,Sulfuric acid PPI (self-referential proxy),sulfuric-acid-na
BCI-H2SO4-LIQ·CN,BCI-H2SO4-LIQ,CN,2,18,0.18,Industrial electricity,ELEC-CN,d,indexed,direct,elec-cn,resolved,Industrial electricity,elec-cn
BCI-H2SO4-LIQ·CN,BCI-H2SO4-LIQ,CN,3,6,0.06,Natural gas catalyst regeneration,NDRC-CN,p,indexed,proxy,gas-china,resolved,Natural gas catalyst regeneration,gas-china
BCI-H2SO4-LIQ·CN,BCI-H2SO4-LIQ,CN,4,10,0.1,Fixed costs LCI,LCI-CN,d,indexed,direct,lci-cn,resolved,Fixed costs LCI,lci-cn
BCI-H2SO4-LIQ·CN,BCI-H2SO4-LIQ,CN,5,10,0.1,Supplier margin,fixed,f,fixed,,,fixed,Supplier margin,
BCI-H2SO4-LIQ·NA,BCI-H2SO4-LIQ,NA,1,56,0.56,Sulfuric acid PPI (self-referential proxy),SULF-WB,p,indexed,proxy,sulfuric-acid-na,resolved,Sulfuric acid PPI (self-referential proxy),sulfuric-acid-na
BCI-H2SO4-LIQ·NA,BCI-H2SO4-LIQ,NA,2,18,0.18,Industrial electricity,ELEC-NA,d,indexed,direct,elec-na,resolved,Industrial electricity,elec-na
BCI-H2SO4-LIQ·NA,BCI-H2SO4-LIQ,NA,3,6,0.06,Natural gas catalyst regeneration,HH-NA,p,indexed,proxy,natgas-na,resolved,Natural gas catalyst regeneration,natgas-na
BCI-H2SO4-LIQ·NA,BCI-H2SO4-LIQ,NA,4,10,0.1,Fixed costs LCI,LCI-NA,d,indexed,direct,lci-na,resolved,Fixed costs LCI,lci-na
BCI-H2SO4-LIQ·NA,BCI-H2SO4-LIQ,NA,5,10,0.1,Supplier margin,fixed,f,fixed,,,fixed,Supplier margin,
BCI-H2SO4-LIQ·APAC,BCI-H2SO4-LIQ,APAC,1,56,0.56,Sulfuric acid PPI (self-referential proxy),SULF-WB,p,indexed,proxy,sulfuric-acid-na,resolved,Sulfuric acid PPI (self-referential proxy),sulfuric-acid-na
BCI-H2SO4-LIQ·APAC,BCI-H2SO4-LIQ,APAC,2,18,0.18,Industrial electricity,ELEC-APAC,d,indexed,direct,elec-cn,resolved,Industrial electricity,elec-cn
BCI-H2SO4-LIQ·APAC,BCI-H2SO4-LIQ,APAC,3,6,0.06,Natural gas catalyst regeneration,JKM-APAC,p,indexed,proxy,lng-japan,resolved,Natural gas catalyst regeneration,lng-japan
BCI-H2SO4-LIQ·APAC,BCI-H2SO4-LIQ,APAC,4,10,0.1,Fixed costs LCI,LCI-APAC,d,indexed,direct,lci-apac,resolved,Fixed costs LCI,lci-apac
BCI-H2SO4-LIQ·APAC,BCI-H2SO4-LIQ,APAC,5,10,0.1,Supplier margin,fixed,f,fixed,,,fixed,Supplier margin,
BCI-H2SO4-LIQ·IN,BCI-H2SO4-LIQ,IN,1,56,0.56,Sulfuric acid PPI (self-referential proxy),SULF-WB,p,indexed,proxy,sulfuric-acid-na,resolved,Sulfuric acid PPI (self-referential proxy),sulfuric-acid-na
BCI-H2SO4-LIQ·IN,BCI-H2SO4-LIQ,IN,2,18,0.18,Industrial electricity,ELEC-IN,d,indexed,direct,elec-in,resolved,Industrial electricity,elec-in
BCI-H2SO4-LIQ·IN,BCI-H2SO4-LIQ,IN,3,6,0.06,Natural gas catalyst regeneration,GAS-IN,p,indexed,proxy,gas-india,resolved,Natural gas catalyst regeneration,gas-india
BCI-H2SO4-LIQ·IN,BCI-H2SO4-LIQ,IN,4,10,0.1,Fixed costs LCI,LCI-IN,d,indexed,direct,lci-in,resolved,Fixed costs LCI,lci-in
BCI-H2SO4-LIQ·IN,BCI-H2SO4-LIQ,IN,5,10,0.1,Supplier margin,fixed,f,fixed,,,fixed,Supplier margin,
BCI-H2SO4-LIQ·MEA,BCI-H2SO4-LIQ,MEA,1,56,0.56,Sulfuric acid PPI (self-referential proxy),SULF-WB,p,indexed,proxy,sulfuric-acid-na,resolved,Sulfuric acid PPI (self-referential proxy),sulfuric-acid-na
BCI-H2SO4-LIQ·MEA,BCI-H2SO4-LIQ,MEA,2,18,0.18,Industrial electricity,ELEC-EU,p,indexed,proxy,elec-eu,resolved,Industrial electricity,elec-eu
BCI-H2SO4-LIQ·MEA,BCI-H2SO4-LIQ,MEA,3,6,0.06,Natural gas catalyst regeneration,GAS-MEA,p,indexed,proxy,gas-mea,resolved,Natural gas catalyst regeneration,gas-mea
BCI-H2SO4-LIQ·MEA,BCI-H2SO4-LIQ,MEA,4,10,0.1,Fixed costs LCI,LCI-MEA,d,indexed,direct,lci-mea,resolved,Fixed costs LCI,lci-mea
BCI-H2SO4-LIQ·MEA,BCI-H2SO4-LIQ,MEA,5,10,0.1,Supplier margin,fixed,f,fixed,,,fixed,Supplier margin,
BCI-H3PO4-LIQ·EU,BCI-H3PO4-LIQ,EU,1,47,0.47,Phosphate rock World Bank,PHOS-WB,d,indexed,direct,dap,resolved,Phosphate rock World Bank,dap
BCI-H3PO4-LIQ·EU,BCI-H3PO4-LIQ,EU,2,24,0.24,Sulfuric acid H2SO4,H2SO4-NWE,d,indexed,direct,sulfuric-acid-na,resolved,Sulfuric acid H2SO4,sulfuric-acid-na
BCI-H3PO4-LIQ·EU,BCI-H3PO4-LIQ,EU,3,8,0.08,Industrial electricity,ELEC-EU,d,indexed,direct,elec-eu,resolved,Industrial electricity,elec-eu
BCI-H3PO4-LIQ·EU,BCI-H3PO4-LIQ,EU,4,10,0.1,Fixed costs LCI,LCI-EU,d,indexed,direct,lci-eu,resolved,Fixed costs LCI,lci-eu
BCI-H3PO4-LIQ·EU,BCI-H3PO4-LIQ,EU,5,11,0.11,Supplier margin,fixed,f,fixed,,,fixed,Supplier margin,
BCI-H3PO4-LIQ·CN,BCI-H3PO4-LIQ,CN,1,47,0.47,Phosphate rock World Bank,PHOS-WB,d,indexed,direct,dap,resolved,Phosphate rock World Bank,dap
BCI-H3PO4-LIQ·CN,BCI-H3PO4-LIQ,CN,2,24,0.24,Sulfuric acid H2SO4,H2SO4-CN,d,indexed,direct,sulfuric-acid-cn,resolved,Sulfuric acid H2SO4,sulfuric-acid-cn
BCI-H3PO4-LIQ·CN,BCI-H3PO4-LIQ,CN,3,8,0.08,Industrial electricity,ELEC-CN,d,indexed,direct,elec-cn,resolved,Industrial electricity,elec-cn
BCI-H3PO4-LIQ·CN,BCI-H3PO4-LIQ,CN,4,10,0.1,Fixed costs LCI,LCI-CN,d,indexed,direct,lci-cn,resolved,Fixed costs LCI,lci-cn
BCI-H3PO4-LIQ·CN,BCI-H3PO4-LIQ,CN,5,11,0.11,Supplier margin,fixed,f,fixed,,,fixed,Supplier margin,
BCI-H3PO4-LIQ·NA,BCI-H3PO4-LIQ,NA,1,47,0.47,Phosphate rock World Bank,PHOS-WB,d,indexed,direct,dap,resolved,Phosphate rock World Bank,dap
BCI-H3PO4-LIQ·NA,BCI-H3PO4-LIQ,NA,2,24,0.24,Sulfuric acid H2SO4,H2SO4-NA,d,indexed,direct,sulfuric-acid-na,resolved,Sulfuric acid H2SO4,sulfuric-acid-na
BCI-H3PO4-LIQ·NA,BCI-H3PO4-LIQ,NA,3,8,0.08,Industrial electricity,ELEC-NA,d,indexed,direct,elec-na,resolved,Industrial electricity,elec-na
BCI-H3PO4-LIQ·NA,BCI-H3PO4-LIQ,NA,4,10,0.1,Fixed costs LCI,LCI-NA,d,indexed,direct,lci-na,resolved,Fixed costs LCI,lci-na
BCI-H3PO4-LIQ·NA,BCI-H3PO4-LIQ,NA,5,11,0.11,Supplier margin,fixed,f,fixed,,,fixed,Supplier margin,
BCI-HCL-LIQ·EU,BCI-HCL-LIQ,EU,1,62,0.62,Chlorine chlor-alkali by-product,CL2-EU,d,indexed,direct,elec-eu,resolved,Chlorine chlor-alkali by-product,elec-eu
BCI-HCL-LIQ·EU,BCI-HCL-LIQ,EU,2,16,0.16,Industrial electricity,ELEC-EU,d,indexed,direct,elec-eu,resolved,Industrial electricity,elec-eu
BCI-HCL-LIQ·EU,BCI-HCL-LIQ,EU,3,12,0.12,Fixed costs LCI,LCI-EU,d,indexed,direct,lci-eu,resolved,Fixed costs LCI,lci-eu
BCI-HCL-LIQ·EU,BCI-HCL-LIQ,EU,4,10,0.1,Supplier margin,fixed,f,fixed,,,fixed,Supplier margin,
BCI-HCL-LIQ·CN,BCI-HCL-LIQ,CN,1,62,0.62,Chlorine chlor-alkali by-product,CL2-CN,d,indexed,direct,elec-cn,resolved,Chlorine chlor-alkali by-product,elec-cn
BCI-HCL-LIQ·CN,BCI-HCL-LIQ,CN,2,16,0.16,Industrial electricity,ELEC-CN,d,indexed,direct,elec-cn,resolved,Industrial electricity,elec-cn
BCI-HCL-LIQ·CN,BCI-HCL-LIQ,CN,3,12,0.12,Fixed costs LCI,LCI-CN,d,indexed,direct,lci-cn,resolved,Fixed costs LCI,lci-cn
BCI-HCL-LIQ·CN,BCI-HCL-LIQ,CN,4,10,0.1,Supplier margin,fixed,f,fixed,,,fixed,Supplier margin,
BCI-HCL-LIQ·NA,BCI-HCL-LIQ,NA,1,62,0.62,Chlorine chlor-alkali by-product,CL2-NA,d,indexed,direct,caustic-soda-na,resolved,Chlorine chlor-alkali by-product,caustic-soda-na
BCI-HCL-LIQ·NA,BCI-HCL-LIQ,NA,2,16,0.16,Industrial electricity,ELEC-NA,d,indexed,direct,elec-na,resolved,Industrial electricity,elec-na
BCI-HCL-LIQ·NA,BCI-HCL-LIQ,NA,3,12,0.12,Fixed costs LCI,LCI-NA,d,indexed,direct,lci-na,resolved,Fixed costs LCI,lci-na
BCI-HCL-LIQ·NA,BCI-HCL-LIQ,NA,4,10,0.1,Supplier margin,fixed,f,fixed,,,fixed,Supplier margin,
BCI-HCL-LIQ·APAC,BCI-HCL-LIQ,APAC,1,62,0.62,Chlorine chlor-alkali by-product,CL2-EU,p,indexed,proxy,elec-eu,resolved,Chlorine chlor-alkali by-product,elec-eu
BCI-HCL-LIQ·APAC,BCI-HCL-LIQ,APAC,2,16,0.16,Industrial electricity,ELEC-APAC,d,indexed,direct,elec-cn,resolved,Industrial electricity,elec-cn
BCI-HCL-LIQ·APAC,BCI-HCL-LIQ,APAC,3,12,0.12,Fixed costs LCI,LCI-APAC,d,indexed,direct,lci-apac,resolved,Fixed costs LCI,lci-apac
BCI-HCL-LIQ·APAC,BCI-HCL-LIQ,APAC,4,10,0.1,Supplier margin,fixed,f,fixed,,,fixed,Supplier margin,
BCI-HCL-LIQ·IN,BCI-HCL-LIQ,IN,1,62,0.62,Chlorine chlor-alkali by-product,CL2-IN,d,indexed,direct,elec-in,resolved,Chlorine chlor-alkali by-product,elec-in
BCI-HCL-LIQ·IN,BCI-HCL-LIQ,IN,2,16,0.16,Industrial electricity,ELEC-IN,d,indexed,direct,elec-in,resolved,Industrial electricity,elec-in
BCI-HCL-LIQ·IN,BCI-HCL-LIQ,IN,3,12,0.12,Fixed costs LCI,LCI-IN,d,indexed,direct,lci-in,resolved,Fixed costs LCI,lci-in
BCI-HCL-LIQ·IN,BCI-HCL-LIQ,IN,4,10,0.1,Supplier margin,fixed,f,fixed,,,fixed,Supplier margin,
CLN-NAOCL-LIQ·EU,CLN-NAOCL-LIQ,EU,1,45,0.45,Chlorine,CL2-EU,d,indexed,direct,elec-eu,resolved,Chlorine,elec-eu
CLN-NAOCL-LIQ·EU,CLN-NAOCL-LIQ,EU,2,22,0.22,Caustic soda 50%,NAOH-NWE,d,indexed,direct,elec-eu,resolved,Caustic soda 50%,elec-eu
CLN-NAOCL-LIQ·EU,CLN-NAOCL-LIQ,EU,3,10,0.1,Process water,WATER-EU,p,indexed,proxy,water-eu,resolved,Process water,water-eu
CLN-NAOCL-LIQ·EU,CLN-NAOCL-LIQ,EU,4,6,0.06,Industrial electricity,ELEC-EU,d,indexed,direct,elec-eu,resolved,Industrial electricity,elec-eu
CLN-NAOCL-LIQ·EU,CLN-NAOCL-LIQ,EU,5,10,0.1,Fixed costs LCI,LCI-EU,d,indexed,direct,lci-eu,resolved,Fixed costs LCI,lci-eu
CLN-NAOCL-LIQ·EU,CLN-NAOCL-LIQ,EU,6,7,0.07,Supplier margin,fixed,f,fixed,,,fixed,Supplier margin,
CLN-NAOCL-LIQ·CN,CLN-NAOCL-LIQ,CN,1,45,0.45,Chlorine,CL2-CN,d,indexed,direct,elec-cn,resolved,Chlorine,elec-cn
CLN-NAOCL-LIQ·CN,CLN-NAOCL-LIQ,CN,2,22,0.22,Caustic soda 50%,NAOH-CN,d,indexed,direct,caustic-soda-cn,resolved,Caustic soda 50%,caustic-soda-cn
CLN-NAOCL-LIQ·CN,CLN-NAOCL-LIQ,CN,3,10,0.1,Process water,WATER-EU,p,indexed,proxy,water-eu,resolved,Process water,water-eu
CLN-NAOCL-LIQ·CN,CLN-NAOCL-LIQ,CN,4,6,0.06,Industrial electricity,ELEC-CN,d,indexed,direct,elec-cn,resolved,Industrial electricity,elec-cn
CLN-NAOCL-LIQ·CN,CLN-NAOCL-LIQ,CN,5,10,0.1,Fixed costs LCI,LCI-CN,d,indexed,direct,lci-cn,resolved,Fixed costs LCI,lci-cn
CLN-NAOCL-LIQ·CN,CLN-NAOCL-LIQ,CN,6,7,0.07,Supplier margin,fixed,f,fixed,,,fixed,Supplier margin,
CLN-NAOCL-LIQ·NA,CLN-NAOCL-LIQ,NA,1,45,0.45,Chlorine,CL2-NA,d,indexed,direct,caustic-soda-na,resolved,Chlorine,caustic-soda-na
CLN-NAOCL-LIQ·NA,CLN-NAOCL-LIQ,NA,2,22,0.22,Caustic soda 50%,NAOH-NA,d,indexed,direct,caustic-soda-na,resolved,Caustic soda 50%,caustic-soda-na
CLN-NAOCL-LIQ·NA,CLN-NAOCL-LIQ,NA,3,10,0.1,Process water,WATER-EU,p,indexed,proxy,water-eu,resolved,Process water,water-eu
CLN-NAOCL-LIQ·NA,CLN-NAOCL-LIQ,NA,4,6,0.06,Industrial electricity,ELEC-NA,d,indexed,direct,elec-na,resolved,Industrial electricity,elec-na
CLN-NAOCL-LIQ·NA,CLN-NAOCL-LIQ,NA,5,10,0.1,Fixed costs LCI,LCI-NA,d,indexed,direct,lci-na,resolved,Fixed costs LCI,lci-na
CLN-NAOCL-LIQ·NA,CLN-NAOCL-LIQ,NA,6,7,0.07,Supplier margin,fixed,f,fixed,,,fixed,Supplier margin,
CLN-NAOCL-LIQ·APAC,CLN-NAOCL-LIQ,APAC,1,45,0.45,Chlorine,CL2-EU,p,indexed,proxy,elec-eu,resolved,Chlorine,elec-eu
CLN-NAOCL-LIQ·APAC,CLN-NAOCL-LIQ,APAC,2,22,0.22,Caustic soda 50%,NAOH-ASIA,p,indexed,proxy,caustic-soda-cn,resolved,Caustic soda 50%,caustic-soda-cn
CLN-NAOCL-LIQ·APAC,CLN-NAOCL-LIQ,APAC,3,10,0.1,Process water,WATER-EU,p,indexed,proxy,water-eu,resolved,Process water,water-eu
CLN-NAOCL-LIQ·APAC,CLN-NAOCL-LIQ,APAC,4,6,0.06,Industrial electricity,ELEC-APAC,d,indexed,direct,elec-cn,resolved,Industrial electricity,elec-cn
CLN-NAOCL-LIQ·APAC,CLN-NAOCL-LIQ,APAC,5,10,0.1,Fixed costs LCI,LCI-APAC,d,indexed,direct,lci-apac,resolved,Fixed costs LCI,lci-apac
CLN-NAOCL-LIQ·APAC,CLN-NAOCL-LIQ,APAC,6,7,0.07,Supplier margin,fixed,f,fixed,,,fixed,Supplier margin,
CLN-NAOCL-LIQ·IN,CLN-NAOCL-LIQ,IN,1,45,0.45,Chlorine,CL2-IN,d,indexed,direct,elec-in,resolved,Chlorine,elec-in
CLN-NAOCL-LIQ·IN,CLN-NAOCL-LIQ,IN,2,22,0.22,Caustic soda 50%,NAOH-IN,p,indexed,proxy,elec-in,resolved,Caustic soda 50%,elec-in
CLN-NAOCL-LIQ·IN,CLN-NAOCL-LIQ,IN,3,10,0.1,Process water,WATER-EU,p,indexed,proxy,water-eu,resolved,Process water,water-eu
CLN-NAOCL-LIQ·IN,CLN-NAOCL-LIQ,IN,4,6,0.06,Industrial electricity,ELEC-IN,d,indexed,direct,elec-in,resolved,Industrial electricity,elec-in
CLN-NAOCL-LIQ·IN,CLN-NAOCL-LIQ,IN,5,10,0.1,Fixed costs LCI,LCI-IN,d,indexed,direct,lci-in,resolved,Fixed costs LCI,lci-in
CLN-NAOCL-LIQ·IN,CLN-NAOCL-LIQ,IN,6,7,0.07,Supplier margin,fixed,f,fixed,,,fixed,Supplier margin,
CLN-NAOCL-LIQ·MEA,CLN-NAOCL-LIQ,MEA,1,45,0.45,Chlorine,CL2-EU,p,indexed,proxy,elec-eu,resolved,Chlorine,elec-eu
CLN-NAOCL-LIQ·MEA,CLN-NAOCL-LIQ,MEA,2,22,0.22,Caustic soda 50%,NAOH-ASIA,p,indexed,proxy,caustic-soda-cn,resolved,Caustic soda 50%,caustic-soda-cn
CLN-NAOCL-LIQ·MEA,CLN-NAOCL-LIQ,MEA,3,10,0.1,Process water,WATER-EU,p,indexed,proxy,water-eu,resolved,Process water,water-eu
CLN-NAOCL-LIQ·MEA,CLN-NAOCL-LIQ,MEA,4,6,0.06,Industrial electricity,ELEC-EU,p,indexed,proxy,elec-eu,resolved,Industrial electricity,elec-eu
CLN-NAOCL-LIQ·MEA,CLN-NAOCL-LIQ,MEA,5,10,0.1,Fixed costs LCI,LCI-MEA,d,indexed,direct,lci-mea,resolved,Fixed costs LCI,lci-mea
CLN-NAOCL-LIQ·MEA,CLN-NAOCL-LIQ,MEA,6,7,0.07,Supplier margin,fixed,f,fixed,,,fixed,Supplier margin,
F20-CA-LIG·EU,F20-CA-LIG,EU,1,62,0.62,Sulfite liquor forestry by-product no liquid index,fixed,f,fixed,,,fixed,Sulfite liquor forestry by-product no liquid index,
F20-CA-LIG·EU,F20-CA-LIG,EU,2,12,0.12,Industrial electricity spray dry,ELEC-EU,d,indexed,direct,elec-eu,resolved,Industrial electricity spray dry,elec-eu
F20-CA-LIG·EU,F20-CA-LIG,EU,3,4,0.04,HDPE bag packaging,HDPE-EU,d,indexed,direct,brent,resolved,HDPE bag packaging,brent
F20-CA-LIG·EU,F20-CA-LIG,EU,4,12,0.12,Fixed costs LCI,LCI-EU,d,indexed,direct,lci-eu,resolved,Fixed costs LCI,lci-eu
F20-CA-LIG·EU,F20-CA-LIG,EU,5,10,0.1,Supplier margin,fixed,f,fixed,,,fixed,Supplier margin,
F20-CA-LIG·CN,F20-CA-LIG,CN,1,62,0.62,Sulfite liquor forestry by-product no liquid index,fixed,f,fixed,,,fixed,Sulfite liquor forestry by-product no liquid index,
F20-CA-LIG·CN,F20-CA-LIG,CN,2,12,0.12,Industrial electricity spray dry,ELEC-CN,d,indexed,direct,elec-cn,resolved,Industrial electricity spray dry,elec-cn
F20-CA-LIG·CN,F20-CA-LIG,CN,3,4,0.04,HDPE bag packaging,HDPE-CN,d,indexed,direct,brent,resolved,HDPE bag packaging,brent
F20-CA-LIG·CN,F20-CA-LIG,CN,4,12,0.12,Fixed costs LCI,LCI-CN,d,indexed,direct,lci-cn,resolved,Fixed costs LCI,lci-cn
F20-CA-LIG·CN,F20-CA-LIG,CN,5,10,0.1,Supplier margin,fixed,f,fixed,,,fixed,Supplier margin,
F20-CA-LIG·NA,F20-CA-LIG,NA,1,62,0.62,Sulfite liquor forestry by-product no liquid index,fixed,f,fixed,,,fixed,Sulfite liquor forestry by-product no liquid index,
F20-CA-LIG·NA,F20-CA-LIG,NA,2,12,0.12,Industrial electricity spray dry,ELEC-NA,d,indexed,direct,elec-na,resolved,Industrial electricity spray dry,elec-na
F20-CA-LIG·NA,F20-CA-LIG,NA,3,4,0.04,HDPE bag packaging,HDPE-NA,d,indexed,direct,hdpe-na,resolved,HDPE bag packaging,hdpe-na
F20-CA-LIG·NA,F20-CA-LIG,NA,4,12,0.12,Fixed costs LCI,LCI-NA,d,indexed,direct,lci-na,resolved,Fixed costs LCI,lci-na
F20-CA-LIG·NA,F20-CA-LIG,NA,5,10,0.1,Supplier margin,fixed,f,fixed,,,fixed,Supplier margin,
F20-CA-LIG·IN,F20-CA-LIG,IN,1,62,0.62,Sulfite liquor forestry by-product no liquid index,fixed,f,fixed,,,fixed,Sulfite liquor forestry by-product no liquid index,
F20-CA-LIG·IN,F20-CA-LIG,IN,2,12,0.12,Industrial electricity spray dry,ELEC-IN,d,indexed,direct,elec-in,resolved,Industrial electricity spray dry,elec-in
F20-CA-LIG·IN,F20-CA-LIG,IN,3,4,0.04,HDPE bag packaging,HDPE-ASIA,p,indexed,proxy,brent,resolved,HDPE bag packaging,brent
F20-CA-LIG·IN,F20-CA-LIG,IN,4,12,0.12,Fixed costs LCI,LCI-IN,d,indexed,direct,lci-in,resolved,Fixed costs LCI,lci-in
F20-CA-LIG·IN,F20-CA-LIG,IN,5,10,0.1,Supplier margin,fixed,f,fixed,,,fixed,Supplier margin,
PAM-A-EMU·EU,PAM-A-EMU,EU,1,49,0.49,Acrylonitrile acrylamide ACN proxy,ACN-EU,d,indexed,direct,brent,resolved,Acrylonitrile acrylamide ACN proxy,brent
PAM-A-EMU·EU,PAM-A-EMU,EU,2,8,0.08,Acrylic acid co-monomer,AA-EU,d,indexed,direct,brent,resolved,Acrylic acid co-monomer,brent
PAM-A-EMU·EU,PAM-A-EMU,EU,3,10,0.1,Mineral oil inverse emulsion carrier,BRENT-GLB,p,indexed,proxy,brent,resolved,Mineral oil inverse emulsion carrier,brent
PAM-A-EMU·EU,PAM-A-EMU,EU,4,8,0.08,Industrial electricity,ELEC-EU,d,indexed,direct,elec-eu,resolved,Industrial electricity,elec-eu
PAM-A-EMU·EU,PAM-A-EMU,EU,5,10,0.1,Fixed costs LCI,LCI-EU,d,indexed,direct,lci-eu,resolved,Fixed costs LCI,lci-eu
PAM-A-EMU·EU,PAM-A-EMU,EU,6,15,0.15,Supplier margin,fixed,f,fixed,,,fixed,Supplier margin,
PAM-A-EMU·CN,PAM-A-EMU,CN,1,49,0.49,Acrylonitrile acrylamide ACN proxy,ACN-CN,d,indexed,direct,brent,resolved,Acrylonitrile acrylamide ACN proxy,brent
PAM-A-EMU·CN,PAM-A-EMU,CN,2,8,0.08,Acrylic acid co-monomer,AA-CN,d,indexed,direct,brent,resolved,Acrylic acid co-monomer,brent
PAM-A-EMU·CN,PAM-A-EMU,CN,3,10,0.1,Mineral oil inverse emulsion carrier,BRENT-GLB,p,indexed,proxy,brent,resolved,Mineral oil inverse emulsion carrier,brent
PAM-A-EMU·CN,PAM-A-EMU,CN,4,8,0.08,Industrial electricity,ELEC-CN,d,indexed,direct,elec-cn,resolved,Industrial electricity,elec-cn
PAM-A-EMU·CN,PAM-A-EMU,CN,5,10,0.1,Fixed costs LCI,LCI-CN,d,indexed,direct,lci-cn,resolved,Fixed costs LCI,lci-cn
PAM-A-EMU·CN,PAM-A-EMU,CN,6,15,0.15,Supplier margin,fixed,f,fixed,,,fixed,Supplier margin,
PAM-A-EMU·NA,PAM-A-EMU,NA,1,49,0.49,Acrylonitrile acrylamide ACN proxy,ACN-NA,d,indexed,direct,brent,resolved,Acrylonitrile acrylamide ACN proxy,brent
PAM-A-EMU·NA,PAM-A-EMU,NA,2,8,0.08,Acrylic acid co-monomer,AA-NA,d,indexed,direct,brent,resolved,Acrylic acid co-monomer,brent
PAM-A-EMU·NA,PAM-A-EMU,NA,3,10,0.1,Mineral oil inverse emulsion carrier,BRENT-GLB,p,indexed,proxy,brent,resolved,Mineral oil inverse emulsion carrier,brent
PAM-A-EMU·NA,PAM-A-EMU,NA,4,8,0.08,Industrial electricity,ELEC-NA,d,indexed,direct,elec-na,resolved,Industrial electricity,elec-na
PAM-A-EMU·NA,PAM-A-EMU,NA,5,10,0.1,Fixed costs LCI,LCI-NA,d,indexed,direct,lci-na,resolved,Fixed costs LCI,lci-na
PAM-A-EMU·NA,PAM-A-EMU,NA,6,15,0.15,Supplier margin,fixed,f,fixed,,,fixed,Supplier margin,
PAM-A-EMU·APAC,PAM-A-EMU,APAC,1,49,0.49,Acrylonitrile acrylamide ACN proxy,ACN-ASIA,d,indexed,direct,brent,resolved,Acrylonitrile acrylamide ACN proxy,brent
PAM-A-EMU·APAC,PAM-A-EMU,APAC,2,8,0.08,Acrylic acid co-monomer,AA-ASIA,p,indexed,proxy,brent,resolved,Acrylic acid co-monomer,brent
PAM-A-EMU·APAC,PAM-A-EMU,APAC,3,10,0.1,Mineral oil inverse emulsion carrier,BRENT-GLB,p,indexed,proxy,brent,resolved,Mineral oil inverse emulsion carrier,brent
PAM-A-EMU·APAC,PAM-A-EMU,APAC,4,8,0.08,Industrial electricity,ELEC-APAC,d,indexed,direct,elec-cn,resolved,Industrial electricity,elec-cn
PAM-A-EMU·APAC,PAM-A-EMU,APAC,5,10,0.1,Fixed costs LCI,LCI-APAC,d,indexed,direct,lci-apac,resolved,Fixed costs LCI,lci-apac
PAM-A-EMU·APAC,PAM-A-EMU,APAC,6,15,0.15,Supplier margin,fixed,f,fixed,,,fixed,Supplier margin,
PAM-A-PWD·EU,PAM-A-PWD,EU,1,48,0.48,Acrylonitrile acrylamide ACN proxy,ACN-EU,d,indexed,direct,brent,resolved,Acrylonitrile acrylamide ACN proxy,brent
PAM-A-PWD·EU,PAM-A-PWD,EU,2,9,0.09,Acrylic acid co-monomer,AA-EU,d,indexed,direct,brent,resolved,Acrylic acid co-monomer,brent
PAM-A-PWD·EU,PAM-A-PWD,EU,3,3,0.03,Caustic soda 50%,NAOH-NWE,d,indexed,direct,elec-eu,resolved,Caustic soda 50%,elec-eu
PAM-A-PWD·EU,PAM-A-PWD,EU,4,6,0.06,Industrial electricity spray drying,ELEC-EU,d,indexed,direct,elec-eu,resolved,Industrial electricity spray drying,elec-eu
PAM-A-PWD·EU,PAM-A-PWD,EU,5,5,0.05,Natural gas spray drying,TTF-EU,p,indexed,proxy,ttf-eu,resolved,Natural gas spray drying,ttf-eu
PAM-A-PWD·EU,PAM-A-PWD,EU,6,5,0.05,HDPE bag packaging 25kg sacks,HDPE-EU,d,indexed,direct,brent,resolved,HDPE bag packaging 25kg sacks,brent
PAM-A-PWD·EU,PAM-A-PWD,EU,7,11,0.11,Fixed costs LCI,LCI-EU,d,indexed,direct,lci-eu,resolved,Fixed costs LCI,lci-eu
PAM-A-PWD·EU,PAM-A-PWD,EU,8,13,0.13,Supplier margin,fixed,f,fixed,,,fixed,Supplier margin,
PAM-A-PWD·CN,PAM-A-PWD,CN,1,48,0.48,Acrylonitrile acrylamide ACN proxy,ACN-CN,d,indexed,direct,brent,resolved,Acrylonitrile acrylamide ACN proxy,brent
PAM-A-PWD·CN,PAM-A-PWD,CN,2,9,0.09,Acrylic acid co-monomer,AA-CN,d,indexed,direct,brent,resolved,Acrylic acid co-monomer,brent
PAM-A-PWD·CN,PAM-A-PWD,CN,3,3,0.03,Caustic soda 50%,NAOH-CN,d,indexed,direct,caustic-soda-cn,resolved,Caustic soda 50%,caustic-soda-cn
PAM-A-PWD·CN,PAM-A-PWD,CN,4,6,0.06,Industrial electricity spray drying,ELEC-CN,d,indexed,direct,elec-cn,resolved,Industrial electricity spray drying,elec-cn
PAM-A-PWD·CN,PAM-A-PWD,CN,5,5,0.05,Natural gas spray drying,NDRC-CN,p,indexed,proxy,gas-china,resolved,Natural gas spray drying,gas-china
PAM-A-PWD·CN,PAM-A-PWD,CN,6,5,0.05,HDPE bag packaging 25kg sacks,HDPE-CN,d,indexed,direct,brent,resolved,HDPE bag packaging 25kg sacks,brent
PAM-A-PWD·CN,PAM-A-PWD,CN,7,11,0.11,Fixed costs LCI,LCI-CN,d,indexed,direct,lci-cn,resolved,Fixed costs LCI,lci-cn
PAM-A-PWD·CN,PAM-A-PWD,CN,8,13,0.13,Supplier margin,fixed,f,fixed,,,fixed,Supplier margin,
PAM-A-PWD·NA,PAM-A-PWD,NA,1,48,0.48,Acrylonitrile acrylamide ACN proxy,ACN-NA,d,indexed,direct,brent,resolved,Acrylonitrile acrylamide ACN proxy,brent
PAM-A-PWD·NA,PAM-A-PWD,NA,2,9,0.09,Acrylic acid co-monomer,AA-NA,d,indexed,direct,brent,resolved,Acrylic acid co-monomer,brent
PAM-A-PWD·NA,PAM-A-PWD,NA,3,3,0.03,Caustic soda 50%,NAOH-NA,d,indexed,direct,caustic-soda-na,resolved,Caustic soda 50%,caustic-soda-na
PAM-A-PWD·NA,PAM-A-PWD,NA,4,6,0.06,Industrial electricity spray drying,ELEC-NA,d,indexed,direct,elec-na,resolved,Industrial electricity spray drying,elec-na
PAM-A-PWD·NA,PAM-A-PWD,NA,5,5,0.05,Natural gas spray drying,HH-NA,p,indexed,proxy,natgas-na,resolved,Natural gas spray drying,natgas-na
PAM-A-PWD·NA,PAM-A-PWD,NA,6,5,0.05,HDPE bag packaging 25kg sacks,HDPE-NA,d,indexed,direct,hdpe-na,resolved,HDPE bag packaging 25kg sacks,hdpe-na
PAM-A-PWD·NA,PAM-A-PWD,NA,7,11,0.11,Fixed costs LCI,LCI-NA,d,indexed,direct,lci-na,resolved,Fixed costs LCI,lci-na
PAM-A-PWD·NA,PAM-A-PWD,NA,8,13,0.13,Supplier margin,fixed,f,fixed,,,fixed,Supplier margin,
PAM-A-PWD·APAC,PAM-A-PWD,APAC,1,48,0.48,Acrylonitrile acrylamide ACN proxy,ACN-ASIA,d,indexed,direct,brent,resolved,Acrylonitrile acrylamide ACN proxy,brent
PAM-A-PWD·APAC,PAM-A-PWD,APAC,2,9,0.09,Acrylic acid co-monomer,AA-ASIA,p,indexed,proxy,brent,resolved,Acrylic acid co-monomer,brent
PAM-A-PWD·APAC,PAM-A-PWD,APAC,3,3,0.03,Caustic soda 50%,NAOH-ASIA,p,indexed,proxy,caustic-soda-cn,resolved,Caustic soda 50%,caustic-soda-cn
PAM-A-PWD·APAC,PAM-A-PWD,APAC,4,6,0.06,Industrial electricity spray drying,ELEC-APAC,d,indexed,direct,elec-cn,resolved,Industrial electricity spray drying,elec-cn
PAM-A-PWD·APAC,PAM-A-PWD,APAC,5,5,0.05,Natural gas spray drying,JKM-APAC,p,indexed,proxy,lng-japan,resolved,Natural gas spray drying,lng-japan
PAM-A-PWD·APAC,PAM-A-PWD,APAC,6,5,0.05,HDPE bag packaging 25kg sacks,HDPE-ASIA,p,indexed,proxy,brent,resolved,HDPE bag packaging 25kg sacks,brent
PAM-A-PWD·APAC,PAM-A-PWD,APAC,7,11,0.11,Fixed costs LCI,LCI-APAC,d,indexed,direct,lci-apac,resolved,Fixed costs LCI,lci-apac
PAM-A-PWD·APAC,PAM-A-PWD,APAC,8,13,0.13,Supplier margin,fixed,f,fixed,,,fixed,Supplier margin,
PAM-A-PWD·IN,PAM-A-PWD,IN,1,48,0.48,Acrylonitrile acrylamide ACN proxy,ACN-ASIA,p,indexed,proxy,brent,resolved,Acrylonitrile acrylamide ACN proxy,brent
PAM-A-PWD·IN,PAM-A-PWD,IN,2,9,0.09,Acrylic acid co-monomer,AA-ASIA,p,indexed,proxy,brent,resolved,Acrylic acid co-monomer,brent
PAM-A-PWD·IN,PAM-A-PWD,IN,3,3,0.03,Caustic soda 50%,NAOH-IN,p,indexed,proxy,elec-in,resolved,Caustic soda 50%,elec-in
PAM-A-PWD·IN,PAM-A-PWD,IN,4,6,0.06,Industrial electricity spray drying,ELEC-IN,d,indexed,direct,elec-in,resolved,Industrial electricity spray drying,elec-in
PAM-A-PWD·IN,PAM-A-PWD,IN,5,5,0.05,Natural gas spray drying,GAS-IN,p,indexed,proxy,gas-india,resolved,Natural gas spray drying,gas-india
PAM-A-PWD·IN,PAM-A-PWD,IN,6,5,0.05,HDPE bag packaging 25kg sacks,HDPE-ASIA,p,indexed,proxy,brent,resolved,HDPE bag packaging 25kg sacks,brent
PAM-A-PWD·IN,PAM-A-PWD,IN,7,11,0.11,Fixed costs LCI,LCI-IN,d,indexed,direct,lci-in,resolved,Fixed costs LCI,lci-in
PAM-A-PWD·IN,PAM-A-PWD,IN,8,13,0.13,Supplier margin,fixed,f,fixed,,,fixed,Supplier margin,
PAM-A-PWD·MEA,PAM-A-PWD,MEA,1,48,0.48,Acrylonitrile acrylamide ACN proxy,ACN-EU,p,indexed,proxy,brent,resolved,Acrylonitrile acrylamide ACN proxy,brent
PAM-A-PWD·MEA,PAM-A-PWD,MEA,2,9,0.09,Acrylic acid co-monomer,AA-EU,p,indexed,proxy,brent,resolved,Acrylic acid co-monomer,brent
PAM-A-PWD·MEA,PAM-A-PWD,MEA,3,3,0.03,Caustic soda 50%,NAOH-ASIA,p,indexed,proxy,caustic-soda-cn,resolved,Caustic soda 50%,caustic-soda-cn
PAM-A-PWD·MEA,PAM-A-PWD,MEA,4,6,0.06,Industrial electricity spray drying,ELEC-EU,p,indexed,proxy,elec-eu,resolved,Industrial electricity spray drying,elec-eu
PAM-A-PWD·MEA,PAM-A-PWD,MEA,5,5,0.05,Natural gas spray drying,GAS-MEA,p,indexed,proxy,gas-mea,resolved,Natural gas spray drying,gas-mea
PAM-A-PWD·MEA,PAM-A-PWD,MEA,6,5,0.05,HDPE bag packaging 25kg sacks,HDPE-EU,p,indexed,proxy,brent,resolved,HDPE bag packaging 25kg sacks,brent
PAM-A-PWD·MEA,PAM-A-PWD,MEA,7,11,0.11,Fixed costs LCI,LCI-MEA,d,indexed,direct,lci-mea,resolved,Fixed costs LCI,lci-mea
PAM-A-PWD·MEA,PAM-A-PWD,MEA,8,13,0.13,Supplier margin,fixed,f,fixed,,,fixed,Supplier margin,
PAM-A-SOL·EU,PAM-A-SOL,EU,1,48,0.48,Acrylonitrile acrylamide ACN proxy,ACN-EU,d,indexed,direct,brent,resolved,Acrylonitrile acrylamide ACN proxy,brent
PAM-A-SOL·EU,PAM-A-SOL,EU,2,10,0.1,Acrylic acid co-monomer,AA-EU,d,indexed,direct,brent,resolved,Acrylic acid co-monomer,brent
PAM-A-SOL·EU,PAM-A-SOL,EU,3,4,0.04,Caustic soda 50%,NAOH-NWE,d,indexed,direct,elec-eu,resolved,Caustic soda 50%,elec-eu
PAM-A-SOL·EU,PAM-A-SOL,EU,4,6,0.06,Process water,WATER-EU,p,indexed,proxy,water-eu,resolved,Process water,water-eu
PAM-A-SOL·EU,PAM-A-SOL,EU,5,8,0.08,Industrial electricity,ELEC-EU,d,indexed,direct,elec-eu,resolved,Industrial electricity,elec-eu
PAM-A-SOL·EU,PAM-A-SOL,EU,6,10,0.1,Fixed costs LCI,LCI-EU,d,indexed,direct,lci-eu,resolved,Fixed costs LCI,lci-eu
PAM-A-SOL·EU,PAM-A-SOL,EU,7,14,0.14,Supplier margin,fixed,f,fixed,,,fixed,Supplier margin,
PAM-A-SOL·CN,PAM-A-SOL,CN,1,48,0.48,Acrylonitrile acrylamide ACN proxy,ACN-CN,d,indexed,direct,brent,resolved,Acrylonitrile acrylamide ACN proxy,brent
PAM-A-SOL·CN,PAM-A-SOL,CN,2,10,0.1,Acrylic acid co-monomer,AA-CN,d,indexed,direct,brent,resolved,Acrylic acid co-monomer,brent
PAM-A-SOL·CN,PAM-A-SOL,CN,3,4,0.04,Caustic soda 50%,NAOH-CN,d,indexed,direct,caustic-soda-cn,resolved,Caustic soda 50%,caustic-soda-cn
PAM-A-SOL·CN,PAM-A-SOL,CN,4,6,0.06,Process water,WATER-EU,p,indexed,proxy,water-eu,resolved,Process water,water-eu
PAM-A-SOL·CN,PAM-A-SOL,CN,5,8,0.08,Industrial electricity,ELEC-CN,d,indexed,direct,elec-cn,resolved,Industrial electricity,elec-cn
PAM-A-SOL·CN,PAM-A-SOL,CN,6,10,0.1,Fixed costs LCI,LCI-CN,d,indexed,direct,lci-cn,resolved,Fixed costs LCI,lci-cn
PAM-A-SOL·CN,PAM-A-SOL,CN,7,14,0.14,Supplier margin,fixed,f,fixed,,,fixed,Supplier margin,
PAM-A-SOL·NA,PAM-A-SOL,NA,1,48,0.48,Acrylonitrile acrylamide ACN proxy,ACN-NA,d,indexed,direct,brent,resolved,Acrylonitrile acrylamide ACN proxy,brent
PAM-A-SOL·NA,PAM-A-SOL,NA,2,10,0.1,Acrylic acid co-monomer,AA-NA,d,indexed,direct,brent,resolved,Acrylic acid co-monomer,brent
PAM-A-SOL·NA,PAM-A-SOL,NA,3,4,0.04,Caustic soda 50%,NAOH-NA,d,indexed,direct,caustic-soda-na,resolved,Caustic soda 50%,caustic-soda-na
PAM-A-SOL·NA,PAM-A-SOL,NA,4,6,0.06,Process water,WATER-EU,p,indexed,proxy,water-eu,resolved,Process water,water-eu
PAM-A-SOL·NA,PAM-A-SOL,NA,5,8,0.08,Industrial electricity,ELEC-NA,d,indexed,direct,elec-na,resolved,Industrial electricity,elec-na
PAM-A-SOL·NA,PAM-A-SOL,NA,6,10,0.1,Fixed costs LCI,LCI-NA,d,indexed,direct,lci-na,resolved,Fixed costs LCI,lci-na
PAM-A-SOL·NA,PAM-A-SOL,NA,7,14,0.14,Supplier margin,fixed,f,fixed,,,fixed,Supplier margin,
PAM-A-SOL·APAC,PAM-A-SOL,APAC,1,48,0.48,Acrylonitrile acrylamide ACN proxy,ACN-ASIA,d,indexed,direct,brent,resolved,Acrylonitrile acrylamide ACN proxy,brent
PAM-A-SOL·APAC,PAM-A-SOL,APAC,2,10,0.1,Acrylic acid co-monomer,AA-ASIA,p,indexed,proxy,brent,resolved,Acrylic acid co-monomer,brent
PAM-A-SOL·APAC,PAM-A-SOL,APAC,3,4,0.04,Caustic soda 50%,NAOH-ASIA,p,indexed,proxy,caustic-soda-cn,resolved,Caustic soda 50%,caustic-soda-cn
PAM-A-SOL·APAC,PAM-A-SOL,APAC,4,6,0.06,Process water,WATER-EU,p,indexed,proxy,water-eu,resolved,Process water,water-eu
PAM-A-SOL·APAC,PAM-A-SOL,APAC,5,8,0.08,Industrial electricity,ELEC-APAC,d,indexed,direct,elec-cn,resolved,Industrial electricity,elec-cn
PAM-A-SOL·APAC,PAM-A-SOL,APAC,6,10,0.1,Fixed costs LCI,LCI-APAC,d,indexed,direct,lci-apac,resolved,Fixed costs LCI,lci-apac
PAM-A-SOL·APAC,PAM-A-SOL,APAC,7,14,0.14,Supplier margin,fixed,f,fixed,,,fixed,Supplier margin,
PAM-A-SOL·IN,PAM-A-SOL,IN,1,48,0.48,Acrylonitrile acrylamide ACN proxy,ACN-ASIA,p,indexed,proxy,brent,resolved,Acrylonitrile acrylamide ACN proxy,brent
PAM-A-SOL·IN,PAM-A-SOL,IN,2,10,0.1,Acrylic acid co-monomer,AA-ASIA,p,indexed,proxy,brent,resolved,Acrylic acid co-monomer,brent
PAM-A-SOL·IN,PAM-A-SOL,IN,3,4,0.04,Caustic soda 50%,NAOH-IN,p,indexed,proxy,elec-in,resolved,Caustic soda 50%,elec-in
PAM-A-SOL·IN,PAM-A-SOL,IN,4,6,0.06,Process water,WATER-EU,p,indexed,proxy,water-eu,resolved,Process water,water-eu
PAM-A-SOL·IN,PAM-A-SOL,IN,5,8,0.08,Industrial electricity,ELEC-IN,d,indexed,direct,elec-in,resolved,Industrial electricity,elec-in
PAM-A-SOL·IN,PAM-A-SOL,IN,6,10,0.1,Fixed costs LCI,LCI-IN,d,indexed,direct,lci-in,resolved,Fixed costs LCI,lci-in
PAM-A-SOL·IN,PAM-A-SOL,IN,7,14,0.14,Supplier margin,fixed,f,fixed,,,fixed,Supplier margin,
PAM-A-SOL·MEA,PAM-A-SOL,MEA,1,48,0.48,Acrylonitrile acrylamide ACN proxy,ACN-EU,p,indexed,proxy,brent,resolved,Acrylonitrile acrylamide ACN proxy,brent
PAM-A-SOL·MEA,PAM-A-SOL,MEA,2,10,0.1,Acrylic acid co-monomer,AA-EU,p,indexed,proxy,brent,resolved,Acrylic acid co-monomer,brent
PAM-A-SOL·MEA,PAM-A-SOL,MEA,3,4,0.04,Caustic soda 50%,NAOH-ASIA,p,indexed,proxy,caustic-soda-cn,resolved,Caustic soda 50%,caustic-soda-cn
PAM-A-SOL·MEA,PAM-A-SOL,MEA,4,6,0.06,Process water,WATER-EU,p,indexed,proxy,water-eu,resolved,Process water,water-eu
PAM-A-SOL·MEA,PAM-A-SOL,MEA,5,8,0.08,Industrial electricity,ELEC-EU,p,indexed,proxy,elec-eu,resolved,Industrial electricity,elec-eu
PAM-A-SOL·MEA,PAM-A-SOL,MEA,6,10,0.1,Fixed costs LCI,LCI-MEA,d,indexed,direct,lci-mea,resolved,Fixed costs LCI,lci-mea
PAM-A-SOL·MEA,PAM-A-SOL,MEA,7,14,0.14,Supplier margin,fixed,f,fixed,,,fixed,Supplier margin,
PAM-C-PWD·EU,PAM-C-PWD,EU,1,40,0.4,Acrylonitrile acrylamide ACN proxy,ACN-EU,d,indexed,direct,brent,resolved,Acrylonitrile acrylamide ACN proxy,brent
PAM-C-PWD·EU,PAM-C-PWD,EU,2,10,0.1,DADMAC allyl chloride leg (propylene proxy),PRP-NWE,d,indexed,direct,brent,resolved,DADMAC allyl chloride leg (propylene proxy),brent
PAM-C-PWD·EU,PAM-C-PWD,EU,3,6,0.06,DADMAC dimethylamine leg (ammonia proxy),NH3-EU,p,indexed,proxy,ttf-eu,resolved,DADMAC dimethylamine leg (ammonia proxy),ttf-eu
PAM-C-PWD·EU,PAM-C-PWD,EU,4,6,0.06,Industrial electricity spray drying,ELEC-EU,d,indexed,direct,elec-eu,resolved,Industrial electricity spray drying,elec-eu
PAM-C-PWD·EU,PAM-C-PWD,EU,5,5,0.05,Natural gas spray drying,TTF-EU,d,indexed,direct,ttf-eu,resolved,Natural gas spray drying,ttf-eu
PAM-C-PWD·EU,PAM-C-PWD,EU,6,5,0.05,HDPE bag packaging 25kg sacks,HDPE-EU,d,indexed,direct,brent,resolved,HDPE bag packaging 25kg sacks,brent
PAM-C-PWD·EU,PAM-C-PWD,EU,7,11,0.11,Fixed costs LCI,LCI-EU,d,indexed,direct,lci-eu,resolved,Fixed costs LCI,lci-eu
PAM-C-PWD·EU,PAM-C-PWD,EU,8,17,0.17,Supplier margin,fixed,f,fixed,,,fixed,Supplier margin,
PAM-C-PWD·CN,PAM-C-PWD,CN,1,40,0.4,Acrylonitrile acrylamide ACN proxy,ACN-CN,d,indexed,direct,brent,resolved,Acrylonitrile acrylamide ACN proxy,brent
PAM-C-PWD·CN,PAM-C-PWD,CN,2,10,0.1,DADMAC allyl chloride leg (propylene proxy),PRP-CN,d,indexed,direct,brent,resolved,DADMAC allyl chloride leg (propylene proxy),brent
PAM-C-PWD·CN,PAM-C-PWD,CN,3,6,0.06,DADMAC dimethylamine leg (ammonia proxy),NH3-CN,p,indexed,proxy,ammonia-na,resolved,DADMAC dimethylamine leg (ammonia proxy),ammonia-na
PAM-C-PWD·CN,PAM-C-PWD,CN,4,6,0.06,Industrial electricity spray drying,ELEC-CN,d,indexed,direct,elec-cn,resolved,Industrial electricity spray drying,elec-cn
PAM-C-PWD·CN,PAM-C-PWD,CN,5,5,0.05,Natural gas spray drying,GAS-CN,d,indexed,direct,gas-china,resolved,Natural gas spray drying,gas-china
PAM-C-PWD·CN,PAM-C-PWD,CN,6,5,0.05,HDPE bag packaging 25kg sacks,HDPE-EU,d,indexed,direct,brent,resolved,HDPE bag packaging 25kg sacks,brent
PAM-C-PWD·CN,PAM-C-PWD,CN,7,11,0.11,Fixed costs LCI,LCI-CN,d,indexed,direct,lci-cn,resolved,Fixed costs LCI,lci-cn
PAM-C-PWD·CN,PAM-C-PWD,CN,8,17,0.17,Supplier margin,fixed,f,fixed,,,fixed,Supplier margin,
PAM-C-PWD·NA,PAM-C-PWD,NA,1,40,0.4,Acrylonitrile acrylamide ACN proxy,ACN-NA,d,indexed,direct,brent,resolved,Acrylonitrile acrylamide ACN proxy,brent
PAM-C-PWD·NA,PAM-C-PWD,NA,2,10,0.1,DADMAC allyl chloride leg (propylene proxy),PRP-US,d,indexed,direct,ethylene-propylene-na,resolved,DADMAC allyl chloride leg (propylene proxy),ethylene-propylene-na
PAM-C-PWD·NA,PAM-C-PWD,NA,3,6,0.06,DADMAC dimethylamine leg (ammonia proxy),NH3-NA,p,indexed,proxy,ammonia-na,resolved,DADMAC dimethylamine leg (ammonia proxy),ammonia-na
PAM-C-PWD·NA,PAM-C-PWD,NA,4,6,0.06,Industrial electricity spray drying,ELEC-US-PPI,d,indexed,direct,elec-power-ppi,no_series,Industrial electricity spray drying,
PAM-C-PWD·NA,PAM-C-PWD,NA,5,5,0.05,Natural gas spray drying,HH-NA,d,indexed,direct,natgas-na,resolved,Natural gas spray drying,natgas-na
PAM-C-PWD·NA,PAM-C-PWD,NA,6,5,0.05,HDPE bag packaging 25kg sacks,HDPE-EU,d,indexed,direct,brent,resolved,HDPE bag packaging 25kg sacks,brent
PAM-C-PWD·NA,PAM-C-PWD,NA,7,11,0.11,Fixed costs LCI,LCI-NA,d,indexed,direct,lci-na,resolved,Fixed costs LCI,lci-na
PAM-C-PWD·NA,PAM-C-PWD,NA,8,17,0.17,Supplier margin,fixed,f,fixed,,,fixed,Supplier margin,
PAM-C-PWD·APAC,PAM-C-PWD,APAC,1,40,0.4,Acrylonitrile acrylamide ACN proxy,ACN-ASIA,d,indexed,direct,brent,resolved,Acrylonitrile acrylamide ACN proxy,brent
PAM-C-PWD·APAC,PAM-C-PWD,APAC,2,10,0.1,DADMAC allyl chloride leg (propylene proxy),PRP-APAC,d,indexed,direct,ethylene-propylene-na,resolved,DADMAC allyl chloride leg (propylene proxy),ethylene-propylene-na
PAM-C-PWD·APAC,PAM-C-PWD,APAC,3,6,0.06,DADMAC dimethylamine leg (ammonia proxy),NH3-APAC,p,indexed,proxy,ammonia-na,resolved,DADMAC dimethylamine leg (ammonia proxy),ammonia-na
PAM-C-PWD·APAC,PAM-C-PWD,APAC,4,6,0.06,Industrial electricity spray drying,ELEC-APAC,d,indexed,direct,elec-cn,resolved,Industrial electricity spray drying,elec-cn
PAM-C-PWD·APAC,PAM-C-PWD,APAC,5,5,0.05,Natural gas spray drying,LNG-JKM,d,indexed,direct,lng-jkm-asia,no_series,Natural gas spray drying,
PAM-C-PWD·APAC,PAM-C-PWD,APAC,6,5,0.05,HDPE bag packaging 25kg sacks,HDPE-EU,d,indexed,direct,brent,resolved,HDPE bag packaging 25kg sacks,brent
PAM-C-PWD·APAC,PAM-C-PWD,APAC,7,11,0.11,Fixed costs LCI,LCI-APAC,d,indexed,direct,lci-apac,resolved,Fixed costs LCI,lci-apac
PAM-C-PWD·APAC,PAM-C-PWD,APAC,8,17,0.17,Supplier margin,fixed,f,fixed,,,fixed,Supplier margin,
PAM-C-PWD·IN,PAM-C-PWD,IN,1,40,0.4,Acrylonitrile acrylamide ACN proxy,ACN-ASIA,d,indexed,direct,brent,resolved,Acrylonitrile acrylamide ACN proxy,brent
PAM-C-PWD·IN,PAM-C-PWD,IN,2,10,0.1,DADMAC allyl chloride leg (propylene proxy),PRP-US,d,indexed,direct,ethylene-propylene-na,resolved,DADMAC allyl chloride leg (propylene proxy),ethylene-propylene-na
PAM-C-PWD·IN,PAM-C-PWD,IN,3,6,0.06,DADMAC dimethylamine leg (ammonia proxy),NH3-IN,p,indexed,proxy,gas-india,resolved,DADMAC dimethylamine leg (ammonia proxy),gas-india
PAM-C-PWD·IN,PAM-C-PWD,IN,4,6,0.06,Industrial electricity spray drying,ELEC-IN,d,indexed,direct,elec-in,resolved,Industrial electricity spray drying,elec-in
PAM-C-PWD·IN,PAM-C-PWD,IN,5,5,0.05,Natural gas spray drying,GAS-IN,d,indexed,direct,gas-india,resolved,Natural gas spray drying,gas-india
PAM-C-PWD·IN,PAM-C-PWD,IN,6,5,0.05,HDPE bag packaging 25kg sacks,HDPE-EU,d,indexed,direct,brent,resolved,HDPE bag packaging 25kg sacks,brent
PAM-C-PWD·IN,PAM-C-PWD,IN,7,11,0.11,Fixed costs LCI,LCI-IN,d,indexed,direct,lci-in,resolved,Fixed costs LCI,lci-in
PAM-C-PWD·IN,PAM-C-PWD,IN,8,17,0.17,Supplier margin,fixed,f,fixed,,,fixed,Supplier margin,
PAM-C-PWD·MEA,PAM-C-PWD,MEA,1,40,0.4,Acrylonitrile acrylamide ACN proxy,ACN-EU,d,indexed,direct,brent,resolved,Acrylonitrile acrylamide ACN proxy,brent
PAM-C-PWD·MEA,PAM-C-PWD,MEA,2,10,0.1,DADMAC allyl chloride leg (propylene proxy),PRP-US,d,indexed,direct,ethylene-propylene-na,resolved,DADMAC allyl chloride leg (propylene proxy),ethylene-propylene-na
PAM-C-PWD·MEA,PAM-C-PWD,MEA,3,6,0.06,DADMAC dimethylamine leg (ammonia proxy),NH3-MEA,p,indexed,proxy,gas-mea,resolved,DADMAC dimethylamine leg (ammonia proxy),gas-mea
PAM-C-PWD·MEA,PAM-C-PWD,MEA,4,6,0.06,Industrial electricity spray drying,ELEC-MEA,d,indexed,direct,elec-mea,resolved,Industrial electricity spray drying,elec-mea
PAM-C-PWD·MEA,PAM-C-PWD,MEA,5,5,0.05,Natural gas spray drying,GAS-MEA,d,indexed,direct,gas-mea,resolved,Natural gas spray drying,gas-mea
PAM-C-PWD·MEA,PAM-C-PWD,MEA,6,5,0.05,HDPE bag packaging 25kg sacks,HDPE-EU,d,indexed,direct,brent,resolved,HDPE bag packaging 25kg sacks,brent
PAM-C-PWD·MEA,PAM-C-PWD,MEA,7,11,0.11,Fixed costs LCI,LCI-MEA,d,indexed,direct,lci-mea,resolved,Fixed costs LCI,lci-mea
PAM-C-PWD·MEA,PAM-C-PWD,MEA,8,17,0.17,Supplier margin,fixed,f,fixed,,,fixed,Supplier margin,
PAM-C-SOL·EU,PAM-C-SOL,EU,1,42,0.42,Acrylonitrile acrylamide ACN proxy,ACN-EU,d,indexed,direct,brent,resolved,Acrylonitrile acrylamide ACN proxy,brent
PAM-C-SOL·EU,PAM-C-SOL,EU,2,10,0.1,DADMAC allyl chloride leg (propylene proxy),PRP-NWE,d,indexed,direct,brent,resolved,DADMAC allyl chloride leg (propylene proxy),brent
PAM-C-SOL·EU,PAM-C-SOL,EU,3,8,0.08,DADMAC dimethylamine leg (ammonia proxy),NH3-EU,p,indexed,proxy,ttf-eu,resolved,DADMAC dimethylamine leg (ammonia proxy),ttf-eu
PAM-C-SOL·EU,PAM-C-SOL,EU,4,6,0.06,Process water,WATER-EU,d,indexed,direct,water-eu,resolved,Process water,water-eu
PAM-C-SOL·EU,PAM-C-SOL,EU,5,8,0.08,Industrial electricity,ELEC-EU,d,indexed,direct,elec-eu,resolved,Industrial electricity,elec-eu
PAM-C-SOL·EU,PAM-C-SOL,EU,6,10,0.1,Fixed costs LCI,LCI-EU,d,indexed,direct,lci-eu,resolved,Fixed costs LCI,lci-eu
PAM-C-SOL·EU,PAM-C-SOL,EU,7,16,0.16,Supplier margin,fixed,f,fixed,,,fixed,Supplier margin,
PAM-C-SOL·CN,PAM-C-SOL,CN,1,42,0.42,Acrylonitrile acrylamide ACN proxy,ACN-CN,d,indexed,direct,brent,resolved,Acrylonitrile acrylamide ACN proxy,brent
PAM-C-SOL·CN,PAM-C-SOL,CN,2,10,0.1,DADMAC allyl chloride leg (propylene proxy),PRP-CN,d,indexed,direct,brent,resolved,DADMAC allyl chloride leg (propylene proxy),brent
PAM-C-SOL·CN,PAM-C-SOL,CN,3,8,0.08,DADMAC dimethylamine leg (ammonia proxy),NH3-CN,p,indexed,proxy,ammonia-na,resolved,DADMAC dimethylamine leg (ammonia proxy),ammonia-na
PAM-C-SOL·CN,PAM-C-SOL,CN,4,6,0.06,Process water,WATER-EU,d,indexed,direct,water-eu,resolved,Process water,water-eu
PAM-C-SOL·CN,PAM-C-SOL,CN,5,8,0.08,Industrial electricity,ELEC-CN,d,indexed,direct,elec-cn,resolved,Industrial electricity,elec-cn
PAM-C-SOL·CN,PAM-C-SOL,CN,6,10,0.1,Fixed costs LCI,LCI-CN,d,indexed,direct,lci-cn,resolved,Fixed costs LCI,lci-cn
PAM-C-SOL·CN,PAM-C-SOL,CN,7,16,0.16,Supplier margin,fixed,f,fixed,,,fixed,Supplier margin,
PAM-C-SOL·NA,PAM-C-SOL,NA,1,42,0.42,Acrylonitrile acrylamide ACN proxy,ACN-NA,d,indexed,direct,brent,resolved,Acrylonitrile acrylamide ACN proxy,brent
PAM-C-SOL·NA,PAM-C-SOL,NA,2,10,0.1,DADMAC allyl chloride leg (propylene proxy),PRP-US,d,indexed,direct,ethylene-propylene-na,resolved,DADMAC allyl chloride leg (propylene proxy),ethylene-propylene-na
PAM-C-SOL·NA,PAM-C-SOL,NA,3,8,0.08,DADMAC dimethylamine leg (ammonia proxy),NH3-NA,p,indexed,proxy,ammonia-na,resolved,DADMAC dimethylamine leg (ammonia proxy),ammonia-na
PAM-C-SOL·NA,PAM-C-SOL,NA,4,6,0.06,Process water,WATER-EU,d,indexed,direct,water-eu,resolved,Process water,water-eu
PAM-C-SOL·NA,PAM-C-SOL,NA,5,8,0.08,Industrial electricity,ELEC-US-PPI,d,indexed,direct,elec-power-ppi,no_series,Industrial electricity,
PAM-C-SOL·NA,PAM-C-SOL,NA,6,10,0.1,Fixed costs LCI,LCI-NA,d,indexed,direct,lci-na,resolved,Fixed costs LCI,lci-na
PAM-C-SOL·NA,PAM-C-SOL,NA,7,16,0.16,Supplier margin,fixed,f,fixed,,,fixed,Supplier margin,
PAM-C-SOL·APAC,PAM-C-SOL,APAC,1,42,0.42,Acrylonitrile acrylamide ACN proxy,ACN-ASIA,d,indexed,direct,brent,resolved,Acrylonitrile acrylamide ACN proxy,brent
PAM-C-SOL·APAC,PAM-C-SOL,APAC,2,10,0.1,DADMAC allyl chloride leg (propylene proxy),PRP-APAC,d,indexed,direct,ethylene-propylene-na,resolved,DADMAC allyl chloride leg (propylene proxy),ethylene-propylene-na
PAM-C-SOL·APAC,PAM-C-SOL,APAC,3,8,0.08,DADMAC dimethylamine leg (ammonia proxy),NH3-APAC,p,indexed,proxy,ammonia-na,resolved,DADMAC dimethylamine leg (ammonia proxy),ammonia-na
PAM-C-SOL·APAC,PAM-C-SOL,APAC,4,6,0.06,Process water,WATER-EU,d,indexed,direct,water-eu,resolved,Process water,water-eu
PAM-C-SOL·APAC,PAM-C-SOL,APAC,5,8,0.08,Industrial electricity,ELEC-APAC,d,indexed,direct,elec-cn,resolved,Industrial electricity,elec-cn
PAM-C-SOL·APAC,PAM-C-SOL,APAC,6,10,0.1,Fixed costs LCI,LCI-APAC,d,indexed,direct,lci-apac,resolved,Fixed costs LCI,lci-apac
PAM-C-SOL·APAC,PAM-C-SOL,APAC,7,16,0.16,Supplier margin,fixed,f,fixed,,,fixed,Supplier margin,
PAM-C-SOL·IN,PAM-C-SOL,IN,1,42,0.42,Acrylonitrile acrylamide ACN proxy,ACN-ASIA,d,indexed,direct,brent,resolved,Acrylonitrile acrylamide ACN proxy,brent
PAM-C-SOL·IN,PAM-C-SOL,IN,2,10,0.1,DADMAC allyl chloride leg (propylene proxy),PRP-US,d,indexed,direct,ethylene-propylene-na,resolved,DADMAC allyl chloride leg (propylene proxy),ethylene-propylene-na
PAM-C-SOL·IN,PAM-C-SOL,IN,3,8,0.08,DADMAC dimethylamine leg (ammonia proxy),NH3-IN,p,indexed,proxy,gas-india,resolved,DADMAC dimethylamine leg (ammonia proxy),gas-india
PAM-C-SOL·IN,PAM-C-SOL,IN,4,6,0.06,Process water,WATER-EU,d,indexed,direct,water-eu,resolved,Process water,water-eu
PAM-C-SOL·IN,PAM-C-SOL,IN,5,8,0.08,Industrial electricity,ELEC-IN,d,indexed,direct,elec-in,resolved,Industrial electricity,elec-in
PAM-C-SOL·IN,PAM-C-SOL,IN,6,10,0.1,Fixed costs LCI,LCI-IN,d,indexed,direct,lci-in,resolved,Fixed costs LCI,lci-in
PAM-C-SOL·IN,PAM-C-SOL,IN,7,16,0.16,Supplier margin,fixed,f,fixed,,,fixed,Supplier margin,
PAM-C-SOL·MEA,PAM-C-SOL,MEA,1,42,0.42,Acrylonitrile acrylamide ACN proxy,ACN-EU,d,indexed,direct,brent,resolved,Acrylonitrile acrylamide ACN proxy,brent
PAM-C-SOL·MEA,PAM-C-SOL,MEA,2,10,0.1,DADMAC allyl chloride leg (propylene proxy),PRP-US,d,indexed,direct,ethylene-propylene-na,resolved,DADMAC allyl chloride leg (propylene proxy),ethylene-propylene-na
PAM-C-SOL·MEA,PAM-C-SOL,MEA,3,8,0.08,DADMAC dimethylamine leg (ammonia proxy),NH3-MEA,p,indexed,proxy,gas-mea,resolved,DADMAC dimethylamine leg (ammonia proxy),gas-mea
PAM-C-SOL·MEA,PAM-C-SOL,MEA,4,6,0.06,Process water,WATER-EU,d,indexed,direct,water-eu,resolved,Process water,water-eu
PAM-C-SOL·MEA,PAM-C-SOL,MEA,5,8,0.08,Industrial electricity,ELEC-MEA,d,indexed,direct,elec-mea,resolved,Industrial electricity,elec-mea
PAM-C-SOL·MEA,PAM-C-SOL,MEA,6,10,0.1,Fixed costs LCI,LCI-MEA,d,indexed,direct,lci-mea,resolved,Fixed costs LCI,lci-mea
PAM-C-SOL·MEA,PAM-C-SOL,MEA,7,16,0.16,Supplier margin,fixed,f,fixed,,,fixed,Supplier margin,
PAM-N-PWD·EU,PAM-N-PWD,EU,1,61,0.61,Acrylonitrile acrylamide ACN proxy,ACN-EU,d,indexed,direct,brent,resolved,Acrylonitrile acrylamide ACN proxy,brent
PAM-N-PWD·EU,PAM-N-PWD,EU,2,6,0.06,Industrial electricity spray drying,ELEC-EU,d,indexed,direct,elec-eu,resolved,Industrial electricity spray drying,elec-eu
PAM-N-PWD·EU,PAM-N-PWD,EU,3,5,0.05,Natural gas spray drying,TTF-EU,d,indexed,direct,ttf-eu,resolved,Natural gas spray drying,ttf-eu
PAM-N-PWD·EU,PAM-N-PWD,EU,4,5,0.05,HDPE bag packaging 25kg sacks,HDPE-EU,d,indexed,direct,brent,resolved,HDPE bag packaging 25kg sacks,brent
PAM-N-PWD·EU,PAM-N-PWD,EU,5,11,0.11,Fixed costs LCI,LCI-EU,d,indexed,direct,lci-eu,resolved,Fixed costs LCI,lci-eu
PAM-N-PWD·EU,PAM-N-PWD,EU,6,12,0.12,Supplier margin,fixed,f,fixed,,,fixed,Supplier margin,
PAM-N-PWD·CN,PAM-N-PWD,CN,1,61,0.61,Acrylonitrile acrylamide ACN proxy,ACN-CN,d,indexed,direct,brent,resolved,Acrylonitrile acrylamide ACN proxy,brent
PAM-N-PWD·CN,PAM-N-PWD,CN,2,6,0.06,Industrial electricity spray drying,ELEC-CN,d,indexed,direct,elec-cn,resolved,Industrial electricity spray drying,elec-cn
PAM-N-PWD·CN,PAM-N-PWD,CN,3,5,0.05,Natural gas spray drying,GAS-CN,d,indexed,direct,gas-china,resolved,Natural gas spray drying,gas-china
PAM-N-PWD·CN,PAM-N-PWD,CN,4,5,0.05,HDPE bag packaging 25kg sacks,HDPE-EU,d,indexed,direct,brent,resolved,HDPE bag packaging 25kg sacks,brent
PAM-N-PWD·CN,PAM-N-PWD,CN,5,11,0.11,Fixed costs LCI,LCI-CN,d,indexed,direct,lci-cn,resolved,Fixed costs LCI,lci-cn
PAM-N-PWD·CN,PAM-N-PWD,CN,6,12,0.12,Supplier margin,fixed,f,fixed,,,fixed,Supplier margin,
PAM-N-PWD·NA,PAM-N-PWD,NA,1,61,0.61,Acrylonitrile acrylamide ACN proxy,ACN-NA,d,indexed,direct,brent,resolved,Acrylonitrile acrylamide ACN proxy,brent
PAM-N-PWD·NA,PAM-N-PWD,NA,2,6,0.06,Industrial electricity spray drying,ELEC-US-PPI,d,indexed,direct,elec-power-ppi,no_series,Industrial electricity spray drying,
PAM-N-PWD·NA,PAM-N-PWD,NA,3,5,0.05,Natural gas spray drying,HH-NA,d,indexed,direct,natgas-na,resolved,Natural gas spray drying,natgas-na
PAM-N-PWD·NA,PAM-N-PWD,NA,4,5,0.05,HDPE bag packaging 25kg sacks,HDPE-EU,d,indexed,direct,brent,resolved,HDPE bag packaging 25kg sacks,brent
PAM-N-PWD·NA,PAM-N-PWD,NA,5,11,0.11,Fixed costs LCI,LCI-NA,d,indexed,direct,lci-na,resolved,Fixed costs LCI,lci-na
PAM-N-PWD·NA,PAM-N-PWD,NA,6,12,0.12,Supplier margin,fixed,f,fixed,,,fixed,Supplier margin,
PAM-N-PWD·APAC,PAM-N-PWD,APAC,1,61,0.61,Acrylonitrile acrylamide ACN proxy,ACN-ASIA,d,indexed,direct,brent,resolved,Acrylonitrile acrylamide ACN proxy,brent
PAM-N-PWD·APAC,PAM-N-PWD,APAC,2,6,0.06,Industrial electricity spray drying,ELEC-APAC,d,indexed,direct,elec-cn,resolved,Industrial electricity spray drying,elec-cn
PAM-N-PWD·APAC,PAM-N-PWD,APAC,3,5,0.05,Natural gas spray drying,LNG-JKM,d,indexed,direct,lng-jkm-asia,no_series,Natural gas spray drying,
PAM-N-PWD·APAC,PAM-N-PWD,APAC,4,5,0.05,HDPE bag packaging 25kg sacks,HDPE-EU,d,indexed,direct,brent,resolved,HDPE bag packaging 25kg sacks,brent
PAM-N-PWD·APAC,PAM-N-PWD,APAC,5,11,0.11,Fixed costs LCI,LCI-APAC,d,indexed,direct,lci-apac,resolved,Fixed costs LCI,lci-apac
PAM-N-PWD·APAC,PAM-N-PWD,APAC,6,12,0.12,Supplier margin,fixed,f,fixed,,,fixed,Supplier margin,
PAM-N-PWD·IN,PAM-N-PWD,IN,1,61,0.61,Acrylonitrile acrylamide ACN proxy,ACN-ASIA,d,indexed,direct,brent,resolved,Acrylonitrile acrylamide ACN proxy,brent
PAM-N-PWD·IN,PAM-N-PWD,IN,2,6,0.06,Industrial electricity spray drying,ELEC-IN,d,indexed,direct,elec-in,resolved,Industrial electricity spray drying,elec-in
PAM-N-PWD·IN,PAM-N-PWD,IN,3,5,0.05,Natural gas spray drying,GAS-IN,d,indexed,direct,gas-india,resolved,Natural gas spray drying,gas-india
PAM-N-PWD·IN,PAM-N-PWD,IN,4,5,0.05,HDPE bag packaging 25kg sacks,HDPE-EU,d,indexed,direct,brent,resolved,HDPE bag packaging 25kg sacks,brent
PAM-N-PWD·IN,PAM-N-PWD,IN,5,11,0.11,Fixed costs LCI,LCI-IN,d,indexed,direct,lci-in,resolved,Fixed costs LCI,lci-in
PAM-N-PWD·IN,PAM-N-PWD,IN,6,12,0.12,Supplier margin,fixed,f,fixed,,,fixed,Supplier margin,
PAM-N-PWD·MEA,PAM-N-PWD,MEA,1,61,0.61,Acrylonitrile acrylamide ACN proxy,ACN-EU,d,indexed,direct,brent,resolved,Acrylonitrile acrylamide ACN proxy,brent
PAM-N-PWD·MEA,PAM-N-PWD,MEA,2,6,0.06,Industrial electricity spray drying,ELEC-MEA,d,indexed,direct,elec-mea,resolved,Industrial electricity spray drying,elec-mea
PAM-N-PWD·MEA,PAM-N-PWD,MEA,3,5,0.05,Natural gas spray drying,GAS-MEA,d,indexed,direct,gas-mea,resolved,Natural gas spray drying,gas-mea
PAM-N-PWD·MEA,PAM-N-PWD,MEA,4,5,0.05,HDPE bag packaging 25kg sacks,HDPE-EU,d,indexed,direct,brent,resolved,HDPE bag packaging 25kg sacks,brent
PAM-N-PWD·MEA,PAM-N-PWD,MEA,5,11,0.11,Fixed costs LCI,LCI-MEA,d,indexed,direct,lci-mea,resolved,Fixed costs LCI,lci-mea
PAM-N-PWD·MEA,PAM-N-PWD,MEA,6,12,0.12,Supplier margin,fixed,f,fixed,,,fixed,Supplier margin,
PAM-N-SOL·EU,PAM-N-SOL,EU,1,60,0.6,Acrylonitrile acrylamide ACN proxy,ACN-EU,d,indexed,direct,brent,resolved,Acrylonitrile acrylamide ACN proxy,brent
PAM-N-SOL·EU,PAM-N-SOL,EU,2,10,0.1,Process water,WATER-EU,d,indexed,direct,water-eu,resolved,Process water,water-eu
PAM-N-SOL·EU,PAM-N-SOL,EU,3,8,0.08,Industrial electricity,ELEC-EU,d,indexed,direct,elec-eu,resolved,Industrial electricity,elec-eu
PAM-N-SOL·EU,PAM-N-SOL,EU,4,10,0.1,Fixed costs LCI,LCI-EU,d,indexed,direct,lci-eu,resolved,Fixed costs LCI,lci-eu
PAM-N-SOL·EU,PAM-N-SOL,EU,5,12,0.12,Supplier margin,fixed,f,fixed,,,fixed,Supplier margin,
PAM-N-SOL·CN,PAM-N-SOL,CN,1,60,0.6,Acrylonitrile acrylamide ACN proxy,ACN-CN,d,indexed,direct,brent,resolved,Acrylonitrile acrylamide ACN proxy,brent
PAM-N-SOL·CN,PAM-N-SOL,CN,2,10,0.1,Process water,WATER-EU,d,indexed,direct,water-eu,resolved,Process water,water-eu
PAM-N-SOL·CN,PAM-N-SOL,CN,3,8,0.08,Industrial electricity,ELEC-CN,d,indexed,direct,elec-cn,resolved,Industrial electricity,elec-cn
PAM-N-SOL·CN,PAM-N-SOL,CN,4,10,0.1,Fixed costs LCI,LCI-CN,d,indexed,direct,lci-cn,resolved,Fixed costs LCI,lci-cn
PAM-N-SOL·CN,PAM-N-SOL,CN,5,12,0.12,Supplier margin,fixed,f,fixed,,,fixed,Supplier margin,
PAM-N-SOL·NA,PAM-N-SOL,NA,1,60,0.6,Acrylonitrile acrylamide ACN proxy,ACN-NA,d,indexed,direct,brent,resolved,Acrylonitrile acrylamide ACN proxy,brent
PAM-N-SOL·NA,PAM-N-SOL,NA,2,10,0.1,Process water,WATER-EU,d,indexed,direct,water-eu,resolved,Process water,water-eu
PAM-N-SOL·NA,PAM-N-SOL,NA,3,8,0.08,Industrial electricity,ELEC-US-PPI,d,indexed,direct,elec-power-ppi,no_series,Industrial electricity,
PAM-N-SOL·NA,PAM-N-SOL,NA,4,10,0.1,Fixed costs LCI,LCI-NA,d,indexed,direct,lci-na,resolved,Fixed costs LCI,lci-na
PAM-N-SOL·NA,PAM-N-SOL,NA,5,12,0.12,Supplier margin,fixed,f,fixed,,,fixed,Supplier margin,
PAM-N-SOL·APAC,PAM-N-SOL,APAC,1,60,0.6,Acrylonitrile acrylamide ACN proxy,ACN-ASIA,d,indexed,direct,brent,resolved,Acrylonitrile acrylamide ACN proxy,brent
PAM-N-SOL·APAC,PAM-N-SOL,APAC,2,10,0.1,Process water,WATER-EU,d,indexed,direct,water-eu,resolved,Process water,water-eu
PAM-N-SOL·APAC,PAM-N-SOL,APAC,3,8,0.08,Industrial electricity,ELEC-APAC,d,indexed,direct,elec-cn,resolved,Industrial electricity,elec-cn
PAM-N-SOL·APAC,PAM-N-SOL,APAC,4,10,0.1,Fixed costs LCI,LCI-APAC,d,indexed,direct,lci-apac,resolved,Fixed costs LCI,lci-apac
PAM-N-SOL·APAC,PAM-N-SOL,APAC,5,12,0.12,Supplier margin,fixed,f,fixed,,,fixed,Supplier margin,
PAM-N-SOL·IN,PAM-N-SOL,IN,1,60,0.6,Acrylonitrile acrylamide ACN proxy,ACN-ASIA,d,indexed,direct,brent,resolved,Acrylonitrile acrylamide ACN proxy,brent
PAM-N-SOL·IN,PAM-N-SOL,IN,2,10,0.1,Process water,WATER-EU,d,indexed,direct,water-eu,resolved,Process water,water-eu
PAM-N-SOL·IN,PAM-N-SOL,IN,3,8,0.08,Industrial electricity,ELEC-IN,d,indexed,direct,elec-in,resolved,Industrial electricity,elec-in
PAM-N-SOL·IN,PAM-N-SOL,IN,4,10,0.1,Fixed costs LCI,LCI-IN,d,indexed,direct,lci-in,resolved,Fixed costs LCI,lci-in
PAM-N-SOL·IN,PAM-N-SOL,IN,5,12,0.12,Supplier margin,fixed,f,fixed,,,fixed,Supplier margin,
PAM-N-SOL·MEA,PAM-N-SOL,MEA,1,60,0.6,Acrylonitrile acrylamide ACN proxy,ACN-EU,d,indexed,direct,brent,resolved,Acrylonitrile acrylamide ACN proxy,brent
PAM-N-SOL·MEA,PAM-N-SOL,MEA,2,10,0.1,Process water,WATER-EU,d,indexed,direct,water-eu,resolved,Process water,water-eu
PAM-N-SOL·MEA,PAM-N-SOL,MEA,3,8,0.08,Industrial electricity,ELEC-MEA,d,indexed,direct,elec-mea,resolved,Industrial electricity,elec-mea
PAM-N-SOL·MEA,PAM-N-SOL,MEA,4,10,0.1,Fixed costs LCI,LCI-MEA,d,indexed,direct,lci-mea,resolved,Fixed costs LCI,lci-mea
PAM-N-SOL·MEA,PAM-N-SOL,MEA,5,12,0.12,Supplier margin,fixed,f,fixed,,,fixed,Supplier margin,
ADV-ARAM-FIB·EU,ADV-ARAM-FIB,EU,1,28,0.28,PTA terephthalic acid,PTA-EU,p,indexed,proxy,brent,resolved,PTA terephthalic acid,brent
ADV-ARAM-FIB·EU,ADV-ARAM-FIB,EU,2,28,0.28,para-Phenylenediamine limited index,fixed,f,fixed,,,fixed,para-Phenylenediamine limited index,
ADV-ARAM-FIB·EU,ADV-ARAM-FIB,EU,3,8,0.08,Industrial electricity,ELEC-EU,d,indexed,direct,elec-eu,resolved,Industrial electricity,elec-eu
ADV-ARAM-FIB·EU,ADV-ARAM-FIB,EU,4,10,0.1,Phosgene route hazmat fixed,fixed,f,fixed,,,fixed,Phosgene route hazmat fixed,
ADV-ARAM-FIB·EU,ADV-ARAM-FIB,EU,5,4,0.04,Fixed costs LCI,LCI-EU,d,indexed,direct,lci-eu,resolved,Fixed costs LCI,lci-eu
ADV-ARAM-FIB·EU,ADV-ARAM-FIB,EU,6,22,0.22,Supplier margin,fixed,f,fixed,,,fixed,Supplier margin,
ADV-ARAM-FIB·NA,ADV-ARAM-FIB,NA,1,28,0.28,PTA terephthalic acid,PTA-NA,p,indexed,proxy,brent,resolved,PTA terephthalic acid,brent
ADV-ARAM-FIB·NA,ADV-ARAM-FIB,NA,2,28,0.28,para-Phenylenediamine limited index,fixed,f,fixed,,,fixed,para-Phenylenediamine limited index,
ADV-ARAM-FIB·NA,ADV-ARAM-FIB,NA,3,8,0.08,Industrial electricity,ELEC-NA,d,indexed,direct,elec-na,resolved,Industrial electricity,elec-na
ADV-ARAM-FIB·NA,ADV-ARAM-FIB,NA,4,10,0.1,Phosgene route hazmat fixed,fixed,f,fixed,,,fixed,Phosgene route hazmat fixed,
ADV-ARAM-FIB·NA,ADV-ARAM-FIB,NA,5,4,0.04,Fixed costs LCI,LCI-NA,d,indexed,direct,lci-na,resolved,Fixed costs LCI,lci-na
ADV-ARAM-FIB·NA,ADV-ARAM-FIB,NA,6,22,0.22,Supplier margin,fixed,f,fixed,,,fixed,Supplier margin,
ADV-CF-TOW·EU,ADV-CF-TOW,EU,1,38,0.38,Acrylonitrile PAN precursor,ACN-EU,d,indexed,direct,brent,resolved,Acrylonitrile PAN precursor,brent
ADV-CF-TOW·EU,ADV-CF-TOW,EU,2,28,0.28,Industrial electricity carbonisation,ELEC-EU,d,indexed,direct,elec-eu,resolved,Industrial electricity carbonisation,elec-eu
ADV-CF-TOW·EU,ADV-CF-TOW,EU,3,8,0.08,Natural gas stabilisation,TTF-EU,p,indexed,proxy,ttf-eu,resolved,Natural gas stabilisation,ttf-eu
ADV-CF-TOW·EU,ADV-CF-TOW,EU,4,13,0.13,Fixed costs LCI,LCI-EU,d,indexed,direct,lci-eu,resolved,Fixed costs LCI,lci-eu
ADV-CF-TOW·EU,ADV-CF-TOW,EU,5,13,0.13,Supplier margin mid-cycle volatile,fixed,f,fixed,,,fixed,Supplier margin mid-cycle volatile,
ADV-CF-TOW·NA,ADV-CF-TOW,NA,1,38,0.38,Acrylonitrile PAN precursor,ACN-NA,d,indexed,direct,brent,resolved,Acrylonitrile PAN precursor,brent
ADV-CF-TOW·NA,ADV-CF-TOW,NA,2,28,0.28,Industrial electricity carbonisation,ELEC-NA,d,indexed,direct,elec-na,resolved,Industrial electricity carbonisation,elec-na
ADV-CF-TOW·NA,ADV-CF-TOW,NA,3,8,0.08,Natural gas stabilisation,HH-NA,p,indexed,proxy,natgas-na,resolved,Natural gas stabilisation,natgas-na
ADV-CF-TOW·NA,ADV-CF-TOW,NA,4,13,0.13,Fixed costs LCI,LCI-NA,d,indexed,direct,lci-na,resolved,Fixed costs LCI,lci-na
ADV-CF-TOW·NA,ADV-CF-TOW,NA,5,13,0.13,Supplier margin mid-cycle volatile,fixed,f,fixed,,,fixed,Supplier margin mid-cycle volatile,
ADV-CF-TOW·CN,ADV-CF-TOW,CN,1,38,0.38,Acrylonitrile PAN precursor,ACN-CN,d,indexed,direct,brent,resolved,Acrylonitrile PAN precursor,brent
ADV-CF-TOW·CN,ADV-CF-TOW,CN,2,28,0.28,Industrial electricity carbonisation,ELEC-CN,d,indexed,direct,elec-cn,resolved,Industrial electricity carbonisation,elec-cn
ADV-CF-TOW·CN,ADV-CF-TOW,CN,3,8,0.08,Natural gas stabilisation,NDRC-CN,p,indexed,proxy,gas-china,resolved,Natural gas stabilisation,gas-china
ADV-CF-TOW·CN,ADV-CF-TOW,CN,4,13,0.13,Fixed costs LCI,LCI-CN,d,indexed,direct,lci-cn,resolved,Fixed costs LCI,lci-cn
ADV-CF-TOW·CN,ADV-CF-TOW,CN,5,13,0.13,Supplier margin mid-cycle volatile,fixed,f,fixed,,,fixed,Supplier margin mid-cycle volatile,
ADV-CF-TOW·APAC,ADV-CF-TOW,APAC,1,38,0.38,Acrylonitrile PAN precursor,ACN-ASIA,d,indexed,direct,brent,resolved,Acrylonitrile PAN precursor,brent
ADV-CF-TOW·APAC,ADV-CF-TOW,APAC,2,28,0.28,Industrial electricity carbonisation,ELEC-APAC,d,indexed,direct,elec-cn,resolved,Industrial electricity carbonisation,elec-cn
ADV-CF-TOW·APAC,ADV-CF-TOW,APAC,3,8,0.08,Natural gas stabilisation,JKM-APAC,p,indexed,proxy,lng-japan,resolved,Natural gas stabilisation,lng-japan
ADV-CF-TOW·APAC,ADV-CF-TOW,APAC,4,13,0.13,Fixed costs LCI,LCI-APAC,d,indexed,direct,lci-apac,resolved,Fixed costs LCI,lci-apac
ADV-CF-TOW·APAC,ADV-CF-TOW,APAC,5,13,0.13,Supplier margin mid-cycle volatile,fixed,f,fixed,,,fixed,Supplier margin mid-cycle volatile,
ADV-EGLASS-CSM·EU,ADV-EGLASS-CSM,EU,1,60,0.6,E-glass roving cascade,ELEC-EU,p,indexed,proxy,elec-eu,resolved,E-glass roving cascade,elec-eu
ADV-EGLASS-CSM·EU,ADV-EGLASS-CSM,EU,2,14,0.14,Industrial electricity processing,ELEC-EU,d,indexed,direct,elec-eu,resolved,Industrial electricity processing,elec-eu
ADV-EGLASS-CSM·EU,ADV-EGLASS-CSM,EU,3,10,0.1,Fixed costs LCI,LCI-EU,d,indexed,direct,lci-eu,resolved,Fixed costs LCI,lci-eu
ADV-EGLASS-CSM·EU,ADV-EGLASS-CSM,EU,4,16,0.16,Supplier margin,fixed,f,fixed,,,fixed,Supplier margin,
ADV-EGLASS-CSM·NA,ADV-EGLASS-CSM,NA,1,60,0.6,E-glass roving cascade,ELEC-NA,p,indexed,proxy,elec-na,resolved,E-glass roving cascade,elec-na
ADV-EGLASS-CSM·NA,ADV-EGLASS-CSM,NA,2,14,0.14,Industrial electricity processing,ELEC-NA,d,indexed,direct,elec-na,resolved,Industrial electricity processing,elec-na
ADV-EGLASS-CSM·NA,ADV-EGLASS-CSM,NA,3,10,0.1,Fixed costs LCI,LCI-NA,d,indexed,direct,lci-na,resolved,Fixed costs LCI,lci-na
ADV-EGLASS-CSM·NA,ADV-EGLASS-CSM,NA,4,16,0.16,Supplier margin,fixed,f,fixed,,,fixed,Supplier margin,
ADV-EGLASS-CSM·CN,ADV-EGLASS-CSM,CN,1,60,0.6,E-glass roving cascade,ELEC-CN,p,indexed,proxy,elec-cn,resolved,E-glass roving cascade,elec-cn
ADV-EGLASS-CSM·CN,ADV-EGLASS-CSM,CN,2,14,0.14,Industrial electricity processing,ELEC-CN,d,indexed,direct,elec-cn,resolved,Industrial electricity processing,elec-cn
ADV-EGLASS-CSM·CN,ADV-EGLASS-CSM,CN,3,10,0.1,Fixed costs LCI,LCI-CN,d,indexed,direct,lci-cn,resolved,Fixed costs LCI,lci-cn
ADV-EGLASS-CSM·CN,ADV-EGLASS-CSM,CN,4,16,0.16,Supplier margin,fixed,f,fixed,,,fixed,Supplier margin,
ADV-EGLASS-ROV·EU,ADV-EGLASS-ROV,EU,1,12,0.12,Silica oxides electricity proxy,ELEC-EU,p,indexed,proxy,elec-eu,resolved,Silica oxides electricity proxy,elec-eu
ADV-EGLASS-ROV·EU,ADV-EGLASS-ROV,EU,2,28,0.28,Industrial electricity furnace,ELEC-EU,d,indexed,direct,elec-eu,resolved,Industrial electricity furnace,elec-eu
ADV-EGLASS-ROV·EU,ADV-EGLASS-ROV,EU,3,24,0.24,Natural gas melting furnace,TTF-EU,d,indexed,direct,ttf-eu,resolved,Natural gas melting furnace,ttf-eu
ADV-EGLASS-ROV·EU,ADV-EGLASS-ROV,EU,4,8,0.08,Alumina kaolin LME proxy,AL-LME,p,indexed,proxy,aluminum,resolved,Alumina kaolin LME proxy,aluminum
ADV-EGLASS-ROV·EU,ADV-EGLASS-ROV,EU,5,11,0.11,Fixed costs LCI,LCI-EU,d,indexed,direct,lci-eu,resolved,Fixed costs LCI,lci-eu
ADV-EGLASS-ROV·EU,ADV-EGLASS-ROV,EU,6,17,0.17,Supplier margin,fixed,f,fixed,,,fixed,Supplier margin,
ADV-EGLASS-ROV·NA,ADV-EGLASS-ROV,NA,1,12,0.12,Silica oxides electricity proxy,ELEC-NA,p,indexed,proxy,elec-na,resolved,Silica oxides electricity proxy,elec-na
ADV-EGLASS-ROV·NA,ADV-EGLASS-ROV,NA,2,28,0.28,Industrial electricity furnace,ELEC-NA,d,indexed,direct,elec-na,resolved,Industrial electricity furnace,elec-na
ADV-EGLASS-ROV·NA,ADV-EGLASS-ROV,NA,3,24,0.24,Natural gas melting furnace,HH-NA,d,indexed,direct,natgas-na,resolved,Natural gas melting furnace,natgas-na
ADV-EGLASS-ROV·NA,ADV-EGLASS-ROV,NA,4,8,0.08,Alumina kaolin LME proxy,AL-LME,p,indexed,proxy,aluminum,resolved,Alumina kaolin LME proxy,aluminum
ADV-EGLASS-ROV·NA,ADV-EGLASS-ROV,NA,5,11,0.11,Fixed costs LCI,LCI-NA,d,indexed,direct,lci-na,resolved,Fixed costs LCI,lci-na
ADV-EGLASS-ROV·NA,ADV-EGLASS-ROV,NA,6,17,0.17,Supplier margin,fixed,f,fixed,,,fixed,Supplier margin,
ADV-EGLASS-ROV·CN,ADV-EGLASS-ROV,CN,1,12,0.12,Silica oxides electricity proxy,ELEC-CN,p,indexed,proxy,elec-cn,resolved,Silica oxides electricity proxy,elec-cn
ADV-EGLASS-ROV·CN,ADV-EGLASS-ROV,CN,2,28,0.28,Industrial electricity furnace,ELEC-CN,d,indexed,direct,elec-cn,resolved,Industrial electricity furnace,elec-cn
ADV-EGLASS-ROV·CN,ADV-EGLASS-ROV,CN,3,24,0.24,Natural gas melting furnace,NDRC-CN,d,indexed,direct,gas-china,resolved,Natural gas melting furnace,gas-china
ADV-EGLASS-ROV·CN,ADV-EGLASS-ROV,CN,4,8,0.08,Alumina kaolin LME proxy,AL-LME,p,indexed,proxy,aluminum,resolved,Alumina kaolin LME proxy,aluminum
ADV-EGLASS-ROV·CN,ADV-EGLASS-ROV,CN,5,11,0.11,Fixed costs LCI,LCI-CN,d,indexed,direct,lci-cn,resolved,Fixed costs LCI,lci-cn
ADV-EGLASS-ROV·CN,ADV-EGLASS-ROV,CN,6,17,0.17,Supplier margin,fixed,f,fixed,,,fixed,Supplier margin,
ADV-EGLASS-ROV·APAC,ADV-EGLASS-ROV,APAC,1,12,0.12,Silica oxides electricity proxy,ELEC-APAC,p,indexed,proxy,elec-cn,resolved,Silica oxides electricity proxy,elec-cn
ADV-EGLASS-ROV·APAC,ADV-EGLASS-ROV,APAC,2,28,0.28,Industrial electricity furnace,ELEC-APAC,d,indexed,direct,elec-cn,resolved,Industrial electricity furnace,elec-cn
ADV-EGLASS-ROV·APAC,ADV-EGLASS-ROV,APAC,3,24,0.24,Natural gas melting furnace,JKM-APAC,d,indexed,direct,lng-japan,resolved,Natural gas melting furnace,lng-japan
ADV-EGLASS-ROV·APAC,ADV-EGLASS-ROV,APAC,4,8,0.08,Alumina kaolin LME proxy,AL-LME,p,indexed,proxy,aluminum,resolved,Alumina kaolin LME proxy,aluminum
ADV-EGLASS-ROV·APAC,ADV-EGLASS-ROV,APAC,5,11,0.11,Fixed costs LCI,LCI-APAC,d,indexed,direct,lci-apac,resolved,Fixed costs LCI,lci-apac
ADV-EGLASS-ROV·APAC,ADV-EGLASS-ROV,APAC,6,17,0.17,Supplier margin,fixed,f,fixed,,,fixed,Supplier margin,
FLU-VII-OCP·EU,FLU-VII-OCP,EU,1,42,0.42,Ethylene monomer,ETH-NWE,d,indexed,direct,brent,resolved,Ethylene monomer,brent
FLU-VII-OCP·EU,FLU-VII-OCP,EU,2,28,0.28,Propylene monomer,PRP-NWE,d,indexed,direct,brent,resolved,Propylene monomer,brent
FLU-VII-OCP·EU,FLU-VII-OCP,EU,3,8,0.08,Industrial electricity,ELEC-EU,d,indexed,direct,elec-eu,resolved,Industrial electricity,elec-eu
FLU-VII-OCP·EU,FLU-VII-OCP,EU,4,8,0.08,Fixed costs LCI,LCI-EU,d,indexed,direct,lci-eu,resolved,Fixed costs LCI,lci-eu
FLU-VII-OCP·EU,FLU-VII-OCP,EU,5,14,0.14,Supplier margin,fixed,f,fixed,,,fixed,Supplier margin,
FLU-VII-OCP·NA,FLU-VII-OCP,NA,1,42,0.42,Ethylene monomer,ETH-US,d,indexed,direct,ethylene-propylene-na,resolved,Ethylene monomer,ethylene-propylene-na
FLU-VII-OCP·NA,FLU-VII-OCP,NA,2,28,0.28,Propylene monomer,PRP-US,d,indexed,direct,ethylene-propylene-na,resolved,Propylene monomer,ethylene-propylene-na
FLU-VII-OCP·NA,FLU-VII-OCP,NA,3,8,0.08,Industrial electricity,ELEC-NA,d,indexed,direct,elec-na,resolved,Industrial electricity,elec-na
FLU-VII-OCP·NA,FLU-VII-OCP,NA,4,8,0.08,Fixed costs LCI,LCI-NA,d,indexed,direct,lci-na,resolved,Fixed costs LCI,lci-na
FLU-VII-OCP·NA,FLU-VII-OCP,NA,5,14,0.14,Supplier margin,fixed,f,fixed,,,fixed,Supplier margin,
FLU-VII-PMA·EU,FLU-VII-PMA,EU,1,68,0.68,MMA methyl methacrylate,MMA-EU,d,indexed,direct,brent,resolved,MMA methyl methacrylate,brent
FLU-VII-PMA·EU,FLU-VII-PMA,EU,2,8,0.08,Industrial electricity,ELEC-EU,d,indexed,direct,elec-eu,resolved,Industrial electricity,elec-eu
FLU-VII-PMA·EU,FLU-VII-PMA,EU,3,8,0.08,Fixed costs LCI,LCI-EU,d,indexed,direct,lci-eu,resolved,Fixed costs LCI,lci-eu
FLU-VII-PMA·EU,FLU-VII-PMA,EU,4,16,0.16,Supplier margin,fixed,f,fixed,,,fixed,Supplier margin,
FLU-VII-PMA·NA,FLU-VII-PMA,NA,1,68,0.68,MMA methyl methacrylate,MMA-EU,p,indexed,proxy,brent,resolved,MMA methyl methacrylate,brent
FLU-VII-PMA·NA,FLU-VII-PMA,NA,2,8,0.08,Industrial electricity,ELEC-NA,d,indexed,direct,elec-na,resolved,Industrial electricity,elec-na
FLU-VII-PMA·NA,FLU-VII-PMA,NA,3,8,0.08,Fixed costs LCI,LCI-NA,d,indexed,direct,lci-na,resolved,Fixed costs LCI,lci-na
FLU-VII-PMA·NA,FLU-VII-PMA,NA,4,16,0.16,Supplier margin,fixed,f,fixed,,,fixed,Supplier margin,
FLU-ZDDP-LIQ·EU,FLU-ZDDP-LIQ,EU,1,28,0.28,Zinc metal LME,ZN-LME,d,indexed,direct,zinc,resolved,Zinc metal LME,zinc
FLU-ZDDP-LIQ·EU,FLU-ZDDP-LIQ,EU,2,28,0.28,2-Ethylhexanol,2EH-EU,d,indexed,direct,brent,resolved,2-Ethylhexanol,brent
FLU-ZDDP-LIQ·EU,FLU-ZDDP-LIQ,EU,3,16,0.16,Phosphorus pentasulfide P2S5 no liquid index,fixed,f,fixed,,,fixed,Phosphorus pentasulfide P2S5 no liquid index,
FLU-ZDDP-LIQ·EU,FLU-ZDDP-LIQ,EU,4,6,0.06,Industrial electricity,ELEC-EU,d,indexed,direct,elec-eu,resolved,Industrial electricity,elec-eu
FLU-ZDDP-LIQ·EU,FLU-ZDDP-LIQ,EU,5,8,0.08,Fixed costs LCI,LCI-EU,d,indexed,direct,lci-eu,resolved,Fixed costs LCI,lci-eu
FLU-ZDDP-LIQ·EU,FLU-ZDDP-LIQ,EU,6,14,0.14,Supplier margin,fixed,f,fixed,,,fixed,Supplier margin,
FLU-ZDDP-LIQ·NA,FLU-ZDDP-LIQ,NA,1,28,0.28,Zinc metal LME,ZN-LME,d,indexed,direct,zinc,resolved,Zinc metal LME,zinc
FLU-ZDDP-LIQ·NA,FLU-ZDDP-LIQ,NA,2,28,0.28,2-Ethylhexanol,2EH-EU,p,indexed,proxy,brent,resolved,2-Ethylhexanol,brent
FLU-ZDDP-LIQ·NA,FLU-ZDDP-LIQ,NA,3,16,0.16,Phosphorus pentasulfide P2S5 no liquid index,fixed,f,fixed,,,fixed,Phosphorus pentasulfide P2S5 no liquid index,
FLU-ZDDP-LIQ·NA,FLU-ZDDP-LIQ,NA,4,6,0.06,Industrial electricity,ELEC-NA,d,indexed,direct,elec-na,resolved,Industrial electricity,elec-na
FLU-ZDDP-LIQ·NA,FLU-ZDDP-LIQ,NA,5,8,0.08,Fixed costs LCI,LCI-NA,d,indexed,direct,lci-na,resolved,Fixed costs LCI,lci-na
FLU-ZDDP-LIQ·NA,FLU-ZDDP-LIQ,NA,6,14,0.14,Supplier margin,fixed,f,fixed,,,fixed,Supplier margin,
FLU-BO1-SN150·EU,FLU-BO1-SN150,EU,1,65,0.65,Crude oil ex-refinery upstream,BRENT-GLB,p,indexed,proxy,brent,resolved,Crude oil ex-refinery upstream,brent
FLU-BO1-SN150·EU,FLU-BO1-SN150,EU,2,0,0.0,Base oil Base oil Group I SN 150 direct index,BO1-NWE,d,indexed,direct,brent,resolved,Base oil Base oil Group I SN 150 direct index,brent
FLU-BO1-SN150·EU,FLU-BO1-SN150,EU,3,12,0.12,Industrial electricity refinery,ELEC-EU,d,indexed,direct,elec-eu,resolved,Industrial electricity refinery,elec-eu
FLU-BO1-SN150·EU,FLU-BO1-SN150,EU,4,8,0.08,Natural gas refinery fuel,TTF-EU,p,indexed,proxy,ttf-eu,resolved,Natural gas refinery fuel,ttf-eu
FLU-BO1-SN150·EU,FLU-BO1-SN150,EU,5,4,0.04,Fixed costs LCI,LCI-EU,d,indexed,direct,lci-eu,resolved,Fixed costs LCI,lci-eu
FLU-BO1-SN150·EU,FLU-BO1-SN150,EU,6,11,0.11,Supplier margin,fixed,f,fixed,,,fixed,Supplier margin,
FLU-BO1-SN150·NA,FLU-BO1-SN150,NA,1,65,0.65,Crude oil ex-refinery upstream,BRENT-GLB,p,indexed,proxy,brent,resolved,Crude oil ex-refinery upstream,brent
FLU-BO1-SN150·NA,FLU-BO1-SN150,NA,2,0,0.0,Base oil Base oil Group I SN 150 direct index,BO1-US,d,indexed,direct,base-oil-na,resolved,Base oil Base oil Group I SN 150 direct index,base-oil-na
FLU-BO1-SN150·NA,FLU-BO1-SN150,NA,3,12,0.12,Industrial electricity refinery,ELEC-NA,d,indexed,direct,elec-na,resolved,Industrial electricity refinery,elec-na
FLU-BO1-SN150·NA,FLU-BO1-SN150,NA,4,8,0.08,Natural gas refinery fuel,HH-NA,p,indexed,proxy,natgas-na,resolved,Natural gas refinery fuel,natgas-na
FLU-BO1-SN150·NA,FLU-BO1-SN150,NA,5,4,0.04,Fixed costs LCI,LCI-NA,d,indexed,direct,lci-na,resolved,Fixed costs LCI,lci-na
FLU-BO1-SN150·NA,FLU-BO1-SN150,NA,6,11,0.11,Supplier margin,fixed,f,fixed,,,fixed,Supplier margin,
FLU-BO1-SN150·APAC,FLU-BO1-SN150,APAC,1,65,0.65,Crude oil ex-refinery upstream,BRENT-GLB,p,indexed,proxy,brent,resolved,Crude oil ex-refinery upstream,brent
FLU-BO1-SN150·APAC,FLU-BO1-SN150,APAC,2,0,0.0,Base oil Base oil Group I SN 150 direct index,BO1-SG,d,indexed,direct,brent,resolved,Base oil Base oil Group I SN 150 direct index,brent
FLU-BO1-SN150·APAC,FLU-BO1-SN150,APAC,3,12,0.12,Industrial electricity refinery,ELEC-APAC,d,indexed,direct,elec-cn,resolved,Industrial electricity refinery,elec-cn
FLU-BO1-SN150·APAC,FLU-BO1-SN150,APAC,4,8,0.08,Natural gas refinery fuel,JKM-APAC,p,indexed,proxy,lng-japan,resolved,Natural gas refinery fuel,lng-japan
FLU-BO1-SN150·APAC,FLU-BO1-SN150,APAC,5,4,0.04,Fixed costs LCI,LCI-APAC,d,indexed,direct,lci-apac,resolved,Fixed costs LCI,lci-apac
FLU-BO1-SN150·APAC,FLU-BO1-SN150,APAC,6,11,0.11,Supplier margin,fixed,f,fixed,,,fixed,Supplier margin,
FLU-BO2-150N·EU,FLU-BO2-150N,EU,1,64,0.64,Crude oil ex-refinery upstream,BRENT-GLB,p,indexed,proxy,brent,resolved,Crude oil ex-refinery upstream,brent
FLU-BO2-150N·EU,FLU-BO2-150N,EU,2,0,0.0,Base oil Base oil Group II 150N direct index,BO2-NWE,d,indexed,direct,brent,resolved,Base oil Base oil Group II 150N direct index,brent
FLU-BO2-150N·EU,FLU-BO2-150N,EU,3,12,0.12,Industrial electricity refinery,ELEC-EU,d,indexed,direct,elec-eu,resolved,Industrial electricity refinery,elec-eu
FLU-BO2-150N·EU,FLU-BO2-150N,EU,4,8,0.08,Natural gas refinery fuel,TTF-EU,p,indexed,proxy,ttf-eu,resolved,Natural gas refinery fuel,ttf-eu
FLU-BO2-150N·EU,FLU-BO2-150N,EU,5,4,0.04,Fixed costs LCI,LCI-EU,d,indexed,direct,lci-eu,resolved,Fixed costs LCI,lci-eu
FLU-BO2-150N·EU,FLU-BO2-150N,EU,6,12,0.12,Supplier margin,fixed,f,fixed,,,fixed,Supplier margin,
FLU-BO2-150N·NA,FLU-BO2-150N,NA,1,64,0.64,Crude oil ex-refinery upstream,BRENT-GLB,p,indexed,proxy,brent,resolved,Crude oil ex-refinery upstream,brent
FLU-BO2-150N·NA,FLU-BO2-150N,NA,2,0,0.0,Base oil Base oil Group II 150N direct index,BO2-US,d,indexed,direct,base-oil-na,resolved,Base oil Base oil Group II 150N direct index,base-oil-na
FLU-BO2-150N·NA,FLU-BO2-150N,NA,3,12,0.12,Industrial electricity refinery,ELEC-NA,d,indexed,direct,elec-na,resolved,Industrial electricity refinery,elec-na
FLU-BO2-150N·NA,FLU-BO2-150N,NA,4,8,0.08,Natural gas refinery fuel,HH-NA,p,indexed,proxy,natgas-na,resolved,Natural gas refinery fuel,natgas-na
FLU-BO2-150N·NA,FLU-BO2-150N,NA,5,4,0.04,Fixed costs LCI,LCI-NA,d,indexed,direct,lci-na,resolved,Fixed costs LCI,lci-na
FLU-BO2-150N·NA,FLU-BO2-150N,NA,6,12,0.12,Supplier margin,fixed,f,fixed,,,fixed,Supplier margin,
FLU-BO2-150N·APAC,FLU-BO2-150N,APAC,1,64,0.64,Crude oil ex-refinery upstream,BRENT-GLB,p,indexed,proxy,brent,resolved,Crude oil ex-refinery upstream,brent
FLU-BO2-150N·APAC,FLU-BO2-150N,APAC,2,0,0.0,Base oil Base oil Group II 150N direct index,BO2-SG,d,indexed,direct,brent,resolved,Base oil Base oil Group II 150N direct index,brent
FLU-BO2-150N·APAC,FLU-BO2-150N,APAC,3,12,0.12,Industrial electricity refinery,ELEC-APAC,d,indexed,direct,elec-cn,resolved,Industrial electricity refinery,elec-cn
FLU-BO2-150N·APAC,FLU-BO2-150N,APAC,4,8,0.08,Natural gas refinery fuel,JKM-APAC,p,indexed,proxy,lng-japan,resolved,Natural gas refinery fuel,lng-japan
FLU-BO2-150N·APAC,FLU-BO2-150N,APAC,5,4,0.04,Fixed costs LCI,LCI-APAC,d,indexed,direct,lci-apac,resolved,Fixed costs LCI,lci-apac
FLU-BO2-150N·APAC,FLU-BO2-150N,APAC,6,12,0.12,Supplier margin,fixed,f,fixed,,,fixed,Supplier margin,
FLU-BO3-4CST·EU,FLU-BO3-4CST,EU,1,63,0.63,Crude oil ex-refinery upstream,BRENT-GLB,p,indexed,proxy,brent,resolved,Crude oil ex-refinery upstream,brent
FLU-BO3-4CST·EU,FLU-BO3-4CST,EU,2,0,0.0,Base oil Base oil Group III 4cSt direct index,BO3-NWE,d,indexed,direct,brent,resolved,Base oil Base oil Group III 4cSt direct index,brent
FLU-BO3-4CST·EU,FLU-BO3-4CST,EU,3,12,0.12,Industrial electricity refinery,ELEC-EU,d,indexed,direct,elec-eu,resolved,Industrial electricity refinery,elec-eu
FLU-BO3-4CST·EU,FLU-BO3-4CST,EU,4,8,0.08,Natural gas refinery fuel,TTF-EU,p,indexed,proxy,ttf-eu,resolved,Natural gas refinery fuel,ttf-eu
FLU-BO3-4CST·EU,FLU-BO3-4CST,EU,5,4,0.04,Fixed costs LCI,LCI-EU,d,indexed,direct,lci-eu,resolved,Fixed costs LCI,lci-eu
FLU-BO3-4CST·EU,FLU-BO3-4CST,EU,6,13,0.13,Supplier margin,fixed,f,fixed,,,fixed,Supplier margin,
FLU-BO3-4CST·NA,FLU-BO3-4CST,NA,1,63,0.63,Crude oil ex-refinery upstream,BRENT-GLB,p,indexed,proxy,brent,resolved,Crude oil ex-refinery upstream,brent
FLU-BO3-4CST·NA,FLU-BO3-4CST,NA,2,0,0.0,Base oil Base oil Group III 4cSt direct index,BO3-US,d,indexed,direct,base-oil-na,resolved,Base oil Base oil Group III 4cSt direct index,base-oil-na
FLU-BO3-4CST·NA,FLU-BO3-4CST,NA,3,12,0.12,Industrial electricity refinery,ELEC-NA,d,indexed,direct,elec-na,resolved,Industrial electricity refinery,elec-na
FLU-BO3-4CST·NA,FLU-BO3-4CST,NA,4,8,0.08,Natural gas refinery fuel,HH-NA,p,indexed,proxy,natgas-na,resolved,Natural gas refinery fuel,natgas-na
FLU-BO3-4CST·NA,FLU-BO3-4CST,NA,5,4,0.04,Fixed costs LCI,LCI-NA,d,indexed,direct,lci-na,resolved,Fixed costs LCI,lci-na
FLU-BO3-4CST·NA,FLU-BO3-4CST,NA,6,13,0.13,Supplier margin,fixed,f,fixed,,,fixed,Supplier margin,
FLU-BO3-4CST·APAC,FLU-BO3-4CST,APAC,1,63,0.63,Crude oil ex-refinery upstream,BRENT-GLB,p,indexed,proxy,brent,resolved,Crude oil ex-refinery upstream,brent
FLU-BO3-4CST·APAC,FLU-BO3-4CST,APAC,2,0,0.0,Base oil Base oil Group III 4cSt direct index,BO3-SG,d,indexed,direct,brent,resolved,Base oil Base oil Group III 4cSt direct index,brent
FLU-BO3-4CST·APAC,FLU-BO3-4CST,APAC,3,12,0.12,Industrial electricity refinery,ELEC-APAC,d,indexed,direct,elec-cn,resolved,Industrial electricity refinery,elec-cn
FLU-BO3-4CST·APAC,FLU-BO3-4CST,APAC,4,8,0.08,Natural gas refinery fuel,JKM-APAC,p,indexed,proxy,lng-japan,resolved,Natural gas refinery fuel,lng-japan
FLU-BO3-4CST·APAC,FLU-BO3-4CST,APAC,5,4,0.04,Fixed costs LCI,LCI-APAC,d,indexed,direct,lci-apac,resolved,Fixed costs LCI,lci-apac
FLU-BO3-4CST·APAC,FLU-BO3-4CST,APAC,6,13,0.13,Supplier margin,fixed,f,fixed,,,fixed,Supplier margin,
FLU-PAO-4·EU,FLU-PAO-4,EU,1,70,0.7,Linear alpha-olefins LAO,LAO-EU,d,indexed,direct,brent,resolved,Linear alpha-olefins LAO,brent
FLU-PAO-4·EU,FLU-PAO-4,EU,2,8,0.08,Industrial electricity,ELEC-EU,d,indexed,direct,elec-eu,resolved,Industrial electricity,elec-eu
FLU-PAO-4·EU,FLU-PAO-4,EU,3,8,0.08,Fixed costs LCI,LCI-EU,d,indexed,direct,lci-eu,resolved,Fixed costs LCI,lci-eu
FLU-PAO-4·EU,FLU-PAO-4,EU,4,14,0.14,Supplier margin,fixed,f,fixed,,,fixed,Supplier margin,
FLU-PAO-4·NA,FLU-PAO-4,NA,1,70,0.7,Linear alpha-olefins LAO,LAO-EU,p,indexed,proxy,brent,resolved,Linear alpha-olefins LAO,brent
FLU-PAO-4·NA,FLU-PAO-4,NA,2,8,0.08,Industrial electricity,ELEC-NA,d,indexed,direct,elec-na,resolved,Industrial electricity,elec-na
FLU-PAO-4·NA,FLU-PAO-4,NA,3,8,0.08,Fixed costs LCI,LCI-NA,d,indexed,direct,lci-na,resolved,Fixed costs LCI,lci-na
FLU-PAO-4·NA,FLU-PAO-4,NA,4,14,0.14,Supplier margin,fixed,f,fixed,,,fixed,Supplier margin,
FLU-PAO-4·APAC,FLU-PAO-4,APAC,1,70,0.7,Linear alpha-olefins LAO,LAO-EU,p,indexed,proxy,brent,resolved,Linear alpha-olefins LAO,brent
FLU-PAO-4·APAC,FLU-PAO-4,APAC,2,8,0.08,Industrial electricity,ELEC-APAC,d,indexed,direct,elec-cn,resolved,Industrial electricity,elec-cn
FLU-PAO-4·APAC,FLU-PAO-4,APAC,3,8,0.08,Fixed costs LCI,LCI-APAC,d,indexed,direct,lci-apac,resolved,Fixed costs LCI,lci-apac
FLU-PAO-4·APAC,FLU-PAO-4,APAC,4,14,0.14,Supplier margin,fixed,f,fixed,,,fixed,Supplier margin,
FLU-PAO-68·EU,FLU-PAO-68,EU,1,69,0.69,Linear alpha-olefins LAO,LAO-EU,d,indexed,direct,brent,resolved,Linear alpha-olefins LAO,brent
FLU-PAO-68·EU,FLU-PAO-68,EU,2,8,0.08,Industrial electricity,ELEC-EU,d,indexed,direct,elec-eu,resolved,Industrial electricity,elec-eu
FLU-PAO-68·EU,FLU-PAO-68,EU,3,8,0.08,Fixed costs LCI,LCI-EU,d,indexed,direct,lci-eu,resolved,Fixed costs LCI,lci-eu
FLU-PAO-68·EU,FLU-PAO-68,EU,4,15,0.15,Supplier margin,fixed,f,fixed,,,fixed,Supplier margin,
FLU-PAO-68·NA,FLU-PAO-68,NA,1,69,0.69,Linear alpha-olefins LAO,LAO-EU,p,indexed,proxy,brent,resolved,Linear alpha-olefins LAO,brent
FLU-PAO-68·NA,FLU-PAO-68,NA,2,8,0.08,Industrial electricity,ELEC-NA,d,indexed,direct,elec-na,resolved,Industrial electricity,elec-na
FLU-PAO-68·NA,FLU-PAO-68,NA,3,8,0.08,Fixed costs LCI,LCI-NA,d,indexed,direct,lci-na,resolved,Fixed costs LCI,lci-na
FLU-PAO-68·NA,FLU-PAO-68,NA,4,15,0.15,Supplier margin,fixed,f,fixed,,,fixed,Supplier margin,
SIL-EMU-35·EU,SIL-EMU-35,EU,1,62,0.62,PDMS internal cascade,SI-MB,p,indexed,proxy,silicon-metal-mb,no_series,PDMS internal cascade,
SIL-EMU-35·EU,SIL-EMU-35,EU,2,10,0.1,Emulsifier fatty alcohol EO proxy,PKO-MY,p,indexed,proxy,pko,resolved,Emulsifier fatty alcohol EO proxy,pko
SIL-EMU-35·EU,SIL-EMU-35,EU,3,8,0.08,Industrial electricity,ELEC-EU,d,indexed,direct,elec-eu,resolved,Industrial electricity,elec-eu
SIL-EMU-35·EU,SIL-EMU-35,EU,4,9,0.09,Fixed costs LCI,LCI-EU,d,indexed,direct,lci-eu,resolved,Fixed costs LCI,lci-eu
SIL-EMU-35·EU,SIL-EMU-35,EU,5,11,0.11,Supplier margin,fixed,f,fixed,,,fixed,Supplier margin,
SIL-EMU-35·CN,SIL-EMU-35,CN,1,62,0.62,PDMS internal cascade,SI-CN,p,indexed,proxy,silicon-metal-cn,no_series,PDMS internal cascade,
SIL-EMU-35·CN,SIL-EMU-35,CN,2,10,0.1,Emulsifier fatty alcohol EO proxy,PKO-MY,p,indexed,proxy,pko,resolved,Emulsifier fatty alcohol EO proxy,pko
SIL-EMU-35·CN,SIL-EMU-35,CN,3,8,0.08,Industrial electricity,ELEC-CN,d,indexed,direct,elec-cn,resolved,Industrial electricity,elec-cn
SIL-EMU-35·CN,SIL-EMU-35,CN,4,9,0.09,Fixed costs LCI,LCI-CN,d,indexed,direct,lci-cn,resolved,Fixed costs LCI,lci-cn
SIL-EMU-35·CN,SIL-EMU-35,CN,5,11,0.11,Supplier margin,fixed,f,fixed,,,fixed,Supplier margin,
SIL-EMU-35·APAC,SIL-EMU-35,APAC,1,62,0.62,PDMS internal cascade,SI-MB,p,indexed,proxy,silicon-metal-mb,no_series,PDMS internal cascade,
SIL-EMU-35·APAC,SIL-EMU-35,APAC,2,10,0.1,Emulsifier fatty alcohol EO proxy,PKO-MY,p,indexed,proxy,pko,resolved,Emulsifier fatty alcohol EO proxy,pko
SIL-EMU-35·APAC,SIL-EMU-35,APAC,3,8,0.08,Industrial electricity,ELEC-APAC,d,indexed,direct,elec-cn,resolved,Industrial electricity,elec-cn
SIL-EMU-35·APAC,SIL-EMU-35,APAC,4,9,0.09,Fixed costs LCI,LCI-APAC,d,indexed,direct,lci-apac,resolved,Fixed costs LCI,lci-apac
SIL-EMU-35·APAC,SIL-EMU-35,APAC,5,11,0.11,Supplier margin,fixed,f,fixed,,,fixed,Supplier margin,
SIL-EMU-60·EU,SIL-EMU-60,EU,1,64,0.64,PDMS internal cascade,SI-MB,p,indexed,proxy,silicon-metal-mb,no_series,PDMS internal cascade,
SIL-EMU-60·EU,SIL-EMU-60,EU,2,8,0.08,Emulsifier proxy,PKO-MY,p,indexed,proxy,pko,resolved,Emulsifier proxy,pko
SIL-EMU-60·EU,SIL-EMU-60,EU,3,8,0.08,Industrial electricity,ELEC-EU,d,indexed,direct,elec-eu,resolved,Industrial electricity,elec-eu
SIL-EMU-60·EU,SIL-EMU-60,EU,4,8,0.08,Fixed costs LCI,LCI-EU,d,indexed,direct,lci-eu,resolved,Fixed costs LCI,lci-eu
SIL-EMU-60·EU,SIL-EMU-60,EU,5,12,0.12,Supplier margin,fixed,f,fixed,,,fixed,Supplier margin,
SIL-EMU-60·CN,SIL-EMU-60,CN,1,64,0.64,PDMS internal cascade,SI-CN,p,indexed,proxy,silicon-metal-cn,no_series,PDMS internal cascade,
SIL-EMU-60·CN,SIL-EMU-60,CN,2,8,0.08,Emulsifier proxy,PKO-MY,p,indexed,proxy,pko,resolved,Emulsifier proxy,pko
SIL-EMU-60·CN,SIL-EMU-60,CN,3,8,0.08,Industrial electricity,ELEC-CN,d,indexed,direct,elec-cn,resolved,Industrial electricity,elec-cn
SIL-EMU-60·CN,SIL-EMU-60,CN,4,8,0.08,Fixed costs LCI,LCI-CN,d,indexed,direct,lci-cn,resolved,Fixed costs LCI,lci-cn
SIL-EMU-60·CN,SIL-EMU-60,CN,5,12,0.12,Supplier margin,fixed,f,fixed,,,fixed,Supplier margin,
SIL-PDMS-HGH·EU,SIL-PDMS-HGH,EU,1,36,0.36,Silicon metal 98.5%,SI-MB,d,indexed,direct,silicon-metal-mb,no_series,Silicon metal 98.5%,
SIL-PDMS-HGH·EU,SIL-PDMS-HGH,EU,2,14,0.14,Methanol methylchlorosilane step,MEOH-EU,d,indexed,direct,methanol-na,resolved,Methanol methylchlorosilane step,methanol-na
SIL-PDMS-HGH·EU,SIL-PDMS-HGH,EU,3,16,0.16,Chlorine methylchlorosilane step,CL2-EU,d,indexed,direct,elec-eu,resolved,Chlorine methylchlorosilane step,elec-eu
SIL-PDMS-HGH·EU,SIL-PDMS-HGH,EU,4,12,0.12,Industrial electricity,ELEC-EU,d,indexed,direct,elec-eu,resolved,Industrial electricity,elec-eu
SIL-PDMS-HGH·EU,SIL-PDMS-HGH,EU,5,10,0.1,Fixed costs LCI,LCI-EU,d,indexed,direct,lci-eu,resolved,Fixed costs LCI,lci-eu
SIL-PDMS-HGH·EU,SIL-PDMS-HGH,EU,6,12,0.12,Supplier margin,fixed,f,fixed,,,fixed,Supplier margin,
SIL-PDMS-HGH·CN,SIL-PDMS-HGH,CN,1,36,0.36,Silicon metal 98.5%,SI-CN,d,indexed,direct,silicon-metal-cn,no_series,Silicon metal 98.5%,
SIL-PDMS-HGH·CN,SIL-PDMS-HGH,CN,2,14,0.14,Methanol methylchlorosilane step,MEOH-CN,d,indexed,direct,methanol-na,resolved,Methanol methylchlorosilane step,methanol-na
SIL-PDMS-HGH·CN,SIL-PDMS-HGH,CN,3,16,0.16,Chlorine methylchlorosilane step,CL2-CN,d,indexed,direct,elec-cn,resolved,Chlorine methylchlorosilane step,elec-cn
SIL-PDMS-HGH·CN,SIL-PDMS-HGH,CN,4,12,0.12,Industrial electricity,ELEC-CN,d,indexed,direct,elec-cn,resolved,Industrial electricity,elec-cn
SIL-PDMS-HGH·CN,SIL-PDMS-HGH,CN,5,10,0.1,Fixed costs LCI,LCI-CN,d,indexed,direct,lci-cn,resolved,Fixed costs LCI,lci-cn
SIL-PDMS-HGH·CN,SIL-PDMS-HGH,CN,6,12,0.12,Supplier margin,fixed,f,fixed,,,fixed,Supplier margin,
SIL-PDMS-HGH·NA,SIL-PDMS-HGH,NA,1,36,0.36,Silicon metal 98.5%,SI-NA,d,indexed,direct,silicon-metal-na,no_series,Silicon metal 98.5%,
SIL-PDMS-HGH·NA,SIL-PDMS-HGH,NA,2,14,0.14,Methanol methylchlorosilane step,MEOH-NA,d,indexed,direct,methanol-na,resolved,Methanol methylchlorosilane step,methanol-na
SIL-PDMS-HGH·NA,SIL-PDMS-HGH,NA,3,16,0.16,Chlorine methylchlorosilane step,CL2-NA,p,indexed,proxy,caustic-soda-na,resolved,Chlorine methylchlorosilane step,caustic-soda-na
SIL-PDMS-HGH·NA,SIL-PDMS-HGH,NA,4,12,0.12,Industrial electricity,ELEC-NA,d,indexed,direct,elec-na,resolved,Industrial electricity,elec-na
SIL-PDMS-HGH·NA,SIL-PDMS-HGH,NA,5,10,0.1,Fixed costs LCI,LCI-NA,d,indexed,direct,lci-na,resolved,Fixed costs LCI,lci-na
SIL-PDMS-HGH·NA,SIL-PDMS-HGH,NA,6,12,0.12,Supplier margin,fixed,f,fixed,,,fixed,Supplier margin,
SIL-PDMS-HGH·APAC,SIL-PDMS-HGH,APAC,1,36,0.36,Silicon metal 98.5%,SI-MB,p,indexed,proxy,silicon-metal-mb,no_series,Silicon metal 98.5%,
SIL-PDMS-HGH·APAC,SIL-PDMS-HGH,APAC,2,14,0.14,Methanol methylchlorosilane step,MEOH-ASIA,p,indexed,proxy,methanol-na,resolved,Methanol methylchlorosilane step,methanol-na
SIL-PDMS-HGH·APAC,SIL-PDMS-HGH,APAC,3,16,0.16,Chlorine methylchlorosilane step,CL2-EU,p,indexed,proxy,elec-eu,resolved,Chlorine methylchlorosilane step,elec-eu
SIL-PDMS-HGH·APAC,SIL-PDMS-HGH,APAC,4,12,0.12,Industrial electricity,ELEC-APAC,d,indexed,direct,elec-cn,resolved,Industrial electricity,elec-cn
SIL-PDMS-HGH·APAC,SIL-PDMS-HGH,APAC,5,10,0.1,Fixed costs LCI,LCI-APAC,d,indexed,direct,lci-apac,resolved,Fixed costs LCI,lci-apac
SIL-PDMS-HGH·APAC,SIL-PDMS-HGH,APAC,6,12,0.12,Supplier margin,fixed,f,fixed,,,fixed,Supplier margin,
SIL-PDMS-LOW·EU,SIL-PDMS-LOW,EU,1,36,0.36,Silicon metal 98.5%,SI-MB,d,indexed,direct,silicon-metal-mb,no_series,Silicon metal 98.5%,
SIL-PDMS-LOW·EU,SIL-PDMS-LOW,EU,2,14,0.14,Methanol methylchlorosilane step,MEOH-EU,d,indexed,direct,methanol-na,resolved,Methanol methylchlorosilane step,methanol-na
SIL-PDMS-LOW·EU,SIL-PDMS-LOW,EU,3,16,0.16,Chlorine methylchlorosilane step,CL2-EU,d,indexed,direct,elec-eu,resolved,Chlorine methylchlorosilane step,elec-eu
SIL-PDMS-LOW·EU,SIL-PDMS-LOW,EU,4,12,0.12,Industrial electricity,ELEC-EU,d,indexed,direct,elec-eu,resolved,Industrial electricity,elec-eu
SIL-PDMS-LOW·EU,SIL-PDMS-LOW,EU,5,11,0.11,Fixed costs LCI,LCI-EU,d,indexed,direct,lci-eu,resolved,Fixed costs LCI,lci-eu
SIL-PDMS-LOW·EU,SIL-PDMS-LOW,EU,6,11,0.11,Supplier margin,fixed,f,fixed,,,fixed,Supplier margin,
SIL-PDMS-LOW·CN,SIL-PDMS-LOW,CN,1,36,0.36,Silicon metal 98.5%,SI-CN,d,indexed,direct,silicon-metal-cn,no_series,Silicon metal 98.5%,
SIL-PDMS-LOW·CN,SIL-PDMS-LOW,CN,2,14,0.14,Methanol methylchlorosilane step,MEOH-CN,d,indexed,direct,methanol-na,resolved,Methanol methylchlorosilane step,methanol-na
SIL-PDMS-LOW·CN,SIL-PDMS-LOW,CN,3,16,0.16,Chlorine methylchlorosilane step,CL2-CN,d,indexed,direct,elec-cn,resolved,Chlorine methylchlorosilane step,elec-cn
SIL-PDMS-LOW·CN,SIL-PDMS-LOW,CN,4,12,0.12,Industrial electricity,ELEC-CN,d,indexed,direct,elec-cn,resolved,Industrial electricity,elec-cn
SIL-PDMS-LOW·CN,SIL-PDMS-LOW,CN,5,11,0.11,Fixed costs LCI,LCI-CN,d,indexed,direct,lci-cn,resolved,Fixed costs LCI,lci-cn
SIL-PDMS-LOW·CN,SIL-PDMS-LOW,CN,6,11,0.11,Supplier margin,fixed,f,fixed,,,fixed,Supplier margin,
SIL-PDMS-LOW·NA,SIL-PDMS-LOW,NA,1,36,0.36,Silicon metal 98.5%,SI-NA,d,indexed,direct,silicon-metal-na,no_series,Silicon metal 98.5%,
SIL-PDMS-LOW·NA,SIL-PDMS-LOW,NA,2,14,0.14,Methanol methylchlorosilane step,MEOH-NA,d,indexed,direct,methanol-na,resolved,Methanol methylchlorosilane step,methanol-na
SIL-PDMS-LOW·NA,SIL-PDMS-LOW,NA,3,16,0.16,Chlorine methylchlorosilane step,CL2-NA,p,indexed,proxy,caustic-soda-na,resolved,Chlorine methylchlorosilane step,caustic-soda-na
SIL-PDMS-LOW·NA,SIL-PDMS-LOW,NA,4,12,0.12,Industrial electricity,ELEC-NA,d,indexed,direct,elec-na,resolved,Industrial electricity,elec-na
SIL-PDMS-LOW·NA,SIL-PDMS-LOW,NA,5,11,0.11,Fixed costs LCI,LCI-NA,d,indexed,direct,lci-na,resolved,Fixed costs LCI,lci-na
SIL-PDMS-LOW·NA,SIL-PDMS-LOW,NA,6,11,0.11,Supplier margin,fixed,f,fixed,,,fixed,Supplier margin,
SIL-PDMS-LOW·APAC,SIL-PDMS-LOW,APAC,1,36,0.36,Silicon metal 98.5%,SI-MB,p,indexed,proxy,silicon-metal-mb,no_series,Silicon metal 98.5%,
SIL-PDMS-LOW·APAC,SIL-PDMS-LOW,APAC,2,14,0.14,Methanol methylchlorosilane step,MEOH-ASIA,p,indexed,proxy,methanol-na,resolved,Methanol methylchlorosilane step,methanol-na
SIL-PDMS-LOW·APAC,SIL-PDMS-LOW,APAC,3,16,0.16,Chlorine methylchlorosilane step,CL2-EU,p,indexed,proxy,elec-eu,resolved,Chlorine methylchlorosilane step,elec-eu
SIL-PDMS-LOW·APAC,SIL-PDMS-LOW,APAC,4,12,0.12,Industrial electricity,ELEC-APAC,d,indexed,direct,elec-cn,resolved,Industrial electricity,elec-cn
SIL-PDMS-LOW·APAC,SIL-PDMS-LOW,APAC,5,11,0.11,Fixed costs LCI,LCI-APAC,d,indexed,direct,lci-apac,resolved,Fixed costs LCI,lci-apac
SIL-PDMS-LOW·APAC,SIL-PDMS-LOW,APAC,6,11,0.11,Supplier margin,fixed,f,fixed,,,fixed,Supplier margin,
SIL-RTV1-LIQ·EU,SIL-RTV1-LIQ,EU,1,58,0.58,PDMS internal cascade,SI-MB,p,indexed,proxy,silicon-metal-mb,no_series,PDMS internal cascade,
SIL-RTV1-LIQ·EU,SIL-RTV1-LIQ,EU,2,6,0.06,Crosslinker acetic acid minor fixed,fixed,f,fixed,,,fixed,Crosslinker acetic acid minor fixed,
SIL-RTV1-LIQ·EU,SIL-RTV1-LIQ,EU,3,8,0.08,Silica filler fumed silica fixed,fixed,f,fixed,,,fixed,Silica filler fumed silica fixed,
SIL-RTV1-LIQ·EU,SIL-RTV1-LIQ,EU,4,8,0.08,Industrial electricity,ELEC-EU,d,indexed,direct,elec-eu,resolved,Industrial electricity,elec-eu
SIL-RTV1-LIQ·EU,SIL-RTV1-LIQ,EU,5,8,0.08,Fixed costs LCI,LCI-EU,d,indexed,direct,lci-eu,resolved,Fixed costs LCI,lci-eu
SIL-RTV1-LIQ·EU,SIL-RTV1-LIQ,EU,6,12,0.12,Supplier margin,fixed,f,fixed,,,fixed,Supplier margin,
SIL-RTV1-LIQ·CN,SIL-RTV1-LIQ,CN,1,58,0.58,PDMS internal cascade,SI-CN,p,indexed,proxy,silicon-metal-cn,no_series,PDMS internal cascade,
SIL-RTV1-LIQ·CN,SIL-RTV1-LIQ,CN,2,6,0.06,Crosslinker acetic acid minor fixed,fixed,f,fixed,,,fixed,Crosslinker acetic acid minor fixed,
SIL-RTV1-LIQ·CN,SIL-RTV1-LIQ,CN,3,8,0.08,Silica filler fumed silica fixed,fixed,f,fixed,,,fixed,Silica filler fumed silica fixed,
SIL-RTV1-LIQ·CN,SIL-RTV1-LIQ,CN,4,8,0.08,Industrial electricity,ELEC-CN,d,indexed,direct,elec-cn,resolved,Industrial electricity,elec-cn
SIL-RTV1-LIQ·CN,SIL-RTV1-LIQ,CN,5,8,0.08,Fixed costs LCI,LCI-CN,d,indexed,direct,lci-cn,resolved,Fixed costs LCI,lci-cn
SIL-RTV1-LIQ·CN,SIL-RTV1-LIQ,CN,6,12,0.12,Supplier margin,fixed,f,fixed,,,fixed,Supplier margin,
SIL-RTV1-LIQ·NA,SIL-RTV1-LIQ,NA,1,58,0.58,PDMS internal cascade,SI-NA,p,indexed,proxy,silicon-metal-na,no_series,PDMS internal cascade,
SIL-RTV1-LIQ·NA,SIL-RTV1-LIQ,NA,2,6,0.06,Crosslinker acetic acid minor fixed,fixed,f,fixed,,,fixed,Crosslinker acetic acid minor fixed,
SIL-RTV1-LIQ·NA,SIL-RTV1-LIQ,NA,3,8,0.08,Silica filler fumed silica fixed,fixed,f,fixed,,,fixed,Silica filler fumed silica fixed,
SIL-RTV1-LIQ·NA,SIL-RTV1-LIQ,NA,4,8,0.08,Industrial electricity,ELEC-NA,d,indexed,direct,elec-na,resolved,Industrial electricity,elec-na
SIL-RTV1-LIQ·NA,SIL-RTV1-LIQ,NA,5,8,0.08,Fixed costs LCI,LCI-NA,d,indexed,direct,lci-na,resolved,Fixed costs LCI,lci-na
SIL-RTV1-LIQ·NA,SIL-RTV1-LIQ,NA,6,12,0.12,Supplier margin,fixed,f,fixed,,,fixed,Supplier margin,
SIL-RTV1-LIQ·APAC,SIL-RTV1-LIQ,APAC,1,58,0.58,PDMS internal cascade,SI-MB,p,indexed,proxy,silicon-metal-mb,no_series,PDMS internal cascade,
SIL-RTV1-LIQ·APAC,SIL-RTV1-LIQ,APAC,2,6,0.06,Crosslinker acetic acid minor fixed,fixed,f,fixed,,,fixed,Crosslinker acetic acid minor fixed,
SIL-RTV1-LIQ·APAC,SIL-RTV1-LIQ,APAC,3,8,0.08,Silica filler fumed silica fixed,fixed,f,fixed,,,fixed,Silica filler fumed silica fixed,
SIL-RTV1-LIQ·APAC,SIL-RTV1-LIQ,APAC,4,8,0.08,Industrial electricity,ELEC-APAC,d,indexed,direct,elec-cn,resolved,Industrial electricity,elec-cn
SIL-RTV1-LIQ·APAC,SIL-RTV1-LIQ,APAC,5,8,0.08,Fixed costs LCI,LCI-APAC,d,indexed,direct,lci-apac,resolved,Fixed costs LCI,lci-apac
SIL-RTV1-LIQ·APAC,SIL-RTV1-LIQ,APAC,6,12,0.12,Supplier margin,fixed,f,fixed,,,fixed,Supplier margin,
SIL-RTV2-LIQ·EU,SIL-RTV2-LIQ,EU,1,59,0.59,PDMS internal cascade,SI-MB,p,indexed,proxy,silicon-metal-mb,no_series,PDMS internal cascade,
SIL-RTV2-LIQ·EU,SIL-RTV2-LIQ,EU,2,8,0.08,Crosslinker catalyst fixed,fixed,f,fixed,,,fixed,Crosslinker catalyst fixed,
SIL-RTV2-LIQ·EU,SIL-RTV2-LIQ,EU,3,8,0.08,Silica filler fumed silica fixed,fixed,f,fixed,,,fixed,Silica filler fumed silica fixed,
SIL-RTV2-LIQ·EU,SIL-RTV2-LIQ,EU,4,6,0.06,Industrial electricity,ELEC-EU,d,indexed,direct,elec-eu,resolved,Industrial electricity,elec-eu
SIL-RTV2-LIQ·EU,SIL-RTV2-LIQ,EU,5,8,0.08,Fixed costs LCI,LCI-EU,d,indexed,direct,lci-eu,resolved,Fixed costs LCI,lci-eu
SIL-RTV2-LIQ·EU,SIL-RTV2-LIQ,EU,6,11,0.11,Supplier margin,fixed,f,fixed,,,fixed,Supplier margin,
SIL-RTV2-LIQ·CN,SIL-RTV2-LIQ,CN,1,59,0.59,PDMS internal cascade,SI-CN,p,indexed,proxy,silicon-metal-cn,no_series,PDMS internal cascade,
SIL-RTV2-LIQ·CN,SIL-RTV2-LIQ,CN,2,8,0.08,Crosslinker catalyst fixed,fixed,f,fixed,,,fixed,Crosslinker catalyst fixed,
SIL-RTV2-LIQ·CN,SIL-RTV2-LIQ,CN,3,8,0.08,Silica filler fumed silica fixed,fixed,f,fixed,,,fixed,Silica filler fumed silica fixed,
SIL-RTV2-LIQ·CN,SIL-RTV2-LIQ,CN,4,6,0.06,Industrial electricity,ELEC-CN,d,indexed,direct,elec-cn,resolved,Industrial electricity,elec-cn
SIL-RTV2-LIQ·CN,SIL-RTV2-LIQ,CN,5,8,0.08,Fixed costs LCI,LCI-CN,d,indexed,direct,lci-cn,resolved,Fixed costs LCI,lci-cn
SIL-RTV2-LIQ·CN,SIL-RTV2-LIQ,CN,6,11,0.11,Supplier margin,fixed,f,fixed,,,fixed,Supplier margin,
SIL-RTV2-LIQ·NA,SIL-RTV2-LIQ,NA,1,59,0.59,PDMS internal cascade,SI-NA,p,indexed,proxy,silicon-metal-na,no_series,PDMS internal cascade,
SIL-RTV2-LIQ·NA,SIL-RTV2-LIQ,NA,2,8,0.08,Crosslinker catalyst fixed,fixed,f,fixed,,,fixed,Crosslinker catalyst fixed,
SIL-RTV2-LIQ·NA,SIL-RTV2-LIQ,NA,3,8,0.08,Silica filler fumed silica fixed,fixed,f,fixed,,,fixed,Silica filler fumed silica fixed,
SIL-RTV2-LIQ·NA,SIL-RTV2-LIQ,NA,4,6,0.06,Industrial electricity,ELEC-NA,d,indexed,direct,elec-na,resolved,Industrial electricity,elec-na
SIL-RTV2-LIQ·NA,SIL-RTV2-LIQ,NA,5,8,0.08,Fixed costs LCI,LCI-NA,d,indexed,direct,lci-na,resolved,Fixed costs LCI,lci-na
SIL-RTV2-LIQ·NA,SIL-RTV2-LIQ,NA,6,11,0.11,Supplier margin,fixed,f,fixed,,,fixed,Supplier margin,
SIL-SURF-LIQ·EU,SIL-SURF-LIQ,EU,1,48,0.48,PDMS internal cascade,SI-MB,p,indexed,proxy,silicon-metal-mb,no_series,PDMS internal cascade,
SIL-SURF-LIQ·EU,SIL-SURF-LIQ,EU,2,22,0.22,Ethylene oxide PO polyether graft,EO-EU,d,indexed,direct,brent,resolved,Ethylene oxide PO polyether graft,brent
SIL-SURF-LIQ·EU,SIL-SURF-LIQ,EU,3,8,0.08,Industrial electricity,ELEC-EU,d,indexed,direct,elec-eu,resolved,Industrial electricity,elec-eu
SIL-SURF-LIQ·EU,SIL-SURF-LIQ,EU,4,8,0.08,Fixed costs LCI,LCI-EU,d,indexed,direct,lci-eu,resolved,Fixed costs LCI,lci-eu
SIL-SURF-LIQ·EU,SIL-SURF-LIQ,EU,5,14,0.14,Supplier margin,fixed,f,fixed,,,fixed,Supplier margin,
SIL-SURF-LIQ·NA,SIL-SURF-LIQ,NA,1,48,0.48,PDMS internal cascade,SI-NA,p,indexed,proxy,silicon-metal-na,no_series,PDMS internal cascade,
SIL-SURF-LIQ·NA,SIL-SURF-LIQ,NA,2,22,0.22,Ethylene oxide PO polyether graft,EO-ASIA,p,indexed,proxy,brent,resolved,Ethylene oxide PO polyether graft,brent
SIL-SURF-LIQ·NA,SIL-SURF-LIQ,NA,3,8,0.08,Industrial electricity,ELEC-NA,d,indexed,direct,elec-na,resolved,Industrial electricity,elec-na
SIL-SURF-LIQ·NA,SIL-SURF-LIQ,NA,4,8,0.08,Fixed costs LCI,LCI-NA,d,indexed,direct,lci-na,resolved,Fixed costs LCI,lci-na
SIL-SURF-LIQ·NA,SIL-SURF-LIQ,NA,5,14,0.14,Supplier margin,fixed,f,fixed,,,fixed,Supplier margin,
F16-TPP-LIQ·EU,F16-TPP-LIQ,EU,1,26,0.26,Phosphoric acid phosphate rock,PHOS-WB,p,indexed,proxy,dap,resolved,Phosphoric acid phosphate rock,dap
F16-TPP-LIQ·EU,F16-TPP-LIQ,EU,2,38,0.38,Phenol benzene chain,BZ-EU,p,indexed,proxy,brent,resolved,Phenol benzene chain,brent
F16-TPP-LIQ·EU,F16-TPP-LIQ,EU,3,8,0.08,Industrial electricity,ELEC-EU,d,indexed,direct,elec-eu,resolved,Industrial electricity,elec-eu
F16-TPP-LIQ·EU,F16-TPP-LIQ,EU,4,12,0.12,Fixed costs LCI,LCI-EU,d,indexed,direct,lci-eu,resolved,Fixed costs LCI,lci-eu
F16-TPP-LIQ·EU,F16-TPP-LIQ,EU,5,16,0.16,Supplier margin,fixed,f,fixed,,,fixed,Supplier margin,
F16-TPP-LIQ·CN,F16-TPP-LIQ,CN,1,26,0.26,Phosphoric acid phosphate rock,PHOS-WB,p,indexed,proxy,dap,resolved,Phosphoric acid phosphate rock,dap
F16-TPP-LIQ·CN,F16-TPP-LIQ,CN,2,38,0.38,Phenol benzene chain,BZ-CN,p,indexed,proxy,brent,resolved,Phenol benzene chain,brent
F16-TPP-LIQ·CN,F16-TPP-LIQ,CN,3,8,0.08,Industrial electricity,ELEC-CN,d,indexed,direct,elec-cn,resolved,Industrial electricity,elec-cn
F16-TPP-LIQ·CN,F16-TPP-LIQ,CN,4,12,0.12,Fixed costs LCI,LCI-CN,d,indexed,direct,lci-cn,resolved,Fixed costs LCI,lci-cn
F16-TPP-LIQ·CN,F16-TPP-LIQ,CN,5,16,0.16,Supplier margin,fixed,f,fixed,,,fixed,Supplier margin,
F16-TPP-LIQ·NA,F16-TPP-LIQ,NA,1,26,0.26,Phosphoric acid phosphate rock,PHOS-WB,p,indexed,proxy,dap,resolved,Phosphoric acid phosphate rock,dap
F16-TPP-LIQ·NA,F16-TPP-LIQ,NA,2,38,0.38,Phenol benzene chain,BZ-NA,p,indexed,proxy,benzene-na,resolved,Phenol benzene chain,benzene-na
F16-TPP-LIQ·NA,F16-TPP-LIQ,NA,3,8,0.08,Industrial electricity,ELEC-NA,d,indexed,direct,elec-na,resolved,Industrial electricity,elec-na
F16-TPP-LIQ·NA,F16-TPP-LIQ,NA,4,12,0.12,Fixed costs LCI,LCI-NA,d,indexed,direct,lci-na,resolved,Fixed costs LCI,lci-na
F16-TPP-LIQ·NA,F16-TPP-LIQ,NA,5,16,0.16,Supplier margin,fixed,f,fixed,,,fixed,Supplier margin,
F16-ATMP-LIQ·EU,F16-ATMP-LIQ,EU,1,32,0.32,Phosphoric acid H3PO4 phosphate rock upstream,PHOS-WB,p,indexed,proxy,dap,resolved,Phosphoric acid H3PO4 phosphate rock upstream,dap
F16-ATMP-LIQ·EU,F16-ATMP-LIQ,EU,2,14,0.14,Ammonia nitrogen source,NH3-EU,d,indexed,direct,ttf-eu,resolved,Ammonia nitrogen source,ttf-eu
F16-ATMP-LIQ·EU,F16-ATMP-LIQ,EU,3,14,0.14,Formaldehyde methanol proxy,MEOH-EU,p,indexed,proxy,methanol-na,resolved,Formaldehyde methanol proxy,methanol-na
F16-ATMP-LIQ·EU,F16-ATMP-LIQ,EU,4,8,0.08,Industrial electricity,ELEC-EU,d,indexed,direct,elec-eu,resolved,Industrial electricity,elec-eu
F16-ATMP-LIQ·EU,F16-ATMP-LIQ,EU,5,12,0.12,Fixed costs LCI,LCI-EU,d,indexed,direct,lci-eu,resolved,Fixed costs LCI,lci-eu
F16-ATMP-LIQ·EU,F16-ATMP-LIQ,EU,6,20,0.2,Supplier margin,fixed,f,fixed,,,fixed,Supplier margin,
F16-ATMP-LIQ·CN,F16-ATMP-LIQ,CN,1,32,0.32,Phosphoric acid H3PO4 phosphate rock upstream,PHOS-WB,p,indexed,proxy,dap,resolved,Phosphoric acid H3PO4 phosphate rock upstream,dap
F16-ATMP-LIQ·CN,F16-ATMP-LIQ,CN,2,14,0.14,Ammonia nitrogen source,NH3-CN,d,indexed,direct,ammonia-na,resolved,Ammonia nitrogen source,ammonia-na
F16-ATMP-LIQ·CN,F16-ATMP-LIQ,CN,3,14,0.14,Formaldehyde methanol proxy,MEOH-CN,p,indexed,proxy,methanol-na,resolved,Formaldehyde methanol proxy,methanol-na
F16-ATMP-LIQ·CN,F16-ATMP-LIQ,CN,4,8,0.08,Industrial electricity,ELEC-CN,d,indexed,direct,elec-cn,resolved,Industrial electricity,elec-cn
F16-ATMP-LIQ·CN,F16-ATMP-LIQ,CN,5,12,0.12,Fixed costs LCI,LCI-CN,d,indexed,direct,lci-cn,resolved,Fixed costs LCI,lci-cn
F16-ATMP-LIQ·CN,F16-ATMP-LIQ,CN,6,20,0.2,Supplier margin,fixed,f,fixed,,,fixed,Supplier margin,
F16-ATMP-LIQ·NA,F16-ATMP-LIQ,NA,1,32,0.32,Phosphoric acid H3PO4 phosphate rock upstream,PHOS-WB,p,indexed,proxy,dap,resolved,Phosphoric acid H3PO4 phosphate rock upstream,dap
F16-ATMP-LIQ·NA,F16-ATMP-LIQ,NA,2,14,0.14,Ammonia nitrogen source,NH3-NA,p,indexed,proxy,ammonia-na,resolved,Ammonia nitrogen source,ammonia-na
F16-ATMP-LIQ·NA,F16-ATMP-LIQ,NA,3,14,0.14,Formaldehyde methanol proxy,MEOH-NA,p,indexed,proxy,methanol-na,resolved,Formaldehyde methanol proxy,methanol-na
F16-ATMP-LIQ·NA,F16-ATMP-LIQ,NA,4,8,0.08,Industrial electricity,ELEC-NA,d,indexed,direct,elec-na,resolved,Industrial electricity,elec-na
F16-ATMP-LIQ·NA,F16-ATMP-LIQ,NA,5,12,0.12,Fixed costs LCI,LCI-NA,d,indexed,direct,lci-na,resolved,Fixed costs LCI,lci-na
F16-ATMP-LIQ·NA,F16-ATMP-LIQ,NA,6,20,0.2,Supplier margin,fixed,f,fixed,,,fixed,Supplier margin,
F16-HEDP-LIQ·EU,F16-HEDP-LIQ,EU,1,42,0.42,Phosphoric acid H3PO4 phosphate rock upstream,PHOS-WB,p,indexed,proxy,dap,resolved,Phosphoric acid H3PO4 phosphate rock upstream,dap
F16-HEDP-LIQ·EU,F16-HEDP-LIQ,EU,2,18,0.18,Acetic acid methanol proxy,MEOH-EU,p,indexed,proxy,methanol-na,resolved,Acetic acid methanol proxy,methanol-na
F16-HEDP-LIQ·EU,F16-HEDP-LIQ,EU,3,8,0.08,Industrial electricity,ELEC-EU,d,indexed,direct,elec-eu,resolved,Industrial electricity,elec-eu
F16-HEDP-LIQ·EU,F16-HEDP-LIQ,EU,4,12,0.12,Fixed costs LCI,LCI-EU,d,indexed,direct,lci-eu,resolved,Fixed costs LCI,lci-eu
F16-HEDP-LIQ·EU,F16-HEDP-LIQ,EU,5,20,0.2,Supplier margin,fixed,f,fixed,,,fixed,Supplier margin,
F16-HEDP-LIQ·CN,F16-HEDP-LIQ,CN,1,42,0.42,Phosphoric acid H3PO4 phosphate rock upstream,PHOS-WB,p,indexed,proxy,dap,resolved,Phosphoric acid H3PO4 phosphate rock upstream,dap
F16-HEDP-LIQ·CN,F16-HEDP-LIQ,CN,2,18,0.18,Acetic acid methanol proxy,MEOH-CN,p,indexed,proxy,methanol-na,resolved,Acetic acid methanol proxy,methanol-na
F16-HEDP-LIQ·CN,F16-HEDP-LIQ,CN,3,8,0.08,Industrial electricity,ELEC-CN,d,indexed,direct,elec-cn,resolved,Industrial electricity,elec-cn
F16-HEDP-LIQ·CN,F16-HEDP-LIQ,CN,4,12,0.12,Fixed costs LCI,LCI-CN,d,indexed,direct,lci-cn,resolved,Fixed costs LCI,lci-cn
F16-HEDP-LIQ·CN,F16-HEDP-LIQ,CN,5,20,0.2,Supplier margin,fixed,f,fixed,,,fixed,Supplier margin,
F16-HEDP-LIQ·NA,F16-HEDP-LIQ,NA,1,42,0.42,Phosphoric acid H3PO4 phosphate rock upstream,PHOS-WB,p,indexed,proxy,dap,resolved,Phosphoric acid H3PO4 phosphate rock upstream,dap
F16-HEDP-LIQ·NA,F16-HEDP-LIQ,NA,2,18,0.18,Acetic acid methanol proxy,MEOH-NA,p,indexed,proxy,methanol-na,resolved,Acetic acid methanol proxy,methanol-na
F16-HEDP-LIQ·NA,F16-HEDP-LIQ,NA,3,8,0.08,Industrial electricity,ELEC-NA,d,indexed,direct,elec-na,resolved,Industrial electricity,elec-na
F16-HEDP-LIQ·NA,F16-HEDP-LIQ,NA,4,12,0.12,Fixed costs LCI,LCI-NA,d,indexed,direct,lci-na,resolved,Fixed costs LCI,lci-na
F16-HEDP-LIQ·NA,F16-HEDP-LIQ,NA,5,20,0.2,Supplier margin,fixed,f,fixed,,,fixed,Supplier margin,
F19-THPS-SOL·EU,F19-THPS-SOL,EU,1,28,0.28,Phosphoric acid H3PO4 phosphate rock,PHOS-WB,p,indexed,proxy,dap,resolved,Phosphoric acid H3PO4 phosphate rock,dap
F19-THPS-SOL·EU,F19-THPS-SOL,EU,2,24,0.24,Formaldehyde methanol proxy,MEOH-EU,p,indexed,proxy,methanol-na,resolved,Formaldehyde methanol proxy,methanol-na
F19-THPS-SOL·EU,F19-THPS-SOL,EU,3,10,0.1,H2SO4 neutralisation,H2SO4-NWE,d,indexed,direct,sulfuric-acid-na,resolved,H2SO4 neutralisation,sulfuric-acid-na
F19-THPS-SOL·EU,F19-THPS-SOL,EU,4,6,0.06,Industrial electricity,ELEC-EU,d,indexed,direct,elec-eu,resolved,Industrial electricity,elec-eu
F19-THPS-SOL·EU,F19-THPS-SOL,EU,5,10,0.1,Fixed costs LCI,LCI-EU,d,indexed,direct,lci-eu,resolved,Fixed costs LCI,lci-eu
F19-THPS-SOL·EU,F19-THPS-SOL,EU,6,22,0.22,Supplier margin,fixed,f,fixed,,,fixed,Supplier margin,
F19-THPS-SOL·NA,F19-THPS-SOL,NA,1,28,0.28,Phosphoric acid H3PO4 phosphate rock,PHOS-WB,p,indexed,proxy,dap,resolved,Phosphoric acid H3PO4 phosphate rock,dap
F19-THPS-SOL·NA,F19-THPS-SOL,NA,2,24,0.24,Formaldehyde methanol proxy,MEOH-NA,p,indexed,proxy,methanol-na,resolved,Formaldehyde methanol proxy,methanol-na
F19-THPS-SOL·NA,F19-THPS-SOL,NA,3,10,0.1,H2SO4 neutralisation,H2SO4-NA,d,indexed,direct,sulfuric-acid-na,resolved,H2SO4 neutralisation,sulfuric-acid-na
F19-THPS-SOL·NA,F19-THPS-SOL,NA,4,6,0.06,Industrial electricity,ELEC-NA,d,indexed,direct,elec-na,resolved,Industrial electricity,elec-na
F19-THPS-SOL·NA,F19-THPS-SOL,NA,5,10,0.1,Fixed costs LCI,LCI-NA,d,indexed,direct,lci-na,resolved,Fixed costs LCI,lci-na
F19-THPS-SOL·NA,F19-THPS-SOL,NA,6,22,0.22,Supplier margin,fixed,f,fixed,,,fixed,Supplier margin,
F19-THPS-SOL·MEA,F19-THPS-SOL,MEA,1,28,0.28,Phosphoric acid H3PO4 phosphate rock,PHOS-WB,p,indexed,proxy,dap,resolved,Phosphoric acid H3PO4 phosphate rock,dap
F19-THPS-SOL·MEA,F19-THPS-SOL,MEA,2,24,0.24,Formaldehyde methanol proxy,MEOH-EU,p,indexed,proxy,methanol-na,resolved,Formaldehyde methanol proxy,methanol-na
F19-THPS-SOL·MEA,F19-THPS-SOL,MEA,3,10,0.1,H2SO4 neutralisation,H2SO4-MEA,p,indexed,proxy,sulfuric-acid-na,resolved,H2SO4 neutralisation,sulfuric-acid-na
F19-THPS-SOL·MEA,F19-THPS-SOL,MEA,4,6,0.06,Industrial electricity,ELEC-EU,p,indexed,proxy,elec-eu,resolved,Industrial electricity,elec-eu
F19-THPS-SOL·MEA,F19-THPS-SOL,MEA,5,10,0.1,Fixed costs LCI,LCI-MEA,d,indexed,direct,lci-mea,resolved,Fixed costs LCI,lci-mea
F19-THPS-SOL·MEA,F19-THPS-SOL,MEA,6,22,0.22,Supplier margin,fixed,f,fixed,,,fixed,Supplier margin,
F18-SAP-AGR·CN,F18-SAP-AGR,CN,1,56,0.56,Acrylic acid CN domestic,AA-CN,d,indexed,direct,brent,resolved,Acrylic acid CN domestic,brent
F18-SAP-AGR·CN,F18-SAP-AGR,CN,2,8,0.08,Caustic soda,NAOH-CN,d,indexed,direct,caustic-soda-cn,resolved,Caustic soda,caustic-soda-cn
F18-SAP-AGR·CN,F18-SAP-AGR,CN,3,10,0.1,Industrial electricity,ELEC-CN,d,indexed,direct,elec-cn,resolved,Industrial electricity,elec-cn
F18-SAP-AGR·CN,F18-SAP-AGR,CN,4,4,0.04,HDPE bag packaging,HDPE-CN,d,indexed,direct,brent,resolved,HDPE bag packaging,brent
F18-SAP-AGR·CN,F18-SAP-AGR,CN,5,10,0.1,Fixed costs LCI,LCI-CN,d,indexed,direct,lci-cn,resolved,Fixed costs LCI,lci-cn
F18-SAP-AGR·CN,F18-SAP-AGR,CN,6,12,0.12,Supplier margin,fixed,f,fixed,,,fixed,Supplier margin,
F18-SAP-AGR·APAC,F18-SAP-AGR,APAC,1,56,0.56,Acrylic acid CN domestic,AA-ASIA,d,indexed,direct,brent,resolved,Acrylic acid CN domestic,brent
F18-SAP-AGR·APAC,F18-SAP-AGR,APAC,2,8,0.08,Caustic soda,NAOH-ASIA,p,indexed,proxy,caustic-soda-cn,resolved,Caustic soda,caustic-soda-cn
F18-SAP-AGR·APAC,F18-SAP-AGR,APAC,3,10,0.1,Industrial electricity,ELEC-APAC,d,indexed,direct,elec-cn,resolved,Industrial electricity,elec-cn
F18-SAP-AGR·APAC,F18-SAP-AGR,APAC,4,4,0.04,HDPE bag packaging,HDPE-ASIA,p,indexed,proxy,brent,resolved,HDPE bag packaging,brent
F18-SAP-AGR·APAC,F18-SAP-AGR,APAC,5,10,0.1,Fixed costs LCI,LCI-APAC,d,indexed,direct,lci-apac,resolved,Fixed costs LCI,lci-apac
F18-SAP-AGR·APAC,F18-SAP-AGR,APAC,6,12,0.12,Supplier margin,fixed,f,fixed,,,fixed,Supplier margin,
F18-SAP-HYG·EU,F18-SAP-HYG,EU,1,46,0.46,Acrylic acid monomer,AA-EU,d,indexed,direct,brent,resolved,Acrylic acid monomer,brent
F18-SAP-HYG·EU,F18-SAP-HYG,EU,2,9,0.09,Caustic soda neutralisation,NAOH-NWE,d,indexed,direct,elec-eu,resolved,Caustic soda neutralisation,elec-eu
F18-SAP-HYG·EU,F18-SAP-HYG,EU,3,10,0.1,Industrial electricity drying,ELEC-EU,d,indexed,direct,elec-eu,resolved,Industrial electricity drying,elec-eu
F18-SAP-HYG·EU,F18-SAP-HYG,EU,4,4,0.04,HDPE bag packaging,HDPE-EU,d,indexed,direct,brent,resolved,HDPE bag packaging,brent
F18-SAP-HYG·EU,F18-SAP-HYG,EU,5,11,0.11,Fixed costs LCI,LCI-EU,d,indexed,direct,lci-eu,resolved,Fixed costs LCI,lci-eu
F18-SAP-HYG·EU,F18-SAP-HYG,EU,6,4,0.04,Crosslinker divinyl glycol,fixed,f,fixed,,,fixed,Crosslinker divinyl glycol,
F18-SAP-HYG·EU,F18-SAP-HYG,EU,7,16,0.16,Supplier margin,fixed,f,fixed,,,fixed,Supplier margin,
F18-SAP-HYG·NA,F18-SAP-HYG,NA,1,46,0.46,Acrylic acid monomer,AA-NA,d,indexed,direct,brent,resolved,Acrylic acid monomer,brent
F18-SAP-HYG·NA,F18-SAP-HYG,NA,2,9,0.09,Caustic soda neutralisation,NAOH-NA,d,indexed,direct,caustic-soda-na,resolved,Caustic soda neutralisation,caustic-soda-na
F18-SAP-HYG·NA,F18-SAP-HYG,NA,3,10,0.1,Industrial electricity drying,ELEC-NA,d,indexed,direct,elec-na,resolved,Industrial electricity drying,elec-na
F18-SAP-HYG·NA,F18-SAP-HYG,NA,4,4,0.04,HDPE bag packaging,HDPE-NA,d,indexed,direct,hdpe-na,resolved,HDPE bag packaging,hdpe-na
F18-SAP-HYG·NA,F18-SAP-HYG,NA,5,11,0.11,Fixed costs LCI,LCI-NA,d,indexed,direct,lci-na,resolved,Fixed costs LCI,lci-na
F18-SAP-HYG·NA,F18-SAP-HYG,NA,6,4,0.04,Crosslinker divinyl glycol,fixed,f,fixed,,,fixed,Crosslinker divinyl glycol,
F18-SAP-HYG·NA,F18-SAP-HYG,NA,7,16,0.16,Supplier margin,fixed,f,fixed,,,fixed,Supplier margin,
F18-SAP-HYG·CN,F18-SAP-HYG,CN,1,46,0.46,Acrylic acid monomer,AA-CN,d,indexed,direct,brent,resolved,Acrylic acid monomer,brent
F18-SAP-HYG·CN,F18-SAP-HYG,CN,2,9,0.09,Caustic soda neutralisation,NAOH-CN,d,indexed,direct,caustic-soda-cn,resolved,Caustic soda neutralisation,caustic-soda-cn
F18-SAP-HYG·CN,F18-SAP-HYG,CN,3,10,0.1,Industrial electricity drying,ELEC-CN,d,indexed,direct,elec-cn,resolved,Industrial electricity drying,elec-cn
F18-SAP-HYG·CN,F18-SAP-HYG,CN,4,4,0.04,HDPE bag packaging,HDPE-CN,d,indexed,direct,brent,resolved,HDPE bag packaging,brent
F18-SAP-HYG·CN,F18-SAP-HYG,CN,5,11,0.11,Fixed costs LCI,LCI-CN,d,indexed,direct,lci-cn,resolved,Fixed costs LCI,lci-cn
F18-SAP-HYG·CN,F18-SAP-HYG,CN,6,4,0.04,Crosslinker divinyl glycol,fixed,f,fixed,,,fixed,Crosslinker divinyl glycol,
F18-SAP-HYG·CN,F18-SAP-HYG,CN,7,16,0.16,Supplier margin,fixed,f,fixed,,,fixed,Supplier margin,
F18-SAP-HYG·APAC,F18-SAP-HYG,APAC,1,46,0.46,Acrylic acid monomer,AA-ASIA,d,indexed,direct,brent,resolved,Acrylic acid monomer,brent
F18-SAP-HYG·APAC,F18-SAP-HYG,APAC,2,9,0.09,Caustic soda neutralisation,NAOH-ASIA,p,indexed,proxy,caustic-soda-cn,resolved,Caustic soda neutralisation,caustic-soda-cn
F18-SAP-HYG·APAC,F18-SAP-HYG,APAC,3,10,0.1,Industrial electricity drying,ELEC-APAC,d,indexed,direct,elec-cn,resolved,Industrial electricity drying,elec-cn
F18-SAP-HYG·APAC,F18-SAP-HYG,APAC,4,4,0.04,HDPE bag packaging,HDPE-ASIA,p,indexed,proxy,brent,resolved,HDPE bag packaging,brent
F18-SAP-HYG·APAC,F18-SAP-HYG,APAC,5,11,0.11,Fixed costs LCI,LCI-APAC,d,indexed,direct,lci-apac,resolved,Fixed costs LCI,lci-apac
F18-SAP-HYG·APAC,F18-SAP-HYG,APAC,6,4,0.04,Crosslinker divinyl glycol,fixed,f,fixed,,,fixed,Crosslinker divinyl glycol,
F18-SAP-HYG·APAC,F18-SAP-HYG,APAC,7,16,0.16,Supplier margin,fixed,f,fixed,,,fixed,Supplier margin,
F22-LAR-EU·EU,F22-LAR-EU,EU,1,72,0.72,Industrial electricity air separation,ELEC-EU,d,indexed,direct,elec-eu,resolved,Industrial electricity air separation,elec-eu
F22-LAR-EU·EU,F22-LAR-EU,EU,2,6,0.06,Natural gas plant fuel,TTF-EU,d,indexed,direct,ttf-eu,resolved,Natural gas plant fuel,ttf-eu
F22-LAR-EU·EU,F22-LAR-EU,EU,3,14,0.14,Fixed costs LCI,LCI-EU,d,indexed,direct,lci-eu,resolved,Fixed costs LCI,lci-eu
F22-LAR-EU·EU,F22-LAR-EU,EU,4,8,0.08,Supplier margin argon by-product premium,fixed,f,fixed,,,fixed,Supplier margin argon by-product premium,
F22-LAR-EU\u00b7CN,F22-LAR-EU,CN,1,72,0.72,Industrial electricity air separation,ELEC-CN,d,indexed,direct,elec-cn,resolved,Industrial electricity air separation,elec-cn
F22-LAR-EU\u00b7CN,F22-LAR-EU,CN,2,6,0.06,Natural gas plant fuel,NDRC-CN,d,indexed,direct,gas-china,resolved,Natural gas plant fuel,gas-china
F22-LAR-EU\u00b7CN,F22-LAR-EU,CN,3,14,0.14,Fixed costs LCI,LCI-CN,d,indexed,direct,lci-cn,resolved,Fixed costs LCI,lci-cn
F22-LAR-EU\u00b7CN,F22-LAR-EU,CN,4,8,0.08,Supplier margin argon by-product premium,fixed,f,fixed,,,fixed,Supplier margin argon by-product premium,
F22-LAR-EU\u00b7NA,F22-LAR-EU,NA,1,72,0.72,Industrial electricity air separation,ELEC-NA,d,indexed,direct,elec-na,resolved,Industrial electricity air separation,elec-na
F22-LAR-EU\u00b7NA,F22-LAR-EU,NA,2,6,0.06,Natural gas plant fuel,HH-NA,d,indexed,direct,natgas-na,resolved,Natural gas plant fuel,natgas-na
F22-LAR-EU\u00b7NA,F22-LAR-EU,NA,3,14,0.14,Fixed costs LCI,LCI-NA,d,indexed,direct,lci-na,resolved,Fixed costs LCI,lci-na
F22-LAR-EU\u00b7NA,F22-LAR-EU,NA,4,8,0.08,Supplier margin argon by-product premium,fixed,f,fixed,,,fixed,Supplier margin argon by-product premium,
F22-LAR-EU\u00b7APAC,F22-LAR-EU,APAC,1,72,0.72,Industrial electricity air separation,ELEC-APAC,d,indexed,direct,elec-cn,resolved,Industrial electricity air separation,elec-cn
F22-LAR-EU\u00b7APAC,F22-LAR-EU,APAC,2,6,0.06,Natural gas plant fuel,JKM-APAC,p,indexed,proxy,lng-japan,resolved,Natural gas plant fuel,lng-japan
F22-LAR-EU\u00b7APAC,F22-LAR-EU,APAC,3,14,0.14,Fixed costs LCI,LCI-APAC,d,indexed,direct,lci-apac,resolved,Fixed costs LCI,lci-apac
F22-LAR-EU\u00b7APAC,F22-LAR-EU,APAC,4,8,0.08,Supplier margin argon by-product premium,fixed,f,fixed,,,fixed,Supplier margin argon by-product premium,
F22-LIN-EU·EU,F22-LIN-EU,EU,1,74,0.74,Industrial electricity air separation 74%,ELEC-EU,d,indexed,direct,elec-eu,resolved,Industrial electricity air separation 74%,elec-eu
F22-LIN-EU·EU,F22-LIN-EU,EU,2,6,0.06,Natural gas plant fuel,TTF-EU,d,indexed,direct,ttf-eu,resolved,Natural gas plant fuel,ttf-eu
F22-LIN-EU·EU,F22-LIN-EU,EU,3,14,0.14,Fixed costs LCI,LCI-EU,d,indexed,direct,lci-eu,resolved,Fixed costs LCI,lci-eu
F22-LIN-EU·EU,F22-LIN-EU,EU,4,6,0.06,Supplier margin,fixed,f,fixed,,,fixed,Supplier margin,
F22-LIN-EU\u00b7CN,F22-LIN-EU,CN,1,74,0.74,Industrial electricity air separation 74%,ELEC-CN,d,indexed,direct,elec-cn,resolved,Industrial electricity air separation 74%,elec-cn
F22-LIN-EU\u00b7CN,F22-LIN-EU,CN,2,6,0.06,Natural gas plant fuel,NDRC-CN,d,indexed,direct,gas-china,resolved,Natural gas plant fuel,gas-china
F22-LIN-EU\u00b7CN,F22-LIN-EU,CN,3,14,0.14,Fixed costs LCI,LCI-CN,d,indexed,direct,lci-cn,resolved,Fixed costs LCI,lci-cn
F22-LIN-EU\u00b7CN,F22-LIN-EU,CN,4,6,0.06,Supplier margin,fixed,f,fixed,,,fixed,Supplier margin,
F22-LIN-EU\u00b7NA,F22-LIN-EU,NA,1,74,0.74,Industrial electricity air separation 74%,ELEC-NA,d,indexed,direct,elec-na,resolved,Industrial electricity air separation 74%,elec-na
F22-LIN-EU\u00b7NA,F22-LIN-EU,NA,2,6,0.06,Natural gas plant fuel,HH-NA,d,indexed,direct,natgas-na,resolved,Natural gas plant fuel,natgas-na
F22-LIN-EU\u00b7NA,F22-LIN-EU,NA,3,14,0.14,Fixed costs LCI,LCI-NA,d,indexed,direct,lci-na,resolved,Fixed costs LCI,lci-na
F22-LIN-EU\u00b7NA,F22-LIN-EU,NA,4,6,0.06,Supplier margin,fixed,f,fixed,,,fixed,Supplier margin,
F22-LIN-EU\u00b7APAC,F22-LIN-EU,APAC,1,74,0.74,Industrial electricity air separation 74%,ELEC-APAC,d,indexed,direct,elec-cn,resolved,Industrial electricity air separation 74%,elec-cn
F22-LIN-EU\u00b7APAC,F22-LIN-EU,APAC,2,6,0.06,Natural gas plant fuel,JKM-APAC,p,indexed,proxy,lng-japan,resolved,Natural gas plant fuel,lng-japan
F22-LIN-EU\u00b7APAC,F22-LIN-EU,APAC,3,14,0.14,Fixed costs LCI,LCI-APAC,d,indexed,direct,lci-apac,resolved,Fixed costs LCI,lci-apac
F22-LIN-EU\u00b7APAC,F22-LIN-EU,APAC,4,6,0.06,Supplier margin,fixed,f,fixed,,,fixed,Supplier margin,
F22-LOX-EU·EU,F22-LOX-EU,EU,1,72,0.72,Industrial electricity air separation 72%,ELEC-EU,d,indexed,direct,elec-eu,resolved,Industrial electricity air separation 72%,elec-eu
F22-LOX-EU·EU,F22-LOX-EU,EU,2,6,0.06,Natural gas plant fuel,TTF-EU,d,indexed,direct,ttf-eu,resolved,Natural gas plant fuel,ttf-eu
F22-LOX-EU·EU,F22-LOX-EU,EU,3,14,0.14,Fixed costs LCI,LCI-EU,d,indexed,direct,lci-eu,resolved,Fixed costs LCI,lci-eu
F22-LOX-EU·EU,F22-LOX-EU,EU,4,8,0.08,Supplier margin,fixed,f,fixed,,,fixed,Supplier margin,
F22-LOX-EU\u00b7CN,F22-LOX-EU,CN,1,72,0.72,Industrial electricity air separation 72%,ELEC-CN,d,indexed,direct,elec-cn,resolved,Industrial electricity air separation 72%,elec-cn
F22-LOX-EU\u00b7CN,F22-LOX-EU,CN,2,6,0.06,Natural gas plant fuel,NDRC-CN,d,indexed,direct,gas-china,resolved,Natural gas plant fuel,gas-china
F22-LOX-EU\u00b7CN,F22-LOX-EU,CN,3,14,0.14,Fixed costs LCI,LCI-CN,d,indexed,direct,lci-cn,resolved,Fixed costs LCI,lci-cn
F22-LOX-EU\u00b7CN,F22-LOX-EU,CN,4,8,0.08,Supplier margin,fixed,f,fixed,,,fixed,Supplier margin,
F22-LOX-EU\u00b7NA,F22-LOX-EU,NA,1,72,0.72,Industrial electricity air separation 72%,ELEC-NA,d,indexed,direct,elec-na,resolved,Industrial electricity air separation 72%,elec-na
F22-LOX-EU\u00b7NA,F22-LOX-EU,NA,2,6,0.06,Natural gas plant fuel,HH-NA,d,indexed,direct,natgas-na,resolved,Natural gas plant fuel,natgas-na
F22-LOX-EU\u00b7NA,F22-LOX-EU,NA,3,14,0.14,Fixed costs LCI,LCI-NA,d,indexed,direct,lci-na,resolved,Fixed costs LCI,lci-na
F22-LOX-EU\u00b7NA,F22-LOX-EU,NA,4,8,0.08,Supplier margin,fixed,f,fixed,,,fixed,Supplier margin,
F22-LOX-EU\u00b7APAC,F22-LOX-EU,APAC,1,72,0.72,Industrial electricity air separation 72%,ELEC-APAC,d,indexed,direct,elec-cn,resolved,Industrial electricity air separation 72%,elec-cn
F22-LOX-EU\u00b7APAC,F22-LOX-EU,APAC,2,6,0.06,Natural gas plant fuel,JKM-APAC,p,indexed,proxy,lng-japan,resolved,Natural gas plant fuel,lng-japan
F22-LOX-EU\u00b7APAC,F22-LOX-EU,APAC,3,14,0.14,Fixed costs LCI,LCI-APAC,d,indexed,direct,lci-apac,resolved,Fixed costs LCI,lci-apac
F22-LOX-EU\u00b7APAC,F22-LOX-EU,APAC,4,8,0.08,Supplier margin,fixed,f,fixed,,,fixed,Supplier margin,
F22-R1234YF-EU·EU,F22-R1234YF-EU,EU,1,28,0.28,Fluorspar China domestic proxy,PHOS-WB,p,indexed,proxy,dap,resolved,Fluorspar China domestic proxy,dap
F22-R1234YF-EU·EU,F22-R1234YF-EU,EU,2,24,0.24,Hydrofluoric acid HF ICIS spot proxy,H2SO4-NWE,p,indexed,proxy,sulfuric-acid-na,resolved,Hydrofluoric acid HF ICIS spot proxy,sulfuric-acid-na
F22-R1234YF-EU·EU,F22-R1234YF-EU,EU,3,18,0.18,Proprietary organic intermediate Honeywell/Chemours IP,fixed,f,fixed,,,fixed,Proprietary organic intermediate Honeywell/Chemours IP,
F22-R1234YF-EU·EU,F22-R1234YF-EU,EU,4,10,0.1,Industrial electricity,ELEC-EU,d,indexed,direct,elec-eu,resolved,Industrial electricity,elec-eu
F22-R1234YF-EU·EU,F22-R1234YF-EU,EU,5,10,0.1,Fixed costs LCI,LCI-EU,d,indexed,direct,lci-eu,resolved,Fixed costs LCI,lci-eu
F22-R1234YF-EU·EU,F22-R1234YF-EU,EU,6,10,0.1,Supplier margin HFO new technology premium - challenge feedstock justification,fixed,f,fixed,,,fixed,Supplier margin HFO new technology premium - challenge feedstock,
F22-R1234YF-EU\u00b7CN,F22-R1234YF-EU,CN,1,28,0.28,Fluorspar China domestic proxy,PHOS-WB,p,indexed,proxy,dap,resolved,Fluorspar China domestic proxy,dap
F22-R1234YF-EU\u00b7CN,F22-R1234YF-EU,CN,2,24,0.24,Hydrofluoric acid HF ICIS spot proxy,H2SO4-NWE,p,indexed,proxy,sulfuric-acid-na,resolved,Hydrofluoric acid HF ICIS spot proxy,sulfuric-acid-na
F22-R1234YF-EU\u00b7CN,F22-R1234YF-EU,CN,3,18,0.18,Proprietary organic intermediate Honeywell/Chemours IP,fixed,f,fixed,,,fixed,Proprietary organic intermediate Honeywell/Chemours IP,
F22-R1234YF-EU\u00b7CN,F22-R1234YF-EU,CN,4,10,0.1,Industrial electricity,ELEC-CN,d,indexed,direct,elec-cn,resolved,Industrial electricity,elec-cn
F22-R1234YF-EU\u00b7CN,F22-R1234YF-EU,CN,5,10,0.1,Fixed costs LCI,LCI-CN,d,indexed,direct,lci-cn,resolved,Fixed costs LCI,lci-cn
F22-R1234YF-EU\u00b7CN,F22-R1234YF-EU,CN,6,10,0.1,Supplier margin HFO new technology premium - challenge feedstock justification,fixed,f,fixed,,,fixed,Supplier margin HFO new technology premium - challenge feedstock,
F22-R1234YF-EU\u00b7NA,F22-R1234YF-EU,NA,1,28,0.28,Fluorspar China domestic proxy,PHOS-WB,p,indexed,proxy,dap,resolved,Fluorspar China domestic proxy,dap
F22-R1234YF-EU\u00b7NA,F22-R1234YF-EU,NA,2,24,0.24,Hydrofluoric acid HF ICIS spot proxy,H2SO4-NWE,p,indexed,proxy,sulfuric-acid-na,resolved,Hydrofluoric acid HF ICIS spot proxy,sulfuric-acid-na
F22-R1234YF-EU\u00b7NA,F22-R1234YF-EU,NA,3,18,0.18,Proprietary organic intermediate Honeywell/Chemours IP,fixed,f,fixed,,,fixed,Proprietary organic intermediate Honeywell/Chemours IP,
F22-R1234YF-EU\u00b7NA,F22-R1234YF-EU,NA,4,10,0.1,Industrial electricity,ELEC-NA,d,indexed,direct,elec-na,resolved,Industrial electricity,elec-na
F22-R1234YF-EU\u00b7NA,F22-R1234YF-EU,NA,5,10,0.1,Fixed costs LCI,LCI-NA,d,indexed,direct,lci-na,resolved,Fixed costs LCI,lci-na
F22-R1234YF-EU\u00b7NA,F22-R1234YF-EU,NA,6,10,0.1,Supplier margin HFO new technology premium - challenge feedstock justification,fixed,f,fixed,,,fixed,Supplier margin HFO new technology premium - challenge feedstock,
F22-R1234YF-EU\u00b7APAC,F22-R1234YF-EU,APAC,1,28,0.28,Fluorspar China domestic proxy,PHOS-WB,p,indexed,proxy,dap,resolved,Fluorspar China domestic proxy,dap
F22-R1234YF-EU\u00b7APAC,F22-R1234YF-EU,APAC,2,24,0.24,Hydrofluoric acid HF ICIS spot proxy,H2SO4-NWE,p,indexed,proxy,sulfuric-acid-na,resolved,Hydrofluoric acid HF ICIS spot proxy,sulfuric-acid-na
F22-R1234YF-EU\u00b7APAC,F22-R1234YF-EU,APAC,3,18,0.18,Proprietary organic intermediate Honeywell/Chemours IP,fixed,f,fixed,,,fixed,Proprietary organic intermediate Honeywell/Chemours IP,
F22-R1234YF-EU\u00b7APAC,F22-R1234YF-EU,APAC,4,10,0.1,Industrial electricity,ELEC-APAC,d,indexed,direct,elec-cn,resolved,Industrial electricity,elec-cn
F22-R1234YF-EU\u00b7APAC,F22-R1234YF-EU,APAC,5,10,0.1,Fixed costs LCI,LCI-APAC,d,indexed,direct,lci-apac,resolved,Fixed costs LCI,lci-apac
F22-R1234YF-EU\u00b7APAC,F22-R1234YF-EU,APAC,6,10,0.1,Supplier margin HFO new technology premium - challenge feedstock justification,fixed,f,fixed,,,fixed,Supplier margin HFO new technology premium - challenge feedstock,
F22-R134A-EU·EU,F22-R134A-EU,EU,1,32,0.32,Fluorspar China domestic proxy,PHOS-WB,p,indexed,proxy,dap,resolved,Fluorspar China domestic proxy,dap
F22-R134A-EU·EU,F22-R134A-EU,EU,2,26,0.26,Hydrofluoric acid HF ICIS spot proxy,H2SO4-NWE,p,indexed,proxy,sulfuric-acid-na,resolved,Hydrofluoric acid HF ICIS spot proxy,sulfuric-acid-na
F22-R134A-EU·EU,F22-R134A-EU,EU,3,16,0.16,Trichloroethylene TCE feedstock,CL2-EU,p,indexed,proxy,elec-eu,resolved,Trichloroethylene TCE feedstock,elec-eu
F22-R134A-EU·EU,F22-R134A-EU,EU,4,10,0.1,Industrial electricity,ELEC-EU,d,indexed,direct,elec-eu,resolved,Industrial electricity,elec-eu
F22-R134A-EU·EU,F22-R134A-EU,EU,5,12,0.12,Fixed costs LCI,LCI-EU,d,indexed,direct,lci-eu,resolved,Fixed costs LCI,lci-eu
F22-R134A-EU·EU,F22-R134A-EU,EU,6,4,0.04,Supplier margin Kigali phase-down tightening supply,fixed,f,fixed,,,fixed,Supplier margin Kigali phase-down tightening supply,
F22-R134A-EU\u00b7CN,F22-R134A-EU,CN,1,32,0.32,Fluorspar China domestic proxy,PHOS-WB,p,indexed,proxy,dap,resolved,Fluorspar China domestic proxy,dap
F22-R134A-EU\u00b7CN,F22-R134A-EU,CN,2,26,0.26,Hydrofluoric acid HF ICIS spot proxy,H2SO4-NWE,p,indexed,proxy,sulfuric-acid-na,resolved,Hydrofluoric acid HF ICIS spot proxy,sulfuric-acid-na
F22-R134A-EU\u00b7CN,F22-R134A-EU,CN,3,16,0.16,Trichloroethylene TCE feedstock,CL2-CN,p,indexed,proxy,elec-cn,resolved,Trichloroethylene TCE feedstock,elec-cn
F22-R134A-EU\u00b7CN,F22-R134A-EU,CN,4,10,0.1,Industrial electricity,ELEC-CN,d,indexed,direct,elec-cn,resolved,Industrial electricity,elec-cn
F22-R134A-EU\u00b7CN,F22-R134A-EU,CN,5,12,0.12,Fixed costs LCI,LCI-CN,d,indexed,direct,lci-cn,resolved,Fixed costs LCI,lci-cn
F22-R134A-EU\u00b7CN,F22-R134A-EU,CN,6,4,0.04,Supplier margin Kigali phase-down tightening supply,fixed,f,fixed,,,fixed,Supplier margin Kigali phase-down tightening supply,
F22-R134A-EU\u00b7NA,F22-R134A-EU,NA,1,32,0.32,Fluorspar China domestic proxy,PHOS-WB,p,indexed,proxy,dap,resolved,Fluorspar China domestic proxy,dap
F22-R134A-EU\u00b7NA,F22-R134A-EU,NA,2,26,0.26,Hydrofluoric acid HF ICIS spot proxy,H2SO4-NWE,p,indexed,proxy,sulfuric-acid-na,resolved,Hydrofluoric acid HF ICIS spot proxy,sulfuric-acid-na
F22-R134A-EU\u00b7NA,F22-R134A-EU,NA,3,16,0.16,Trichloroethylene TCE feedstock,CL2-NA,p,indexed,proxy,caustic-soda-na,resolved,Trichloroethylene TCE feedstock,caustic-soda-na
F22-R134A-EU\u00b7NA,F22-R134A-EU,NA,4,10,0.1,Industrial electricity,ELEC-NA,d,indexed,direct,elec-na,resolved,Industrial electricity,elec-na
F22-R134A-EU\u00b7NA,F22-R134A-EU,NA,5,12,0.12,Fixed costs LCI,LCI-NA,d,indexed,direct,lci-na,resolved,Fixed costs LCI,lci-na
F22-R134A-EU\u00b7NA,F22-R134A-EU,NA,6,4,0.04,Supplier margin Kigali phase-down tightening supply,fixed,f,fixed,,,fixed,Supplier margin Kigali phase-down tightening supply,
F22-R134A-EU\u00b7APAC,F22-R134A-EU,APAC,1,32,0.32,Fluorspar China domestic proxy,PHOS-WB,p,indexed,proxy,dap,resolved,Fluorspar China domestic proxy,dap
F22-R134A-EU\u00b7APAC,F22-R134A-EU,APAC,2,26,0.26,Hydrofluoric acid HF ICIS spot proxy,H2SO4-NWE,p,indexed,proxy,sulfuric-acid-na,resolved,Hydrofluoric acid HF ICIS spot proxy,sulfuric-acid-na
F22-R134A-EU\u00b7APAC,F22-R134A-EU,APAC,3,16,0.16,Trichloroethylene TCE feedstock,CL2-EU,p,indexed,proxy,elec-eu,resolved,Trichloroethylene TCE feedstock,elec-eu
F22-R134A-EU\u00b7APAC,F22-R134A-EU,APAC,4,10,0.1,Industrial electricity,ELEC-APAC,d,indexed,direct,elec-cn,resolved,Industrial electricity,elec-cn
F22-R134A-EU\u00b7APAC,F22-R134A-EU,APAC,5,12,0.12,Fixed costs LCI,LCI-APAC,d,indexed,direct,lci-apac,resolved,Fixed costs LCI,lci-apac
F22-R134A-EU\u00b7APAC,F22-R134A-EU,APAC,6,4,0.04,Supplier margin Kigali phase-down tightening supply,fixed,f,fixed,,,fixed,Supplier margin Kigali phase-down tightening supply,
F22-R32-EU·EU,F22-R32-EU,EU,1,36,0.36,Fluorspar China domestic Chemorbis proxy,PHOS-WB,p,indexed,proxy,dap,resolved,Fluorspar China domestic Chemorbis proxy,dap
F22-R32-EU·EU,F22-R32-EU,EU,2,28,0.28,Hydrofluoric acid HF ICIS spot proxy,H2SO4-NWE,p,indexed,proxy,sulfuric-acid-na,resolved,Hydrofluoric acid HF ICIS spot proxy,sulfuric-acid-na
F22-R32-EU·EU,F22-R32-EU,EU,3,10,0.1,Methanol feedstock,MEOH-EU,d,indexed,direct,methanol-na,resolved,Methanol feedstock,methanol-na
F22-R32-EU·EU,F22-R32-EU,EU,4,10,0.1,Industrial electricity,ELEC-EU,d,indexed,direct,elec-eu,resolved,Industrial electricity,elec-eu
F22-R32-EU·EU,F22-R32-EU,EU,5,12,0.12,Fixed costs LCI,LCI-EU,d,indexed,direct,lci-eu,resolved,Fixed costs LCI,lci-eu
F22-R32-EU·EU,F22-R32-EU,EU,6,4,0.04,Supplier margin,fixed,f,fixed,,,fixed,Supplier margin,
F22-R32-EU\u00b7CN,F22-R32-EU,CN,1,36,0.36,Fluorspar China domestic Chemorbis proxy,PHOS-WB,p,indexed,proxy,dap,resolved,Fluorspar China domestic Chemorbis proxy,dap
F22-R32-EU\u00b7CN,F22-R32-EU,CN,2,28,0.28,Hydrofluoric acid HF ICIS spot proxy,H2SO4-NWE,p,indexed,proxy,sulfuric-acid-na,resolved,Hydrofluoric acid HF ICIS spot proxy,sulfuric-acid-na
F22-R32-EU\u00b7CN,F22-R32-EU,CN,3,10,0.1,Methanol feedstock,MEOH-CN,d,indexed,direct,methanol-na,resolved,Methanol feedstock,methanol-na
F22-R32-EU\u00b7CN,F22-R32-EU,CN,4,10,0.1,Industrial electricity,ELEC-CN,d,indexed,direct,elec-cn,resolved,Industrial electricity,elec-cn
F22-R32-EU\u00b7CN,F22-R32-EU,CN,5,12,0.12,Fixed costs LCI,LCI-CN,d,indexed,direct,lci-cn,resolved,Fixed costs LCI,lci-cn
F22-R32-EU\u00b7CN,F22-R32-EU,CN,6,4,0.04,Supplier margin,fixed,f,fixed,,,fixed,Supplier margin,
F22-R32-EU\u00b7NA,F22-R32-EU,NA,1,36,0.36,Fluorspar China domestic Chemorbis proxy,PHOS-WB,p,indexed,proxy,dap,resolved,Fluorspar China domestic Chemorbis proxy,dap
F22-R32-EU\u00b7NA,F22-R32-EU,NA,2,28,0.28,Hydrofluoric acid HF ICIS spot proxy,H2SO4-NWE,p,indexed,proxy,sulfuric-acid-na,resolved,Hydrofluoric acid HF ICIS spot proxy,sulfuric-acid-na
F22-R32-EU\u00b7NA,F22-R32-EU,NA,3,10,0.1,Methanol feedstock,MEOH-NA,d,indexed,direct,methanol-na,resolved,Methanol feedstock,methanol-na
F22-R32-EU\u00b7NA,F22-R32-EU,NA,4,10,0.1,Industrial electricity,ELEC-NA,d,indexed,direct,elec-na,resolved,Industrial electricity,elec-na
F22-R32-EU\u00b7NA,F22-R32-EU,NA,5,12,0.12,Fixed costs LCI,LCI-NA,d,indexed,direct,lci-na,resolved,Fixed costs LCI,lci-na
F22-R32-EU\u00b7NA,F22-R32-EU,NA,6,4,0.04,Supplier margin,fixed,f,fixed,,,fixed,Supplier margin,
F22-R32-EU\u00b7APAC,F22-R32-EU,APAC,1,36,0.36,Fluorspar China domestic Chemorbis proxy,PHOS-WB,p,indexed,proxy,dap,resolved,Fluorspar China domestic Chemorbis proxy,dap
F22-R32-EU\u00b7APAC,F22-R32-EU,APAC,2,28,0.28,Hydrofluoric acid HF ICIS spot proxy,H2SO4-NWE,p,indexed,proxy,sulfuric-acid-na,resolved,Hydrofluoric acid HF ICIS spot proxy,sulfuric-acid-na
F22-R32-EU\u00b7APAC,F22-R32-EU,APAC,3,10,0.1,Methanol feedstock,MEOH-ASIA,p,indexed,proxy,methanol-na,resolved,Methanol feedstock,methanol-na
F22-R32-EU\u00b7APAC,F22-R32-EU,APAC,4,10,0.1,Industrial electricity,ELEC-APAC,d,indexed,direct,elec-cn,resolved,Industrial electricity,elec-cn
F22-R32-EU\u00b7APAC,F22-R32-EU,APAC,5,12,0.12,Fixed costs LCI,LCI-APAC,d,indexed,direct,lci-apac,resolved,Fixed costs LCI,lci-apac
F22-R32-EU\u00b7APAC,F22-R32-EU,APAC,6,4,0.04,Supplier margin,fixed,f,fixed,,,fixed,Supplier margin,
F22-R410A-EU·EU,F22-R410A-EU,EU,1,46,0.46,R-32 component cascade,PHOS-WB,p,indexed,proxy,dap,resolved,R-32 component cascade,dap
F22-R410A-EU·EU,F22-R410A-EU,EU,2,30,0.3,R-125 pentafluoroethane fluorspar proxy,PHOS-WB,p,indexed,proxy,dap,resolved,R-125 pentafluoroethane fluorspar proxy,dap
F22-R410A-EU·EU,F22-R410A-EU,EU,3,6,0.06,Industrial electricity blending,ELEC-EU,d,indexed,direct,elec-eu,resolved,Industrial electricity blending,elec-eu
F22-R410A-EU·EU,F22-R410A-EU,EU,4,14,0.14,Fixed costs LCI,LCI-EU,d,indexed,direct,lci-eu,resolved,Fixed costs LCI,lci-eu
F22-R410A-EU·EU,F22-R410A-EU,EU,5,4,0.04,Supplier margin,fixed,f,fixed,,,fixed,Supplier margin,
F22-R410A-EU\u00b7CN,F22-R410A-EU,CN,1,46,0.46,R-32 component cascade,PHOS-WB,p,indexed,proxy,dap,resolved,R-32 component cascade,dap
F22-R410A-EU\u00b7CN,F22-R410A-EU,CN,2,30,0.3,R-125 pentafluoroethane fluorspar proxy,PHOS-WB,p,indexed,proxy,dap,resolved,R-125 pentafluoroethane fluorspar proxy,dap
F22-R410A-EU\u00b7CN,F22-R410A-EU,CN,3,6,0.06,Industrial electricity blending,ELEC-CN,d,indexed,direct,elec-cn,resolved,Industrial electricity blending,elec-cn
F22-R410A-EU\u00b7CN,F22-R410A-EU,CN,4,14,0.14,Fixed costs LCI,LCI-CN,d,indexed,direct,lci-cn,resolved,Fixed costs LCI,lci-cn
F22-R410A-EU\u00b7CN,F22-R410A-EU,CN,5,4,0.04,Supplier margin,fixed,f,fixed,,,fixed,Supplier margin,
F22-R410A-EU\u00b7NA,F22-R410A-EU,NA,1,46,0.46,R-32 component cascade,PHOS-WB,p,indexed,proxy,dap,resolved,R-32 component cascade,dap
F22-R410A-EU\u00b7NA,F22-R410A-EU,NA,2,30,0.3,R-125 pentafluoroethane fluorspar proxy,PHOS-WB,p,indexed,proxy,dap,resolved,R-125 pentafluoroethane fluorspar proxy,dap
F22-R410A-EU\u00b7NA,F22-R410A-EU,NA,3,6,0.06,Industrial electricity blending,ELEC-NA,d,indexed,direct,elec-na,resolved,Industrial electricity blending,elec-na
F22-R410A-EU\u00b7NA,F22-R410A-EU,NA,4,14,0.14,Fixed costs LCI,LCI-NA,d,indexed,direct,lci-na,resolved,Fixed costs LCI,lci-na
F22-R410A-EU\u00b7NA,F22-R410A-EU,NA,5,4,0.04,Supplier margin,fixed,f,fixed,,,fixed,Supplier margin,
F22-CO2-EU·EU,F22-CO2-EU,EU,1,52,0.52,Natural gas Benfield amine process,TTF-EU,p,indexed,proxy,ttf-eu,resolved,Natural gas Benfield amine process,ttf-eu
F22-CO2-EU·EU,F22-CO2-EU,EU,2,16,0.16,Industrial electricity,ELEC-EU,d,indexed,direct,elec-eu,resolved,Industrial electricity,elec-eu
F22-CO2-EU·EU,F22-CO2-EU,EU,3,10,0.1,Fixed costs LCI,LCI-EU,d,indexed,direct,lci-eu,resolved,Fixed costs LCI,lci-eu
F22-CO2-EU·EU,F22-CO2-EU,EU,4,22,0.22,Supplier margin,fixed,f,fixed,,,fixed,Supplier margin,
F22-CO2-EU\u00b7CN,F22-CO2-EU,CN,1,52,0.52,Natural gas Benfield amine process,NDRC-CN,p,indexed,proxy,gas-china,resolved,Natural gas Benfield amine process,gas-china
F22-CO2-EU\u00b7CN,F22-CO2-EU,CN,2,16,0.16,Industrial electricity,ELEC-CN,d,indexed,direct,elec-cn,resolved,Industrial electricity,elec-cn
F22-CO2-EU\u00b7CN,F22-CO2-EU,CN,3,10,0.1,Fixed costs LCI,LCI-CN,d,indexed,direct,lci-cn,resolved,Fixed costs LCI,lci-cn
F22-CO2-EU\u00b7CN,F22-CO2-EU,CN,4,22,0.22,Supplier margin,fixed,f,fixed,,,fixed,Supplier margin,
F22-CO2-EU\u00b7NA,F22-CO2-EU,NA,1,52,0.52,Natural gas Benfield amine process,HH-NA,p,indexed,proxy,natgas-na,resolved,Natural gas Benfield amine process,natgas-na
F22-CO2-EU\u00b7NA,F22-CO2-EU,NA,2,16,0.16,Industrial electricity,ELEC-NA,d,indexed,direct,elec-na,resolved,Industrial electricity,elec-na
F22-CO2-EU\u00b7NA,F22-CO2-EU,NA,3,10,0.1,Fixed costs LCI,LCI-NA,d,indexed,direct,lci-na,resolved,Fixed costs LCI,lci-na
F22-CO2-EU\u00b7NA,F22-CO2-EU,NA,4,22,0.22,Supplier margin,fixed,f,fixed,,,fixed,Supplier margin,
F22-H2-EU·EU,F22-H2-EU,EU,1,70,0.7,Natural gas dominant 70%,TTF-EU,d,indexed,direct,ttf-eu,resolved,Natural gas dominant 70%,ttf-eu
F22-H2-EU·EU,F22-H2-EU,EU,2,10,0.1,Industrial electricity,ELEC-EU,d,indexed,direct,elec-eu,resolved,Industrial electricity,elec-eu
F22-H2-EU·EU,F22-H2-EU,EU,3,14,0.14,Fixed costs LCI,LCI-EU,d,indexed,direct,lci-eu,resolved,Fixed costs LCI,lci-eu
F22-H2-EU·EU,F22-H2-EU,EU,4,6,0.06,Supplier margin,fixed,f,fixed,,,fixed,Supplier margin,
F22-H2-EU\u00b7CN,F22-H2-EU,CN,1,70,0.7,Natural gas dominant 70%,NDRC-CN,d,indexed,direct,gas-china,resolved,Natural gas dominant 70%,gas-china
F22-H2-EU\u00b7CN,F22-H2-EU,CN,2,10,0.1,Industrial electricity,ELEC-CN,d,indexed,direct,elec-cn,resolved,Industrial electricity,elec-cn
F22-H2-EU\u00b7CN,F22-H2-EU,CN,3,14,0.14,Fixed costs LCI,LCI-CN,d,indexed,direct,lci-cn,resolved,Fixed costs LCI,lci-cn
F22-H2-EU\u00b7CN,F22-H2-EU,CN,4,6,0.06,Supplier margin,fixed,f,fixed,,,fixed,Supplier margin,
F22-H2-EU\u00b7NA,F22-H2-EU,NA,1,70,0.7,Natural gas dominant 70%,HH-NA,d,indexed,direct,natgas-na,resolved,Natural gas dominant 70%,natgas-na
F22-H2-EU\u00b7NA,F22-H2-EU,NA,2,10,0.1,Industrial electricity,ELEC-NA,d,indexed,direct,elec-na,resolved,Industrial electricity,elec-na
F22-H2-EU\u00b7NA,F22-H2-EU,NA,3,14,0.14,Fixed costs LCI,LCI-NA,d,indexed,direct,lci-na,resolved,Fixed costs LCI,lci-na
F22-H2-EU\u00b7NA,F22-H2-EU,NA,4,6,0.06,Supplier margin,fixed,f,fixed,,,fixed,Supplier margin,
F23-LYS-EU·EU,F23-LYS-EU,EU,1,42,0.42,Glucose fermentation feedstock,GLUC-ICIS,d,indexed,direct,corn,resolved,Glucose fermentation feedstock,corn
F23-LYS-EU·EU,F23-LYS-EU,EU,2,12,0.12,Ammonia nitrogen source,NH3-EU,d,indexed,direct,ttf-eu,resolved,Ammonia nitrogen source,ttf-eu
F23-LYS-EU·EU,F23-LYS-EU,EU,3,10,0.1,Industrial electricity,ELEC-EU,d,indexed,direct,elec-eu,resolved,Industrial electricity,elec-eu
F23-LYS-EU·EU,F23-LYS-EU,EU,4,4,0.04,HDPE bag packaging,HDPE-EU,d,indexed,direct,brent,resolved,HDPE bag packaging,brent
F23-LYS-EU·EU,F23-LYS-EU,EU,5,14,0.14,Fixed costs LCI,LCI-EU,d,indexed,direct,lci-eu,resolved,Fixed costs LCI,lci-eu
F23-LYS-EU·EU,F23-LYS-EU,EU,6,18,0.18,Supplier margin,fixed,f,fixed,,,fixed,Supplier margin,
F23-LYS-EU\u00b7CN,F23-LYS-EU,CN,1,42,0.42,Glucose fermentation feedstock,GLUC-CN,d,indexed,direct,corn,resolved,Glucose fermentation feedstock,corn
F23-LYS-EU\u00b7CN,F23-LYS-EU,CN,2,12,0.12,Ammonia nitrogen source,NH3-CN,d,indexed,direct,ammonia-na,resolved,Ammonia nitrogen source,ammonia-na
F23-LYS-EU\u00b7CN,F23-LYS-EU,CN,3,10,0.1,Industrial electricity,ELEC-CN,d,indexed,direct,elec-cn,resolved,Industrial electricity,elec-cn
F23-LYS-EU\u00b7CN,F23-LYS-EU,CN,4,4,0.04,HDPE bag packaging,HDPE-CN,d,indexed,direct,brent,resolved,HDPE bag packaging,brent
F23-LYS-EU\u00b7CN,F23-LYS-EU,CN,5,14,0.14,Fixed costs LCI,LCI-CN,d,indexed,direct,lci-cn,resolved,Fixed costs LCI,lci-cn
F23-LYS-EU\u00b7CN,F23-LYS-EU,CN,6,18,0.18,Supplier margin,fixed,f,fixed,,,fixed,Supplier margin,
F23-LYS-EU\u00b7NA,F23-LYS-EU,NA,1,42,0.42,Glucose fermentation feedstock,CORN-CBOT,p,indexed,proxy,corn,resolved,Glucose fermentation feedstock,corn
F23-LYS-EU\u00b7NA,F23-LYS-EU,NA,2,12,0.12,Ammonia nitrogen source,NH3-NA,d,indexed,direct,ammonia-na,resolved,Ammonia nitrogen source,ammonia-na
F23-LYS-EU\u00b7NA,F23-LYS-EU,NA,3,10,0.1,Industrial electricity,ELEC-NA,d,indexed,direct,elec-na,resolved,Industrial electricity,elec-na
F23-LYS-EU\u00b7NA,F23-LYS-EU,NA,4,4,0.04,HDPE bag packaging,HDPE-NA,d,indexed,direct,hdpe-na,resolved,HDPE bag packaging,hdpe-na
F23-LYS-EU\u00b7NA,F23-LYS-EU,NA,5,14,0.14,Fixed costs LCI,LCI-NA,d,indexed,direct,lci-na,resolved,Fixed costs LCI,lci-na
F23-LYS-EU\u00b7NA,F23-LYS-EU,NA,6,18,0.18,Supplier margin,fixed,f,fixed,,,fixed,Supplier margin,
F23-LYS-EU\u00b7APAC,F23-LYS-EU,APAC,1,42,0.42,Glucose fermentation feedstock,CORN-CBOT,p,indexed,proxy,corn,resolved,Glucose fermentation feedstock,corn
F23-LYS-EU\u00b7APAC,F23-LYS-EU,APAC,2,12,0.12,Ammonia nitrogen source,NH3-APAC,d,indexed,direct,ammonia-na,resolved,Ammonia nitrogen source,ammonia-na
F23-LYS-EU\u00b7APAC,F23-LYS-EU,APAC,3,10,0.1,Industrial electricity,ELEC-APAC,d,indexed,direct,elec-cn,resolved,Industrial electricity,elec-cn
F23-LYS-EU\u00b7APAC,F23-LYS-EU,APAC,4,4,0.04,HDPE bag packaging,HDPE-ASIA,p,indexed,proxy,brent,resolved,HDPE bag packaging,brent
F23-LYS-EU\u00b7APAC,F23-LYS-EU,APAC,5,14,0.14,Fixed costs LCI,LCI-APAC,d,indexed,direct,lci-apac,resolved,Fixed costs LCI,lci-apac
F23-LYS-EU\u00b7APAC,F23-LYS-EU,APAC,6,18,0.18,Supplier margin,fixed,f,fixed,,,fixed,Supplier margin,
F23-LYS-EU\u00b7LA,F23-LYS-EU,LA,1,42,0.42,Glucose fermentation feedstock,CORN-CBOT,p,indexed,proxy,corn,resolved,Glucose fermentation feedstock,corn
F23-LYS-EU\u00b7LA,F23-LYS-EU,LA,2,12,0.12,Ammonia nitrogen source,NH3-NA,p,indexed,proxy,ammonia-na,resolved,Ammonia nitrogen source,ammonia-na
F23-LYS-EU\u00b7LA,F23-LYS-EU,LA,3,10,0.1,Industrial electricity,ELEC-EU,p,indexed,proxy,elec-eu,resolved,Industrial electricity,elec-eu
F23-LYS-EU\u00b7LA,F23-LYS-EU,LA,4,4,0.04,HDPE bag packaging,HDPE-NA,p,indexed,proxy,hdpe-na,resolved,HDPE bag packaging,hdpe-na
F23-LYS-EU\u00b7LA,F23-LYS-EU,LA,5,14,0.14,Fixed costs LCI,LCI-LA,d,indexed,direct,lci-la,resolved,Fixed costs LCI,lci-la
F23-LYS-EU\u00b7LA,F23-LYS-EU,LA,6,18,0.18,Supplier margin,fixed,f,fixed,,,fixed,Supplier margin,
F23-MET-EU·EU,F23-MET-EU,EU,1,33,0.33,Acrolein propylene upstream proxy,PRP-NWE,p,indexed,proxy,brent,resolved,Acrolein propylene upstream proxy,brent
F23-MET-EU·EU,F23-MET-EU,EU,2,18,0.18,Methanethiol methanol+H2S methanol proxy,MEOH-EU,p,indexed,proxy,methanol-na,resolved,Methanethiol methanol+H2S methanol proxy,methanol-na
F23-MET-EU·EU,F23-MET-EU,EU,3,8,0.08,HCN ammonia+methanol upstream proxy,NH3-EU,p,indexed,proxy,ttf-eu,resolved,HCN ammonia+methanol upstream proxy,ttf-eu
F23-MET-EU·EU,F23-MET-EU,EU,4,8,0.08,Industrial electricity,ELEC-EU,d,indexed,direct,elec-eu,resolved,Industrial electricity,elec-eu
F23-MET-EU·EU,F23-MET-EU,EU,5,4,0.04,HDPE bag packaging,HDPE-EU,d,indexed,direct,brent,resolved,HDPE bag packaging,brent
F23-MET-EU·EU,F23-MET-EU,EU,6,12,0.12,Fixed costs LCI,LCI-EU,d,indexed,direct,lci-eu,resolved,Fixed costs LCI,lci-eu
F23-MET-EU·EU,F23-MET-EU,EU,7,17,0.17,Supplier margin,fixed,f,fixed,,,fixed,Supplier margin,
F23-MET-EU\u00b7CN,F23-MET-EU,CN,1,33,0.33,Acrolein propylene upstream proxy,PRP-CN,p,indexed,proxy,brent,resolved,Acrolein propylene upstream proxy,brent
F23-MET-EU\u00b7CN,F23-MET-EU,CN,2,18,0.18,Methanethiol methanol+H2S methanol proxy,MEOH-CN,p,indexed,proxy,methanol-na,resolved,Methanethiol methanol+H2S methanol proxy,methanol-na
F23-MET-EU\u00b7CN,F23-MET-EU,CN,3,8,0.08,HCN ammonia+methanol upstream proxy,NH3-CN,p,indexed,proxy,ammonia-na,resolved,HCN ammonia+methanol upstream proxy,ammonia-na
F23-MET-EU\u00b7CN,F23-MET-EU,CN,4,8,0.08,Industrial electricity,ELEC-CN,d,indexed,direct,elec-cn,resolved,Industrial electricity,elec-cn
F23-MET-EU\u00b7CN,F23-MET-EU,CN,5,4,0.04,HDPE bag packaging,HDPE-CN,d,indexed,direct,brent,resolved,HDPE bag packaging,brent
F23-MET-EU\u00b7CN,F23-MET-EU,CN,6,12,0.12,Fixed costs LCI,LCI-CN,d,indexed,direct,lci-cn,resolved,Fixed costs LCI,lci-cn
F23-MET-EU\u00b7CN,F23-MET-EU,CN,7,17,0.17,Supplier margin,fixed,f,fixed,,,fixed,Supplier margin,
F23-MET-EU\u00b7NA,F23-MET-EU,NA,1,33,0.33,Acrolein propylene upstream proxy,PRP-US,p,indexed,proxy,ethylene-propylene-na,resolved,Acrolein propylene upstream proxy,ethylene-propylene-na
F23-MET-EU\u00b7NA,F23-MET-EU,NA,2,18,0.18,Methanethiol methanol+H2S methanol proxy,MEOH-NA,p,indexed,proxy,methanol-na,resolved,Methanethiol methanol+H2S methanol proxy,methanol-na
F23-MET-EU\u00b7NA,F23-MET-EU,NA,3,8,0.08,HCN ammonia+methanol upstream proxy,NH3-NA,p,indexed,proxy,ammonia-na,resolved,HCN ammonia+methanol upstream proxy,ammonia-na
F23-MET-EU\u00b7NA,F23-MET-EU,NA,4,8,0.08,Industrial electricity,ELEC-NA,d,indexed,direct,elec-na,resolved,Industrial electricity,elec-na
F23-MET-EU\u00b7NA,F23-MET-EU,NA,5,4,0.04,HDPE bag packaging,HDPE-NA,d,indexed,direct,hdpe-na,resolved,HDPE bag packaging,hdpe-na
F23-MET-EU\u00b7NA,F23-MET-EU,NA,6,12,0.12,Fixed costs LCI,LCI-NA,d,indexed,direct,lci-na,resolved,Fixed costs LCI,lci-na
F23-MET-EU\u00b7NA,F23-MET-EU,NA,7,17,0.17,Supplier margin,fixed,f,fixed,,,fixed,Supplier margin,
F23-MET-EU\u00b7APAC,F23-MET-EU,APAC,1,33,0.33,Acrolein propylene upstream proxy,PRP-APAC,p,indexed,proxy,ethylene-propylene-na,resolved,Acrolein propylene upstream proxy,ethylene-propylene-na
F23-MET-EU\u00b7APAC,F23-MET-EU,APAC,2,18,0.18,Methanethiol methanol+H2S methanol proxy,MEOH-ASIA,p,indexed,proxy,methanol-na,resolved,Methanethiol methanol+H2S methanol proxy,methanol-na
F23-MET-EU\u00b7APAC,F23-MET-EU,APAC,3,8,0.08,HCN ammonia+methanol upstream proxy,NH3-APAC,p,indexed,proxy,ammonia-na,resolved,HCN ammonia+methanol upstream proxy,ammonia-na
F23-MET-EU\u00b7APAC,F23-MET-EU,APAC,4,8,0.08,Industrial electricity,ELEC-APAC,d,indexed,direct,elec-cn,resolved,Industrial electricity,elec-cn
F23-MET-EU\u00b7APAC,F23-MET-EU,APAC,5,4,0.04,HDPE bag packaging,HDPE-ASIA,p,indexed,proxy,brent,resolved,HDPE bag packaging,brent
F23-MET-EU\u00b7APAC,F23-MET-EU,APAC,6,12,0.12,Fixed costs LCI,LCI-APAC,d,indexed,direct,lci-apac,resolved,Fixed costs LCI,lci-apac
F23-MET-EU\u00b7APAC,F23-MET-EU,APAC,7,17,0.17,Supplier margin,fixed,f,fixed,,,fixed,Supplier margin,
F23-MET-EU\u00b7LA,F23-MET-EU,LA,1,33,0.33,Acrolein propylene upstream proxy,PRP-US,p,indexed,proxy,ethylene-propylene-na,resolved,Acrolein propylene upstream proxy,ethylene-propylene-na
F23-MET-EU\u00b7LA,F23-MET-EU,LA,2,18,0.18,Methanethiol methanol+H2S methanol proxy,MEOH-NA,p,indexed,proxy,methanol-na,resolved,Methanethiol methanol+H2S methanol proxy,methanol-na
F23-MET-EU\u00b7LA,F23-MET-EU,LA,3,8,0.08,HCN ammonia+methanol upstream proxy,NH3-NA,p,indexed,proxy,ammonia-na,resolved,HCN ammonia+methanol upstream proxy,ammonia-na
F23-MET-EU\u00b7LA,F23-MET-EU,LA,4,8,0.08,Industrial electricity,ELEC-EU,p,indexed,proxy,elec-eu,resolved,Industrial electricity,elec-eu
F23-MET-EU\u00b7LA,F23-MET-EU,LA,5,4,0.04,HDPE bag packaging,HDPE-NA,p,indexed,proxy,hdpe-na,resolved,HDPE bag packaging,hdpe-na
F23-MET-EU\u00b7LA,F23-MET-EU,LA,6,12,0.12,Fixed costs LCI,LCI-LA,d,indexed,direct,lci-la,resolved,Fixed costs LCI,lci-la
F23-MET-EU\u00b7LA,F23-MET-EU,LA,7,17,0.17,Supplier margin,fixed,f,fixed,,,fixed,Supplier margin,
F23-THR-EU·EU,F23-THR-EU,EU,1,45,0.45,Glucose fermentation,GLUC-ICIS,d,indexed,direct,corn,resolved,Glucose fermentation,corn
F23-THR-EU·EU,F23-THR-EU,EU,2,10,0.1,Ammonia,NH3-EU,d,indexed,direct,ttf-eu,resolved,Ammonia,ttf-eu
F23-THR-EU·EU,F23-THR-EU,EU,3,10,0.1,Industrial electricity,ELEC-EU,d,indexed,direct,elec-eu,resolved,Industrial electricity,elec-eu
F23-THR-EU·EU,F23-THR-EU,EU,4,4,0.04,HDPE bag packaging,HDPE-EU,d,indexed,direct,brent,resolved,HDPE bag packaging,brent
F23-THR-EU·EU,F23-THR-EU,EU,5,14,0.14,Fixed costs LCI,LCI-EU,d,indexed,direct,lci-eu,resolved,Fixed costs LCI,lci-eu
F23-THR-EU·EU,F23-THR-EU,EU,6,17,0.17,Supplier margin,fixed,f,fixed,,,fixed,Supplier margin,
F23-THR-EU\u00b7CN,F23-THR-EU,CN,1,45,0.45,Glucose fermentation,GLUC-CN,d,indexed,direct,corn,resolved,Glucose fermentation,corn
F23-THR-EU\u00b7CN,F23-THR-EU,CN,2,10,0.1,Ammonia,NH3-CN,d,indexed,direct,ammonia-na,resolved,Ammonia,ammonia-na
F23-THR-EU\u00b7CN,F23-THR-EU,CN,3,10,0.1,Industrial electricity,ELEC-CN,d,indexed,direct,elec-cn,resolved,Industrial electricity,elec-cn
F23-THR-EU\u00b7CN,F23-THR-EU,CN,4,4,0.04,HDPE bag packaging,HDPE-CN,d,indexed,direct,brent,resolved,HDPE bag packaging,brent
F23-THR-EU\u00b7CN,F23-THR-EU,CN,5,14,0.14,Fixed costs LCI,LCI-CN,d,indexed,direct,lci-cn,resolved,Fixed costs LCI,lci-cn
F23-THR-EU\u00b7CN,F23-THR-EU,CN,6,17,0.17,Supplier margin,fixed,f,fixed,,,fixed,Supplier margin,
F23-THR-EU\u00b7IN,F23-THR-EU,IN,1,45,0.45,Glucose fermentation,CORN-CBOT,p,indexed,proxy,corn,resolved,Glucose fermentation,corn
F23-THR-EU\u00b7IN,F23-THR-EU,IN,2,10,0.1,Ammonia,NH3-IN,p,indexed,proxy,gas-india,resolved,Ammonia,gas-india
F23-THR-EU\u00b7IN,F23-THR-EU,IN,3,10,0.1,Industrial electricity,ELEC-IN,d,indexed,direct,elec-in,resolved,Industrial electricity,elec-in
F23-THR-EU\u00b7IN,F23-THR-EU,IN,4,4,0.04,HDPE bag packaging,HDPE-ASIA,p,indexed,proxy,brent,resolved,HDPE bag packaging,brent
F23-THR-EU\u00b7IN,F23-THR-EU,IN,5,14,0.14,Fixed costs LCI,LCI-IN,d,indexed,direct,lci-in,resolved,Fixed costs LCI,lci-in
F23-THR-EU\u00b7IN,F23-THR-EU,IN,6,17,0.17,Supplier margin,fixed,f,fixed,,,fixed,Supplier margin,
F23-VITD3-EU·EU,F23-VITD3-EU,EU,1,54,0.54,Cholesterol lanolin proxy no liquid index,fixed,f,fixed,,,fixed,Cholesterol lanolin proxy no liquid index,
F23-VITD3-EU·EU,F23-VITD3-EU,EU,2,10,0.1,Industrial electricity,ELEC-EU,d,indexed,direct,elec-eu,resolved,Industrial electricity,elec-eu
F23-VITD3-EU·EU,F23-VITD3-EU,EU,3,4,0.04,HDPE bag packaging,HDPE-EU,d,indexed,direct,brent,resolved,HDPE bag packaging,brent
F23-VITD3-EU·EU,F23-VITD3-EU,EU,4,10,0.1,Fixed costs LCI,LCI-EU,d,indexed,direct,lci-eu,resolved,Fixed costs LCI,lci-eu
F23-VITD3-EU·EU,F23-VITD3-EU,EU,5,22,0.22,Supplier margin,fixed,f,fixed,,,fixed,Supplier margin,
F23-VITD3-EU\u00b7CN,F23-VITD3-EU,CN,1,54,0.54,Cholesterol lanolin proxy no liquid index,fixed,f,fixed,,,fixed,Cholesterol lanolin proxy no liquid index,
F23-VITD3-EU\u00b7CN,F23-VITD3-EU,CN,2,10,0.1,Industrial electricity,ELEC-CN,d,indexed,direct,elec-cn,resolved,Industrial electricity,elec-cn
F23-VITD3-EU\u00b7CN,F23-VITD3-EU,CN,3,4,0.04,HDPE bag packaging,HDPE-CN,d,indexed,direct,brent,resolved,HDPE bag packaging,brent
F23-VITD3-EU\u00b7CN,F23-VITD3-EU,CN,4,10,0.1,Fixed costs LCI,LCI-CN,d,indexed,direct,lci-cn,resolved,Fixed costs LCI,lci-cn
F23-VITD3-EU\u00b7CN,F23-VITD3-EU,CN,5,22,0.22,Supplier margin,fixed,f,fixed,,,fixed,Supplier margin,
F23-VITE-EU·EU,F23-VITE-EU,EU,1,40,0.4,Isophytol geranylacetone route limited index,fixed,f,fixed,,,fixed,Isophytol geranylacetone route limited index,
F23-VITE-EU·EU,F23-VITE-EU,EU,2,18,0.18,TMHQ trimethylhydroquinone isophorone route,fixed,f,fixed,,,fixed,TMHQ trimethylhydroquinone isophorone route,
F23-VITE-EU·EU,F23-VITE-EU,EU,3,8,0.08,Industrial electricity,ELEC-EU,d,indexed,direct,elec-eu,resolved,Industrial electricity,elec-eu
F23-VITE-EU·EU,F23-VITE-EU,EU,4,4,0.04,HDPE bag packaging,HDPE-EU,d,indexed,direct,brent,resolved,HDPE bag packaging,brent
F23-VITE-EU·EU,F23-VITE-EU,EU,5,10,0.1,Fixed costs LCI,LCI-EU,d,indexed,direct,lci-eu,resolved,Fixed costs LCI,lci-eu
F23-VITE-EU·EU,F23-VITE-EU,EU,6,20,0.2,Supplier margin,fixed,f,fixed,,,fixed,Supplier margin,
F23-VITE-EU\u00b7CN,F23-VITE-EU,CN,1,40,0.4,Isophytol geranylacetone route limited index,fixed,f,fixed,,,fixed,Isophytol geranylacetone route limited index,
F23-VITE-EU\u00b7CN,F23-VITE-EU,CN,2,18,0.18,TMHQ trimethylhydroquinone isophorone route,fixed,f,fixed,,,fixed,TMHQ trimethylhydroquinone isophorone route,
F23-VITE-EU\u00b7CN,F23-VITE-EU,CN,3,8,0.08,Industrial electricity,ELEC-CN,d,indexed,direct,elec-cn,resolved,Industrial electricity,elec-cn
F23-VITE-EU\u00b7CN,F23-VITE-EU,CN,4,4,0.04,HDPE bag packaging,HDPE-CN,d,indexed,direct,brent,resolved,HDPE bag packaging,brent
F23-VITE-EU\u00b7CN,F23-VITE-EU,CN,5,10,0.1,Fixed costs LCI,LCI-CN,d,indexed,direct,lci-cn,resolved,Fixed costs LCI,lci-cn
F23-VITE-EU\u00b7CN,F23-VITE-EU,CN,6,20,0.2,Supplier margin,fixed,f,fixed,,,fixed,Supplier margin,
F23-NIAC-FG-EU·EU,F23-NIAC-FG-EU,EU,1,40,0.4,3-Cyanopyridine propylene proxy,PRP-NWE,p,indexed,proxy,brent,resolved,3-Cyanopyridine propylene proxy,brent
F23-NIAC-FG-EU·EU,F23-NIAC-FG-EU,EU,2,10,0.1,Ammonia,NH3-EU,d,indexed,direct,ttf-eu,resolved,Ammonia,ttf-eu
F23-NIAC-FG-EU·EU,F23-NIAC-FG-EU,EU,3,8,0.08,Industrial electricity,ELEC-EU,d,indexed,direct,elec-eu,resolved,Industrial electricity,elec-eu
F23-NIAC-FG-EU·EU,F23-NIAC-FG-EU,EU,4,4,0.04,HDPE bag packaging,HDPE-EU,d,indexed,direct,brent,resolved,HDPE bag packaging,brent
F23-NIAC-FG-EU·EU,F23-NIAC-FG-EU,EU,5,10,0.1,Fixed costs LCI,LCI-EU,d,indexed,direct,lci-eu,resolved,Fixed costs LCI,lci-eu
F23-NIAC-FG-EU·EU,F23-NIAC-FG-EU,EU,6,28,0.28,Supplier margin food/pharma grade premium,fixed,f,fixed,,,fixed,Supplier margin food/pharma grade premium,
F23-NIAC-FG-EU\u00b7CN,F23-NIAC-FG-EU,CN,1,40,0.4,3-Cyanopyridine propylene proxy,PRP-CN,p,indexed,proxy,brent,resolved,3-Cyanopyridine propylene proxy,brent
F23-NIAC-FG-EU\u00b7CN,F23-NIAC-FG-EU,CN,2,10,0.1,Ammonia,NH3-CN,d,indexed,direct,ammonia-na,resolved,Ammonia,ammonia-na
F23-NIAC-FG-EU\u00b7CN,F23-NIAC-FG-EU,CN,3,8,0.08,Industrial electricity,ELEC-CN,d,indexed,direct,elec-cn,resolved,Industrial electricity,elec-cn
F23-NIAC-FG-EU\u00b7CN,F23-NIAC-FG-EU,CN,4,4,0.04,HDPE bag packaging,HDPE-CN,d,indexed,direct,brent,resolved,HDPE bag packaging,brent
F23-NIAC-FG-EU\u00b7CN,F23-NIAC-FG-EU,CN,5,10,0.1,Fixed costs LCI,LCI-CN,d,indexed,direct,lci-cn,resolved,Fixed costs LCI,lci-cn
F23-NIAC-FG-EU\u00b7CN,F23-NIAC-FG-EU,CN,6,28,0.28,Supplier margin food/pharma grade premium,fixed,f,fixed,,,fixed,Supplier margin food/pharma grade premium,
F23-NIAC-FG-EU\u00b7IN,F23-NIAC-FG-EU,IN,1,40,0.4,3-Cyanopyridine propylene proxy,PRP-APAC,p,indexed,proxy,ethylene-propylene-na,resolved,3-Cyanopyridine propylene proxy,ethylene-propylene-na
F23-NIAC-FG-EU\u00b7IN,F23-NIAC-FG-EU,IN,2,10,0.1,Ammonia,NH3-IN,p,indexed,proxy,gas-india,resolved,Ammonia,gas-india
F23-NIAC-FG-EU\u00b7IN,F23-NIAC-FG-EU,IN,3,8,0.08,Industrial electricity,ELEC-IN,d,indexed,direct,elec-in,resolved,Industrial electricity,elec-in
F23-NIAC-FG-EU\u00b7IN,F23-NIAC-FG-EU,IN,4,4,0.04,HDPE bag packaging,HDPE-ASIA,p,indexed,proxy,brent,resolved,HDPE bag packaging,brent
F23-NIAC-FG-EU\u00b7IN,F23-NIAC-FG-EU,IN,5,10,0.1,Fixed costs LCI,LCI-IN,d,indexed,direct,lci-in,resolved,Fixed costs LCI,lci-in
F23-NIAC-FG-EU\u00b7IN,F23-NIAC-FG-EU,IN,6,28,0.28,Supplier margin food/pharma grade premium,fixed,f,fixed,,,fixed,Supplier margin food/pharma grade premium,
F21-ASCOR-PWD·EU,F21-ASCOR-PWD,EU,1,56,0.56,Glucose sorbitol fermentation,GLUC-ICIS,d,indexed,direct,corn,resolved,Glucose sorbitol fermentation,corn
F21-ASCOR-PWD·EU,F21-ASCOR-PWD,EU,2,10,0.1,Industrial electricity,ELEC-EU,d,indexed,direct,elec-eu,resolved,Industrial electricity,elec-eu
F21-ASCOR-PWD·EU,F21-ASCOR-PWD,EU,3,4,0.04,HDPE bag packaging,HDPE-EU,d,indexed,direct,brent,resolved,HDPE bag packaging,brent
F21-ASCOR-PWD·EU,F21-ASCOR-PWD,EU,4,10,0.1,Fixed costs LCI,LCI-EU,d,indexed,direct,lci-eu,resolved,Fixed costs LCI,lci-eu
F21-ASCOR-PWD·EU,F21-ASCOR-PWD,EU,5,20,0.2,Supplier margin,fixed,f,fixed,,,fixed,Supplier margin,
F21-ASCOR-PWD·CN,F21-ASCOR-PWD,CN,1,56,0.56,Glucose sorbitol fermentation,GLUC-CN,d,indexed,direct,corn,resolved,Glucose sorbitol fermentation,corn
F21-ASCOR-PWD·CN,F21-ASCOR-PWD,CN,2,10,0.1,Industrial electricity,ELEC-CN,d,indexed,direct,elec-cn,resolved,Industrial electricity,elec-cn
F21-ASCOR-PWD·CN,F21-ASCOR-PWD,CN,3,4,0.04,HDPE bag packaging,HDPE-CN,d,indexed,direct,brent,resolved,HDPE bag packaging,brent
F21-ASCOR-PWD·CN,F21-ASCOR-PWD,CN,4,10,0.1,Fixed costs LCI,LCI-CN,d,indexed,direct,lci-cn,resolved,Fixed costs LCI,lci-cn
F21-ASCOR-PWD·CN,F21-ASCOR-PWD,CN,5,20,0.2,Supplier margin,fixed,f,fixed,,,fixed,Supplier margin,
F21-ASCOR-PWD·IN,F21-ASCOR-PWD,IN,1,56,0.56,Glucose sorbitol fermentation,CORN-CBOT,p,indexed,proxy,corn,resolved,Glucose sorbitol fermentation,corn
F21-ASCOR-PWD·IN,F21-ASCOR-PWD,IN,2,10,0.1,Industrial electricity,ELEC-IN,d,indexed,direct,elec-in,resolved,Industrial electricity,elec-in
F21-ASCOR-PWD·IN,F21-ASCOR-PWD,IN,3,4,0.04,HDPE bag packaging,HDPE-ASIA,p,indexed,proxy,brent,resolved,HDPE bag packaging,brent
F21-ASCOR-PWD·IN,F21-ASCOR-PWD,IN,4,10,0.1,Fixed costs LCI,LCI-IN,d,indexed,direct,lci-in,resolved,Fixed costs LCI,lci-in
F21-ASCOR-PWD·IN,F21-ASCOR-PWD,IN,5,20,0.2,Supplier margin,fixed,f,fixed,,,fixed,Supplier margin,
F21-NIAC-PWD·EU,F21-NIAC-PWD,EU,1,41,0.41,3-Cyanopyridine 3-picoline propylene proxy,PRP-NWE,p,indexed,proxy,brent,resolved,3-Cyanopyridine 3-picoline propylene proxy,brent
F21-NIAC-PWD·EU,F21-NIAC-PWD,EU,2,10,0.1,Ammonia amidation,NH3-EU,d,indexed,direct,ttf-eu,resolved,Ammonia amidation,ttf-eu
F21-NIAC-PWD·EU,F21-NIAC-PWD,EU,3,8,0.08,Industrial electricity,ELEC-EU,d,indexed,direct,elec-eu,resolved,Industrial electricity,elec-eu
F21-NIAC-PWD·EU,F21-NIAC-PWD,EU,4,4,0.04,HDPE bag packaging,HDPE-EU,d,indexed,direct,brent,resolved,HDPE bag packaging,brent
F21-NIAC-PWD·EU,F21-NIAC-PWD,EU,5,10,0.1,Fixed costs LCI,LCI-EU,d,indexed,direct,lci-eu,resolved,Fixed costs LCI,lci-eu
F21-NIAC-PWD·EU,F21-NIAC-PWD,EU,6,27,0.27,Performance IP margin,fixed,f,fixed,,,fixed,Performance IP margin,
F21-NIAC-PWD·CN,F21-NIAC-PWD,CN,1,41,0.41,3-Cyanopyridine 3-picoline propylene proxy,PRP-CN,p,indexed,proxy,brent,resolved,3-Cyanopyridine 3-picoline propylene proxy,brent
F21-NIAC-PWD·CN,F21-NIAC-PWD,CN,2,10,0.1,Ammonia amidation,NH3-CN,d,indexed,direct,ammonia-na,resolved,Ammonia amidation,ammonia-na
F21-NIAC-PWD·CN,F21-NIAC-PWD,CN,3,8,0.08,Industrial electricity,ELEC-CN,d,indexed,direct,elec-cn,resolved,Industrial electricity,elec-cn
F21-NIAC-PWD·CN,F21-NIAC-PWD,CN,4,4,0.04,HDPE bag packaging,HDPE-CN,d,indexed,direct,brent,resolved,HDPE bag packaging,brent
F21-NIAC-PWD·CN,F21-NIAC-PWD,CN,5,10,0.1,Fixed costs LCI,LCI-CN,d,indexed,direct,lci-cn,resolved,Fixed costs LCI,lci-cn
F21-NIAC-PWD·CN,F21-NIAC-PWD,CN,6,27,0.27,Performance IP margin,fixed,f,fixed,,,fixed,Performance IP margin,
F21-NIAC-PWD·IN,F21-NIAC-PWD,IN,1,41,0.41,3-Cyanopyridine 3-picoline propylene proxy,PRP-APAC,p,indexed,proxy,ethylene-propylene-na,resolved,3-Cyanopyridine 3-picoline propylene proxy,ethylene-propylene-na
F21-NIAC-PWD·IN,F21-NIAC-PWD,IN,2,10,0.1,Ammonia amidation,NH3-IN,p,indexed,proxy,gas-india,resolved,Ammonia amidation,gas-india
F21-NIAC-PWD·IN,F21-NIAC-PWD,IN,3,8,0.08,Industrial electricity,ELEC-IN,d,indexed,direct,elec-in,resolved,Industrial electricity,elec-in
F21-NIAC-PWD·IN,F21-NIAC-PWD,IN,4,4,0.04,HDPE bag packaging,HDPE-ASIA,p,indexed,proxy,brent,resolved,HDPE bag packaging,brent
F21-NIAC-PWD·IN,F21-NIAC-PWD,IN,5,10,0.1,Fixed costs LCI,LCI-IN,d,indexed,direct,lci-in,resolved,Fixed costs LCI,lci-in
F21-NIAC-PWD·IN,F21-NIAC-PWD,IN,6,27,0.27,Performance IP margin,fixed,f,fixed,,,fixed,Performance IP margin,
F24-HEUR-EU·EU,F24-HEUR-EU,EU,1,36,0.36,MDI polyurethane backbone,BZ-EU,p,indexed,proxy,brent,resolved,MDI polyurethane backbone,brent
F24-HEUR-EU·EU,F24-HEUR-EU,EU,2,28,0.28,PEG polyethylene glycol EO proxy,EO-EU,p,indexed,proxy,brent,resolved,PEG polyethylene glycol EO proxy,brent
F24-HEUR-EU·EU,F24-HEUR-EU,EU,3,8,0.08,Industrial electricity,ELEC-EU,d,indexed,direct,elec-eu,resolved,Industrial electricity,elec-eu
F24-HEUR-EU·EU,F24-HEUR-EU,EU,4,10,0.1,Fixed costs LCI,LCI-EU,d,indexed,direct,lci-eu,resolved,Fixed costs LCI,lci-eu
F24-HEUR-EU·EU,F24-HEUR-EU,EU,5,18,0.18,Supplier margin,fixed,f,fixed,,,fixed,Supplier margin,
F24-HEUR-EU\u00b7NA,F24-HEUR-EU,NA,1,36,0.36,MDI polyurethane backbone,BZ-NA,p,indexed,proxy,benzene-na,resolved,MDI polyurethane backbone,benzene-na
F24-HEUR-EU\u00b7NA,F24-HEUR-EU,NA,2,28,0.28,PEG polyethylene glycol EO proxy,EO-ASIA,p,indexed,proxy,brent,resolved,PEG polyethylene glycol EO proxy,brent
F24-HEUR-EU\u00b7NA,F24-HEUR-EU,NA,3,8,0.08,Industrial electricity,ELEC-NA,d,indexed,direct,elec-na,resolved,Industrial electricity,elec-na
F24-HEUR-EU\u00b7NA,F24-HEUR-EU,NA,4,10,0.1,Fixed costs LCI,LCI-NA,d,indexed,direct,lci-na,resolved,Fixed costs LCI,lci-na
F24-HEUR-EU\u00b7NA,F24-HEUR-EU,NA,5,18,0.18,Supplier margin,fixed,f,fixed,,,fixed,Supplier margin,
F24-GHPTC-PWD·EU,F24-GHPTC-PWD,EU,1,47,0.47,Guar bean India/Pakistan no liquid index,fixed,f,fixed,,,fixed,Guar bean India/Pakistan no liquid index,
F24-GHPTC-PWD·EU,F24-GHPTC-PWD,EU,2,16,0.16,Propylene oxide propylene proxy,PRP-NWE,p,indexed,proxy,brent,resolved,Propylene oxide propylene proxy,brent
F24-GHPTC-PWD·EU,F24-GHPTC-PWD,EU,3,8,0.08,Industrial electricity,ELEC-EU,d,indexed,direct,elec-eu,resolved,Industrial electricity,elec-eu
F24-GHPTC-PWD·EU,F24-GHPTC-PWD,EU,4,4,0.04,HDPE bag packaging,HDPE-EU,d,indexed,direct,brent,resolved,HDPE bag packaging,brent
F24-GHPTC-PWD·EU,F24-GHPTC-PWD,EU,5,11,0.11,Fixed costs LCI,LCI-EU,d,indexed,direct,lci-eu,resolved,Fixed costs LCI,lci-eu
F24-GHPTC-PWD·EU,F24-GHPTC-PWD,EU,6,14,0.14,Supplier margin,fixed,f,fixed,,,fixed,Supplier margin,
F24-GHPTC-PWD·IN,F24-GHPTC-PWD,IN,1,47,0.47,Guar bean India/Pakistan no liquid index,fixed,f,fixed,,,fixed,Guar bean India/Pakistan no liquid index,
F24-GHPTC-PWD·IN,F24-GHPTC-PWD,IN,2,16,0.16,Propylene oxide propylene proxy,PRP-APAC,p,indexed,proxy,ethylene-propylene-na,resolved,Propylene oxide propylene proxy,ethylene-propylene-na
F24-GHPTC-PWD·IN,F24-GHPTC-PWD,IN,3,8,0.08,Industrial electricity,ELEC-IN,d,indexed,direct,elec-in,resolved,Industrial electricity,elec-in
F24-GHPTC-PWD·IN,F24-GHPTC-PWD,IN,4,4,0.04,HDPE bag packaging,HDPE-ASIA,p,indexed,proxy,brent,resolved,HDPE bag packaging,brent
F24-GHPTC-PWD·IN,F24-GHPTC-PWD,IN,5,11,0.11,Fixed costs LCI,LCI-IN,d,indexed,direct,lci-in,resolved,Fixed costs LCI,lci-in
F24-GHPTC-PWD·IN,F24-GHPTC-PWD,IN,6,14,0.14,Supplier margin,fixed,f,fixed,,,fixed,Supplier margin,
F24-XG-EU·EU,F24-XG-EU,EU,1,60,0.6,Glucose Xanthomonas fermentation,GLUC-ICIS,d,indexed,direct,corn,resolved,Glucose Xanthomonas fermentation,corn
F24-XG-EU·EU,F24-XG-EU,EU,2,10,0.1,Industrial electricity,ELEC-EU,d,indexed,direct,elec-eu,resolved,Industrial electricity,elec-eu
F24-XG-EU·EU,F24-XG-EU,EU,3,4,0.04,HDPE bag packaging,HDPE-EU,d,indexed,direct,brent,resolved,HDPE bag packaging,brent
F24-XG-EU·EU,F24-XG-EU,EU,4,12,0.12,Fixed costs LCI,LCI-EU,d,indexed,direct,lci-eu,resolved,Fixed costs LCI,lci-eu
F24-XG-EU·EU,F24-XG-EU,EU,5,14,0.14,Supplier margin,fixed,f,fixed,,,fixed,Supplier margin,
F24-XG-EU\u00b7CN,F24-XG-EU,CN,1,60,0.6,Glucose Xanthomonas fermentation,GLUC-CN,d,indexed,direct,corn,resolved,Glucose Xanthomonas fermentation,corn
F24-XG-EU\u00b7CN,F24-XG-EU,CN,2,10,0.1,Industrial electricity,ELEC-CN,d,indexed,direct,elec-cn,resolved,Industrial electricity,elec-cn
F24-XG-EU\u00b7CN,F24-XG-EU,CN,3,4,0.04,HDPE bag packaging,HDPE-CN,d,indexed,direct,brent,resolved,HDPE bag packaging,brent
F24-XG-EU\u00b7CN,F24-XG-EU,CN,4,12,0.12,Fixed costs LCI,LCI-CN,d,indexed,direct,lci-cn,resolved,Fixed costs LCI,lci-cn
F24-XG-EU\u00b7CN,F24-XG-EU,CN,5,14,0.14,Supplier margin,fixed,f,fixed,,,fixed,Supplier margin,
F24-XG-EU\u00b7NA,F24-XG-EU,NA,1,60,0.6,Glucose Xanthomonas fermentation,CORN-CBOT,p,indexed,proxy,corn,resolved,Glucose Xanthomonas fermentation,corn
F24-XG-EU\u00b7NA,F24-XG-EU,NA,2,10,0.1,Industrial electricity,ELEC-NA,d,indexed,direct,elec-na,resolved,Industrial electricity,elec-na
F24-XG-EU\u00b7NA,F24-XG-EU,NA,3,4,0.04,HDPE bag packaging,HDPE-NA,d,indexed,direct,hdpe-na,resolved,HDPE bag packaging,hdpe-na
F24-XG-EU\u00b7NA,F24-XG-EU,NA,4,12,0.12,Fixed costs LCI,LCI-NA,d,indexed,direct,lci-na,resolved,Fixed costs LCI,lci-na
F24-XG-EU\u00b7NA,F24-XG-EU,NA,5,14,0.14,Supplier margin,fixed,f,fixed,,,fixed,Supplier margin,
F24-HEC-EU·EU,F24-HEC-EU,EU,1,39,0.39,Wood pulp no liquid index P2 proxy,fixed,f,fixed,,,fixed,Wood pulp no liquid index P2 proxy,
F24-HEC-EU·EU,F24-HEC-EU,EU,2,22,0.22,Ethylene oxide,EO-EU,d,indexed,direct,brent,resolved,Ethylene oxide,brent
F24-HEC-EU·EU,F24-HEC-EU,EU,3,10,0.1,Industrial electricity,ELEC-EU,d,indexed,direct,elec-eu,resolved,Industrial electricity,elec-eu
F24-HEC-EU·EU,F24-HEC-EU,EU,4,4,0.04,HDPE bag packaging,HDPE-EU,d,indexed,direct,brent,resolved,HDPE bag packaging,brent
F24-HEC-EU·EU,F24-HEC-EU,EU,5,10,0.1,Fixed costs LCI,LCI-EU,d,indexed,direct,lci-eu,resolved,Fixed costs LCI,lci-eu
F24-HEC-EU·EU,F24-HEC-EU,EU,6,15,0.15,Supplier margin,fixed,f,fixed,,,fixed,Supplier margin,
F24-HEC-EU\u00b7CN,F24-HEC-EU,CN,1,39,0.39,Wood pulp no liquid index P2 proxy,fixed,f,fixed,,,fixed,Wood pulp no liquid index P2 proxy,
F24-HEC-EU\u00b7CN,F24-HEC-EU,CN,2,22,0.22,Ethylene oxide,EO-CN,d,indexed,direct,brent,resolved,Ethylene oxide,brent
F24-HEC-EU\u00b7CN,F24-HEC-EU,CN,3,10,0.1,Industrial electricity,ELEC-CN,d,indexed,direct,elec-cn,resolved,Industrial electricity,elec-cn
F24-HEC-EU\u00b7CN,F24-HEC-EU,CN,4,4,0.04,HDPE bag packaging,HDPE-CN,d,indexed,direct,brent,resolved,HDPE bag packaging,brent
F24-HEC-EU\u00b7CN,F24-HEC-EU,CN,5,10,0.1,Fixed costs LCI,LCI-CN,d,indexed,direct,lci-cn,resolved,Fixed costs LCI,lci-cn
F24-HEC-EU\u00b7CN,F24-HEC-EU,CN,6,15,0.15,Supplier margin,fixed,f,fixed,,,fixed,Supplier margin,
F24-HEC-EU\u00b7NA,F24-HEC-EU,NA,1,39,0.39,Wood pulp no liquid index P2 proxy,fixed,f,fixed,,,fixed,Wood pulp no liquid index P2 proxy,
F24-HEC-EU\u00b7NA,F24-HEC-EU,NA,2,22,0.22,Ethylene oxide,EO-ASIA,p,indexed,proxy,brent,resolved,Ethylene oxide,brent
F24-HEC-EU\u00b7NA,F24-HEC-EU,NA,3,10,0.1,Industrial electricity,ELEC-NA,d,indexed,direct,elec-na,resolved,Industrial electricity,elec-na
F24-HEC-EU\u00b7NA,F24-HEC-EU,NA,4,4,0.04,HDPE bag packaging,HDPE-NA,d,indexed,direct,hdpe-na,resolved,HDPE bag packaging,hdpe-na
F24-HEC-EU\u00b7NA,F24-HEC-EU,NA,5,10,0.1,Fixed costs LCI,LCI-NA,d,indexed,direct,lci-na,resolved,Fixed costs LCI,lci-na
F24-HEC-EU\u00b7NA,F24-HEC-EU,NA,6,15,0.15,Supplier margin,fixed,f,fixed,,,fixed,Supplier margin,
F24-CARB-EU·EU,F24-CARB-EU,EU,1,52,0.52,Acrylic acid monomer,AA-EU,d,indexed,direct,brent,resolved,Acrylic acid monomer,brent
F24-CARB-EU·EU,F24-CARB-EU,EU,2,6,0.06,Divinyl glycol crosslinker AA proxy,AA-EU,p,indexed,proxy,brent,resolved,Divinyl glycol crosslinker AA proxy,brent
F24-CARB-EU·EU,F24-CARB-EU,EU,3,10,0.1,Industrial electricity,ELEC-EU,d,indexed,direct,elec-eu,resolved,Industrial electricity,elec-eu
F24-CARB-EU·EU,F24-CARB-EU,EU,4,4,0.04,HDPE bag packaging,HDPE-EU,d,indexed,direct,brent,resolved,HDPE bag packaging,brent
F24-CARB-EU·EU,F24-CARB-EU,EU,5,10,0.1,Fixed costs LCI,LCI-EU,d,indexed,direct,lci-eu,resolved,Fixed costs LCI,lci-eu
F24-CARB-EU·EU,F24-CARB-EU,EU,6,18,0.18,Supplier margin Lubrizol brand premium,fixed,f,fixed,,,fixed,Supplier margin Lubrizol brand premium,
F24-CARB-EU\u00b7CN,F24-CARB-EU,CN,1,52,0.52,Acrylic acid monomer,AA-CN,d,indexed,direct,brent,resolved,Acrylic acid monomer,brent
F24-CARB-EU\u00b7CN,F24-CARB-EU,CN,2,6,0.06,Divinyl glycol crosslinker AA proxy,AA-CN,p,indexed,proxy,brent,resolved,Divinyl glycol crosslinker AA proxy,brent
F24-CARB-EU\u00b7CN,F24-CARB-EU,CN,3,10,0.1,Industrial electricity,ELEC-CN,d,indexed,direct,elec-cn,resolved,Industrial electricity,elec-cn
F24-CARB-EU\u00b7CN,F24-CARB-EU,CN,4,4,0.04,HDPE bag packaging,HDPE-CN,d,indexed,direct,brent,resolved,HDPE bag packaging,brent
F24-CARB-EU\u00b7CN,F24-CARB-EU,CN,5,10,0.1,Fixed costs LCI,LCI-CN,d,indexed,direct,lci-cn,resolved,Fixed costs LCI,lci-cn
F24-CARB-EU\u00b7CN,F24-CARB-EU,CN,6,18,0.18,Supplier margin Lubrizol brand premium,fixed,f,fixed,,,fixed,Supplier margin Lubrizol brand premium,
F24-CARB-EU\u00b7NA,F24-CARB-EU,NA,1,52,0.52,Acrylic acid monomer,AA-NA,d,indexed,direct,brent,resolved,Acrylic acid monomer,brent
F24-CARB-EU\u00b7NA,F24-CARB-EU,NA,2,6,0.06,Divinyl glycol crosslinker AA proxy,AA-NA,p,indexed,proxy,brent,resolved,Divinyl glycol crosslinker AA proxy,brent
F24-CARB-EU\u00b7NA,F24-CARB-EU,NA,3,10,0.1,Industrial electricity,ELEC-NA,d,indexed,direct,elec-na,resolved,Industrial electricity,elec-na
F24-CARB-EU\u00b7NA,F24-CARB-EU,NA,4,4,0.04,HDPE bag packaging,HDPE-NA,d,indexed,direct,hdpe-na,resolved,HDPE bag packaging,hdpe-na
F24-CARB-EU\u00b7NA,F24-CARB-EU,NA,5,10,0.1,Fixed costs LCI,LCI-NA,d,indexed,direct,lci-na,resolved,Fixed costs LCI,lci-na
F24-CARB-EU\u00b7NA,F24-CARB-EU,NA,6,18,0.18,Supplier margin Lubrizol brand premium,fixed,f,fixed,,,fixed,Supplier margin Lubrizol brand premium,
F25-EDTA-EU·EU,F25-EDTA-EU,EU,1,24,0.24,Formaldehyde methanol proxy,MEOH-EU,p,indexed,proxy,methanol-na,resolved,Formaldehyde methanol proxy,methanol-na
F25-EDTA-EU·EU,F25-EDTA-EU,EU,2,18,0.18,HCN ammonia+methanol proxy,NH3-EU,p,indexed,proxy,ttf-eu,resolved,HCN ammonia+methanol proxy,ttf-eu
F25-EDTA-EU·EU,F25-EDTA-EU,EU,3,16,0.16,Ethylenediamine EDA ammonia proxy,NH3-EU,p,indexed,proxy,ttf-eu,resolved,Ethylenediamine EDA ammonia proxy,ttf-eu
F25-EDTA-EU·EU,F25-EDTA-EU,EU,4,8,0.08,Caustic soda neutralisation,NAOH-NWE,d,indexed,direct,elec-eu,resolved,Caustic soda neutralisation,elec-eu
F25-EDTA-EU·EU,F25-EDTA-EU,EU,5,7,0.07,Industrial electricity,ELEC-EU,d,indexed,direct,elec-eu,resolved,Industrial electricity,elec-eu
F25-EDTA-EU·EU,F25-EDTA-EU,EU,6,4,0.04,HDPE bag packaging,HDPE-EU,d,indexed,direct,brent,resolved,HDPE bag packaging,brent
F25-EDTA-EU·EU,F25-EDTA-EU,EU,7,8,0.08,Fixed costs LCI,LCI-EU,d,indexed,direct,lci-eu,resolved,Fixed costs LCI,lci-eu
F25-EDTA-EU·EU,F25-EDTA-EU,EU,8,15,0.15,Supplier margin,fixed,f,fixed,,,fixed,Supplier margin,
F25-EDTA-EU\u00b7CN,F25-EDTA-EU,CN,1,24,0.24,Formaldehyde methanol proxy,MEOH-CN,p,indexed,proxy,methanol-na,resolved,Formaldehyde methanol proxy,methanol-na
F25-EDTA-EU\u00b7CN,F25-EDTA-EU,CN,2,18,0.18,HCN ammonia+methanol proxy,NH3-CN,p,indexed,proxy,ammonia-na,resolved,HCN ammonia+methanol proxy,ammonia-na
F25-EDTA-EU\u00b7CN,F25-EDTA-EU,CN,3,16,0.16,Ethylenediamine EDA ammonia proxy,NH3-CN,p,indexed,proxy,ammonia-na,resolved,Ethylenediamine EDA ammonia proxy,ammonia-na
F25-EDTA-EU\u00b7CN,F25-EDTA-EU,CN,4,8,0.08,Caustic soda neutralisation,NAOH-CN,d,indexed,direct,caustic-soda-cn,resolved,Caustic soda neutralisation,caustic-soda-cn
F25-EDTA-EU\u00b7CN,F25-EDTA-EU,CN,5,7,0.07,Industrial electricity,ELEC-CN,d,indexed,direct,elec-cn,resolved,Industrial electricity,elec-cn
F25-EDTA-EU\u00b7CN,F25-EDTA-EU,CN,6,4,0.04,HDPE bag packaging,HDPE-CN,d,indexed,direct,brent,resolved,HDPE bag packaging,brent
F25-EDTA-EU\u00b7CN,F25-EDTA-EU,CN,7,8,0.08,Fixed costs LCI,LCI-CN,d,indexed,direct,lci-cn,resolved,Fixed costs LCI,lci-cn
F25-EDTA-EU\u00b7CN,F25-EDTA-EU,CN,8,15,0.15,Supplier margin,fixed,f,fixed,,,fixed,Supplier margin,
F25-EDTA-EU\u00b7NA,F25-EDTA-EU,NA,1,24,0.24,Formaldehyde methanol proxy,MEOH-NA,p,indexed,proxy,methanol-na,resolved,Formaldehyde methanol proxy,methanol-na
F25-EDTA-EU\u00b7NA,F25-EDTA-EU,NA,2,18,0.18,HCN ammonia+methanol proxy,NH3-NA,p,indexed,proxy,ammonia-na,resolved,HCN ammonia+methanol proxy,ammonia-na
F25-EDTA-EU\u00b7NA,F25-EDTA-EU,NA,3,16,0.16,Ethylenediamine EDA ammonia proxy,NH3-NA,p,indexed,proxy,ammonia-na,resolved,Ethylenediamine EDA ammonia proxy,ammonia-na
F25-EDTA-EU\u00b7NA,F25-EDTA-EU,NA,4,8,0.08,Caustic soda neutralisation,NAOH-NA,d,indexed,direct,caustic-soda-na,resolved,Caustic soda neutralisation,caustic-soda-na
F25-EDTA-EU\u00b7NA,F25-EDTA-EU,NA,5,7,0.07,Industrial electricity,ELEC-NA,d,indexed,direct,elec-na,resolved,Industrial electricity,elec-na
F25-EDTA-EU\u00b7NA,F25-EDTA-EU,NA,6,4,0.04,HDPE bag packaging,HDPE-NA,d,indexed,direct,hdpe-na,resolved,HDPE bag packaging,hdpe-na
F25-EDTA-EU\u00b7NA,F25-EDTA-EU,NA,7,8,0.08,Fixed costs LCI,LCI-NA,d,indexed,direct,lci-na,resolved,Fixed costs LCI,lci-na
F25-EDTA-EU\u00b7NA,F25-EDTA-EU,NA,8,15,0.15,Supplier margin,fixed,f,fixed,,,fixed,Supplier margin,
F25-GLDA-EU·EU,F25-GLDA-EU,EU,1,30,0.3,L-Glutamic acid glucose fermentation proxy,GLUC-ICIS,p,indexed,proxy,corn,resolved,L-Glutamic acid glucose fermentation proxy,corn
F25-GLDA-EU·EU,F25-GLDA-EU,EU,2,22,0.22,Acrylonitrile ACN,ACN-EU,d,indexed,direct,brent,resolved,Acrylonitrile ACN,brent
F25-GLDA-EU·EU,F25-GLDA-EU,EU,3,8,0.08,Caustic soda,NAOH-NWE,d,indexed,direct,elec-eu,resolved,Caustic soda,elec-eu
F25-GLDA-EU·EU,F25-GLDA-EU,EU,4,8,0.08,Industrial electricity,ELEC-EU,d,indexed,direct,elec-eu,resolved,Industrial electricity,elec-eu
F25-GLDA-EU·EU,F25-GLDA-EU,EU,5,10,0.1,Fixed costs LCI,LCI-EU,d,indexed,direct,lci-eu,resolved,Fixed costs LCI,lci-eu
F25-GLDA-EU·EU,F25-GLDA-EU,EU,6,22,0.22,Supplier margin biodegradable premium,fixed,f,fixed,,,fixed,Supplier margin biodegradable premium,
F25-GLDA-EU\u00b7NA,F25-GLDA-EU,NA,1,30,0.3,L-Glutamic acid glucose fermentation proxy,CORN-CBOT,p,indexed,proxy,corn,resolved,L-Glutamic acid glucose fermentation proxy,corn
F25-GLDA-EU\u00b7NA,F25-GLDA-EU,NA,2,22,0.22,Acrylonitrile ACN,ACN-NA,d,indexed,direct,brent,resolved,Acrylonitrile ACN,brent
F25-GLDA-EU\u00b7NA,F25-GLDA-EU,NA,3,8,0.08,Caustic soda,NAOH-NA,d,indexed,direct,caustic-soda-na,resolved,Caustic soda,caustic-soda-na
F25-GLDA-EU\u00b7NA,F25-GLDA-EU,NA,4,8,0.08,Industrial electricity,ELEC-NA,d,indexed,direct,elec-na,resolved,Industrial electricity,elec-na
F25-GLDA-EU\u00b7NA,F25-GLDA-EU,NA,5,10,0.1,Fixed costs LCI,LCI-NA,d,indexed,direct,lci-na,resolved,Fixed costs LCI,lci-na
F25-GLDA-EU\u00b7NA,F25-GLDA-EU,NA,6,22,0.22,Supplier margin biodegradable premium,fixed,f,fixed,,,fixed,Supplier margin biodegradable premium,
F25-MGDA-EU·EU,F25-MGDA-EU,EU,1,30,0.3,Methionine propylene proxy upstream,PRP-NWE,p,indexed,proxy,brent,resolved,Methionine propylene proxy upstream,brent
F25-MGDA-EU·EU,F25-MGDA-EU,EU,2,24,0.24,Acrylonitrile ACN,ACN-EU,d,indexed,direct,brent,resolved,Acrylonitrile ACN,brent
F25-MGDA-EU·EU,F25-MGDA-EU,EU,3,8,0.08,Caustic soda,NAOH-NWE,d,indexed,direct,elec-eu,resolved,Caustic soda,elec-eu
F25-MGDA-EU·EU,F25-MGDA-EU,EU,4,7,0.07,Industrial electricity,ELEC-EU,d,indexed,direct,elec-eu,resolved,Industrial electricity,elec-eu
F25-MGDA-EU·EU,F25-MGDA-EU,EU,5,10,0.1,Fixed costs LCI,LCI-EU,d,indexed,direct,lci-eu,resolved,Fixed costs LCI,lci-eu
F25-MGDA-EU·EU,F25-MGDA-EU,EU,6,21,0.21,Supplier margin,fixed,f,fixed,,,fixed,Supplier margin,
F25-MGDA-EU\u00b7NA,F25-MGDA-EU,NA,1,30,0.3,Methionine propylene proxy upstream,PRP-US,p,indexed,proxy,ethylene-propylene-na,resolved,Methionine propylene proxy upstream,ethylene-propylene-na
F25-MGDA-EU\u00b7NA,F25-MGDA-EU,NA,2,24,0.24,Acrylonitrile ACN,ACN-NA,d,indexed,direct,brent,resolved,Acrylonitrile ACN,brent
F25-MGDA-EU\u00b7NA,F25-MGDA-EU,NA,3,8,0.08,Caustic soda,NAOH-NA,d,indexed,direct,caustic-soda-na,resolved,Caustic soda,caustic-soda-na
F25-MGDA-EU\u00b7NA,F25-MGDA-EU,NA,4,7,0.07,Industrial electricity,ELEC-NA,d,indexed,direct,elec-na,resolved,Industrial electricity,elec-na
F25-MGDA-EU\u00b7NA,F25-MGDA-EU,NA,5,10,0.1,Fixed costs LCI,LCI-NA,d,indexed,direct,lci-na,resolved,Fixed costs LCI,lci-na
F25-MGDA-EU\u00b7NA,F25-MGDA-EU,NA,6,21,0.21,Supplier margin,fixed,f,fixed,,,fixed,Supplier margin,
CLN-CA-PWD·CN,CLN-CA-PWD,CN,1,62,0.62,Corn glucose fermentation,GLUC-CN,d,indexed,direct,corn,resolved,Corn glucose fermentation,corn
CLN-CA-PWD·CN,CLN-CA-PWD,CN,2,10,0.1,Industrial electricity,ELEC-CN,d,indexed,direct,elec-cn,resolved,Industrial electricity,elec-cn
CLN-CA-PWD·CN,CLN-CA-PWD,CN,3,4,0.04,HDPE bag packaging,HDPE-CN,d,indexed,direct,brent,resolved,HDPE bag packaging,brent
CLN-CA-PWD·CN,CLN-CA-PWD,CN,4,12,0.12,Fixed costs LCI,LCI-CN,d,indexed,direct,lci-cn,resolved,Fixed costs LCI,lci-cn
CLN-CA-PWD·CN,CLN-CA-PWD,CN,5,12,0.12,Supplier margin,fixed,f,fixed,,,fixed,Supplier margin,
CLN-CA-PWD·EU,CLN-CA-PWD,EU,1,62,0.62,Corn glucose fermentation,GLUC-ICIS,d,indexed,direct,corn,resolved,Corn glucose fermentation,corn
CLN-CA-PWD·EU,CLN-CA-PWD,EU,2,10,0.1,Industrial electricity,ELEC-EU,d,indexed,direct,elec-eu,resolved,Industrial electricity,elec-eu
CLN-CA-PWD·EU,CLN-CA-PWD,EU,3,4,0.04,HDPE bag packaging,HDPE-EU,d,indexed,direct,brent,resolved,HDPE bag packaging,brent
CLN-CA-PWD·EU,CLN-CA-PWD,EU,4,12,0.12,Fixed costs LCI,LCI-EU,d,indexed,direct,lci-eu,resolved,Fixed costs LCI,lci-eu
CLN-CA-PWD·EU,CLN-CA-PWD,EU,5,12,0.12,Supplier margin,fixed,f,fixed,,,fixed,Supplier margin,
CLN-CA-PWD·NA,CLN-CA-PWD,NA,1,62,0.62,Corn glucose fermentation,CORN-CBOT,p,indexed,proxy,corn,resolved,Corn glucose fermentation,corn
CLN-CA-PWD·NA,CLN-CA-PWD,NA,2,10,0.1,Industrial electricity,ELEC-NA,d,indexed,direct,elec-na,resolved,Industrial electricity,elec-na
CLN-CA-PWD·NA,CLN-CA-PWD,NA,3,4,0.04,HDPE bag packaging,HDPE-NA,d,indexed,direct,hdpe-na,resolved,HDPE bag packaging,hdpe-na
CLN-CA-PWD·NA,CLN-CA-PWD,NA,4,12,0.12,Fixed costs LCI,LCI-NA,d,indexed,direct,lci-na,resolved,Fixed costs LCI,lci-na
CLN-CA-PWD·NA,CLN-CA-PWD,NA,5,12,0.12,Supplier margin,fixed,f,fixed,,,fixed,Supplier margin,
CLN-CA-PWD·APAC,CLN-CA-PWD,APAC,1,62,0.62,Corn glucose fermentation,CORN-CBOT,p,indexed,proxy,corn,resolved,Corn glucose fermentation,corn
CLN-CA-PWD·APAC,CLN-CA-PWD,APAC,2,10,0.1,Industrial electricity,ELEC-APAC,d,indexed,direct,elec-cn,resolved,Industrial electricity,elec-cn
CLN-CA-PWD·APAC,CLN-CA-PWD,APAC,3,4,0.04,HDPE bag packaging,HDPE-ASIA,p,indexed,proxy,brent,resolved,HDPE bag packaging,brent
CLN-CA-PWD·APAC,CLN-CA-PWD,APAC,4,12,0.12,Fixed costs LCI,LCI-APAC,d,indexed,direct,lci-apac,resolved,Fixed costs LCI,lci-apac
CLN-CA-PWD·APAC,CLN-CA-PWD,APAC,5,12,0.12,Supplier margin,fixed,f,fixed,,,fixed,Supplier margin,
FOD-CA-ANH·CN,FOD-CA-ANH,CN,1,62,0.62,Corn glucose fermentation,GLUC-CN,d,indexed,direct,corn,resolved,Corn glucose fermentation,corn
FOD-CA-ANH·CN,FOD-CA-ANH,CN,2,10,0.1,Industrial electricity,ELEC-CN,d,indexed,direct,elec-cn,resolved,Industrial electricity,elec-cn
FOD-CA-ANH·CN,FOD-CA-ANH,CN,3,4,0.04,HDPE bag packaging,HDPE-CN,d,indexed,direct,brent,resolved,HDPE bag packaging,brent
FOD-CA-ANH·CN,FOD-CA-ANH,CN,4,12,0.12,Fixed costs LCI,LCI-CN,d,indexed,direct,lci-cn,resolved,Fixed costs LCI,lci-cn
FOD-CA-ANH·CN,FOD-CA-ANH,CN,5,12,0.12,Supplier margin,fixed,f,fixed,,,fixed,Supplier margin,
FOD-CA-ANH·EU,FOD-CA-ANH,EU,1,62,0.62,Corn glucose fermentation,GLUC-ICIS,d,indexed,direct,corn,resolved,Corn glucose fermentation,corn
FOD-CA-ANH·EU,FOD-CA-ANH,EU,2,10,0.1,Industrial electricity,ELEC-EU,d,indexed,direct,elec-eu,resolved,Industrial electricity,elec-eu
FOD-CA-ANH·EU,FOD-CA-ANH,EU,3,4,0.04,HDPE bag packaging,HDPE-EU,d,indexed,direct,brent,resolved,HDPE bag packaging,brent
FOD-CA-ANH·EU,FOD-CA-ANH,EU,4,12,0.12,Fixed costs LCI,LCI-EU,d,indexed,direct,lci-eu,resolved,Fixed costs LCI,lci-eu
FOD-CA-ANH·EU,FOD-CA-ANH,EU,5,12,0.12,Supplier margin,fixed,f,fixed,,,fixed,Supplier margin,
FOD-CA-ANH·NA,FOD-CA-ANH,NA,1,62,0.62,Corn glucose fermentation,CORN-CBOT,p,indexed,proxy,corn,resolved,Corn glucose fermentation,corn
FOD-CA-ANH·NA,FOD-CA-ANH,NA,2,10,0.1,Industrial electricity,ELEC-NA,d,indexed,direct,elec-na,resolved,Industrial electricity,elec-na
FOD-CA-ANH·NA,FOD-CA-ANH,NA,3,4,0.04,HDPE bag packaging,HDPE-NA,d,indexed,direct,hdpe-na,resolved,HDPE bag packaging,hdpe-na
FOD-CA-ANH·NA,FOD-CA-ANH,NA,4,12,0.12,Fixed costs LCI,LCI-NA,d,indexed,direct,lci-na,resolved,Fixed costs LCI,lci-na
FOD-CA-ANH·NA,FOD-CA-ANH,NA,5,12,0.12,Supplier margin,fixed,f,fixed,,,fixed,Supplier margin,
FOD-CA-ANH·APAC,FOD-CA-ANH,APAC,1,62,0.62,Corn glucose fermentation,CORN-CBOT,p,indexed,proxy,corn,resolved,Corn glucose fermentation,corn
FOD-CA-ANH·APAC,FOD-CA-ANH,APAC,2,10,0.1,Industrial electricity,ELEC-APAC,d,indexed,direct,elec-cn,resolved,Industrial electricity,elec-cn
FOD-CA-ANH·APAC,FOD-CA-ANH,APAC,3,4,0.04,HDPE bag packaging,HDPE-ASIA,p,indexed,proxy,brent,resolved,HDPE bag packaging,brent
FOD-CA-ANH·APAC,FOD-CA-ANH,APAC,4,12,0.12,Fixed costs LCI,LCI-APAC,d,indexed,direct,lci-apac,resolved,Fixed costs LCI,lci-apac
FOD-CA-ANH·APAC,FOD-CA-ANH,APAC,5,12,0.12,Supplier margin,fixed,f,fixed,,,fixed,Supplier margin,
F26-GLUT-EU·EU,F26-GLUT-EU,EU,1,52,0.52,"Propylene 1,5-pentanediol route propylene proxy",PRP-NWE,p,indexed,proxy,brent,resolved,"Propylene 1,5-pentanediol route propylene proxy",brent
F26-GLUT-EU·EU,F26-GLUT-EU,EU,2,8,0.08,Industrial electricity,ELEC-EU,d,indexed,direct,elec-eu,resolved,Industrial electricity,elec-eu
F26-GLUT-EU·EU,F26-GLUT-EU,EU,3,10,0.1,Process water,WATER-EU,p,indexed,proxy,water-eu,resolved,Process water,water-eu
F26-GLUT-EU·EU,F26-GLUT-EU,EU,4,10,0.1,Fixed costs LCI,LCI-EU,d,indexed,direct,lci-eu,resolved,Fixed costs LCI,lci-eu
F26-GLUT-EU·EU,F26-GLUT-EU,EU,5,20,0.2,Supplier margin,fixed,f,fixed,,,fixed,Supplier margin,
F26-GLUT-EU\u00b7CN,F26-GLUT-EU,CN,1,52,0.52,"Propylene 1,5-pentanediol route propylene proxy",PRP-CN,p,indexed,proxy,brent,resolved,"Propylene 1,5-pentanediol route propylene proxy",brent
F26-GLUT-EU\u00b7CN,F26-GLUT-EU,CN,2,8,0.08,Industrial electricity,ELEC-CN,d,indexed,direct,elec-cn,resolved,Industrial electricity,elec-cn
F26-GLUT-EU\u00b7CN,F26-GLUT-EU,CN,3,10,0.1,Process water,WATER-EU,p,indexed,proxy,water-eu,resolved,Process water,water-eu
F26-GLUT-EU\u00b7CN,F26-GLUT-EU,CN,4,10,0.1,Fixed costs LCI,LCI-CN,d,indexed,direct,lci-cn,resolved,Fixed costs LCI,lci-cn
F26-GLUT-EU\u00b7CN,F26-GLUT-EU,CN,5,20,0.2,Supplier margin,fixed,f,fixed,,,fixed,Supplier margin,
F26-GLUT-EU\u00b7NA,F26-GLUT-EU,NA,1,52,0.52,"Propylene 1,5-pentanediol route propylene proxy",PRP-US,p,indexed,proxy,ethylene-propylene-na,resolved,"Propylene 1,5-pentanediol route propylene proxy",ethylene-propylene-na
F26-GLUT-EU\u00b7NA,F26-GLUT-EU,NA,2,8,0.08,Industrial electricity,ELEC-NA,d,indexed,direct,elec-na,resolved,Industrial electricity,elec-na
F26-GLUT-EU\u00b7NA,F26-GLUT-EU,NA,3,10,0.1,Process water,WATER-EU,p,indexed,proxy,water-eu,resolved,Process water,water-eu
F26-GLUT-EU\u00b7NA,F26-GLUT-EU,NA,4,10,0.1,Fixed costs LCI,LCI-NA,d,indexed,direct,lci-na,resolved,Fixed costs LCI,lci-na
F26-GLUT-EU\u00b7NA,F26-GLUT-EU,NA,5,20,0.2,Supplier margin,fixed,f,fixed,,,fixed,Supplier margin,
F26-PHEOH-EU·EU,F26-PHEOH-EU,EU,1,36,0.36,Phenol benzene chain,BZ-EU,d,indexed,direct,brent,resolved,Phenol benzene chain,brent
F26-PHEOH-EU·EU,F26-PHEOH-EU,EU,2,28,0.28,Ethylene oxide,EO-EU,d,indexed,direct,brent,resolved,Ethylene oxide,brent
F26-PHEOH-EU·EU,F26-PHEOH-EU,EU,3,8,0.08,Industrial electricity,ELEC-EU,d,indexed,direct,elec-eu,resolved,Industrial electricity,elec-eu
F26-PHEOH-EU·EU,F26-PHEOH-EU,EU,4,10,0.1,Fixed costs LCI,LCI-EU,d,indexed,direct,lci-eu,resolved,Fixed costs LCI,lci-eu
F26-PHEOH-EU·EU,F26-PHEOH-EU,EU,5,18,0.18,Supplier margin,fixed,f,fixed,,,fixed,Supplier margin,
F26-PHEOH-EU\u00b7CN,F26-PHEOH-EU,CN,1,36,0.36,Phenol benzene chain,BZ-CN,d,indexed,direct,brent,resolved,Phenol benzene chain,brent
F26-PHEOH-EU\u00b7CN,F26-PHEOH-EU,CN,2,28,0.28,Ethylene oxide,EO-CN,d,indexed,direct,brent,resolved,Ethylene oxide,brent
F26-PHEOH-EU\u00b7CN,F26-PHEOH-EU,CN,3,8,0.08,Industrial electricity,ELEC-CN,d,indexed,direct,elec-cn,resolved,Industrial electricity,elec-cn
F26-PHEOH-EU\u00b7CN,F26-PHEOH-EU,CN,4,10,0.1,Fixed costs LCI,LCI-CN,d,indexed,direct,lci-cn,resolved,Fixed costs LCI,lci-cn
F26-PHEOH-EU\u00b7CN,F26-PHEOH-EU,CN,5,18,0.18,Supplier margin,fixed,f,fixed,,,fixed,Supplier margin,
F26-BIT-EU·EU,F26-BIT-EU,EU,1,36,0.36,Thiodiglycol ethylene+H2S proxy,ETH-NWE,p,indexed,proxy,brent,resolved,Thiodiglycol ethylene+H2S proxy,brent
F26-BIT-EU·EU,F26-BIT-EU,EU,2,18,0.18,Chlorine ring closure,CL2-EU,d,indexed,direct,elec-eu,resolved,Chlorine ring closure,elec-eu
F26-BIT-EU·EU,F26-BIT-EU,EU,3,8,0.08,Industrial electricity,ELEC-EU,d,indexed,direct,elec-eu,resolved,Industrial electricity,elec-eu
F26-BIT-EU·EU,F26-BIT-EU,EU,4,4,0.04,HDPE drum packaging,HDPE-EU,d,indexed,direct,brent,resolved,HDPE drum packaging,brent
F26-BIT-EU·EU,F26-BIT-EU,EU,5,10,0.1,Fixed costs LCI,LCI-EU,d,indexed,direct,lci-eu,resolved,Fixed costs LCI,lci-eu
F26-BIT-EU·EU,F26-BIT-EU,EU,6,24,0.24,Supplier margin,fixed,f,fixed,,,fixed,Supplier margin,
F26-BIT-EU\u00b7CN,F26-BIT-EU,CN,1,36,0.36,Thiodiglycol ethylene+H2S proxy,ETH-CN,p,indexed,proxy,brent,resolved,Thiodiglycol ethylene+H2S proxy,brent
F26-BIT-EU\u00b7CN,F26-BIT-EU,CN,2,18,0.18,Chlorine ring closure,CL2-CN,d,indexed,direct,elec-cn,resolved,Chlorine ring closure,elec-cn
F26-BIT-EU\u00b7CN,F26-BIT-EU,CN,3,8,0.08,Industrial electricity,ELEC-CN,d,indexed,direct,elec-cn,resolved,Industrial electricity,elec-cn
F26-BIT-EU\u00b7CN,F26-BIT-EU,CN,4,4,0.04,HDPE drum packaging,HDPE-CN,d,indexed,direct,brent,resolved,HDPE drum packaging,brent
F26-BIT-EU\u00b7CN,F26-BIT-EU,CN,5,10,0.1,Fixed costs LCI,LCI-CN,d,indexed,direct,lci-cn,resolved,Fixed costs LCI,lci-cn
F26-BIT-EU\u00b7CN,F26-BIT-EU,CN,6,24,0.24,Supplier margin,fixed,f,fixed,,,fixed,Supplier margin,
F26-MIT-EU·EU,F26-MIT-EU,EU,1,40,0.4,Dichlorobutene Cl2+butadiene proxy,CL2-EU,p,indexed,proxy,elec-eu,resolved,Dichlorobutene Cl2+butadiene proxy,elec-eu
F26-MIT-EU·EU,F26-MIT-EU,EU,2,20,0.2,Methylamine methanol proxy,MEOH-EU,p,indexed,proxy,methanol-na,resolved,Methylamine methanol proxy,methanol-na
F26-MIT-EU·EU,F26-MIT-EU,EU,3,8,0.08,Industrial electricity,ELEC-EU,d,indexed,direct,elec-eu,resolved,Industrial electricity,elec-eu
F26-MIT-EU·EU,F26-MIT-EU,EU,4,10,0.1,Fixed costs LCI,LCI-EU,d,indexed,direct,lci-eu,resolved,Fixed costs LCI,lci-eu
F26-MIT-EU·EU,F26-MIT-EU,EU,5,22,0.22,Supplier margin,fixed,f,fixed,,,fixed,Supplier margin,
F26-MIT-EU\u00b7CN,F26-MIT-EU,CN,1,40,0.4,Dichlorobutene Cl2+butadiene proxy,CL2-CN,p,indexed,proxy,elec-cn,resolved,Dichlorobutene Cl2+butadiene proxy,elec-cn
F26-MIT-EU\u00b7CN,F26-MIT-EU,CN,2,20,0.2,Methylamine methanol proxy,MEOH-CN,p,indexed,proxy,methanol-na,resolved,Methylamine methanol proxy,methanol-na
F26-MIT-EU\u00b7CN,F26-MIT-EU,CN,3,8,0.08,Industrial electricity,ELEC-CN,d,indexed,direct,elec-cn,resolved,Industrial electricity,elec-cn
F26-MIT-EU\u00b7CN,F26-MIT-EU,CN,4,10,0.1,Fixed costs LCI,LCI-CN,d,indexed,direct,lci-cn,resolved,Fixed costs LCI,lci-cn
F26-MIT-EU\u00b7CN,F26-MIT-EU,CN,5,22,0.22,Supplier margin,fixed,f,fixed,,,fixed,Supplier margin,
F26-MIT-EU\u00b7NA,F26-MIT-EU,NA,1,40,0.4,Dichlorobutene Cl2+butadiene proxy,CL2-NA,p,indexed,proxy,caustic-soda-na,resolved,Dichlorobutene Cl2+butadiene proxy,caustic-soda-na
F26-MIT-EU\u00b7NA,F26-MIT-EU,NA,2,20,0.2,Methylamine methanol proxy,MEOH-NA,p,indexed,proxy,methanol-na,resolved,Methylamine methanol proxy,methanol-na
F26-MIT-EU\u00b7NA,F26-MIT-EU,NA,3,8,0.08,Industrial electricity,ELEC-NA,d,indexed,direct,elec-na,resolved,Industrial electricity,elec-na
F26-MIT-EU\u00b7NA,F26-MIT-EU,NA,4,10,0.1,Fixed costs LCI,LCI-NA,d,indexed,direct,lci-na,resolved,Fixed costs LCI,lci-na
F26-MIT-EU\u00b7NA,F26-MIT-EU,NA,5,22,0.22,Supplier margin,fixed,f,fixed,,,fixed,Supplier margin,
F27-PEA-EU·EU,F27-PEA-EU,EU,1,38,0.38,Benzene Friedel-Crafts route,BZ-EU,d,indexed,direct,brent,resolved,Benzene Friedel-Crafts route,brent
F27-PEA-EU·EU,F27-PEA-EU,EU,2,24,0.24,Ethylene oxide,EO-EU,d,indexed,direct,brent,resolved,Ethylene oxide,brent
F27-PEA-EU·EU,F27-PEA-EU,EU,3,8,0.08,Industrial electricity,ELEC-EU,d,indexed,direct,elec-eu,resolved,Industrial electricity,elec-eu
F27-PEA-EU·EU,F27-PEA-EU,EU,4,10,0.1,Fixed costs LCI,LCI-EU,d,indexed,direct,lci-eu,resolved,Fixed costs LCI,lci-eu
F27-PEA-EU·EU,F27-PEA-EU,EU,5,20,0.2,Supplier margin,fixed,f,fixed,,,fixed,Supplier margin,
F27-PEA-EU\u00b7CN,F27-PEA-EU,CN,1,38,0.38,Benzene Friedel-Crafts route,BZ-CN,d,indexed,direct,brent,resolved,Benzene Friedel-Crafts route,brent
F27-PEA-EU\u00b7CN,F27-PEA-EU,CN,2,24,0.24,Ethylene oxide,EO-CN,d,indexed,direct,brent,resolved,Ethylene oxide,brent
F27-PEA-EU\u00b7CN,F27-PEA-EU,CN,3,8,0.08,Industrial electricity,ELEC-CN,d,indexed,direct,elec-cn,resolved,Industrial electricity,elec-cn
F27-PEA-EU\u00b7CN,F27-PEA-EU,CN,4,10,0.1,Fixed costs LCI,LCI-CN,d,indexed,direct,lci-cn,resolved,Fixed costs LCI,lci-cn
F27-PEA-EU\u00b7CN,F27-PEA-EU,CN,5,20,0.2,Supplier margin,fixed,f,fixed,,,fixed,Supplier margin,
F27-PEA-EU\u00b7NA,F27-PEA-EU,NA,1,38,0.38,Benzene Friedel-Crafts route,BZ-NA,p,indexed,proxy,benzene-na,resolved,Benzene Friedel-Crafts route,benzene-na
F27-PEA-EU\u00b7NA,F27-PEA-EU,NA,2,24,0.24,Ethylene oxide,EO-ASIA,p,indexed,proxy,brent,resolved,Ethylene oxide,brent
F27-PEA-EU\u00b7NA,F27-PEA-EU,NA,3,8,0.08,Industrial electricity,ELEC-NA,d,indexed,direct,elec-na,resolved,Industrial electricity,elec-na
F27-PEA-EU\u00b7NA,F27-PEA-EU,NA,4,10,0.1,Fixed costs LCI,LCI-NA,d,indexed,direct,lci-na,resolved,Fixed costs LCI,lci-na
F27-PEA-EU\u00b7NA,F27-PEA-EU,NA,5,20,0.2,Supplier margin,fixed,f,fixed,,,fixed,Supplier margin,
F27-GAL-SOL·EU,F27-GAL-SOL,EU,1,58,0.58,Proprietary synthesis route no public feedstock index,fixed,f,fixed,,,fixed,Proprietary synthesis route no public feedstock index,
F27-GAL-SOL·EU,F27-GAL-SOL,EU,2,6,0.06,Industrial electricity,ELEC-EU,d,indexed,direct,elec-eu,resolved,Industrial electricity,elec-eu
F27-GAL-SOL·EU,F27-GAL-SOL,EU,3,4,0.04,Fixed costs LCI escalator only,LCI-EU,d,indexed,direct,lci-eu,resolved,Fixed costs LCI escalator only,lci-eu
F27-GAL-SOL·EU,F27-GAL-SOL,EU,4,32,0.32,Supplier margin performance/IP priced,fixed,f,fixed,,,fixed,Supplier margin performance/IP priced,
F27-BION-EU·EU,F27-BION-EU,EU,1,38,0.38,Acetone ionone synthesis route,PRP-NWE,p,indexed,proxy,brent,resolved,Acetone ionone synthesis route,brent
F27-BION-EU·EU,F27-BION-EU,EU,2,18,0.18,Acetylene calcium carbide route proxy,ELEC-EU,p,indexed,proxy,elec-eu,resolved,Acetylene calcium carbide route proxy,elec-eu
F27-BION-EU·EU,F27-BION-EU,EU,3,8,0.08,Industrial electricity,ELEC-EU,d,indexed,direct,elec-eu,resolved,Industrial electricity,elec-eu
F27-BION-EU·EU,F27-BION-EU,EU,4,12,0.12,Fixed costs LCI,LCI-EU,d,indexed,direct,lci-eu,resolved,Fixed costs LCI,lci-eu
F27-BION-EU·EU,F27-BION-EU,EU,5,24,0.24,Supplier margin,fixed,f,fixed,,,fixed,Supplier margin,
F27-BION-EU\u00b7CN,F27-BION-EU,CN,1,38,0.38,Acetone ionone synthesis route,PRP-CN,p,indexed,proxy,brent,resolved,Acetone ionone synthesis route,brent
F27-BION-EU\u00b7CN,F27-BION-EU,CN,2,18,0.18,Acetylene calcium carbide route proxy,ELEC-CN,p,indexed,proxy,elec-cn,resolved,Acetylene calcium carbide route proxy,elec-cn
F27-BION-EU\u00b7CN,F27-BION-EU,CN,3,8,0.08,Industrial electricity,ELEC-CN,d,indexed,direct,elec-cn,resolved,Industrial electricity,elec-cn
F27-BION-EU\u00b7CN,F27-BION-EU,CN,4,12,0.12,Fixed costs LCI,LCI-CN,d,indexed,direct,lci-cn,resolved,Fixed costs LCI,lci-cn
F27-BION-EU\u00b7CN,F27-BION-EU,CN,5,24,0.24,Supplier margin,fixed,f,fixed,,,fixed,Supplier margin,
F27-BION-EU\u00b7NA,F27-BION-EU,NA,1,38,0.38,Acetone ionone synthesis route,PRP-US,p,indexed,proxy,ethylene-propylene-na,resolved,Acetone ionone synthesis route,ethylene-propylene-na
F27-BION-EU\u00b7NA,F27-BION-EU,NA,2,18,0.18,Acetylene calcium carbide route proxy,ELEC-NA,p,indexed,proxy,elec-na,resolved,Acetylene calcium carbide route proxy,elec-na
F27-BION-EU\u00b7NA,F27-BION-EU,NA,3,8,0.08,Industrial electricity,ELEC-NA,d,indexed,direct,elec-na,resolved,Industrial electricity,elec-na
F27-BION-EU\u00b7NA,F27-BION-EU,NA,4,12,0.12,Fixed costs LCI,LCI-NA,d,indexed,direct,lci-na,resolved,Fixed costs LCI,lci-na
F27-BION-EU\u00b7NA,F27-BION-EU,NA,5,24,0.24,Supplier margin,fixed,f,fixed,,,fixed,Supplier margin,
F27-CIT-EU·EU,F27-CIT-EU,EU,1,60,0.6,Alpha/beta-Pinene turpentine forestry by-product no liquid index,fixed,f,fixed,,,fixed,Alpha/beta-Pinene turpentine forestry by-product no liquid index,
F27-CIT-EU·EU,F27-CIT-EU,EU,2,8,0.08,Industrial electricity,ELEC-EU,d,indexed,direct,elec-eu,resolved,Industrial electricity,elec-eu
F27-CIT-EU·EU,F27-CIT-EU,EU,3,10,0.1,Fixed costs LCI,LCI-EU,d,indexed,direct,lci-eu,resolved,Fixed costs LCI,lci-eu
F27-CIT-EU·EU,F27-CIT-EU,EU,4,22,0.22,Supplier margin,fixed,f,fixed,,,fixed,Supplier margin,
F27-CIT-EU\u00b7CN,F27-CIT-EU,CN,1,60,0.6,Alpha/beta-Pinene turpentine forestry by-product no liquid index,fixed,f,fixed,,,fixed,Alpha/beta-Pinene turpentine forestry by-product no liquid index,
F27-CIT-EU\u00b7CN,F27-CIT-EU,CN,2,8,0.08,Industrial electricity,ELEC-CN,d,indexed,direct,elec-cn,resolved,Industrial electricity,elec-cn
F27-CIT-EU\u00b7CN,F27-CIT-EU,CN,3,10,0.1,Fixed costs LCI,LCI-CN,d,indexed,direct,lci-cn,resolved,Fixed costs LCI,lci-cn
F27-CIT-EU\u00b7CN,F27-CIT-EU,CN,4,22,0.22,Supplier margin,fixed,f,fixed,,,fixed,Supplier margin,
F27-LIN-EU·EU,F27-LIN-EU,EU,1,58,0.58,Ho wood oil Brazilian rosewood no liquid index,fixed,f,fixed,,,fixed,Ho wood oil Brazilian rosewood no liquid index,
F27-LIN-EU·EU,F27-LIN-EU,EU,2,8,0.08,Industrial electricity,ELEC-EU,d,indexed,direct,elec-eu,resolved,Industrial electricity,elec-eu
F27-LIN-EU·EU,F27-LIN-EU,EU,3,10,0.1,Fixed costs LCI,LCI-EU,d,indexed,direct,lci-eu,resolved,Fixed costs LCI,lci-eu
F27-LIN-EU·EU,F27-LIN-EU,EU,4,24,0.24,Supplier margin,fixed,f,fixed,,,fixed,Supplier margin,
F27-LIN-EU\u00b7CN,F27-LIN-EU,CN,1,58,0.58,Ho wood oil Brazilian rosewood no liquid index,fixed,f,fixed,,,fixed,Ho wood oil Brazilian rosewood no liquid index,
F27-LIN-EU\u00b7CN,F27-LIN-EU,CN,2,8,0.08,Industrial electricity,ELEC-CN,d,indexed,direct,elec-cn,resolved,Industrial electricity,elec-cn
F27-LIN-EU\u00b7CN,F27-LIN-EU,CN,3,10,0.1,Fixed costs LCI,LCI-CN,d,indexed,direct,lci-cn,resolved,Fixed costs LCI,lci-cn
F27-LIN-EU\u00b7CN,F27-LIN-EU,CN,4,24,0.24,Supplier margin,fixed,f,fixed,,,fixed,Supplier margin,
F28-AZOX-CN·CN,F28-AZOX-CN,CN,1,44,0.44,Salicylonitrile benzene proxy,BZ-CN,p,indexed,proxy,brent,resolved,Salicylonitrile benzene proxy,brent
F28-AZOX-CN·CN,F28-AZOX-CN,CN,2,10,0.1,Methanol methoxy groups,MEOH-CN,d,indexed,direct,methanol-na,resolved,Methanol methoxy groups,methanol-na
F28-AZOX-CN·CN,F28-AZOX-CN,CN,3,8,0.08,Industrial electricity,ELEC-CN,d,indexed,direct,elec-cn,resolved,Industrial electricity,elec-cn
F28-AZOX-CN·CN,F28-AZOX-CN,CN,4,4,0.04,HDPE drum packaging,HDPE-CN,d,indexed,direct,brent,resolved,HDPE drum packaging,brent
F28-AZOX-CN·CN,F28-AZOX-CN,CN,5,10,0.1,Fixed costs LCI,LCI-CN,d,indexed,direct,lci-cn,resolved,Fixed costs LCI,lci-cn
F28-AZOX-CN·CN,F28-AZOX-CN,CN,6,24,0.24,Supplier margin Syngenta patent expired 2015,fixed,f,fixed,,,fixed,Supplier margin Syngenta patent expired 2015,
F28-AZOX-CN\u00b7IN,F28-AZOX-CN,IN,1,44,0.44,Salicylonitrile benzene proxy,BZ-ASIA,p,indexed,proxy,brent,resolved,Salicylonitrile benzene proxy,brent
F28-AZOX-CN\u00b7IN,F28-AZOX-CN,IN,2,10,0.1,Methanol methoxy groups,MEOH-ASIA,p,indexed,proxy,methanol-na,resolved,Methanol methoxy groups,methanol-na
F28-AZOX-CN\u00b7IN,F28-AZOX-CN,IN,3,8,0.08,Industrial electricity,ELEC-IN,d,indexed,direct,elec-in,resolved,Industrial electricity,elec-in
F28-AZOX-CN\u00b7IN,F28-AZOX-CN,IN,4,4,0.04,HDPE drum packaging,HDPE-ASIA,p,indexed,proxy,brent,resolved,HDPE drum packaging,brent
F28-AZOX-CN\u00b7IN,F28-AZOX-CN,IN,5,10,0.1,Fixed costs LCI,LCI-IN,d,indexed,direct,lci-in,resolved,Fixed costs LCI,lci-in
F28-AZOX-CN\u00b7IN,F28-AZOX-CN,IN,6,24,0.24,Supplier margin Syngenta patent expired 2015,fixed,f,fixed,,,fixed,Supplier margin Syngenta patent expired 2015,
F28-MANZ-CN·CN,F28-MANZ-CN,CN,1,26,0.26,Carbon disulfide CS2 sulfur proxy,SULF-WB,p,indexed,proxy,sulfuric-acid-na,resolved,Carbon disulfide CS2 sulfur proxy,sulfuric-acid-na
F28-MANZ-CN·CN,F28-MANZ-CN,CN,2,18,0.18,Ethylenediamine EDA ammonia proxy,NH3-CN,p,indexed,proxy,ammonia-na,resolved,Ethylenediamine EDA ammonia proxy,ammonia-na
F28-MANZ-CN·CN,F28-MANZ-CN,CN,3,16,0.16,Manganese zinc salts LME proxy,ZN-LME,p,indexed,proxy,zinc,resolved,Manganese zinc salts LME proxy,zinc
F28-MANZ-CN·CN,F28-MANZ-CN,CN,4,8,0.08,Industrial electricity,ELEC-CN,d,indexed,direct,elec-cn,resolved,Industrial electricity,elec-cn
F28-MANZ-CN·CN,F28-MANZ-CN,CN,5,4,0.04,HDPE bag packaging,HDPE-CN,d,indexed,direct,brent,resolved,HDPE bag packaging,brent
F28-MANZ-CN·CN,F28-MANZ-CN,CN,6,10,0.1,Fixed costs LCI,LCI-CN,d,indexed,direct,lci-cn,resolved,Fixed costs LCI,lci-cn
F28-MANZ-CN·CN,F28-MANZ-CN,CN,7,18,0.18,Supplier margin,fixed,f,fixed,,,fixed,Supplier margin,
F28-MANZ-CN\u00b7EU,F28-MANZ-CN,EU,1,26,0.26,Carbon disulfide CS2 sulfur proxy,SULF-WB,p,indexed,proxy,sulfuric-acid-na,resolved,Carbon disulfide CS2 sulfur proxy,sulfuric-acid-na
F28-MANZ-CN\u00b7EU,F28-MANZ-CN,EU,2,18,0.18,Ethylenediamine EDA ammonia proxy,NH3-EU,p,indexed,proxy,ttf-eu,resolved,Ethylenediamine EDA ammonia proxy,ttf-eu
F28-MANZ-CN\u00b7EU,F28-MANZ-CN,EU,3,16,0.16,Manganese zinc salts LME proxy,ZN-LME,p,indexed,proxy,zinc,resolved,Manganese zinc salts LME proxy,zinc
F28-MANZ-CN\u00b7EU,F28-MANZ-CN,EU,4,8,0.08,Industrial electricity,ELEC-EU,d,indexed,direct,elec-eu,resolved,Industrial electricity,elec-eu
F28-MANZ-CN\u00b7EU,F28-MANZ-CN,EU,5,4,0.04,HDPE bag packaging,HDPE-EU,d,indexed,direct,brent,resolved,HDPE bag packaging,brent
F28-MANZ-CN\u00b7EU,F28-MANZ-CN,EU,6,10,0.1,Fixed costs LCI,LCI-EU,d,indexed,direct,lci-eu,resolved,Fixed costs LCI,lci-eu
F28-MANZ-CN\u00b7EU,F28-MANZ-CN,EU,7,18,0.18,Supplier margin,fixed,f,fixed,,,fixed,Supplier margin,
F28-MANZ-CN\u00b7IN,F28-MANZ-CN,IN,1,26,0.26,Carbon disulfide CS2 sulfur proxy,SULF-WB,p,indexed,proxy,sulfuric-acid-na,resolved,Carbon disulfide CS2 sulfur proxy,sulfuric-acid-na
F28-MANZ-CN\u00b7IN,F28-MANZ-CN,IN,2,18,0.18,Ethylenediamine EDA ammonia proxy,NH3-IN,p,indexed,proxy,gas-india,resolved,Ethylenediamine EDA ammonia proxy,gas-india
F28-MANZ-CN\u00b7IN,F28-MANZ-CN,IN,3,16,0.16,Manganese zinc salts LME proxy,ZN-LME,p,indexed,proxy,zinc,resolved,Manganese zinc salts LME proxy,zinc
F28-MANZ-CN\u00b7IN,F28-MANZ-CN,IN,4,8,0.08,Industrial electricity,ELEC-IN,d,indexed,direct,elec-in,resolved,Industrial electricity,elec-in
F28-MANZ-CN\u00b7IN,F28-MANZ-CN,IN,5,4,0.04,HDPE bag packaging,HDPE-ASIA,p,indexed,proxy,brent,resolved,HDPE bag packaging,brent
F28-MANZ-CN\u00b7IN,F28-MANZ-CN,IN,6,10,0.1,Fixed costs LCI,LCI-IN,d,indexed,direct,lci-in,resolved,Fixed costs LCI,lci-in
F28-MANZ-CN\u00b7IN,F28-MANZ-CN,IN,7,18,0.18,Supplier margin,fixed,f,fixed,,,fixed,Supplier margin,
F28-MANZ-CN\u00b7NA,F28-MANZ-CN,NA,1,26,0.26,Carbon disulfide CS2 sulfur proxy,SULF-WB,p,indexed,proxy,sulfuric-acid-na,resolved,Carbon disulfide CS2 sulfur proxy,sulfuric-acid-na
F28-MANZ-CN\u00b7NA,F28-MANZ-CN,NA,2,18,0.18,Ethylenediamine EDA ammonia proxy,NH3-NA,p,indexed,proxy,ammonia-na,resolved,Ethylenediamine EDA ammonia proxy,ammonia-na
F28-MANZ-CN\u00b7NA,F28-MANZ-CN,NA,3,16,0.16,Manganese zinc salts LME proxy,ZN-LME,p,indexed,proxy,zinc,resolved,Manganese zinc salts LME proxy,zinc
F28-MANZ-CN\u00b7NA,F28-MANZ-CN,NA,4,8,0.08,Industrial electricity,ELEC-NA,d,indexed,direct,elec-na,resolved,Industrial electricity,elec-na
F28-MANZ-CN\u00b7NA,F28-MANZ-CN,NA,5,4,0.04,HDPE bag packaging,HDPE-NA,d,indexed,direct,hdpe-na,resolved,HDPE bag packaging,hdpe-na
F28-MANZ-CN\u00b7NA,F28-MANZ-CN,NA,6,10,0.1,Fixed costs LCI,LCI-NA,d,indexed,direct,lci-na,resolved,Fixed costs LCI,lci-na
F28-MANZ-CN\u00b7NA,F28-MANZ-CN,NA,7,18,0.18,Supplier margin,fixed,f,fixed,,,fixed,Supplier margin,
F28-PROP-CN·CN,F28-PROP-CN,CN,1,22,0.22,Epichlorohydrin propylene proxy,PRP-CN,p,indexed,proxy,brent,resolved,Epichlorohydrin propylene proxy,brent
F28-PROP-CN·CN,F28-PROP-CN,CN,2,20,0.2,"1,2,4-Triazole ammonia proxy",NH3-CN,p,indexed,proxy,ammonia-na,resolved,"1,2,4-Triazole ammonia proxy",ammonia-na
F28-PROP-CN·CN,F28-PROP-CN,CN,3,18,0.18,Dichlorobenzene chlorine+benzene proxy,BZ-CN,p,indexed,proxy,brent,resolved,Dichlorobenzene chlorine+benzene proxy,brent
F28-PROP-CN·CN,F28-PROP-CN,CN,4,8,0.08,Industrial electricity,ELEC-CN,d,indexed,direct,elec-cn,resolved,Industrial electricity,elec-cn
F28-PROP-CN·CN,F28-PROP-CN,CN,5,10,0.1,Fixed costs LCI,LCI-CN,d,indexed,direct,lci-cn,resolved,Fixed costs LCI,lci-cn
F28-PROP-CN·CN,F28-PROP-CN,CN,6,22,0.22,Supplier margin,fixed,f,fixed,,,fixed,Supplier margin,
F28-PROP-CN\u00b7IN,F28-PROP-CN,IN,1,22,0.22,Epichlorohydrin propylene proxy,PRP-APAC,p,indexed,proxy,ethylene-propylene-na,resolved,Epichlorohydrin propylene proxy,ethylene-propylene-na
F28-PROP-CN\u00b7IN,F28-PROP-CN,IN,2,20,0.2,"1,2,4-Triazole ammonia proxy",NH3-IN,p,indexed,proxy,gas-india,resolved,"1,2,4-Triazole ammonia proxy",gas-india
F28-PROP-CN\u00b7IN,F28-PROP-CN,IN,3,18,0.18,Dichlorobenzene chlorine+benzene proxy,BZ-ASIA,p,indexed,proxy,brent,resolved,Dichlorobenzene chlorine+benzene proxy,brent
F28-PROP-CN\u00b7IN,F28-PROP-CN,IN,4,8,0.08,Industrial electricity,ELEC-IN,d,indexed,direct,elec-in,resolved,Industrial electricity,elec-in
F28-PROP-CN\u00b7IN,F28-PROP-CN,IN,5,10,0.1,Fixed costs LCI,LCI-IN,d,indexed,direct,lci-in,resolved,Fixed costs LCI,lci-in
F28-PROP-CN\u00b7IN,F28-PROP-CN,IN,6,22,0.22,Supplier margin,fixed,f,fixed,,,fixed,Supplier margin,
F28-PROP-CN\u00b7NA,F28-PROP-CN,NA,1,22,0.22,Epichlorohydrin propylene proxy,PRP-US,p,indexed,proxy,ethylene-propylene-na,resolved,Epichlorohydrin propylene proxy,ethylene-propylene-na
F28-PROP-CN\u00b7NA,F28-PROP-CN,NA,2,20,0.2,"1,2,4-Triazole ammonia proxy",NH3-NA,p,indexed,proxy,ammonia-na,resolved,"1,2,4-Triazole ammonia proxy",ammonia-na
F28-PROP-CN\u00b7NA,F28-PROP-CN,NA,3,18,0.18,Dichlorobenzene chlorine+benzene proxy,BZ-NA,p,indexed,proxy,benzene-na,resolved,Dichlorobenzene chlorine+benzene proxy,benzene-na
F28-PROP-CN\u00b7NA,F28-PROP-CN,NA,4,8,0.08,Industrial electricity,ELEC-NA,d,indexed,direct,elec-na,resolved,Industrial electricity,elec-na
F28-PROP-CN\u00b7NA,F28-PROP-CN,NA,5,10,0.1,Fixed costs LCI,LCI-NA,d,indexed,direct,lci-na,resolved,Fixed costs LCI,lci-na
F28-PROP-CN\u00b7NA,F28-PROP-CN,NA,6,22,0.22,Supplier margin,fixed,f,fixed,,,fixed,Supplier margin,
F28-CHLOR-CN·CN,F28-CHLOR-CN,CN,1,38,0.38,Phosphorus trichloride phosphate rock+chlorine,PHOS-WB,p,indexed,proxy,dap,resolved,Phosphorus trichloride phosphate rock+chlorine,dap
F28-CHLOR-CN·CN,F28-CHLOR-CN,CN,2,22,0.22,Chlorine trichloropyridine,CL2-CN,d,indexed,direct,elec-cn,resolved,Chlorine trichloropyridine,elec-cn
F28-CHLOR-CN·CN,F28-CHLOR-CN,CN,3,8,0.08,Industrial electricity,ELEC-CN,d,indexed,direct,elec-cn,resolved,Industrial electricity,elec-cn
F28-CHLOR-CN·CN,F28-CHLOR-CN,CN,4,4,0.04,HDPE drum packaging,HDPE-CN,d,indexed,direct,brent,resolved,HDPE drum packaging,brent
F28-CHLOR-CN·CN,F28-CHLOR-CN,CN,5,10,0.1,Fixed costs LCI,LCI-CN,d,indexed,direct,lci-cn,resolved,Fixed costs LCI,lci-cn
F28-CHLOR-CN·CN,F28-CHLOR-CN,CN,6,18,0.18,Supplier margin note EU regulatory restriction,fixed,f,fixed,,,fixed,Supplier margin note EU regulatory restriction,
F28-CHLOR-CN\u00b7EU,F28-CHLOR-CN,EU,1,38,0.38,Phosphorus trichloride phosphate rock+chlorine,PHOS-WB,p,indexed,proxy,dap,resolved,Phosphorus trichloride phosphate rock+chlorine,dap
F28-CHLOR-CN\u00b7EU,F28-CHLOR-CN,EU,2,22,0.22,Chlorine trichloropyridine,CL2-EU,d,indexed,direct,elec-eu,resolved,Chlorine trichloropyridine,elec-eu
F28-CHLOR-CN\u00b7EU,F28-CHLOR-CN,EU,3,8,0.08,Industrial electricity,ELEC-EU,d,indexed,direct,elec-eu,resolved,Industrial electricity,elec-eu
F28-CHLOR-CN\u00b7EU,F28-CHLOR-CN,EU,4,4,0.04,HDPE drum packaging,HDPE-EU,d,indexed,direct,brent,resolved,HDPE drum packaging,brent
F28-CHLOR-CN\u00b7EU,F28-CHLOR-CN,EU,5,10,0.1,Fixed costs LCI,LCI-EU,d,indexed,direct,lci-eu,resolved,Fixed costs LCI,lci-eu
F28-CHLOR-CN\u00b7EU,F28-CHLOR-CN,EU,6,18,0.18,Supplier margin note EU regulatory restriction,fixed,f,fixed,,,fixed,Supplier margin note EU regulatory restriction,
F28-CHLOR-CN\u00b7IN,F28-CHLOR-CN,IN,1,38,0.38,Phosphorus trichloride phosphate rock+chlorine,PHOS-WB,p,indexed,proxy,dap,resolved,Phosphorus trichloride phosphate rock+chlorine,dap
F28-CHLOR-CN\u00b7IN,F28-CHLOR-CN,IN,2,22,0.22,Chlorine trichloropyridine,CL2-IN,p,indexed,proxy,elec-in,resolved,Chlorine trichloropyridine,elec-in
F28-CHLOR-CN\u00b7IN,F28-CHLOR-CN,IN,3,8,0.08,Industrial electricity,ELEC-IN,d,indexed,direct,elec-in,resolved,Industrial electricity,elec-in
F28-CHLOR-CN\u00b7IN,F28-CHLOR-CN,IN,4,4,0.04,HDPE drum packaging,HDPE-ASIA,p,indexed,proxy,brent,resolved,HDPE drum packaging,brent
F28-CHLOR-CN\u00b7IN,F28-CHLOR-CN,IN,5,10,0.1,Fixed costs LCI,LCI-IN,d,indexed,direct,lci-in,resolved,Fixed costs LCI,lci-in
F28-CHLOR-CN\u00b7IN,F28-CHLOR-CN,IN,6,18,0.18,Supplier margin note EU regulatory restriction,fixed,f,fixed,,,fixed,Supplier margin note EU regulatory restriction,
F28-CHLOR-CN\u00b7NA,F28-CHLOR-CN,NA,1,38,0.38,Phosphorus trichloride phosphate rock+chlorine,PHOS-WB,p,indexed,proxy,dap,resolved,Phosphorus trichloride phosphate rock+chlorine,dap
F28-CHLOR-CN\u00b7NA,F28-CHLOR-CN,NA,2,22,0.22,Chlorine trichloropyridine,CL2-NA,d,indexed,direct,caustic-soda-na,resolved,Chlorine trichloropyridine,caustic-soda-na
F28-CHLOR-CN\u00b7NA,F28-CHLOR-CN,NA,3,8,0.08,Industrial electricity,ELEC-NA,d,indexed,direct,elec-na,resolved,Industrial electricity,elec-na
F28-CHLOR-CN\u00b7NA,F28-CHLOR-CN,NA,4,4,0.04,HDPE drum packaging,HDPE-NA,d,indexed,direct,hdpe-na,resolved,HDPE drum packaging,hdpe-na
F28-CHLOR-CN\u00b7NA,F28-CHLOR-CN,NA,5,10,0.1,Fixed costs LCI,LCI-NA,d,indexed,direct,lci-na,resolved,Fixed costs LCI,lci-na
F28-CHLOR-CN\u00b7NA,F28-CHLOR-CN,NA,6,18,0.18,Supplier margin note EU regulatory restriction,fixed,f,fixed,,,fixed,Supplier margin note EU regulatory restriction,
F28-CYPR-CN·CN,F28-CYPR-CN,CN,1,26,0.26,Cyclopropane carboxylic acid propylene proxy,PRP-CN,p,indexed,proxy,brent,resolved,Cyclopropane carboxylic acid propylene proxy,brent
F28-CYPR-CN·CN,F28-CYPR-CN,CN,2,22,0.22,meta-Phenoxybenzaldehyde benzene proxy,BZ-CN,p,indexed,proxy,brent,resolved,meta-Phenoxybenzaldehyde benzene proxy,brent
F28-CYPR-CN·CN,F28-CYPR-CN,CN,3,10,0.1,Hydrogen cyanide ammonia proxy,NH3-CN,p,indexed,proxy,ammonia-na,resolved,Hydrogen cyanide ammonia proxy,ammonia-na
F28-CYPR-CN·CN,F28-CYPR-CN,CN,4,8,0.08,Industrial electricity,ELEC-CN,d,indexed,direct,elec-cn,resolved,Industrial electricity,elec-cn
F28-CYPR-CN·CN,F28-CYPR-CN,CN,5,4,0.04,HDPE drum packaging,HDPE-CN,d,indexed,direct,brent,resolved,HDPE drum packaging,brent
F28-CYPR-CN·CN,F28-CYPR-CN,CN,6,10,0.1,Fixed costs LCI,LCI-CN,d,indexed,direct,lci-cn,resolved,Fixed costs LCI,lci-cn
F28-CYPR-CN·CN,F28-CYPR-CN,CN,7,20,0.2,Supplier margin generic post-patent,fixed,f,fixed,,,fixed,Supplier margin generic post-patent,
F28-CYPR-CN\u00b7IN,F28-CYPR-CN,IN,1,26,0.26,Cyclopropane carboxylic acid propylene proxy,PRP-APAC,p,indexed,proxy,ethylene-propylene-na,resolved,Cyclopropane carboxylic acid propylene proxy,ethylene-propylene-na
F28-CYPR-CN\u00b7IN,F28-CYPR-CN,IN,2,22,0.22,meta-Phenoxybenzaldehyde benzene proxy,BZ-ASIA,p,indexed,proxy,brent,resolved,meta-Phenoxybenzaldehyde benzene proxy,brent
F28-CYPR-CN\u00b7IN,F28-CYPR-CN,IN,3,10,0.1,Hydrogen cyanide ammonia proxy,NH3-IN,p,indexed,proxy,gas-india,resolved,Hydrogen cyanide ammonia proxy,gas-india
F28-CYPR-CN\u00b7IN,F28-CYPR-CN,IN,4,8,0.08,Industrial electricity,ELEC-IN,d,indexed,direct,elec-in,resolved,Industrial electricity,elec-in
F28-CYPR-CN\u00b7IN,F28-CYPR-CN,IN,5,4,0.04,HDPE drum packaging,HDPE-ASIA,p,indexed,proxy,brent,resolved,HDPE drum packaging,brent
F28-CYPR-CN\u00b7IN,F28-CYPR-CN,IN,6,10,0.1,Fixed costs LCI,LCI-IN,d,indexed,direct,lci-in,resolved,Fixed costs LCI,lci-in
F28-CYPR-CN\u00b7IN,F28-CYPR-CN,IN,7,20,0.2,Supplier margin generic post-patent,fixed,f,fixed,,,fixed,Supplier margin generic post-patent,
F28-CYPR-CN\u00b7NA,F28-CYPR-CN,NA,1,26,0.26,Cyclopropane carboxylic acid propylene proxy,PRP-US,p,indexed,proxy,ethylene-propylene-na,resolved,Cyclopropane carboxylic acid propylene proxy,ethylene-propylene-na
F28-CYPR-CN\u00b7NA,F28-CYPR-CN,NA,2,22,0.22,meta-Phenoxybenzaldehyde benzene proxy,BZ-NA,p,indexed,proxy,benzene-na,resolved,meta-Phenoxybenzaldehyde benzene proxy,benzene-na
F28-CYPR-CN\u00b7NA,F28-CYPR-CN,NA,3,10,0.1,Hydrogen cyanide ammonia proxy,NH3-NA,p,indexed,proxy,ammonia-na,resolved,Hydrogen cyanide ammonia proxy,ammonia-na
F28-CYPR-CN\u00b7NA,F28-CYPR-CN,NA,4,8,0.08,Industrial electricity,ELEC-NA,d,indexed,direct,elec-na,resolved,Industrial electricity,elec-na
F28-CYPR-CN\u00b7NA,F28-CYPR-CN,NA,5,4,0.04,HDPE drum packaging,HDPE-NA,d,indexed,direct,hdpe-na,resolved,HDPE drum packaging,hdpe-na
F28-CYPR-CN\u00b7NA,F28-CYPR-CN,NA,6,10,0.1,Fixed costs LCI,LCI-NA,d,indexed,direct,lci-na,resolved,Fixed costs LCI,lci-na
F28-CYPR-CN\u00b7NA,F28-CYPR-CN,NA,7,20,0.2,Supplier margin generic post-patent,fixed,f,fixed,,,fixed,Supplier margin generic post-patent,
F28-IMID-CN·CN,F28-IMID-CN,CN,1,38,0.38,2-Chloro-5-chloromethylpyridine chlorine+propylene proxy,CL2-CN,p,indexed,proxy,elec-cn,resolved,2-Chloro-5-chloromethylpyridine chlorine+propylene proxy,elec-cn
F28-IMID-CN·CN,F28-IMID-CN,CN,2,18,0.18,Nitromethane methanol proxy,MEOH-CN,p,indexed,proxy,methanol-na,resolved,Nitromethane methanol proxy,methanol-na
F28-IMID-CN·CN,F28-IMID-CN,CN,3,8,0.08,Industrial electricity,ELEC-CN,d,indexed,direct,elec-cn,resolved,Industrial electricity,elec-cn
F28-IMID-CN·CN,F28-IMID-CN,CN,4,4,0.04,HDPE drum packaging,HDPE-CN,d,indexed,direct,brent,resolved,HDPE drum packaging,brent
F28-IMID-CN·CN,F28-IMID-CN,CN,5,10,0.1,Fixed costs LCI,LCI-CN,d,indexed,direct,lci-cn,resolved,Fixed costs LCI,lci-cn
F28-IMID-CN·CN,F28-IMID-CN,CN,6,22,0.22,Supplier margin Bayer patent expired 2015,fixed,f,fixed,,,fixed,Supplier margin Bayer patent expired 2015,
F28-IMID-CN\u00b7IN,F28-IMID-CN,IN,1,38,0.38,2-Chloro-5-chloromethylpyridine chlorine+propylene proxy,CL2-IN,p,indexed,proxy,elec-in,resolved,2-Chloro-5-chloromethylpyridine chlorine+propylene proxy,elec-in
F28-IMID-CN\u00b7IN,F28-IMID-CN,IN,2,18,0.18,Nitromethane methanol proxy,MEOH-ASIA,p,indexed,proxy,methanol-na,resolved,Nitromethane methanol proxy,methanol-na
F28-IMID-CN\u00b7IN,F28-IMID-CN,IN,3,8,0.08,Industrial electricity,ELEC-IN,d,indexed,direct,elec-in,resolved,Industrial electricity,elec-in
F28-IMID-CN\u00b7IN,F28-IMID-CN,IN,4,4,0.04,HDPE drum packaging,HDPE-ASIA,p,indexed,proxy,brent,resolved,HDPE drum packaging,brent
F28-IMID-CN\u00b7IN,F28-IMID-CN,IN,5,10,0.1,Fixed costs LCI,LCI-IN,d,indexed,direct,lci-in,resolved,Fixed costs LCI,lci-in
F28-IMID-CN\u00b7IN,F28-IMID-CN,IN,6,22,0.22,Supplier margin Bayer patent expired 2015,fixed,f,fixed,,,fixed,Supplier margin Bayer patent expired 2015,
F28-IMID-CN\u00b7NA,F28-IMID-CN,NA,1,38,0.38,2-Chloro-5-chloromethylpyridine chlorine+propylene proxy,CL2-NA,p,indexed,proxy,caustic-soda-na,resolved,2-Chloro-5-chloromethylpyridine chlorine+propylene proxy,caustic-soda-na
F28-IMID-CN\u00b7NA,F28-IMID-CN,NA,2,18,0.18,Nitromethane methanol proxy,MEOH-NA,p,indexed,proxy,methanol-na,resolved,Nitromethane methanol proxy,methanol-na
F28-IMID-CN\u00b7NA,F28-IMID-CN,NA,3,8,0.08,Industrial electricity,ELEC-NA,d,indexed,direct,elec-na,resolved,Industrial electricity,elec-na
F28-IMID-CN\u00b7NA,F28-IMID-CN,NA,4,4,0.04,HDPE drum packaging,HDPE-NA,d,indexed,direct,hdpe-na,resolved,HDPE drum packaging,hdpe-na
F28-IMID-CN\u00b7NA,F28-IMID-CN,NA,5,10,0.1,Fixed costs LCI,LCI-NA,d,indexed,direct,lci-na,resolved,Fixed costs LCI,lci-na
F28-IMID-CN\u00b7NA,F28-IMID-CN,NA,6,22,0.22,Supplier margin Bayer patent expired 2015,fixed,f,fixed,,,fixed,Supplier margin Bayer patent expired 2015,
AGR-GLYP-TC·CN,AGR-GLYP-TC,CN,1,45,0.45,Phosphate rock synthesis route,PHOS-WB,p,indexed,proxy,dap,resolved,Phosphate rock synthesis route,dap
AGR-GLYP-TC·CN,AGR-GLYP-TC,CN,2,22,0.22,Glycine ammonia+formaldehyde proxy,NH3-CN,p,indexed,proxy,ammonia-na,resolved,Glycine ammonia+formaldehyde proxy,ammonia-na
AGR-GLYP-TC·CN,AGR-GLYP-TC,CN,3,10,0.1,Industrial electricity,ELEC-CN,d,indexed,direct,elec-cn,resolved,Industrial electricity,elec-cn
AGR-GLYP-TC·CN,AGR-GLYP-TC,CN,4,4,0.04,HDPE bag packaging,HDPE-CN,d,indexed,direct,brent,resolved,HDPE bag packaging,brent
AGR-GLYP-TC·CN,AGR-GLYP-TC,CN,5,10,0.1,Fixed costs LCI,LCI-CN,d,indexed,direct,lci-cn,resolved,Fixed costs LCI,lci-cn
AGR-GLYP-TC·CN,AGR-GLYP-TC,CN,6,9,0.09,Supplier margin,fixed,f,fixed,,,fixed,Supplier margin,
AGR-GLYP-TC·IN,AGR-GLYP-TC,IN,1,45,0.45,Phosphate rock synthesis route,PHOS-WB,p,indexed,proxy,dap,resolved,Phosphate rock synthesis route,dap
AGR-GLYP-TC·IN,AGR-GLYP-TC,IN,2,22,0.22,Glycine ammonia+formaldehyde proxy,NH3-IN,p,indexed,proxy,gas-india,resolved,Glycine ammonia+formaldehyde proxy,gas-india
AGR-GLYP-TC·IN,AGR-GLYP-TC,IN,3,10,0.1,Industrial electricity,ELEC-IN,d,indexed,direct,elec-in,resolved,Industrial electricity,elec-in
AGR-GLYP-TC·IN,AGR-GLYP-TC,IN,4,4,0.04,HDPE bag packaging,HDPE-ASIA,p,indexed,proxy,brent,resolved,HDPE bag packaging,brent
AGR-GLYP-TC·IN,AGR-GLYP-TC,IN,5,10,0.1,Fixed costs LCI,LCI-IN,d,indexed,direct,lci-in,resolved,Fixed costs LCI,lci-in
AGR-GLYP-TC·IN,AGR-GLYP-TC,IN,6,9,0.09,Supplier margin,fixed,f,fixed,,,fixed,Supplier margin,
AGR-GLYP-TC·NA,AGR-GLYP-TC,NA,1,45,0.45,Phosphate rock synthesis route,PHOS-WB,p,indexed,proxy,dap,resolved,Phosphate rock synthesis route,dap
AGR-GLYP-TC·NA,AGR-GLYP-TC,NA,2,22,0.22,Glycine ammonia+formaldehyde proxy,NH3-NA,p,indexed,proxy,ammonia-na,resolved,Glycine ammonia+formaldehyde proxy,ammonia-na
AGR-GLYP-TC·NA,AGR-GLYP-TC,NA,3,10,0.1,Industrial electricity,ELEC-NA,d,indexed,direct,elec-na,resolved,Industrial electricity,elec-na
AGR-GLYP-TC·NA,AGR-GLYP-TC,NA,4,4,0.04,HDPE bag packaging,HDPE-NA,d,indexed,direct,hdpe-na,resolved,HDPE bag packaging,hdpe-na
AGR-GLYP-TC·NA,AGR-GLYP-TC,NA,5,10,0.1,Fixed costs LCI,LCI-NA,d,indexed,direct,lci-na,resolved,Fixed costs LCI,lci-na
AGR-GLYP-TC·NA,AGR-GLYP-TC,NA,6,9,0.09,Supplier margin,fixed,f,fixed,,,fixed,Supplier margin,
MIN-MIBC-LIQ·EU,MIN-MIBC-LIQ,EU,1,55,0.55,Acetone feedstock (propylene proxy),PRP-NWE,d,indexed,direct,brent,resolved,Acetone feedstock (propylene proxy),brent
MIN-MIBC-LIQ·EU,MIN-MIBC-LIQ,EU,2,15,0.15,Industrial electricity (hydrogenation),ELEC-EU,d,indexed,direct,elec-eu,resolved,Industrial electricity (hydrogenation),elec-eu
MIN-MIBC-LIQ·EU,MIN-MIBC-LIQ,EU,3,15,0.15,Fixed costs LCI,LCI-EU,d,indexed,direct,lci-eu,resolved,Fixed costs LCI,lci-eu
MIN-MIBC-LIQ·EU,MIN-MIBC-LIQ,EU,4,15,0.15,Supplier margin,fixed,f,fixed,,,fixed,Supplier margin,
MIN-MIBC-LIQ·NA,MIN-MIBC-LIQ,NA,1,55,0.55,Acetone feedstock (propylene proxy),PRP-US,d,indexed,direct,ethylene-propylene-na,resolved,Acetone feedstock (propylene proxy),ethylene-propylene-na
MIN-MIBC-LIQ·NA,MIN-MIBC-LIQ,NA,2,15,0.15,Industrial electricity (hydrogenation),ELEC-NA,d,indexed,direct,elec-na,resolved,Industrial electricity (hydrogenation),elec-na
MIN-MIBC-LIQ·NA,MIN-MIBC-LIQ,NA,3,15,0.15,Fixed costs LCI,LCI-NA,d,indexed,direct,lci-na,resolved,Fixed costs LCI,lci-na
MIN-MIBC-LIQ·NA,MIN-MIBC-LIQ,NA,4,15,0.15,Supplier margin,fixed,f,fixed,,,fixed,Supplier margin,
MIN-MIBC-LIQ·CN,MIN-MIBC-LIQ,CN,1,55,0.55,Acetone feedstock (propylene proxy),PRP-CN,d,indexed,direct,brent,resolved,Acetone feedstock (propylene proxy),brent
MIN-MIBC-LIQ·CN,MIN-MIBC-LIQ,CN,2,15,0.15,Industrial electricity (hydrogenation),ELEC-CN,d,indexed,direct,elec-cn,resolved,Industrial electricity (hydrogenation),elec-cn
MIN-MIBC-LIQ·CN,MIN-MIBC-LIQ,CN,3,15,0.15,Fixed costs LCI,LCI-CN,d,indexed,direct,lci-cn,resolved,Fixed costs LCI,lci-cn
MIN-MIBC-LIQ·CN,MIN-MIBC-LIQ,CN,4,15,0.15,Supplier margin,fixed,f,fixed,,,fixed,Supplier margin,
MIN-NACN-SOL·EU,MIN-NACN-SOL,EU,1,40,0.4,"Ammonia feedstock (Haber-Bosch, natural gas-linked)",TTF-EU,p,indexed,proxy,ttf-eu,resolved,"Ammonia feedstock (Haber-Bosch, natural gas-linked)",ttf-eu
MIN-NACN-SOL·EU,MIN-NACN-SOL,EU,2,20,0.2,Caustic soda neutralization (electricity proxy),ELEC-EU,p,indexed,proxy,elec-eu,resolved,Caustic soda neutralization (electricity proxy),elec-eu
MIN-NACN-SOL·EU,MIN-NACN-SOL,EU,3,15,0.15,Industrial electricity,ELEC-EU,d,indexed,direct,elec-eu,resolved,Industrial electricity,elec-eu
MIN-NACN-SOL·EU,MIN-NACN-SOL,EU,4,10,0.1,Fixed costs LCI,LCI-EU,d,indexed,direct,lci-eu,resolved,Fixed costs LCI,lci-eu
MIN-NACN-SOL·EU,MIN-NACN-SOL,EU,5,15,0.15,Supplier margin,fixed,f,fixed,,,fixed,Supplier margin,
MIN-NACN-SOL·NA,MIN-NACN-SOL,NA,1,40,0.4,"Ammonia feedstock (Haber-Bosch, natural gas-linked)",HH-NA,p,indexed,proxy,natgas-na,resolved,"Ammonia feedstock (Haber-Bosch, natural gas-linked)",natgas-na
MIN-NACN-SOL·NA,MIN-NACN-SOL,NA,2,20,0.2,Caustic soda neutralization (electricity proxy),ELEC-NA,p,indexed,proxy,elec-na,resolved,Caustic soda neutralization (electricity proxy),elec-na
MIN-NACN-SOL·NA,MIN-NACN-SOL,NA,3,15,0.15,Industrial electricity,ELEC-NA,d,indexed,direct,elec-na,resolved,Industrial electricity,elec-na
MIN-NACN-SOL·NA,MIN-NACN-SOL,NA,4,10,0.1,Fixed costs LCI,LCI-NA,d,indexed,direct,lci-na,resolved,Fixed costs LCI,lci-na
MIN-NACN-SOL·NA,MIN-NACN-SOL,NA,5,15,0.15,Supplier margin,fixed,f,fixed,,,fixed,Supplier margin,
MIN-NACN-SOL·CN,MIN-NACN-SOL,CN,1,40,0.4,"Ammonia feedstock (Haber-Bosch, natural gas-linked)",NDRC-CN,p,indexed,proxy,gas-china,resolved,"Ammonia feedstock (Haber-Bosch, natural gas-linked)",gas-china
MIN-NACN-SOL·CN,MIN-NACN-SOL,CN,2,20,0.2,Caustic soda neutralization (electricity proxy),ELEC-CN,p,indexed,proxy,elec-cn,resolved,Caustic soda neutralization (electricity proxy),elec-cn
MIN-NACN-SOL·CN,MIN-NACN-SOL,CN,3,15,0.15,Industrial electricity,ELEC-CN,d,indexed,direct,elec-cn,resolved,Industrial electricity,elec-cn
MIN-NACN-SOL·CN,MIN-NACN-SOL,CN,4,10,0.1,Fixed costs LCI,LCI-CN,d,indexed,direct,lci-cn,resolved,Fixed costs LCI,lci-cn
MIN-NACN-SOL·CN,MIN-NACN-SOL,CN,5,15,0.15,Supplier margin,fixed,f,fixed,,,fixed,Supplier margin,
MIN-NASIL-LIQ·EU,MIN-NASIL-LIQ,EU,1,45,0.45,Soda ash feedstock (natural gas proxy),TTF-EU,p,indexed,proxy,ttf-eu,resolved,Soda ash feedstock (natural gas proxy),ttf-eu
MIN-NASIL-LIQ·EU,MIN-NASIL-LIQ,EU,2,10,0.1,Sand/silica fixed negligible,fixed,f,fixed,,,fixed,Sand/silica fixed negligible,
MIN-NASIL-LIQ·EU,MIN-NASIL-LIQ,EU,3,15,0.15,Industrial electricity (fusion),ELEC-EU,d,indexed,direct,elec-eu,resolved,Industrial electricity (fusion),elec-eu
MIN-NASIL-LIQ·EU,MIN-NASIL-LIQ,EU,4,15,0.15,Fixed costs LCI,LCI-EU,d,indexed,direct,lci-eu,resolved,Fixed costs LCI,lci-eu
MIN-NASIL-LIQ·EU,MIN-NASIL-LIQ,EU,5,15,0.15,Supplier margin,fixed,f,fixed,,,fixed,Supplier margin,
MIN-NASIL-LIQ·NA,MIN-NASIL-LIQ,NA,1,45,0.45,Soda ash feedstock (natural gas proxy),HH-NA,p,indexed,proxy,natgas-na,resolved,Soda ash feedstock (natural gas proxy),natgas-na
MIN-NASIL-LIQ·NA,MIN-NASIL-LIQ,NA,2,10,0.1,Sand/silica fixed negligible,fixed,f,fixed,,,fixed,Sand/silica fixed negligible,
MIN-NASIL-LIQ·NA,MIN-NASIL-LIQ,NA,3,15,0.15,Industrial electricity (fusion),ELEC-NA,d,indexed,direct,elec-na,resolved,Industrial electricity (fusion),elec-na
MIN-NASIL-LIQ·NA,MIN-NASIL-LIQ,NA,4,15,0.15,Fixed costs LCI,LCI-NA,d,indexed,direct,lci-na,resolved,Fixed costs LCI,lci-na
MIN-NASIL-LIQ·NA,MIN-NASIL-LIQ,NA,5,15,0.15,Supplier margin,fixed,f,fixed,,,fixed,Supplier margin,
MIN-NASIL-LIQ·CN,MIN-NASIL-LIQ,CN,1,45,0.45,Soda ash feedstock (natural gas proxy),NDRC-CN,p,indexed,proxy,gas-china,resolved,Soda ash feedstock (natural gas proxy),gas-china
MIN-NASIL-LIQ·CN,MIN-NASIL-LIQ,CN,2,10,0.1,Sand/silica fixed negligible,fixed,f,fixed,,,fixed,Sand/silica fixed negligible,
MIN-NASIL-LIQ·CN,MIN-NASIL-LIQ,CN,3,15,0.15,Industrial electricity (fusion),ELEC-CN,d,indexed,direct,elec-cn,resolved,Industrial electricity (fusion),elec-cn
MIN-NASIL-LIQ·CN,MIN-NASIL-LIQ,CN,4,15,0.15,Fixed costs LCI,LCI-CN,d,indexed,direct,lci-cn,resolved,Fixed costs LCI,lci-cn
MIN-NASIL-LIQ·CN,MIN-NASIL-LIQ,CN,5,15,0.15,Supplier margin,fixed,f,fixed,,,fixed,Supplier margin,
MIN-CUSO4-PWD·EU,MIN-CUSO4-PWD,EU,1,40,0.4,Copper (LME),CU-GLOBAL,d,indexed,direct,copper,resolved,Copper (LME),copper
MIN-CUSO4-PWD·EU,MIN-CUSO4-PWD,EU,2,25,0.25,Sulfuric acid feedstock,SULF-WB,d,indexed,direct,sulfuric-acid-na,resolved,Sulfuric acid feedstock,sulfuric-acid-na
MIN-CUSO4-PWD·EU,MIN-CUSO4-PWD,EU,3,10,0.1,Industrial electricity,ELEC-EU,d,indexed,direct,elec-eu,resolved,Industrial electricity,elec-eu
MIN-CUSO4-PWD·EU,MIN-CUSO4-PWD,EU,4,10,0.1,Fixed costs LCI,LCI-EU,d,indexed,direct,lci-eu,resolved,Fixed costs LCI,lci-eu
MIN-CUSO4-PWD·EU,MIN-CUSO4-PWD,EU,5,15,0.15,Supplier margin,fixed,f,fixed,,,fixed,Supplier margin,
MIN-CUSO4-PWD·NA,MIN-CUSO4-PWD,NA,1,40,0.4,Copper (LME),CU-GLOBAL,d,indexed,direct,copper,resolved,Copper (LME),copper
MIN-CUSO4-PWD·NA,MIN-CUSO4-PWD,NA,2,25,0.25,Sulfuric acid feedstock,SULF-WB,d,indexed,direct,sulfuric-acid-na,resolved,Sulfuric acid feedstock,sulfuric-acid-na
MIN-CUSO4-PWD·NA,MIN-CUSO4-PWD,NA,3,10,0.1,Industrial electricity,ELEC-NA,d,indexed,direct,elec-na,resolved,Industrial electricity,elec-na
MIN-CUSO4-PWD·NA,MIN-CUSO4-PWD,NA,4,10,0.1,Fixed costs LCI,LCI-NA,d,indexed,direct,lci-na,resolved,Fixed costs LCI,lci-na
MIN-CUSO4-PWD·NA,MIN-CUSO4-PWD,NA,5,15,0.15,Supplier margin,fixed,f,fixed,,,fixed,Supplier margin,
MIN-CUSO4-PWD·CN,MIN-CUSO4-PWD,CN,1,40,0.4,Copper (LME),CU-GLOBAL,d,indexed,direct,copper,resolved,Copper (LME),copper
MIN-CUSO4-PWD·CN,MIN-CUSO4-PWD,CN,2,25,0.25,Sulfuric acid feedstock,SULF-WB,d,indexed,direct,sulfuric-acid-na,resolved,Sulfuric acid feedstock,sulfuric-acid-na
MIN-CUSO4-PWD·CN,MIN-CUSO4-PWD,CN,3,10,0.1,Industrial electricity,ELEC-CN,d,indexed,direct,elec-cn,resolved,Industrial electricity,elec-cn
MIN-CUSO4-PWD·CN,MIN-CUSO4-PWD,CN,4,10,0.1,Fixed costs LCI,LCI-CN,d,indexed,direct,lci-cn,resolved,Fixed costs LCI,lci-cn
MIN-CUSO4-PWD·CN,MIN-CUSO4-PWD,CN,5,15,0.15,Supplier margin,fixed,f,fixed,,,fixed,Supplier margin,
MIN-GUAR-PWD·IN,MIN-GUAR-PWD,IN,1,70,0.7,Guar gum powder NCDEX,GUAR-IN,d,indexed,direct,guar-gum,resolved,Guar gum powder NCDEX,guar-gum
MIN-GUAR-PWD·IN,MIN-GUAR-PWD,IN,2,5,0.05,Industrial electricity,ELEC-IN,d,indexed,direct,elec-in,resolved,Industrial electricity,elec-in
MIN-GUAR-PWD·IN,MIN-GUAR-PWD,IN,3,10,0.1,Fixed costs LCI,LCI-IN,d,indexed,direct,lci-in,resolved,Fixed costs LCI,lci-in
MIN-GUAR-PWD·IN,MIN-GUAR-PWD,IN,4,3,0.03,HDPE bag packaging,HDPE-ASIA,p,indexed,proxy,brent,resolved,HDPE bag packaging,brent
MIN-GUAR-PWD·IN,MIN-GUAR-PWD,IN,5,12,0.12,Supplier margin,fixed,f,fixed,,,fixed,Supplier margin,
MIN-GUAR-PWD·APAC,MIN-GUAR-PWD,APAC,1,70,0.7,Guar gum powder NCDEX,GUAR-APAC,p,indexed,proxy,guar-gum,resolved,Guar gum powder NCDEX,guar-gum
MIN-GUAR-PWD·APAC,MIN-GUAR-PWD,APAC,2,5,0.05,Industrial electricity,ELEC-APAC,d,indexed,direct,elec-cn,resolved,Industrial electricity,elec-cn
MIN-GUAR-PWD·APAC,MIN-GUAR-PWD,APAC,3,10,0.1,Fixed costs LCI,LCI-APAC,d,indexed,direct,lci-apac,resolved,Fixed costs LCI,lci-apac
MIN-GUAR-PWD·APAC,MIN-GUAR-PWD,APAC,4,3,0.03,HDPE bag packaging,HDPE-ASIA,p,indexed,proxy,brent,resolved,HDPE bag packaging,brent
MIN-GUAR-PWD·APAC,MIN-GUAR-PWD,APAC,5,12,0.12,Supplier margin,fixed,f,fixed,,,fixed,Supplier margin,
MIN-GUAR-PWD·MEA,MIN-GUAR-PWD,MEA,1,70,0.7,Guar gum powder NCDEX,GUAR-MEA,p,indexed,proxy,guar-gum,resolved,Guar gum powder NCDEX,guar-gum
MIN-GUAR-PWD·MEA,MIN-GUAR-PWD,MEA,2,5,0.05,Industrial electricity,ELEC-EU,p,indexed,proxy,elec-eu,resolved,Industrial electricity,elec-eu
MIN-GUAR-PWD·MEA,MIN-GUAR-PWD,MEA,3,10,0.1,Fixed costs LCI,LCI-MEA,d,indexed,direct,lci-mea,resolved,Fixed costs LCI,lci-mea
MIN-GUAR-PWD·MEA,MIN-GUAR-PWD,MEA,4,3,0.03,HDPE bag packaging,HDPE-EU,p,indexed,proxy,brent,resolved,HDPE bag packaging,brent
MIN-GUAR-PWD·MEA,MIN-GUAR-PWD,MEA,5,12,0.12,Supplier margin,fixed,f,fixed,,,fixed,Supplier margin,
BCI-MEOH-LIQ·EU,BCI-MEOH-LIQ,EU,1,80,0.8,Methanol Methanex posted direct index,MEOH-EU,d,indexed,direct,methanol-na,resolved,Methanol Methanex posted direct index,methanol-na
BCI-MEOH-LIQ·EU,BCI-MEOH-LIQ,EU,2,5,0.05,Industrial electricity,ELEC-EU,d,indexed,direct,elec-eu,resolved,Industrial electricity,elec-eu
BCI-MEOH-LIQ·EU,BCI-MEOH-LIQ,EU,3,5,0.05,Fixed costs LCI,LCI-EU,d,indexed,direct,lci-eu,resolved,Fixed costs LCI,lci-eu
BCI-MEOH-LIQ·EU,BCI-MEOH-LIQ,EU,4,10,0.1,Supplier margin,fixed,f,fixed,,,fixed,Supplier margin,
BCI-MEOH-LIQ·NA,BCI-MEOH-LIQ,NA,1,80,0.8,Methanol Methanex posted direct index,MEOH-NA,d,indexed,direct,methanol-na,resolved,Methanol Methanex posted direct index,methanol-na
BCI-MEOH-LIQ·NA,BCI-MEOH-LIQ,NA,2,5,0.05,Industrial electricity,ELEC-NA,d,indexed,direct,elec-na,resolved,Industrial electricity,elec-na
BCI-MEOH-LIQ·NA,BCI-MEOH-LIQ,NA,3,5,0.05,Fixed costs LCI,LCI-NA,d,indexed,direct,lci-na,resolved,Fixed costs LCI,lci-na
BCI-MEOH-LIQ·NA,BCI-MEOH-LIQ,NA,4,10,0.1,Supplier margin,fixed,f,fixed,,,fixed,Supplier margin,
BCI-MEOH-LIQ·CN,BCI-MEOH-LIQ,CN,1,80,0.8,Methanol Methanex posted direct index (China domestic blends gas + coal routes),MEOH-CN,d,indexed,direct,methanol-na,resolved,Methanol Methanex posted direct index (China domestic blends gas,methanol-na
BCI-MEOH-LIQ·CN,BCI-MEOH-LIQ,CN,2,5,0.05,Industrial electricity,ELEC-CN,d,indexed,direct,elec-cn,resolved,Industrial electricity,elec-cn
BCI-MEOH-LIQ·CN,BCI-MEOH-LIQ,CN,3,5,0.05,Fixed costs LCI,LCI-CN,d,indexed,direct,lci-cn,resolved,Fixed costs LCI,lci-cn
BCI-MEOH-LIQ·CN,BCI-MEOH-LIQ,CN,4,10,0.1,Supplier margin,fixed,f,fixed,,,fixed,Supplier margin,
BCI-MEOH-LIQ·APAC,BCI-MEOH-LIQ,APAC,1,80,0.8,Methanol Methanex posted direct index,MEOH-ASIA,d,indexed,direct,methanol-na,resolved,Methanol Methanex posted direct index,methanol-na
BCI-MEOH-LIQ·APAC,BCI-MEOH-LIQ,APAC,2,5,0.05,Industrial electricity,ELEC-APAC,d,indexed,direct,elec-cn,resolved,Industrial electricity,elec-cn
BCI-MEOH-LIQ·APAC,BCI-MEOH-LIQ,APAC,3,5,0.05,Fixed costs LCI,LCI-APAC,d,indexed,direct,lci-apac,resolved,Fixed costs LCI,lci-apac
BCI-MEOH-LIQ·APAC,BCI-MEOH-LIQ,APAC,4,10,0.1,Supplier margin,fixed,f,fixed,,,fixed,Supplier margin,
BCI-MEG-LIQ·EU,BCI-MEG-LIQ,EU,1,62,0.62,Ethylene monomer,ETH-NWE,d,indexed,direct,brent,resolved,Ethylene monomer,brent
BCI-MEG-LIQ·EU,BCI-MEG-LIQ,EU,2,8,0.08,Ethylene oxide hydration step fixed conversion,fixed,f,fixed,,,fixed,Ethylene oxide hydration step fixed conversion,
BCI-MEG-LIQ·EU,BCI-MEG-LIQ,EU,3,8,0.08,Industrial electricity,ELEC-EU,d,indexed,direct,elec-eu,resolved,Industrial electricity,elec-eu
BCI-MEG-LIQ·EU,BCI-MEG-LIQ,EU,4,13,0.13,Fixed costs LCI,LCI-EU,d,indexed,direct,lci-eu,resolved,Fixed costs LCI,lci-eu
BCI-MEG-LIQ·EU,BCI-MEG-LIQ,EU,5,9,0.09,Supplier margin,fixed,f,fixed,,,fixed,Supplier margin,
BCI-MEG-LIQ·NA,BCI-MEG-LIQ,NA,1,62,0.62,Ethylene monomer,ETH-US,d,indexed,direct,ethylene-propylene-na,resolved,Ethylene monomer,ethylene-propylene-na
BCI-MEG-LIQ·NA,BCI-MEG-LIQ,NA,2,8,0.08,Ethylene oxide hydration step fixed conversion,fixed,f,fixed,,,fixed,Ethylene oxide hydration step fixed conversion,
BCI-MEG-LIQ·NA,BCI-MEG-LIQ,NA,3,8,0.08,Industrial electricity,ELEC-NA,d,indexed,direct,elec-na,resolved,Industrial electricity,elec-na
BCI-MEG-LIQ·NA,BCI-MEG-LIQ,NA,4,13,0.13,Fixed costs LCI,LCI-NA,d,indexed,direct,lci-na,resolved,Fixed costs LCI,lci-na
BCI-MEG-LIQ·NA,BCI-MEG-LIQ,NA,5,9,0.09,Supplier margin,fixed,f,fixed,,,fixed,Supplier margin,
BCI-MEG-LIQ·CN,BCI-MEG-LIQ,CN,1,48,0.48,Ethylene monomer,ETH-CN,d,indexed,direct,brent,resolved,Ethylene monomer,brent
BCI-MEG-LIQ·CN,BCI-MEG-LIQ,CN,2,14,0.14,Coal-to-MEG syngas route blend not separately indexed,fixed,f,fixed,,,fixed,Coal-to-MEG syngas route blend not separately indexed,
BCI-MEG-LIQ·CN,BCI-MEG-LIQ,CN,3,8,0.08,Ethylene oxide hydration step fixed conversion,fixed,f,fixed,,,fixed,Ethylene oxide hydration step fixed conversion,
BCI-MEG-LIQ·CN,BCI-MEG-LIQ,CN,4,8,0.08,Industrial electricity,ELEC-CN,d,indexed,direct,elec-cn,resolved,Industrial electricity,elec-cn
BCI-MEG-LIQ·CN,BCI-MEG-LIQ,CN,5,13,0.13,Fixed costs LCI,LCI-CN,d,indexed,direct,lci-cn,resolved,Fixed costs LCI,lci-cn
BCI-MEG-LIQ·CN,BCI-MEG-LIQ,CN,6,9,0.09,Supplier margin,fixed,f,fixed,,,fixed,Supplier margin,
BCI-MEG-LIQ·APAC,BCI-MEG-LIQ,APAC,1,62,0.62,Ethylene monomer,ETH-APAC,d,indexed,direct,ethylene-propylene-na,resolved,Ethylene monomer,ethylene-propylene-na
BCI-MEG-LIQ·APAC,BCI-MEG-LIQ,APAC,2,8,0.08,Ethylene oxide hydration step fixed conversion,fixed,f,fixed,,,fixed,Ethylene oxide hydration step fixed conversion,
BCI-MEG-LIQ·APAC,BCI-MEG-LIQ,APAC,3,8,0.08,Industrial electricity,ELEC-APAC,d,indexed,direct,elec-cn,resolved,Industrial electricity,elec-cn
BCI-MEG-LIQ·APAC,BCI-MEG-LIQ,APAC,4,13,0.13,Fixed costs LCI,LCI-APAC,d,indexed,direct,lci-apac,resolved,Fixed costs LCI,lci-apac
BCI-MEG-LIQ·APAC,BCI-MEG-LIQ,APAC,5,9,0.09,Supplier margin,fixed,f,fixed,,,fixed,Supplier margin,
BCI-FORM-LIQ·EU,BCI-FORM-LIQ,EU,1,58,0.58,Methanol oxidation feedstock,MEOH-EU,d,indexed,direct,methanol-na,resolved,Methanol oxidation feedstock,methanol-na
BCI-FORM-LIQ·EU,BCI-FORM-LIQ,EU,2,10,0.1,Industrial electricity,ELEC-EU,d,indexed,direct,elec-eu,resolved,Industrial electricity,elec-eu
BCI-FORM-LIQ·EU,BCI-FORM-LIQ,EU,3,4,0.04,Catalyst and process water fixed,fixed,f,fixed,,,fixed,Catalyst and process water fixed,
BCI-FORM-LIQ·EU,BCI-FORM-LIQ,EU,4,13,0.13,Fixed costs LCI,LCI-EU,d,indexed,direct,lci-eu,resolved,Fixed costs LCI,lci-eu
BCI-FORM-LIQ·EU,BCI-FORM-LIQ,EU,5,15,0.15,Supplier margin,fixed,f,fixed,,,fixed,Supplier margin,
BCI-FORM-LIQ·NA,BCI-FORM-LIQ,NA,1,58,0.58,Methanol oxidation feedstock,MEOH-NA,d,indexed,direct,methanol-na,resolved,Methanol oxidation feedstock,methanol-na
BCI-FORM-LIQ·NA,BCI-FORM-LIQ,NA,2,10,0.1,Industrial electricity,ELEC-NA,d,indexed,direct,elec-na,resolved,Industrial electricity,elec-na
BCI-FORM-LIQ·NA,BCI-FORM-LIQ,NA,3,4,0.04,Catalyst and process water fixed,fixed,f,fixed,,,fixed,Catalyst and process water fixed,
BCI-FORM-LIQ·NA,BCI-FORM-LIQ,NA,4,13,0.13,Fixed costs LCI,LCI-NA,d,indexed,direct,lci-na,resolved,Fixed costs LCI,lci-na
BCI-FORM-LIQ·NA,BCI-FORM-LIQ,NA,5,15,0.15,Supplier margin,fixed,f,fixed,,,fixed,Supplier margin,
BCI-FORM-LIQ·CN,BCI-FORM-LIQ,CN,1,58,0.58,Methanol oxidation feedstock,MEOH-CN,d,indexed,direct,methanol-na,resolved,Methanol oxidation feedstock,methanol-na
BCI-FORM-LIQ·CN,BCI-FORM-LIQ,CN,2,10,0.1,Industrial electricity,ELEC-CN,d,indexed,direct,elec-cn,resolved,Industrial electricity,elec-cn
BCI-FORM-LIQ·CN,BCI-FORM-LIQ,CN,3,4,0.04,Catalyst and process water fixed,fixed,f,fixed,,,fixed,Catalyst and process water fixed,
BCI-FORM-LIQ·CN,BCI-FORM-LIQ,CN,4,13,0.13,Fixed costs LCI,LCI-CN,d,indexed,direct,lci-cn,resolved,Fixed costs LCI,lci-cn
BCI-FORM-LIQ·CN,BCI-FORM-LIQ,CN,5,15,0.15,Supplier margin,fixed,f,fixed,,,fixed,Supplier margin,
BCI-FORM-LIQ·APAC,BCI-FORM-LIQ,APAC,1,58,0.58,Methanol oxidation feedstock,MEOH-ASIA,d,indexed,direct,methanol-na,resolved,Methanol oxidation feedstock,methanol-na
BCI-FORM-LIQ·APAC,BCI-FORM-LIQ,APAC,2,10,0.1,Industrial electricity,ELEC-APAC,d,indexed,direct,elec-cn,resolved,Industrial electricity,elec-cn
BCI-FORM-LIQ·APAC,BCI-FORM-LIQ,APAC,3,4,0.04,Catalyst and process water fixed,fixed,f,fixed,,,fixed,Catalyst and process water fixed,
BCI-FORM-LIQ·APAC,BCI-FORM-LIQ,APAC,4,13,0.13,Fixed costs LCI,LCI-APAC,d,indexed,direct,lci-apac,resolved,Fixed costs LCI,lci-apac
BCI-FORM-LIQ·APAC,BCI-FORM-LIQ,APAC,5,15,0.15,Supplier margin,fixed,f,fixed,,,fixed,Supplier margin,
RES-ABS-PEL·EU,RES-ABS-PEL,EU,1,40,0.4,Styrene monomer,STY-EU,d,indexed,direct,brent,resolved,Styrene monomer,brent
RES-ABS-PEL·EU,RES-ABS-PEL,EU,2,15,0.15,Acrylonitrile monomer,ACN-EU,d,indexed,direct,brent,resolved,Acrylonitrile monomer,brent
RES-ABS-PEL·EU,RES-ABS-PEL,EU,3,15,0.15,Butadiene monomer,BD-EU,d,indexed,direct,brent,resolved,Butadiene monomer,brent
RES-ABS-PEL·EU,RES-ABS-PEL,EU,4,7,0.07,Industrial electricity,ELEC-EU,d,indexed,direct,elec-eu,resolved,Industrial electricity,elec-eu
RES-ABS-PEL·EU,RES-ABS-PEL,EU,5,3,0.03,HDPE bag packaging,HDPE-EU,d,indexed,direct,brent,resolved,HDPE bag packaging,brent
RES-ABS-PEL·EU,RES-ABS-PEL,EU,6,10,0.1,Fixed costs LCI,LCI-EU,d,indexed,direct,lci-eu,resolved,Fixed costs LCI,lci-eu
RES-ABS-PEL·EU,RES-ABS-PEL,EU,7,10,0.1,Supplier margin,fixed,f,fixed,,,fixed,Supplier margin,
RES-ABS-PEL·NA,RES-ABS-PEL,NA,1,40,0.4,Styrene monomer,STY-NA,d,indexed,direct,brent,resolved,Styrene monomer,brent
RES-ABS-PEL·NA,RES-ABS-PEL,NA,2,15,0.15,Acrylonitrile monomer,ACN-NA,d,indexed,direct,brent,resolved,Acrylonitrile monomer,brent
RES-ABS-PEL·NA,RES-ABS-PEL,NA,3,15,0.15,Butadiene monomer,BD-NA,d,indexed,direct,brent,resolved,Butadiene monomer,brent
RES-ABS-PEL·NA,RES-ABS-PEL,NA,4,7,0.07,Industrial electricity,ELEC-NA,d,indexed,direct,elec-na,resolved,Industrial electricity,elec-na
RES-ABS-PEL·NA,RES-ABS-PEL,NA,5,3,0.03,HDPE bag packaging,HDPE-NA,d,indexed,direct,hdpe-na,resolved,HDPE bag packaging,hdpe-na
RES-ABS-PEL·NA,RES-ABS-PEL,NA,6,10,0.1,Fixed costs LCI,LCI-NA,d,indexed,direct,lci-na,resolved,Fixed costs LCI,lci-na
RES-ABS-PEL·NA,RES-ABS-PEL,NA,7,10,0.1,Supplier margin,fixed,f,fixed,,,fixed,Supplier margin,
RES-ABS-PEL·CN,RES-ABS-PEL,CN,1,40,0.4,Styrene monomer,STY-CN,d,indexed,direct,brent,resolved,Styrene monomer,brent
RES-ABS-PEL·CN,RES-ABS-PEL,CN,2,15,0.15,Acrylonitrile monomer,ACN-CN,d,indexed,direct,brent,resolved,Acrylonitrile monomer,brent
RES-ABS-PEL·CN,RES-ABS-PEL,CN,3,15,0.15,Butadiene monomer,BD-CN,d,indexed,direct,brent,resolved,Butadiene monomer,brent
RES-ABS-PEL·CN,RES-ABS-PEL,CN,4,7,0.07,Industrial electricity,ELEC-CN,d,indexed,direct,elec-cn,resolved,Industrial electricity,elec-cn
RES-ABS-PEL·CN,RES-ABS-PEL,CN,5,3,0.03,HDPE bag packaging,HDPE-CN,d,indexed,direct,brent,resolved,HDPE bag packaging,brent
RES-ABS-PEL·CN,RES-ABS-PEL,CN,6,10,0.1,Fixed costs LCI,LCI-CN,d,indexed,direct,lci-cn,resolved,Fixed costs LCI,lci-cn
RES-ABS-PEL·CN,RES-ABS-PEL,CN,7,10,0.1,Supplier margin,fixed,f,fixed,,,fixed,Supplier margin,
RES-ABS-PEL·APAC,RES-ABS-PEL,APAC,1,40,0.4,Styrene monomer,STY-ASIA,d,indexed,direct,brent,resolved,Styrene monomer,brent
RES-ABS-PEL·APAC,RES-ABS-PEL,APAC,2,15,0.15,Acrylonitrile monomer,ACN-ASIA,d,indexed,direct,brent,resolved,Acrylonitrile monomer,brent
RES-ABS-PEL·APAC,RES-ABS-PEL,APAC,3,15,0.15,Butadiene monomer,BD-ASIA,d,indexed,direct,brent,resolved,Butadiene monomer,brent
RES-ABS-PEL·APAC,RES-ABS-PEL,APAC,4,7,0.07,Industrial electricity,ELEC-APAC,d,indexed,direct,elec-cn,resolved,Industrial electricity,elec-cn
RES-ABS-PEL·APAC,RES-ABS-PEL,APAC,5,3,0.03,HDPE bag packaging,HDPE-ASIA,d,indexed,direct,brent,resolved,HDPE bag packaging,brent
RES-ABS-PEL·APAC,RES-ABS-PEL,APAC,6,10,0.1,Fixed costs LCI,LCI-APAC,d,indexed,direct,lci-apac,resolved,Fixed costs LCI,lci-apac
RES-ABS-PEL·APAC,RES-ABS-PEL,APAC,7,10,0.1,Supplier margin,fixed,f,fixed,,,fixed,Supplier margin,
BCI-CAOH2-PWD·EU,BCI-CAOH2-PWD,EU,1,70,0.7,Lime BLS PPI direct index,LIME-US,d,indexed,direct,lime-na,no_series,Lime BLS PPI direct index,
BCI-CAOH2-PWD·EU,BCI-CAOH2-PWD,EU,2,6,0.06,Industrial electricity slaking,ELEC-EU,d,indexed,direct,elec-eu,resolved,Industrial electricity slaking,elec-eu
BCI-CAOH2-PWD·EU,BCI-CAOH2-PWD,EU,3,4,0.04,HDPE bag packaging,HDPE-EU,d,indexed,direct,brent,resolved,HDPE bag packaging,brent
BCI-CAOH2-PWD·EU,BCI-CAOH2-PWD,EU,4,10,0.1,Fixed costs LCI,LCI-EU,d,indexed,direct,lci-eu,resolved,Fixed costs LCI,lci-eu
BCI-CAOH2-PWD·EU,BCI-CAOH2-PWD,EU,5,10,0.1,Supplier margin,fixed,f,fixed,,,fixed,Supplier margin,
BCI-CAOH2-PWD·NA,BCI-CAOH2-PWD,NA,1,70,0.7,Lime BLS PPI direct index,LIME-US,d,indexed,direct,lime-na,no_series,Lime BLS PPI direct index,
BCI-CAOH2-PWD·NA,BCI-CAOH2-PWD,NA,2,6,0.06,Industrial electricity slaking,ELEC-NA,d,indexed,direct,elec-na,resolved,Industrial electricity slaking,elec-na
BCI-CAOH2-PWD·NA,BCI-CAOH2-PWD,NA,3,4,0.04,HDPE bag packaging,HDPE-NA,d,indexed,direct,hdpe-na,resolved,HDPE bag packaging,hdpe-na
BCI-CAOH2-PWD·NA,BCI-CAOH2-PWD,NA,4,10,0.1,Fixed costs LCI,LCI-NA,d,indexed,direct,lci-na,resolved,Fixed costs LCI,lci-na
BCI-CAOH2-PWD·NA,BCI-CAOH2-PWD,NA,5,10,0.1,Supplier margin,fixed,f,fixed,,,fixed,Supplier margin,
BCI-CAOH2-PWD·CN,BCI-CAOH2-PWD,CN,1,70,0.7,Lime BLS PPI direct index,LIME-US,d,indexed,direct,lime-na,no_series,Lime BLS PPI direct index,
BCI-CAOH2-PWD·CN,BCI-CAOH2-PWD,CN,2,6,0.06,Industrial electricity slaking,ELEC-CN,d,indexed,direct,elec-cn,resolved,Industrial electricity slaking,elec-cn
BCI-CAOH2-PWD·CN,BCI-CAOH2-PWD,CN,3,4,0.04,HDPE bag packaging,HDPE-CN,d,indexed,direct,brent,resolved,HDPE bag packaging,brent
BCI-CAOH2-PWD·CN,BCI-CAOH2-PWD,CN,4,10,0.1,Fixed costs LCI,LCI-CN,d,indexed,direct,lci-cn,resolved,Fixed costs LCI,lci-cn
BCI-CAOH2-PWD·CN,BCI-CAOH2-PWD,CN,5,10,0.1,Supplier margin,fixed,f,fixed,,,fixed,Supplier margin,
BCI-CAOH2-PWD·IN,BCI-CAOH2-PWD,IN,1,70,0.7,Lime BLS PPI direct index,LIME-US,d,indexed,direct,lime-na,no_series,Lime BLS PPI direct index,
BCI-CAOH2-PWD·IN,BCI-CAOH2-PWD,IN,2,6,0.06,Industrial electricity slaking,ELEC-IN,d,indexed,direct,elec-in,resolved,Industrial electricity slaking,elec-in
BCI-CAOH2-PWD·IN,BCI-CAOH2-PWD,IN,3,4,0.04,HDPE bag packaging,HDPE-ASIA,d,indexed,direct,brent,resolved,HDPE bag packaging,brent
BCI-CAOH2-PWD·IN,BCI-CAOH2-PWD,IN,4,10,0.1,Fixed costs LCI,LCI-IN,d,indexed,direct,lci-in,resolved,Fixed costs LCI,lci-in
BCI-CAOH2-PWD·IN,BCI-CAOH2-PWD,IN,5,10,0.1,Supplier margin,fixed,f,fixed,,,fixed,Supplier margin,
SOL-BUOH-LIQ·EU,SOL-BUOH-LIQ,EU,1,60,0.6,Propylene monomer oxo synthesis feedstock,PRP-NWE,d,indexed,direct,brent,resolved,Propylene monomer oxo synthesis feedstock,brent
SOL-BUOH-LIQ·EU,SOL-BUOH-LIQ,EU,2,8,0.08,Industrial electricity,ELEC-EU,d,indexed,direct,elec-eu,resolved,Industrial electricity,elec-eu
SOL-BUOH-LIQ·EU,SOL-BUOH-LIQ,EU,3,4,0.04,Process water,WATER-EU,p,indexed,proxy,water-eu,resolved,Process water,water-eu
SOL-BUOH-LIQ·EU,SOL-BUOH-LIQ,EU,4,13,0.13,Fixed costs LCI,LCI-EU,d,indexed,direct,lci-eu,resolved,Fixed costs LCI,lci-eu
SOL-BUOH-LIQ·EU,SOL-BUOH-LIQ,EU,5,15,0.15,Supplier margin,fixed,f,fixed,,,fixed,Supplier margin,
SOL-BUOH-LIQ·NA,SOL-BUOH-LIQ,NA,1,60,0.6,Propylene monomer oxo synthesis feedstock,PRP-US,d,indexed,direct,ethylene-propylene-na,resolved,Propylene monomer oxo synthesis feedstock,ethylene-propylene-na
SOL-BUOH-LIQ·NA,SOL-BUOH-LIQ,NA,2,8,0.08,Industrial electricity,ELEC-NA,d,indexed,direct,elec-na,resolved,Industrial electricity,elec-na
SOL-BUOH-LIQ·NA,SOL-BUOH-LIQ,NA,3,4,0.04,Process water,WATER-EU,p,indexed,proxy,water-eu,resolved,Process water,water-eu
SOL-BUOH-LIQ·NA,SOL-BUOH-LIQ,NA,4,13,0.13,Fixed costs LCI,LCI-NA,d,indexed,direct,lci-na,resolved,Fixed costs LCI,lci-na
SOL-BUOH-LIQ·NA,SOL-BUOH-LIQ,NA,5,15,0.15,Supplier margin,fixed,f,fixed,,,fixed,Supplier margin,
SOL-BUOH-LIQ·CN,SOL-BUOH-LIQ,CN,1,60,0.6,Propylene monomer oxo synthesis feedstock,PRP-CN,d,indexed,direct,brent,resolved,Propylene monomer oxo synthesis feedstock,brent
SOL-BUOH-LIQ·CN,SOL-BUOH-LIQ,CN,2,8,0.08,Industrial electricity,ELEC-CN,d,indexed,direct,elec-cn,resolved,Industrial electricity,elec-cn
SOL-BUOH-LIQ·CN,SOL-BUOH-LIQ,CN,3,4,0.04,Process water,WATER-EU,p,indexed,proxy,water-eu,resolved,Process water,water-eu
SOL-BUOH-LIQ·CN,SOL-BUOH-LIQ,CN,4,13,0.13,Fixed costs LCI,LCI-CN,d,indexed,direct,lci-cn,resolved,Fixed costs LCI,lci-cn
SOL-BUOH-LIQ·CN,SOL-BUOH-LIQ,CN,5,15,0.15,Supplier margin,fixed,f,fixed,,,fixed,Supplier margin,
SOL-BUOH-LIQ·APAC,SOL-BUOH-LIQ,APAC,1,60,0.6,Propylene monomer oxo synthesis feedstock,PRP-APAC,d,indexed,direct,ethylene-propylene-na,resolved,Propylene monomer oxo synthesis feedstock,ethylene-propylene-na
SOL-BUOH-LIQ·APAC,SOL-BUOH-LIQ,APAC,2,8,0.08,Industrial electricity,ELEC-APAC,d,indexed,direct,elec-cn,resolved,Industrial electricity,elec-cn
SOL-BUOH-LIQ·APAC,SOL-BUOH-LIQ,APAC,3,4,0.04,Process water,WATER-EU,p,indexed,proxy,water-eu,resolved,Process water,water-eu
SOL-BUOH-LIQ·APAC,SOL-BUOH-LIQ,APAC,4,13,0.13,Fixed costs LCI,LCI-APAC,d,indexed,direct,lci-apac,resolved,Fixed costs LCI,lci-apac
SOL-BUOH-LIQ·APAC,SOL-BUOH-LIQ,APAC,5,15,0.15,Supplier margin,fixed,f,fixed,,,fixed,Supplier margin,
SOL-MPG-LIQ·EU,SOL-MPG-LIQ,EU,1,58,0.58,Propylene monomer,PRP-NWE,d,indexed,direct,brent,resolved,Propylene monomer,brent
SOL-MPG-LIQ·EU,SOL-MPG-LIQ,EU,2,10,0.1,Propylene oxide hydration step fixed conversion,fixed,f,fixed,,,fixed,Propylene oxide hydration step fixed conversion,
SOL-MPG-LIQ·EU,SOL-MPG-LIQ,EU,3,7,0.07,Industrial electricity,ELEC-EU,d,indexed,direct,elec-eu,resolved,Industrial electricity,elec-eu
SOL-MPG-LIQ·EU,SOL-MPG-LIQ,EU,4,4,0.04,Process water,WATER-EU,p,indexed,proxy,water-eu,resolved,Process water,water-eu
SOL-MPG-LIQ·EU,SOL-MPG-LIQ,EU,5,11,0.11,Fixed costs LCI,LCI-EU,d,indexed,direct,lci-eu,resolved,Fixed costs LCI,lci-eu
SOL-MPG-LIQ·EU,SOL-MPG-LIQ,EU,6,10,0.1,Supplier margin,fixed,f,fixed,,,fixed,Supplier margin,
SOL-MPG-LIQ·NA,SOL-MPG-LIQ,NA,1,58,0.58,Propylene monomer,PRP-US,d,indexed,direct,ethylene-propylene-na,resolved,Propylene monomer,ethylene-propylene-na
SOL-MPG-LIQ·NA,SOL-MPG-LIQ,NA,2,10,0.1,Propylene oxide hydration step fixed conversion,fixed,f,fixed,,,fixed,Propylene oxide hydration step fixed conversion,
SOL-MPG-LIQ·NA,SOL-MPG-LIQ,NA,3,7,0.07,Industrial electricity,ELEC-NA,d,indexed,direct,elec-na,resolved,Industrial electricity,elec-na
SOL-MPG-LIQ·NA,SOL-MPG-LIQ,NA,4,4,0.04,Process water,WATER-EU,p,indexed,proxy,water-eu,resolved,Process water,water-eu
SOL-MPG-LIQ·NA,SOL-MPG-LIQ,NA,5,11,0.11,Fixed costs LCI,LCI-NA,d,indexed,direct,lci-na,resolved,Fixed costs LCI,lci-na
SOL-MPG-LIQ·NA,SOL-MPG-LIQ,NA,6,10,0.1,Supplier margin,fixed,f,fixed,,,fixed,Supplier margin,
SOL-MPG-LIQ·CN,SOL-MPG-LIQ,CN,1,58,0.58,Propylene monomer,PRP-CN,d,indexed,direct,brent,resolved,Propylene monomer,brent
SOL-MPG-LIQ·CN,SOL-MPG-LIQ,CN,2,10,0.1,Propylene oxide hydration step fixed conversion,fixed,f,fixed,,,fixed,Propylene oxide hydration step fixed conversion,
SOL-MPG-LIQ·CN,SOL-MPG-LIQ,CN,3,7,0.07,Industrial electricity,ELEC-CN,d,indexed,direct,elec-cn,resolved,Industrial electricity,elec-cn
SOL-MPG-LIQ·CN,SOL-MPG-LIQ,CN,4,4,0.04,Process water,WATER-EU,p,indexed,proxy,water-eu,resolved,Process water,water-eu
SOL-MPG-LIQ·CN,SOL-MPG-LIQ,CN,5,11,0.11,Fixed costs LCI,LCI-CN,d,indexed,direct,lci-cn,resolved,Fixed costs LCI,lci-cn
SOL-MPG-LIQ·CN,SOL-MPG-LIQ,CN,6,10,0.1,Supplier margin,fixed,f,fixed,,,fixed,Supplier margin,
SOL-MPG-LIQ·APAC,SOL-MPG-LIQ,APAC,1,58,0.58,Propylene monomer,PRP-APAC,d,indexed,direct,ethylene-propylene-na,resolved,Propylene monomer,ethylene-propylene-na
SOL-MPG-LIQ·APAC,SOL-MPG-LIQ,APAC,2,10,0.1,Propylene oxide hydration step fixed conversion,fixed,f,fixed,,,fixed,Propylene oxide hydration step fixed conversion,
SOL-MPG-LIQ·APAC,SOL-MPG-LIQ,APAC,3,7,0.07,Industrial electricity,ELEC-APAC,d,indexed,direct,elec-cn,resolved,Industrial electricity,elec-cn
SOL-MPG-LIQ·APAC,SOL-MPG-LIQ,APAC,4,4,0.04,Process water,WATER-EU,p,indexed,proxy,water-eu,resolved,Process water,water-eu
SOL-MPG-LIQ·APAC,SOL-MPG-LIQ,APAC,5,11,0.11,Fixed costs LCI,LCI-APAC,d,indexed,direct,lci-apac,resolved,Fixed costs LCI,lci-apac
SOL-MPG-LIQ·APAC,SOL-MPG-LIQ,APAC,6,10,0.1,Supplier margin,fixed,f,fixed,,,fixed,Supplier margin,
RES-EVA-PEL·EU,RES-EVA-PEL,EU,1,49,0.49,Ethylene monomer,ETH-NWE,d,indexed,direct,brent,resolved,Ethylene monomer,brent
RES-EVA-PEL·EU,RES-EVA-PEL,EU,2,16,0.16,Vinyl acetate monomer methanol/acetic-acid route proxy,MEOH-EU,d,indexed,direct,methanol-na,resolved,Vinyl acetate monomer methanol/acetic-acid route proxy,methanol-na
RES-EVA-PEL·EU,RES-EVA-PEL,EU,3,8,0.08,Industrial electricity,ELEC-EU,d,indexed,direct,elec-eu,resolved,Industrial electricity,elec-eu
RES-EVA-PEL·EU,RES-EVA-PEL,EU,4,3,0.03,HDPE bag packaging,HDPE-EU,d,indexed,direct,brent,resolved,HDPE bag packaging,brent
RES-EVA-PEL·EU,RES-EVA-PEL,EU,5,13,0.13,Fixed costs LCI,LCI-EU,d,indexed,direct,lci-eu,resolved,Fixed costs LCI,lci-eu
RES-EVA-PEL·EU,RES-EVA-PEL,EU,6,11,0.11,Supplier margin,fixed,f,fixed,,,fixed,Supplier margin,
RES-EVA-PEL·NA,RES-EVA-PEL,NA,1,49,0.49,Ethylene monomer,ETH-US,d,indexed,direct,ethylene-propylene-na,resolved,Ethylene monomer,ethylene-propylene-na
RES-EVA-PEL·NA,RES-EVA-PEL,NA,2,16,0.16,Vinyl acetate monomer methanol/acetic-acid route proxy,MEOH-NA,d,indexed,direct,methanol-na,resolved,Vinyl acetate monomer methanol/acetic-acid route proxy,methanol-na
RES-EVA-PEL·NA,RES-EVA-PEL,NA,3,8,0.08,Industrial electricity,ELEC-NA,d,indexed,direct,elec-na,resolved,Industrial electricity,elec-na
RES-EVA-PEL·NA,RES-EVA-PEL,NA,4,3,0.03,HDPE bag packaging,HDPE-NA,d,indexed,direct,hdpe-na,resolved,HDPE bag packaging,hdpe-na
RES-EVA-PEL·NA,RES-EVA-PEL,NA,5,13,0.13,Fixed costs LCI,LCI-NA,d,indexed,direct,lci-na,resolved,Fixed costs LCI,lci-na
RES-EVA-PEL·NA,RES-EVA-PEL,NA,6,11,0.11,Supplier margin,fixed,f,fixed,,,fixed,Supplier margin,
RES-EVA-PEL·CN,RES-EVA-PEL,CN,1,49,0.49,Ethylene monomer,ETH-CN,d,indexed,direct,brent,resolved,Ethylene monomer,brent
RES-EVA-PEL·CN,RES-EVA-PEL,CN,2,16,0.16,Vinyl acetate monomer methanol/acetic-acid route proxy,MEOH-CN,d,indexed,direct,methanol-na,resolved,Vinyl acetate monomer methanol/acetic-acid route proxy,methanol-na
RES-EVA-PEL·CN,RES-EVA-PEL,CN,3,8,0.08,Industrial electricity,ELEC-CN,d,indexed,direct,elec-cn,resolved,Industrial electricity,elec-cn
RES-EVA-PEL·CN,RES-EVA-PEL,CN,4,3,0.03,HDPE bag packaging,HDPE-CN,d,indexed,direct,brent,resolved,HDPE bag packaging,brent
RES-EVA-PEL·CN,RES-EVA-PEL,CN,5,13,0.13,Fixed costs LCI,LCI-CN,d,indexed,direct,lci-cn,resolved,Fixed costs LCI,lci-cn
RES-EVA-PEL·CN,RES-EVA-PEL,CN,6,11,0.11,Supplier margin,fixed,f,fixed,,,fixed,Supplier margin,
RES-EVA-PEL·APAC,RES-EVA-PEL,APAC,1,49,0.49,Ethylene monomer,ETH-APAC,d,indexed,direct,ethylene-propylene-na,resolved,Ethylene monomer,ethylene-propylene-na
RES-EVA-PEL·APAC,RES-EVA-PEL,APAC,2,16,0.16,Vinyl acetate monomer methanol/acetic-acid route proxy,MEOH-ASIA,d,indexed,direct,methanol-na,resolved,Vinyl acetate monomer methanol/acetic-acid route proxy,methanol-na
RES-EVA-PEL·APAC,RES-EVA-PEL,APAC,3,8,0.08,Industrial electricity,ELEC-APAC,d,indexed,direct,elec-cn,resolved,Industrial electricity,elec-cn
RES-EVA-PEL·APAC,RES-EVA-PEL,APAC,4,3,0.03,HDPE bag packaging,HDPE-ASIA,d,indexed,direct,brent,resolved,HDPE bag packaging,brent
RES-EVA-PEL·APAC,RES-EVA-PEL,APAC,5,13,0.13,Fixed costs LCI,LCI-APAC,d,indexed,direct,lci-apac,resolved,Fixed costs LCI,lci-apac
RES-EVA-PEL·APAC,RES-EVA-PEL,APAC,6,11,0.11,Supplier margin,fixed,f,fixed,,,fixed,Supplier margin,
FOD-STARCH-PWD·EU,FOD-STARCH-PWD,EU,1,62,0.62,Corn wet-milling feedstock,CORN-CBOT,d,indexed,direct,corn,resolved,Corn wet-milling feedstock,corn
FOD-STARCH-PWD·EU,FOD-STARCH-PWD,EU,2,9,0.09,Industrial electricity,ELEC-EU,d,indexed,direct,elec-eu,resolved,Industrial electricity,elec-eu
FOD-STARCH-PWD·EU,FOD-STARCH-PWD,EU,3,3,0.03,HDPE bag packaging,HDPE-EU,d,indexed,direct,brent,resolved,HDPE bag packaging,brent
FOD-STARCH-PWD·EU,FOD-STARCH-PWD,EU,4,13,0.13,Fixed costs LCI,LCI-EU,d,indexed,direct,lci-eu,resolved,Fixed costs LCI,lci-eu
FOD-STARCH-PWD·EU,FOD-STARCH-PWD,EU,5,13,0.13,Supplier margin,fixed,f,fixed,,,fixed,Supplier margin,
FOD-STARCH-PWD·NA,FOD-STARCH-PWD,NA,1,62,0.62,Corn wet-milling feedstock,CORN-CBOT,d,indexed,direct,corn,resolved,Corn wet-milling feedstock,corn
FOD-STARCH-PWD·NA,FOD-STARCH-PWD,NA,2,9,0.09,Industrial electricity,ELEC-NA,d,indexed,direct,elec-na,resolved,Industrial electricity,elec-na
FOD-STARCH-PWD·NA,FOD-STARCH-PWD,NA,3,3,0.03,HDPE bag packaging,HDPE-NA,d,indexed,direct,hdpe-na,resolved,HDPE bag packaging,hdpe-na
FOD-STARCH-PWD·NA,FOD-STARCH-PWD,NA,4,13,0.13,Fixed costs LCI,LCI-NA,d,indexed,direct,lci-na,resolved,Fixed costs LCI,lci-na
FOD-STARCH-PWD·NA,FOD-STARCH-PWD,NA,5,13,0.13,Supplier margin,fixed,f,fixed,,,fixed,Supplier margin,
FOD-STARCH-PWD·CN,FOD-STARCH-PWD,CN,1,62,0.62,Corn wet-milling feedstock,CORN-CBOT,d,indexed,direct,corn,resolved,Corn wet-milling feedstock,corn
FOD-STARCH-PWD·CN,FOD-STARCH-PWD,CN,2,9,0.09,Industrial electricity,ELEC-CN,d,indexed,direct,elec-cn,resolved,Industrial electricity,elec-cn
FOD-STARCH-PWD·CN,FOD-STARCH-PWD,CN,3,3,0.03,HDPE bag packaging,HDPE-CN,d,indexed,direct,brent,resolved,HDPE bag packaging,brent
FOD-STARCH-PWD·CN,FOD-STARCH-PWD,CN,4,13,0.13,Fixed costs LCI,LCI-CN,d,indexed,direct,lci-cn,resolved,Fixed costs LCI,lci-cn
FOD-STARCH-PWD·CN,FOD-STARCH-PWD,CN,5,13,0.13,Supplier margin,fixed,f,fixed,,,fixed,Supplier margin,
FOD-STARCH-PWD·APAC,FOD-STARCH-PWD,APAC,1,62,0.62,Corn wet-milling feedstock,CORN-CBOT,d,indexed,direct,corn,resolved,Corn wet-milling feedstock,corn
FOD-STARCH-PWD·APAC,FOD-STARCH-PWD,APAC,2,9,0.09,Industrial electricity,ELEC-APAC,d,indexed,direct,elec-cn,resolved,Industrial electricity,elec-cn
FOD-STARCH-PWD·APAC,FOD-STARCH-PWD,APAC,3,3,0.03,HDPE bag packaging,HDPE-ASIA,d,indexed,direct,brent,resolved,HDPE bag packaging,brent
FOD-STARCH-PWD·APAC,FOD-STARCH-PWD,APAC,4,13,0.13,Fixed costs LCI,LCI-APAC,d,indexed,direct,lci-apac,resolved,Fixed costs LCI,lci-apac
FOD-STARCH-PWD·APAC,FOD-STARCH-PWD,APAC,5,13,0.13,Supplier margin,fixed,f,fixed,,,fixed,Supplier margin,
MIN-CACO3-GCC·EU,MIN-CACO3-GCC,EU,1,55,0.55,Industrial electricity grinding,ELEC-EU,d,indexed,direct,elec-eu,resolved,Industrial electricity grinding,elec-eu
MIN-CACO3-GCC·EU,MIN-CACO3-GCC,EU,2,15,0.15,Limestone quarrying not separately indexed,fixed,f,fixed,,,fixed,Limestone quarrying not separately indexed,
MIN-CACO3-GCC·EU,MIN-CACO3-GCC,EU,3,5,0.05,HDPE bag packaging,HDPE-EU,d,indexed,direct,brent,resolved,HDPE bag packaging,brent
MIN-CACO3-GCC·EU,MIN-CACO3-GCC,EU,4,13,0.13,Fixed costs LCI,LCI-EU,d,indexed,direct,lci-eu,resolved,Fixed costs LCI,lci-eu
MIN-CACO3-GCC·EU,MIN-CACO3-GCC,EU,5,12,0.12,Supplier margin,fixed,f,fixed,,,fixed,Supplier margin,
MIN-CACO3-GCC·NA,MIN-CACO3-GCC,NA,1,55,0.55,Industrial electricity grinding,ELEC-NA,d,indexed,direct,elec-na,resolved,Industrial electricity grinding,elec-na
MIN-CACO3-GCC·NA,MIN-CACO3-GCC,NA,2,15,0.15,Limestone quarrying not separately indexed,fixed,f,fixed,,,fixed,Limestone quarrying not separately indexed,
MIN-CACO3-GCC·NA,MIN-CACO3-GCC,NA,3,5,0.05,HDPE bag packaging,HDPE-NA,d,indexed,direct,hdpe-na,resolved,HDPE bag packaging,hdpe-na
MIN-CACO3-GCC·NA,MIN-CACO3-GCC,NA,4,13,0.13,Fixed costs LCI,LCI-NA,d,indexed,direct,lci-na,resolved,Fixed costs LCI,lci-na
MIN-CACO3-GCC·NA,MIN-CACO3-GCC,NA,5,12,0.12,Supplier margin,fixed,f,fixed,,,fixed,Supplier margin,
MIN-CACO3-GCC·CN,MIN-CACO3-GCC,CN,1,55,0.55,Industrial electricity grinding,ELEC-CN,d,indexed,direct,elec-cn,resolved,Industrial electricity grinding,elec-cn
MIN-CACO3-GCC·CN,MIN-CACO3-GCC,CN,2,15,0.15,Limestone quarrying not separately indexed,fixed,f,fixed,,,fixed,Limestone quarrying not separately indexed,
MIN-CACO3-GCC·CN,MIN-CACO3-GCC,CN,3,5,0.05,HDPE bag packaging,HDPE-CN,d,indexed,direct,brent,resolved,HDPE bag packaging,brent
MIN-CACO3-GCC·CN,MIN-CACO3-GCC,CN,4,13,0.13,Fixed costs LCI,LCI-CN,d,indexed,direct,lci-cn,resolved,Fixed costs LCI,lci-cn
MIN-CACO3-GCC·CN,MIN-CACO3-GCC,CN,5,12,0.12,Supplier margin,fixed,f,fixed,,,fixed,Supplier margin,
MIN-CACO3-GCC·IN,MIN-CACO3-GCC,IN,1,55,0.55,Industrial electricity grinding,ELEC-IN,d,indexed,direct,elec-in,resolved,Industrial electricity grinding,elec-in
MIN-CACO3-GCC·IN,MIN-CACO3-GCC,IN,2,15,0.15,Limestone quarrying not separately indexed,fixed,f,fixed,,,fixed,Limestone quarrying not separately indexed,
MIN-CACO3-GCC·IN,MIN-CACO3-GCC,IN,3,5,0.05,HDPE bag packaging,HDPE-ASIA,d,indexed,direct,brent,resolved,HDPE bag packaging,brent
MIN-CACO3-GCC·IN,MIN-CACO3-GCC,IN,4,13,0.13,Fixed costs LCI,LCI-IN,d,indexed,direct,lci-in,resolved,Fixed costs LCI,lci-in
MIN-CACO3-GCC·IN,MIN-CACO3-GCC,IN,5,12,0.12,Supplier margin,fixed,f,fixed,,,fixed,Supplier margin,
MIN-CACO3-PCC·EU,MIN-CACO3-PCC,EU,1,45,0.45,Lime BLS PPI direct index,LIME-US,d,indexed,direct,lime-na,no_series,Lime BLS PPI direct index,
MIN-CACO3-PCC·EU,MIN-CACO3-PCC,EU,2,25,0.25,Natural gas calcination energy,TTF-EU,d,indexed,direct,ttf-eu,resolved,Natural gas calcination energy,ttf-eu
MIN-CACO3-PCC·EU,MIN-CACO3-PCC,EU,3,6,0.06,Industrial electricity,ELEC-EU,d,indexed,direct,elec-eu,resolved,Industrial electricity,elec-eu
MIN-CACO3-PCC·EU,MIN-CACO3-PCC,EU,4,3,0.03,HDPE bag packaging,HDPE-EU,d,indexed,direct,brent,resolved,HDPE bag packaging,brent
MIN-CACO3-PCC·EU,MIN-CACO3-PCC,EU,5,11,0.11,Fixed costs LCI,LCI-EU,d,indexed,direct,lci-eu,resolved,Fixed costs LCI,lci-eu
MIN-CACO3-PCC·EU,MIN-CACO3-PCC,EU,6,10,0.1,Supplier margin,fixed,f,fixed,,,fixed,Supplier margin,
MIN-CACO3-PCC·NA,MIN-CACO3-PCC,NA,1,45,0.45,Lime BLS PPI direct index,LIME-US,d,indexed,direct,lime-na,no_series,Lime BLS PPI direct index,
MIN-CACO3-PCC·NA,MIN-CACO3-PCC,NA,2,25,0.25,Natural gas calcination energy,HH-NA,d,indexed,direct,natgas-na,resolved,Natural gas calcination energy,natgas-na
MIN-CACO3-PCC·NA,MIN-CACO3-PCC,NA,3,6,0.06,Industrial electricity,ELEC-NA,d,indexed,direct,elec-na,resolved,Industrial electricity,elec-na
MIN-CACO3-PCC·NA,MIN-CACO3-PCC,NA,4,3,0.03,HDPE bag packaging,HDPE-NA,d,indexed,direct,hdpe-na,resolved,HDPE bag packaging,hdpe-na
MIN-CACO3-PCC·NA,MIN-CACO3-PCC,NA,5,11,0.11,Fixed costs LCI,LCI-NA,d,indexed,direct,lci-na,resolved,Fixed costs LCI,lci-na
MIN-CACO3-PCC·NA,MIN-CACO3-PCC,NA,6,10,0.1,Supplier margin,fixed,f,fixed,,,fixed,Supplier margin,
MIN-CACO3-PCC·CN,MIN-CACO3-PCC,CN,1,45,0.45,Lime BLS PPI direct index,LIME-US,d,indexed,direct,lime-na,no_series,Lime BLS PPI direct index,
MIN-CACO3-PCC·CN,MIN-CACO3-PCC,CN,2,25,0.25,Natural gas calcination energy,NDRC-CN,d,indexed,direct,gas-china,resolved,Natural gas calcination energy,gas-china
MIN-CACO3-PCC·CN,MIN-CACO3-PCC,CN,3,6,0.06,Industrial electricity,ELEC-CN,d,indexed,direct,elec-cn,resolved,Industrial electricity,elec-cn
MIN-CACO3-PCC·CN,MIN-CACO3-PCC,CN,4,3,0.03,HDPE bag packaging,HDPE-CN,d,indexed,direct,brent,resolved,HDPE bag packaging,brent
MIN-CACO3-PCC·CN,MIN-CACO3-PCC,CN,5,11,0.11,Fixed costs LCI,LCI-CN,d,indexed,direct,lci-cn,resolved,Fixed costs LCI,lci-cn
MIN-CACO3-PCC·CN,MIN-CACO3-PCC,CN,6,10,0.1,Supplier margin,fixed,f,fixed,,,fixed,Supplier margin,
MIN-CACO3-PCC·IN,MIN-CACO3-PCC,IN,1,45,0.45,Lime BLS PPI direct index,LIME-US,d,indexed,direct,lime-na,no_series,Lime BLS PPI direct index,
MIN-CACO3-PCC·IN,MIN-CACO3-PCC,IN,2,25,0.25,Natural gas calcination energy,JKM-APAC,d,indexed,direct,lng-japan,resolved,Natural gas calcination energy,lng-japan
MIN-CACO3-PCC·IN,MIN-CACO3-PCC,IN,3,6,0.06,Industrial electricity,ELEC-IN,d,indexed,direct,elec-in,resolved,Industrial electricity,elec-in
MIN-CACO3-PCC·IN,MIN-CACO3-PCC,IN,4,3,0.03,HDPE bag packaging,HDPE-ASIA,d,indexed,direct,brent,resolved,HDPE bag packaging,brent
MIN-CACO3-PCC·IN,MIN-CACO3-PCC,IN,5,11,0.11,Fixed costs LCI,LCI-IN,d,indexed,direct,lci-in,resolved,Fixed costs LCI,lci-in
MIN-CACO3-PCC·IN,MIN-CACO3-PCC,IN,6,10,0.1,Supplier margin,fixed,f,fixed,,,fixed,Supplier margin,
ACT-CARB-MIN·EU,ACT-CARB-MIN,EU,1,55,0.55,Coal feedstock steam activation,COAL-AU,d,indexed,direct,coal-au,no_series,Coal feedstock steam activation,
ACT-CARB-MIN·EU,ACT-CARB-MIN,EU,2,15,0.15,Industrial electricity activation kiln,ELEC-EU,d,indexed,direct,elec-eu,resolved,Industrial electricity activation kiln,elec-eu
ACT-CARB-MIN·EU,ACT-CARB-MIN,EU,3,5,0.05,HDPE bag packaging,HDPE-EU,d,indexed,direct,brent,resolved,HDPE bag packaging,brent
ACT-CARB-MIN·EU,ACT-CARB-MIN,EU,4,12,0.12,Fixed costs LCI,LCI-EU,d,indexed,direct,lci-eu,resolved,Fixed costs LCI,lci-eu
ACT-CARB-MIN·EU,ACT-CARB-MIN,EU,5,13,0.13,Supplier margin,fixed,f,fixed,,,fixed,Supplier margin,
ACT-CARB-MIN·NA,ACT-CARB-MIN,NA,1,55,0.55,Coal feedstock steam activation,COAL-AU,d,indexed,direct,coal-au,no_series,Coal feedstock steam activation,
ACT-CARB-MIN·NA,ACT-CARB-MIN,NA,2,15,0.15,Industrial electricity activation kiln,ELEC-NA,d,indexed,direct,elec-na,resolved,Industrial electricity activation kiln,elec-na
ACT-CARB-MIN·NA,ACT-CARB-MIN,NA,3,5,0.05,HDPE bag packaging,HDPE-NA,d,indexed,direct,hdpe-na,resolved,HDPE bag packaging,hdpe-na
ACT-CARB-MIN·NA,ACT-CARB-MIN,NA,4,12,0.12,Fixed costs LCI,LCI-NA,d,indexed,direct,lci-na,resolved,Fixed costs LCI,lci-na
ACT-CARB-MIN·NA,ACT-CARB-MIN,NA,5,13,0.13,Supplier margin,fixed,f,fixed,,,fixed,Supplier margin,
ACT-CARB-MIN·CN,ACT-CARB-MIN,CN,1,55,0.55,Coal feedstock steam activation,COAL-AU,d,indexed,direct,coal-au,no_series,Coal feedstock steam activation,
ACT-CARB-MIN·CN,ACT-CARB-MIN,CN,2,15,0.15,Industrial electricity activation kiln,ELEC-CN,d,indexed,direct,elec-cn,resolved,Industrial electricity activation kiln,elec-cn
ACT-CARB-MIN·CN,ACT-CARB-MIN,CN,3,5,0.05,HDPE bag packaging,HDPE-CN,d,indexed,direct,brent,resolved,HDPE bag packaging,brent
ACT-CARB-MIN·CN,ACT-CARB-MIN,CN,4,12,0.12,Fixed costs LCI,LCI-CN,d,indexed,direct,lci-cn,resolved,Fixed costs LCI,lci-cn
ACT-CARB-MIN·CN,ACT-CARB-MIN,CN,5,13,0.13,Supplier margin,fixed,f,fixed,,,fixed,Supplier margin,
ACT-CARB-MIN·IN,ACT-CARB-MIN,IN,1,55,0.55,Coal feedstock steam activation,COAL-AU,d,indexed,direct,coal-au,no_series,Coal feedstock steam activation,
ACT-CARB-MIN·IN,ACT-CARB-MIN,IN,2,15,0.15,Industrial electricity activation kiln,ELEC-IN,d,indexed,direct,elec-in,resolved,Industrial electricity activation kiln,elec-in
ACT-CARB-MIN·IN,ACT-CARB-MIN,IN,3,5,0.05,HDPE bag packaging,HDPE-ASIA,d,indexed,direct,brent,resolved,HDPE bag packaging,brent
ACT-CARB-MIN·IN,ACT-CARB-MIN,IN,4,12,0.12,Fixed costs LCI,LCI-IN,d,indexed,direct,lci-in,resolved,Fixed costs LCI,lci-in
ACT-CARB-MIN·IN,ACT-CARB-MIN,IN,5,13,0.13,Supplier margin,fixed,f,fixed,,,fixed,Supplier margin,
ACT-CARB-COCO·EU,ACT-CARB-COCO,EU,1,50,0.5,"Coconut oil price — proxy for shell availability, not a direct feedstock line",COCO-WB,d,indexed,direct,coconut-oil-wb,no_series,"Coconut oil price — proxy for shell availability, not a direct f",
ACT-CARB-COCO·EU,ACT-CARB-COCO,EU,2,18,0.18,Industrial electricity activation kiln,ELEC-EU,d,indexed,direct,elec-eu,resolved,Industrial electricity activation kiln,elec-eu
ACT-CARB-COCO·EU,ACT-CARB-COCO,EU,3,5,0.05,HDPE bag packaging,HDPE-EU,d,indexed,direct,brent,resolved,HDPE bag packaging,brent
ACT-CARB-COCO·EU,ACT-CARB-COCO,EU,4,12,0.12,Fixed costs LCI,LCI-EU,d,indexed,direct,lci-eu,resolved,Fixed costs LCI,lci-eu
ACT-CARB-COCO·EU,ACT-CARB-COCO,EU,5,15,0.15,Supplier margin,fixed,f,fixed,,,fixed,Supplier margin,
ACT-CARB-COCO·NA,ACT-CARB-COCO,NA,1,50,0.5,"Coconut oil price — proxy for shell availability, not a direct feedstock line",COCO-WB,d,indexed,direct,coconut-oil-wb,no_series,"Coconut oil price — proxy for shell availability, not a direct f",
ACT-CARB-COCO·NA,ACT-CARB-COCO,NA,2,18,0.18,Industrial electricity activation kiln,ELEC-NA,d,indexed,direct,elec-na,resolved,Industrial electricity activation kiln,elec-na
ACT-CARB-COCO·NA,ACT-CARB-COCO,NA,3,5,0.05,HDPE bag packaging,HDPE-NA,d,indexed,direct,hdpe-na,resolved,HDPE bag packaging,hdpe-na
ACT-CARB-COCO·NA,ACT-CARB-COCO,NA,4,12,0.12,Fixed costs LCI,LCI-NA,d,indexed,direct,lci-na,resolved,Fixed costs LCI,lci-na
ACT-CARB-COCO·NA,ACT-CARB-COCO,NA,5,15,0.15,Supplier margin,fixed,f,fixed,,,fixed,Supplier margin,
ACT-CARB-COCO·APAC,ACT-CARB-COCO,APAC,1,50,0.5,"Coconut oil price — proxy for shell availability, not a direct feedstock line",COCO-WB,d,indexed,direct,coconut-oil-wb,no_series,"Coconut oil price — proxy for shell availability, not a direct f",
ACT-CARB-COCO·APAC,ACT-CARB-COCO,APAC,2,18,0.18,Industrial electricity activation kiln,ELEC-APAC,d,indexed,direct,elec-cn,resolved,Industrial electricity activation kiln,elec-cn
ACT-CARB-COCO·APAC,ACT-CARB-COCO,APAC,3,5,0.05,HDPE bag packaging,HDPE-ASIA,d,indexed,direct,brent,resolved,HDPE bag packaging,brent
ACT-CARB-COCO·APAC,ACT-CARB-COCO,APAC,4,12,0.12,Fixed costs LCI,LCI-APAC,d,indexed,direct,lci-apac,resolved,Fixed costs LCI,lci-apac
ACT-CARB-COCO·APAC,ACT-CARB-COCO,APAC,5,15,0.15,Supplier margin,fixed,f,fixed,,,fixed,Supplier margin,
ACT-CARB-COCO·IN,ACT-CARB-COCO,IN,1,50,0.5,"Coconut oil price — proxy for shell availability, not a direct feedstock line",COCO-WB,d,indexed,direct,coconut-oil-wb,no_series,"Coconut oil price — proxy for shell availability, not a direct f",
ACT-CARB-COCO·IN,ACT-CARB-COCO,IN,2,18,0.18,Industrial electricity activation kiln,ELEC-IN,d,indexed,direct,elec-in,resolved,Industrial electricity activation kiln,elec-in
ACT-CARB-COCO·IN,ACT-CARB-COCO,IN,3,5,0.05,HDPE bag packaging,HDPE-ASIA,d,indexed,direct,brent,resolved,HDPE bag packaging,brent
ACT-CARB-COCO·IN,ACT-CARB-COCO,IN,4,12,0.12,Fixed costs LCI,LCI-IN,d,indexed,direct,lci-in,resolved,Fixed costs LCI,lci-in
ACT-CARB-COCO·IN,ACT-CARB-COCO,IN,5,15,0.15,Supplier margin,fixed,f,fixed,,,fixed,Supplier margin,
SOL-ETAC-LIQ·NA,SOL-ETAC-LIQ,NA,1,37,0.37,Ethanol (feedstock),ETH-US-PPI,feedstock,indexed,unclassified,ethanol-ppi,no_series,Ethanol (feedstock),
SOL-ETAC-LIQ·NA,SOL-ETAC-LIQ,NA,2,30,0.3,Methanol / acetic acid,MEOH-NA,feedstock,indexed,unclassified,methanol-na,resolved,Methanol / acetic acid,methanol-na
SOL-ETAC-LIQ·NA,SOL-ETAC-LIQ,NA,3,8,0.08,Industrial electricity,ELEC-US-PPI,feedstock,indexed,unclassified,elec-power-ppi,no_series,Industrial electricity,
SOL-ETAC-LIQ·NA,SOL-ETAC-LIQ,NA,4,10,0.1,Fixed costs LCI,LCI-NA,feedstock,indexed,unclassified,lci-na,resolved,Fixed costs LCI,lci-na
SOL-ETAC-LIQ·NA,SOL-ETAC-LIQ,NA,5,3,0.03,HDPE drum packaging,HDPE-EU,feedstock,indexed,unclassified,brent,resolved,HDPE drum packaging,brent
SOL-ETAC-LIQ·NA,SOL-ETAC-LIQ,NA,6,12,0.12,Supplier margin,fixed,fixed,fixed,,,fixed,Supplier margin,
SOL-BUAC-LIQ·NA,SOL-BUAC-LIQ,NA,1,37,0.37,Refinery gases (n-butanol proxy),RG-US,feedstock,indexed,unclassified,refinery-gases-ppi,no_series,Refinery gases (n-butanol proxy),
SOL-BUAC-LIQ·NA,SOL-BUAC-LIQ,NA,2,30,0.3,Methanol / acetic acid,MEOH-NA,feedstock,indexed,unclassified,methanol-na,resolved,Methanol / acetic acid,methanol-na
SOL-BUAC-LIQ·NA,SOL-BUAC-LIQ,NA,3,8,0.08,Industrial electricity,ELEC-US-PPI,feedstock,indexed,unclassified,elec-power-ppi,no_series,Industrial electricity,
SOL-BUAC-LIQ·NA,SOL-BUAC-LIQ,NA,4,10,0.1,Fixed costs LCI,LCI-NA,feedstock,indexed,unclassified,lci-na,resolved,Fixed costs LCI,lci-na
SOL-BUAC-LIQ·NA,SOL-BUAC-LIQ,NA,5,3,0.03,HDPE drum packaging,HDPE-EU,feedstock,indexed,unclassified,brent,resolved,HDPE drum packaging,brent
SOL-BUAC-LIQ·NA,SOL-BUAC-LIQ,NA,6,12,0.12,Supplier margin,fixed,fixed,fixed,,,fixed,Supplier margin,
MIN-BENT-PWD·ACT·NA,MIN-BENT-PWD,NA,1,46,0.46,Natural gas (thermal activation),NATGAS-US,feedstock,indexed,unclassified,natgas-ppi,no_series,Natural gas (thermal activation),
MIN-BENT-PWD·ACT·NA,MIN-BENT-PWD,NA,2,20,0.2,Soda ash (activation agent),SODA-US,feedstock,indexed,unclassified,alkalies-chlorine-ppi,no_series,Soda ash (activation agent),
MIN-BENT-PWD·ACT·NA,MIN-BENT-PWD,NA,3,8,0.08,Industrial electricity,ELEC-US-PPI,feedstock,indexed,unclassified,elec-power-ppi,no_series,Industrial electricity,
MIN-BENT-PWD·ACT·NA,MIN-BENT-PWD,NA,4,10,0.1,Fixed costs LCI,LCI-NA,feedstock,indexed,unclassified,lci-na,resolved,Fixed costs LCI,lci-na
MIN-BENT-PWD·ACT·NA,MIN-BENT-PWD,NA,5,4,0.04,HDPE bag packaging,HDPE-EU,feedstock,indexed,unclassified,brent,resolved,HDPE bag packaging,brent
MIN-BENT-PWD·ACT·NA,MIN-BENT-PWD,NA,6,12,0.12,Supplier margin,fixed,fixed,fixed,,,fixed,Supplier margin,
MIN-BENT-PWD·NAT·NA,MIN-BENT-PWD,NA,1,46,0.46,Natural gas (thermal activation),NATGAS-US,feedstock,indexed,unclassified,natgas-ppi,no_series,Natural gas (thermal activation),
MIN-BENT-PWD·NAT·NA,MIN-BENT-PWD,NA,2,20,0.2,Soda ash (activation agent),SODA-US,feedstock,indexed,unclassified,alkalies-chlorine-ppi,no_series,Soda ash (activation agent),
MIN-BENT-PWD·NAT·NA,MIN-BENT-PWD,NA,3,8,0.08,Industrial electricity,ELEC-US-PPI,feedstock,indexed,unclassified,elec-power-ppi,no_series,Industrial electricity,
MIN-BENT-PWD·NAT·NA,MIN-BENT-PWD,NA,4,10,0.1,Fixed costs LCI,LCI-NA,feedstock,indexed,unclassified,lci-na,resolved,Fixed costs LCI,lci-na
MIN-BENT-PWD·NAT·NA,MIN-BENT-PWD,NA,5,4,0.04,HDPE bag packaging,HDPE-EU,feedstock,indexed,unclassified,brent,resolved,HDPE bag packaging,brent
MIN-BENT-PWD·NAT·NA,MIN-BENT-PWD,NA,6,12,0.12,Supplier margin,fixed,fixed,fixed,,,fixed,Supplier margin,
MIN-BARI-PWD·NA,MIN-BARI-PWD,NA,1,74,0.74,Electric power (grinding & milling),ELEC-US-PPI,feedstock,indexed,unclassified,elec-power-ppi,no_series,Electric power (grinding & milling),
MIN-BARI-PWD·NA,MIN-BARI-PWD,NA,2,10,0.1,Fixed costs LCI,LCI-NA,feedstock,indexed,unclassified,lci-na,resolved,Fixed costs LCI,lci-na
MIN-BARI-PWD·NA,MIN-BARI-PWD,NA,3,4,0.04,HDPE bag packaging,HDPE-EU,feedstock,indexed,unclassified,brent,resolved,HDPE bag packaging,brent
MIN-BARI-PWD·NA,MIN-BARI-PWD,NA,4,12,0.12,Supplier margin,fixed,fixed,fixed,,,fixed,Supplier margin,
MIN-KAO-PWD·NA,MIN-KAO-PWD,NA,1,74,0.74,Electric power (grinding & milling),ELEC-US-PPI,feedstock,indexed,unclassified,elec-power-ppi,no_series,Electric power (grinding & milling),
MIN-KAO-PWD·NA,MIN-KAO-PWD,NA,2,10,0.1,Fixed costs LCI,LCI-NA,feedstock,indexed,unclassified,lci-na,resolved,Fixed costs LCI,lci-na
MIN-KAO-PWD·NA,MIN-KAO-PWD,NA,3,4,0.04,HDPE bag packaging,HDPE-EU,feedstock,indexed,unclassified,brent,resolved,HDPE bag packaging,brent
MIN-KAO-PWD·NA,MIN-KAO-PWD,NA,4,12,0.12,Supplier margin,fixed,fixed,fixed,,,fixed,Supplier margin,
MIN-TALC-PWD·UNT·NA,MIN-TALC-PWD,NA,1,74,0.74,Electric power (grinding & milling),ELEC-US-PPI,feedstock,indexed,unclassified,elec-power-ppi,no_series,Electric power (grinding & milling),
MIN-TALC-PWD·UNT·NA,MIN-TALC-PWD,NA,2,10,0.1,Fixed costs LCI,LCI-NA,feedstock,indexed,unclassified,lci-na,resolved,Fixed costs LCI,lci-na
MIN-TALC-PWD·UNT·NA,MIN-TALC-PWD,NA,3,4,0.04,HDPE bag packaging,HDPE-EU,feedstock,indexed,unclassified,brent,resolved,HDPE bag packaging,brent
MIN-TALC-PWD·UNT·NA,MIN-TALC-PWD,NA,4,12,0.12,Supplier margin,fixed,fixed,fixed,,,fixed,Supplier margin,
MIN-TALC-PWD·TRT·NA,MIN-TALC-PWD,NA,1,74,0.74,Electric power (grinding & milling),ELEC-US-PPI,feedstock,indexed,unclassified,elec-power-ppi,no_series,Electric power (grinding & milling),
MIN-TALC-PWD·TRT·NA,MIN-TALC-PWD,NA,2,10,0.1,Fixed costs LCI,LCI-NA,feedstock,indexed,unclassified,lci-na,resolved,Fixed costs LCI,lci-na
MIN-TALC-PWD·TRT·NA,MIN-TALC-PWD,NA,3,4,0.04,HDPE bag packaging,HDPE-EU,feedstock,indexed,unclassified,brent,resolved,HDPE bag packaging,brent
MIN-TALC-PWD·TRT·NA,MIN-TALC-PWD,NA,4,12,0.12,Supplier margin,fixed,fixed,fixed,,,fixed,Supplier margin,
MIN-FSIL-PWD·NA,MIN-FSIL-PWD,NA,1,58,0.58,Natural gas (flame hydrolysis),NATGAS-US,feedstock,indexed,unclassified,natgas-ppi,no_series,Natural gas (flame hydrolysis),
MIN-FSIL-PWD·NA,MIN-FSIL-PWD,NA,2,8,0.08,Industrial electricity,ELEC-US-PPI,feedstock,indexed,unclassified,elec-power-ppi,no_series,Industrial electricity,
MIN-FSIL-PWD·NA,MIN-FSIL-PWD,NA,3,12,0.12,Fixed costs LCI,LCI-NA,feedstock,indexed,unclassified,lci-na,resolved,Fixed costs LCI,lci-na
MIN-FSIL-PWD·NA,MIN-FSIL-PWD,NA,4,4,0.04,HDPE bag packaging,HDPE-EU,feedstock,indexed,unclassified,brent,resolved,HDPE bag packaging,brent
MIN-FSIL-PWD·NA,MIN-FSIL-PWD,NA,5,18,0.18,Supplier margin,fixed,fixed,fixed,,,fixed,Supplier margin,
RES-PA66-PEL·NA,RES-PA66-PEL,NA,1,67,0.67,Adipic acid / hexamethylenediamine (aromatics proxy),AROM-US,feedstock,indexed,unclassified,aromatics-ppi,no_series,Adipic acid / hexamethylenediamine (aromatics proxy),
RES-PA66-PEL·NA,RES-PA66-PEL,NA,2,8,0.08,Industrial electricity,ELEC-US-PPI,feedstock,indexed,unclassified,elec-power-ppi,no_series,Industrial electricity,
RES-PA66-PEL·NA,RES-PA66-PEL,NA,3,10,0.1,Fixed costs LCI,LCI-NA,feedstock,indexed,unclassified,lci-na,resolved,Fixed costs LCI,lci-na
RES-PA66-PEL·NA,RES-PA66-PEL,NA,4,3,0.03,HDPE bag packaging,HDPE-EU,feedstock,indexed,unclassified,brent,resolved,HDPE bag packaging,brent
RES-PA66-PEL·NA,RES-PA66-PEL,NA,5,12,0.12,Supplier margin,fixed,fixed,fixed,,,fixed,Supplier margin,
POL-PEG-LIQ·NA,POL-PEG-LIQ,NA,1,67,0.67,Refinery gases (ethylene oxide),RG-US,feedstock,indexed,unclassified,refinery-gases-ppi,no_series,Refinery gases (ethylene oxide),
POL-PEG-LIQ·NA,POL-PEG-LIQ,NA,2,8,0.08,Industrial electricity,ELEC-US-PPI,feedstock,indexed,unclassified,elec-power-ppi,no_series,Industrial electricity,
POL-PEG-LIQ·NA,POL-PEG-LIQ,NA,3,10,0.1,Fixed costs LCI,LCI-NA,feedstock,indexed,unclassified,lci-na,resolved,Fixed costs LCI,lci-na
POL-PEG-LIQ·NA,POL-PEG-LIQ,NA,4,3,0.03,HDPE drum / IBC packaging,HDPE-EU,feedstock,indexed,unclassified,brent,resolved,HDPE drum / IBC packaging,brent
POL-PEG-LIQ·NA,POL-PEG-LIQ,NA,5,12,0.12,Supplier margin,fixed,fixed,fixed,,,fixed,Supplier margin,
CLN-NACLO3-LIQ·NA,CLN-NACLO3-LIQ,NA,1,51,0.51,Electric power (electrolysis),ELEC-US-PPI,feedstock,indexed,unclassified,elec-power-ppi,no_series,Electric power (electrolysis),
CLN-NACLO3-LIQ·NA,CLN-NACLO3-LIQ,NA,2,27,0.27,Salt (electrolyte feedstock),SALT-US,feedstock,indexed,unclassified,salt-ppi,no_series,Salt (electrolyte feedstock),
CLN-NACLO3-LIQ·NA,CLN-NACLO3-LIQ,NA,3,10,0.1,Fixed costs LCI,LCI-NA,feedstock,indexed,unclassified,lci-na,resolved,Fixed costs LCI,lci-na
CLN-NACLO3-LIQ·NA,CLN-NACLO3-LIQ,NA,4,12,0.12,Supplier margin,fixed,fixed,fixed,,,fixed,Supplier margin,
FAT-STEA-PWD·NA,FAT-STEA-PWD,NA,1,69,0.69,Fatty acids (stearic acid CPO/PKO),FA-US,feedstock,indexed,unclassified,fatty-acids-ppi,no_series,Fatty acids (stearic acid CPO/PKO),
FAT-STEA-PWD·NA,FAT-STEA-PWD,NA,2,5,0.05,Industrial electricity,ELEC-US-PPI,feedstock,indexed,unclassified,elec-power-ppi,no_series,Industrial electricity,
FAT-STEA-PWD·NA,FAT-STEA-PWD,NA,3,10,0.1,Fixed costs LCI,LCI-NA,feedstock,indexed,unclassified,lci-na,resolved,Fixed costs LCI,lci-na
FAT-STEA-PWD·NA,FAT-STEA-PWD,NA,4,4,0.04,HDPE bag packaging,HDPE-EU,feedstock,indexed,unclassified,brent,resolved,HDPE bag packaging,brent
FAT-STEA-PWD·NA,FAT-STEA-PWD,NA,5,12,0.12,Supplier margin,fixed,fixed,fixed,,,fixed,Supplier margin,
FAT-ZNST-PWD·NA,FAT-ZNST-PWD,NA,1,45,0.45,Fatty acids (stearic acid),FA-US,feedstock,indexed,unclassified,fatty-acids-ppi,no_series,Fatty acids (stearic acid),
FAT-ZNST-PWD·NA,FAT-ZNST-PWD,NA,2,24,0.24,Zinc (LME global),ZINC-GL,feedstock,indexed,unclassified,zinc-gl,no_series,Zinc (LME global),
FAT-ZNST-PWD·NA,FAT-ZNST-PWD,NA,3,5,0.05,Industrial electricity,ELEC-US-PPI,feedstock,indexed,unclassified,elec-power-ppi,no_series,Industrial electricity,
FAT-ZNST-PWD·NA,FAT-ZNST-PWD,NA,4,10,0.1,Fixed costs LCI,LCI-NA,feedstock,indexed,unclassified,lci-na,resolved,Fixed costs LCI,lci-na
FAT-ZNST-PWD·NA,FAT-ZNST-PWD,NA,5,4,0.04,HDPE bag packaging,HDPE-EU,feedstock,indexed,unclassified,brent,resolved,HDPE bag packaging,brent
FAT-ZNST-PWD·NA,FAT-ZNST-PWD,NA,6,12,0.12,Supplier margin,fixed,fixed,fixed,,,fixed,Supplier margin,
CLN-PAA-LIQ·NA,CLN-PAA-LIQ,NA,1,34,0.34,Methanol / acetic acid,MEOH-NA,feedstock,indexed,unclassified,methanol-na,resolved,Methanol / acetic acid,methanol-na
CLN-PAA-LIQ·NA,CLN-PAA-LIQ,NA,2,34,0.34,Basic inorganic chemicals (H₂O₂ proxy),INORG-US,feedstock,indexed,unclassified,inorg-chem-ppi,no_series,Basic inorganic chemicals (H₂O₂ proxy),
CLN-PAA-LIQ·NA,CLN-PAA-LIQ,NA,3,8,0.08,Industrial electricity,ELEC-US-PPI,feedstock,indexed,unclassified,elec-power-ppi,no_series,Industrial electricity,
CLN-PAA-LIQ·NA,CLN-PAA-LIQ,NA,4,10,0.1,Fixed costs LCI,LCI-NA,feedstock,indexed,unclassified,lci-na,resolved,Fixed costs LCI,lci-na
CLN-PAA-LIQ·NA,CLN-PAA-LIQ,NA,5,14,0.14,Supplier margin,fixed,fixed,fixed,,,fixed,Supplier margin,
MIN-STPP-PWD·NA,MIN-STPP-PWD,NA,1,43,0.43,Phosphoric acid (phosphate rock proxy),PHOS-US,feedstock,indexed,unclassified,phosphates-ppi,no_series,Phosphoric acid (phosphate rock proxy),
MIN-STPP-PWD·NA,MIN-STPP-PWD,NA,2,23,0.23,Soda ash,SODA-US,feedstock,indexed,unclassified,alkalies-chlorine-ppi,no_series,Soda ash,
MIN-STPP-PWD·NA,MIN-STPP-PWD,NA,3,8,0.08,Industrial electricity,ELEC-US-PPI,feedstock,indexed,unclassified,elec-power-ppi,no_series,Industrial electricity,
MIN-STPP-PWD·NA,MIN-STPP-PWD,NA,4,10,0.1,Fixed costs LCI,LCI-NA,feedstock,indexed,unclassified,lci-na,resolved,Fixed costs LCI,lci-na
MIN-STPP-PWD·NA,MIN-STPP-PWD,NA,5,4,0.04,HDPE bag packaging,HDPE-EU,feedstock,indexed,unclassified,brent,resolved,HDPE bag packaging,brent
MIN-STPP-PWD·NA,MIN-STPP-PWD,NA,6,12,0.12,Supplier margin,fixed,fixed,fixed,,,fixed,Supplier margin,
POL-PDADMAC-LIQ·NA,POL-PDADMAC-LIQ,NA,1,36,0.36,Allyl chloride (propylene proxy),PRP-US,feedstock,indexed,unclassified,ethylene-propylene-na,resolved,Allyl chloride (propylene proxy),ethylene-propylene-na
POL-PDADMAC-LIQ·NA,POL-PDADMAC-LIQ,NA,2,29,0.29,Dimethylamine (ammonia proxy),NH3-NA,feedstock,indexed,unclassified,ammonia-na,resolved,Dimethylamine (ammonia proxy),ammonia-na
POL-PDADMAC-LIQ·NA,POL-PDADMAC-LIQ,NA,3,8,0.08,Industrial electricity,ELEC-US-PPI,feedstock,indexed,unclassified,elec-power-ppi,no_series,Industrial electricity,
POL-PDADMAC-LIQ·NA,POL-PDADMAC-LIQ,NA,4,10,0.1,Fixed costs LCI,LCI-NA,feedstock,indexed,unclassified,lci-na,resolved,Fixed costs LCI,lci-na
POL-PDADMAC-LIQ·NA,POL-PDADMAC-LIQ,NA,5,3,0.03,HDPE drum / IBC packaging,HDPE-EU,feedstock,indexed,unclassified,brent,resolved,HDPE drum / IBC packaging,brent
POL-PDADMAC-LIQ·NA,POL-PDADMAC-LIQ,NA,6,14,0.14,Supplier margin,fixed,fixed,fixed,,,fixed,Supplier margin,
CLN-BAC-LIQ·NA,CLN-BAC-LIQ,NA,1,26,0.26,Fatty alcohol (coconut oil proxy),COCO-WB,feedstock,indexed,unclassified,coconut-oil-wb,no_series,Fatty alcohol (coconut oil proxy),
CLN-BAC-LIQ·NA,CLN-BAC-LIQ,NA,2,23,0.23,Benzyl chloride (benzene proxy — one step removed),BZ-NA,feedstock,indexed,unclassified,benzene-na,resolved,Benzyl chloride (benzene proxy — one step removed),benzene-na
CLN-BAC-LIQ·NA,CLN-BAC-LIQ,NA,3,16,0.16,Dimethylamine (ammonia proxy),NH3-NA,feedstock,indexed,unclassified,ammonia-na,resolved,Dimethylamine (ammonia proxy),ammonia-na
CLN-BAC-LIQ·NA,CLN-BAC-LIQ,NA,4,8,0.08,Industrial electricity,ELEC-US-PPI,feedstock,indexed,unclassified,elec-power-ppi,no_series,Industrial electricity,
CLN-BAC-LIQ·NA,CLN-BAC-LIQ,NA,5,10,0.1,Fixed costs LCI,LCI-NA,feedstock,indexed,unclassified,lci-na,resolved,Fixed costs LCI,lci-na
CLN-BAC-LIQ·NA,CLN-BAC-LIQ,NA,6,3,0.03,HDPE drum packaging,HDPE-EU,feedstock,indexed,unclassified,brent,resolved,HDPE drum packaging,brent
CLN-BAC-LIQ·NA,CLN-BAC-LIQ,NA,7,14,0.14,Supplier margin,fixed,fixed,fixed,,,fixed,Supplier margin,
F27-DLIM-LIQ·NA,F27-DLIM-LIQ,NA,1,64,0.64,Orange oil / citrus peel byproduct,ORANGE-GL,feedstock,indexed,unclassified,orange-gl,no_series,Orange oil / citrus peel byproduct,
F27-DLIM-LIQ·NA,F27-DLIM-LIQ,NA,2,5,0.05,Industrial electricity,ELEC-US-PPI,feedstock,indexed,unclassified,elec-power-ppi,no_series,Industrial electricity,
F27-DLIM-LIQ·NA,F27-DLIM-LIQ,NA,3,10,0.1,Fixed costs LCI,LCI-NA,feedstock,indexed,unclassified,lci-na,resolved,Fixed costs LCI,lci-na
F27-DLIM-LIQ·NA,F27-DLIM-LIQ,NA,4,3,0.03,HDPE drum packaging,HDPE-EU,feedstock,indexed,unclassified,brent,resolved,HDPE drum packaging,brent
F27-DLIM-LIQ·NA,F27-DLIM-LIQ,NA,5,18,0.18,Supplier margin,fixed,fixed,fixed,,,fixed,Supplier margin,
MIN-NA2S-FLK·NA,MIN-NA2S-FLK,NA,1,30,0.3,Coal (reducing agent),COAL-AU,feedstock,indexed,unclassified,coal-au,no_series,Coal (reducing agent),
MIN-NA2S-FLK·NA,MIN-NA2S-FLK,NA,2,20,0.2,Sulfur (sulfuric acid proxy — one step removed),SULF-WB,feedstock,indexed,unclassified,sulfuric-acid-na,resolved,Sulfur (sulfuric acid proxy — one step removed),sulfuric-acid-na
MIN-NA2S-FLK·NA,MIN-NA2S-FLK,NA,3,16,0.16,Soda ash / sodium sulfate proxy,SODA-US,feedstock,indexed,unclassified,alkalies-chlorine-ppi,no_series,Soda ash / sodium sulfate proxy,
MIN-NA2S-FLK·NA,MIN-NA2S-FLK,NA,4,8,0.08,Industrial electricity,ELEC-US-PPI,feedstock,indexed,unclassified,elec-power-ppi,no_series,Industrial electricity,
MIN-NA2S-FLK·NA,MIN-NA2S-FLK,NA,5,10,0.1,Fixed costs LCI,LCI-NA,feedstock,indexed,unclassified,lci-na,resolved,Fixed costs LCI,lci-na
MIN-NA2S-FLK·NA,MIN-NA2S-FLK,NA,6,4,0.04,HDPE bag / flake packaging,HDPE-EU,feedstock,indexed,unclassified,brent,resolved,HDPE bag / flake packaging,brent
MIN-NA2S-FLK·NA,MIN-NA2S-FLK,NA,7,12,0.12,Supplier margin,fixed,fixed,fixed,,,fixed,Supplier margin,
AGR-24D-LIQ·NA,AGR-24D-LIQ,NA,1,22,0.22,Chloroacetic acid (methanol/acetic acid proxy),MEOH-NA,feedstock,indexed,unclassified,methanol-na,resolved,Chloroacetic acid (methanol/acetic acid proxy),methanol-na
AGR-24D-LIQ·NA,AGR-24D-LIQ,NA,2,23,0.23,"2,4-Dichlorophenol (benzene proxy — one step removed)",BZ-NA,feedstock,indexed,unclassified,benzene-na,resolved,"2,4-Dichlorophenol (benzene proxy — one step removed)",benzene-na
AGR-24D-LIQ·NA,AGR-24D-LIQ,NA,3,20,0.2,Chlorine/caustic soda (electrolysis),CHLOR-US,feedstock,indexed,unclassified,chlor-naoh-ppi,no_series,Chlorine/caustic soda (electrolysis),
AGR-24D-LIQ·NA,AGR-24D-LIQ,NA,4,8,0.08,Industrial electricity,ELEC-US-PPI,feedstock,indexed,unclassified,elec-power-ppi,no_series,Industrial electricity,
AGR-24D-LIQ·NA,AGR-24D-LIQ,NA,5,10,0.1,Fixed costs LCI,LCI-NA,feedstock,indexed,unclassified,lci-na,resolved,Fixed costs LCI,lci-na
AGR-24D-LIQ·NA,AGR-24D-LIQ,NA,6,3,0.03,HDPE drum packaging,HDPE-EU,feedstock,indexed,unclassified,brent,resolved,HDPE drum packaging,brent
AGR-24D-LIQ·NA,AGR-24D-LIQ,NA,7,14,0.14,Supplier margin,fixed,fixed,fixed,,,fixed,Supplier margin,
CLN-NAPERCARB-PWD·NA,CLN-NAPERCARB-PWD,NA,1,40,0.4,Soda ash,SODA-US,feedstock,indexed,unclassified,alkalies-chlorine-ppi,no_series,Soda ash,
CLN-NAPERCARB-PWD·NA,CLN-NAPERCARB-PWD,NA,2,26,0.26,H₂O₂ / inorganic chemicals proxy,INORG-US,feedstock,indexed,unclassified,inorg-chem-ppi,no_series,H₂O₂ / inorganic chemicals proxy,
CLN-NAPERCARB-PWD·NA,CLN-NAPERCARB-PWD,NA,3,8,0.08,Industrial electricity,ELEC-US-PPI,feedstock,indexed,unclassified,elec-power-ppi,no_series,Industrial electricity,
CLN-NAPERCARB-PWD·NA,CLN-NAPERCARB-PWD,NA,4,10,0.1,Fixed costs LCI,LCI-NA,feedstock,indexed,unclassified,lci-na,resolved,Fixed costs LCI,lci-na
CLN-NAPERCARB-PWD·NA,CLN-NAPERCARB-PWD,NA,5,4,0.04,HDPE bag packaging,HDPE-EU,feedstock,indexed,unclassified,brent,resolved,HDPE bag packaging,brent
CLN-NAPERCARB-PWD·NA,CLN-NAPERCARB-PWD,NA,6,12,0.12,Supplier margin,fixed,fixed,fixed,,,fixed,Supplier margin,
ELA-VACC-PWD·NA,ELA-VACC-PWD,NA,1,35,0.35,Aromatics / aniline/MBT proxy,AROM-US,feedstock,indexed,unclassified,aromatics-ppi,no_series,Aromatics / aniline/MBT proxy,
ELA-VACC-PWD·NA,ELA-VACC-PWD,NA,2,29,0.29,Sulfur (sulfuric acid proxy — one step removed),SULF-WB,feedstock,indexed,unclassified,sulfuric-acid-na,resolved,Sulfur (sulfuric acid proxy — one step removed),sulfuric-acid-na
ELA-VACC-PWD·NA,ELA-VACC-PWD,NA,3,8,0.08,Industrial electricity,ELEC-US-PPI,feedstock,indexed,unclassified,elec-power-ppi,no_series,Industrial electricity,
ELA-VACC-PWD·NA,ELA-VACC-PWD,NA,4,10,0.1,Fixed costs LCI,LCI-NA,feedstock,indexed,unclassified,lci-na,resolved,Fixed costs LCI,lci-na
ELA-VACC-PWD·NA,ELA-VACC-PWD,NA,5,4,0.04,HDPE bag packaging,HDPE-EU,feedstock,indexed,unclassified,brent,resolved,HDPE bag packaging,brent
ELA-VACC-PWD·NA,ELA-VACC-PWD,NA,6,14,0.14,Supplier margin,fixed,fixed,fixed,,,fixed,Supplier margin,
BCI-AKDASA-LIQ·NA,BCI-AKDASA-LIQ,NA,1,39,0.39,Fatty acid chlorides,FA-US,feedstock,indexed,unclassified,fatty-acids-ppi,no_series,Fatty acid chlorides,
BCI-AKDASA-LIQ·NA,BCI-AKDASA-LIQ,NA,2,26,0.26,Olefins / refinery gases,RG-US,feedstock,indexed,unclassified,refinery-gases-ppi,no_series,Olefins / refinery gases,
BCI-AKDASA-LIQ·NA,BCI-AKDASA-LIQ,NA,3,8,0.08,Industrial electricity,ELEC-US-PPI,feedstock,indexed,unclassified,elec-power-ppi,no_series,Industrial electricity,
BCI-AKDASA-LIQ·NA,BCI-AKDASA-LIQ,NA,4,10,0.1,Fixed costs LCI,LCI-NA,feedstock,indexed,unclassified,lci-na,resolved,Fixed costs LCI,lci-na
BCI-AKDASA-LIQ·NA,BCI-AKDASA-LIQ,NA,5,3,0.03,HDPE drum packaging,HDPE-EU,feedstock,indexed,unclassified,brent,resolved,HDPE drum packaging,brent
BCI-AKDASA-LIQ·NA,BCI-AKDASA-LIQ,NA,6,14,0.14,Supplier margin,fixed,fixed,fixed,,,fixed,Supplier margin,
ELA-SBL-LIQ·NA,ELA-SBL-LIQ,NA,1,38,0.38,Styrene / aromatics,AROM-US,feedstock,indexed,unclassified,aromatics-ppi,no_series,Styrene / aromatics,
ELA-SBL-LIQ·NA,ELA-SBL-LIQ,NA,2,32,0.32,Butadiene / refinery gases,RG-US,feedstock,indexed,unclassified,refinery-gases-ppi,no_series,Butadiene / refinery gases,
ELA-SBL-LIQ·NA,ELA-SBL-LIQ,NA,3,8,0.08,Industrial electricity,ELEC-US-PPI,feedstock,indexed,unclassified,elec-power-ppi,no_series,Industrial electricity,
ELA-SBL-LIQ·NA,ELA-SBL-LIQ,NA,4,10,0.1,Fixed costs LCI,LCI-NA,feedstock,indexed,unclassified,lci-na,resolved,Fixed costs LCI,lci-na
ELA-SBL-LIQ·NA,ELA-SBL-LIQ,NA,5,12,0.12,Supplier margin,fixed,fixed,fixed,,,fixed,Supplier margin,
RES-VAERPP-PWD·NA,RES-VAERPP-PWD,NA,1,33,0.33,Ethylene / refinery gases,RG-US,feedstock,indexed,unclassified,refinery-gases-ppi,no_series,Ethylene / refinery gases,
RES-VAERPP-PWD·NA,RES-VAERPP-PWD,NA,2,27,0.27,Methanol / acetic acid (VAM proxy),MEOH-NA,feedstock,indexed,unclassified,methanol-na,resolved,Methanol / acetic acid (VAM proxy),methanol-na
RES-VAERPP-PWD·NA,RES-VAERPP-PWD,NA,3,10,0.1,Industrial electricity,ELEC-US-PPI,feedstock,indexed,unclassified,elec-power-ppi,no_series,Industrial electricity,
RES-VAERPP-PWD·NA,RES-VAERPP-PWD,NA,4,12,0.12,Fixed costs LCI,LCI-NA,feedstock,indexed,unclassified,lci-na,resolved,Fixed costs LCI,lci-na
RES-VAERPP-PWD·NA,RES-VAERPP-PWD,NA,5,4,0.04,HDPE bag packaging,HDPE-EU,feedstock,indexed,unclassified,brent,resolved,HDPE bag packaging,brent
RES-VAERPP-PWD·NA,RES-VAERPP-PWD,NA,6,14,0.14,Supplier margin,fixed,fixed,fixed,,,fixed,Supplier margin,
BCI-NAGLUC-PWD·NA,BCI-NAGLUC-PWD,NA,1,66,0.66,Corn (dextrose fermentation feedstock),CORN-US,feedstock,indexed,unclassified,corn-na,no_series,Corn (dextrose fermentation feedstock),
BCI-NAGLUC-PWD·NA,BCI-NAGLUC-PWD,NA,2,8,0.08,Industrial electricity,ELEC-US-PPI,feedstock,indexed,unclassified,elec-power-ppi,no_series,Industrial electricity,
BCI-NAGLUC-PWD·NA,BCI-NAGLUC-PWD,NA,3,10,0.1,Fixed costs LCI,LCI-NA,feedstock,indexed,unclassified,lci-na,resolved,Fixed costs LCI,lci-na
BCI-NAGLUC-PWD·NA,BCI-NAGLUC-PWD,NA,4,4,0.04,HDPE bag packaging,HDPE-EU,feedstock,indexed,unclassified,brent,resolved,HDPE bag packaging,brent
BCI-NAGLUC-PWD·NA,BCI-NAGLUC-PWD,NA,5,12,0.12,Supplier margin,fixed,fixed,fixed,,,fixed,Supplier margin,
SOL-COAL-LIQ·NA,SOL-COAL-LIQ,NA,1,63,0.63,Propylene / refinery gases (oxo synthesis),RG-US,feedstock,indexed,unclassified,refinery-gases-ppi,no_series,Propylene / refinery gases (oxo synthesis),
SOL-COAL-LIQ·NA,SOL-COAL-LIQ,NA,2,8,0.08,Industrial electricity,ELEC-US-PPI,feedstock,indexed,unclassified,elec-power-ppi,no_series,Industrial electricity,
SOL-COAL-LIQ·NA,SOL-COAL-LIQ,NA,3,10,0.1,Fixed costs LCI,LCI-NA,feedstock,indexed,unclassified,lci-na,resolved,Fixed costs LCI,lci-na
SOL-COAL-LIQ·NA,SOL-COAL-LIQ,NA,4,3,0.03,HDPE drum packaging,HDPE-EU,feedstock,indexed,unclassified,brent,resolved,HDPE drum packaging,brent
SOL-COAL-LIQ·NA,SOL-COAL-LIQ,NA,5,16,0.16,Supplier margin,fixed,fixed,fixed,,,fixed,Supplier margin,
SOL-NMP-LIQ·NA,SOL-NMP-LIQ,NA,1,36,0.36,Gamma-butyrolactone / C4 refinery gases,RG-US,feedstock,indexed,unclassified,refinery-gases-ppi,no_series,Gamma-butyrolactone / C4 refinery gases,
SOL-NMP-LIQ·NA,SOL-NMP-LIQ,NA,2,29,0.29,Methylamine / methanol proxy,MEOH-NA,feedstock,indexed,unclassified,methanol-na,resolved,Methylamine / methanol proxy,methanol-na
SOL-NMP-LIQ·NA,SOL-NMP-LIQ,NA,3,8,0.08,Industrial electricity,ELEC-US-PPI,feedstock,indexed,unclassified,elec-power-ppi,no_series,Industrial electricity,
SOL-NMP-LIQ·NA,SOL-NMP-LIQ,NA,4,10,0.1,Fixed costs LCI,LCI-NA,feedstock,indexed,unclassified,lci-na,resolved,Fixed costs LCI,lci-na
SOL-NMP-LIQ·NA,SOL-NMP-LIQ,NA,5,3,0.03,HDPE drum packaging,HDPE-EU,feedstock,indexed,unclassified,brent,resolved,HDPE drum packaging,brent
SOL-NMP-LIQ·NA,SOL-NMP-LIQ,NA,6,14,0.14,Supplier margin,fixed,fixed,fixed,,,fixed,Supplier margin,
SOL-PGMEA-LIQ·NA,SOL-PGMEA-LIQ,NA,1,36,0.36,Propylene oxide / propylene,RG-US,feedstock,indexed,unclassified,refinery-gases-ppi,no_series,Propylene oxide / propylene,
SOL-PGMEA-LIQ·NA,SOL-PGMEA-LIQ,NA,2,29,0.29,Methanol / acetic acid,MEOH-NA,feedstock,indexed,unclassified,methanol-na,resolved,Methanol / acetic acid,methanol-na
SOL-PGMEA-LIQ·NA,SOL-PGMEA-LIQ,NA,3,8,0.08,Industrial electricity,ELEC-US-PPI,feedstock,indexed,unclassified,elec-power-ppi,no_series,Industrial electricity,
SOL-PGMEA-LIQ·NA,SOL-PGMEA-LIQ,NA,4,10,0.1,Fixed costs LCI,LCI-NA,feedstock,indexed,unclassified,lci-na,resolved,Fixed costs LCI,lci-na
SOL-PGMEA-LIQ·NA,SOL-PGMEA-LIQ,NA,5,3,0.03,HDPE drum packaging,HDPE-EU,feedstock,indexed,unclassified,brent,resolved,HDPE drum packaging,brent
SOL-PGMEA-LIQ·NA,SOL-PGMEA-LIQ,NA,6,14,0.14,Supplier margin,fixed,fixed,fixed,,,fixed,Supplier margin,
BCI-H2SO4-ELEC·NA,BCI-H2SO4-ELEC,NA,1,65,0.65,Sulfuric acid PPI (self-referential proxy),SULF-WB,feedstock,indexed,unclassified,sulfuric-acid-na,resolved,Sulfuric acid PPI (self-referential proxy),sulfuric-acid-na
BCI-H2SO4-ELEC·NA,BCI-H2SO4-ELEC,NA,2,5,0.05,Industrial electricity,ELEC-US-PPI,feedstock,indexed,unclassified,elec-power-ppi,no_series,Industrial electricity,
BCI-H2SO4-ELEC·NA,BCI-H2SO4-ELEC,NA,3,12,0.12,Fixed costs LCI,LCI-NA,feedstock,indexed,unclassified,lci-na,resolved,Fixed costs LCI,lci-na
BCI-H2SO4-ELEC·NA,BCI-H2SO4-ELEC,NA,4,18,0.18,Supplier margin,fixed,fixed,fixed,,,fixed,Supplier margin,
BCI-NH3-ELEC·NA,BCI-NH3-ELEC,NA,1,65,0.65,Natural gas (Haber-Bosch synthesis proxy),NATGAS-US,feedstock,indexed,unclassified,natgas-ppi,no_series,Natural gas (Haber-Bosch synthesis proxy),
BCI-NH3-ELEC·NA,BCI-NH3-ELEC,NA,2,5,0.05,Industrial electricity,ELEC-US-PPI,feedstock,indexed,unclassified,elec-power-ppi,no_series,Industrial electricity,
BCI-NH3-ELEC·NA,BCI-NH3-ELEC,NA,3,12,0.12,Fixed costs LCI,LCI-NA,feedstock,indexed,unclassified,lci-na,resolved,Fixed costs LCI,lci-na
BCI-NH3-ELEC·NA,BCI-NH3-ELEC,NA,4,18,0.18,Supplier margin,fixed,fixed,fixed,,,fixed,Supplier margin,
BCI-NABROM-LIQ·NA,BCI-NABROM-LIQ,NA,1,71,0.71,Bromine / inorganic chemicals proxy,INORG-US,feedstock,indexed,unclassified,inorg-chem-ppi,no_series,Bromine / inorganic chemicals proxy,
BCI-NABROM-LIQ·NA,BCI-NABROM-LIQ,NA,2,5,0.05,Industrial electricity,ELEC-US-PPI,feedstock,indexed,unclassified,elec-power-ppi,no_series,Industrial electricity,
BCI-NABROM-LIQ·NA,BCI-NABROM-LIQ,NA,3,10,0.1,Fixed costs LCI,LCI-NA,feedstock,indexed,unclassified,lci-na,resolved,Fixed costs LCI,lci-na
BCI-NABROM-LIQ·NA,BCI-NABROM-LIQ,NA,4,14,0.14,Supplier margin,fixed,fixed,fixed,,,fixed,Supplier margin,
BCI-ZNBROM-LIQ·NA,BCI-ZNBROM-LIQ,NA,1,42,0.42,Bromine / inorganic chemicals proxy,INORG-US,feedstock,indexed,unclassified,inorg-chem-ppi,no_series,Bromine / inorganic chemicals proxy,
BCI-ZNBROM-LIQ·NA,BCI-ZNBROM-LIQ,NA,2,28,0.28,Zinc LME,ZINC-GL,feedstock,indexed,unclassified,zinc-gl,no_series,Zinc LME,
BCI-ZNBROM-LIQ·NA,BCI-ZNBROM-LIQ,NA,3,5,0.05,Industrial electricity,ELEC-US-PPI,feedstock,indexed,unclassified,elec-power-ppi,no_series,Industrial electricity,
BCI-ZNBROM-LIQ·NA,BCI-ZNBROM-LIQ,NA,4,10,0.1,Fixed costs LCI,LCI-NA,feedstock,indexed,unclassified,lci-na,resolved,Fixed costs LCI,lci-na
BCI-ZNBROM-LIQ·NA,BCI-ZNBROM-LIQ,NA,5,15,0.15,Supplier margin,fixed,fixed,fixed,,,fixed,Supplier margin,
OIL-DRA-LIQ·NA,OIL-DRA-LIQ,NA,1,61,0.61,Ethylene / alpha-olefins / refinery gases,RG-US,feedstock,indexed,unclassified,refinery-gases-ppi,no_series,Ethylene / alpha-olefins / refinery gases,
OIL-DRA-LIQ·NA,OIL-DRA-LIQ,NA,2,8,0.08,Industrial electricity,ELEC-US-PPI,feedstock,indexed,unclassified,elec-power-ppi,no_series,Industrial electricity,
OIL-DRA-LIQ·NA,OIL-DRA-LIQ,NA,3,10,0.1,Fixed costs LCI,LCI-NA,feedstock,indexed,unclassified,lci-na,resolved,Fixed costs LCI,lci-na
OIL-DRA-LIQ·NA,OIL-DRA-LIQ,NA,4,3,0.03,HDPE drum / IBC packaging,HDPE-EU,feedstock,indexed,unclassified,brent,resolved,HDPE drum / IBC packaging,brent
OIL-DRA-LIQ·NA,OIL-DRA-LIQ,NA,5,18,0.18,Supplier margin,fixed,fixed,fixed,,,fixed,Supplier margin,
SOL-PINE-LIQ·NA,SOL-PINE-LIQ,NA,1,66,0.66,Gum and wood chemicals PPI,GUM-WOOD-US,feedstock,indexed,unclassified,gum-wood-na,no_series,Gum and wood chemicals PPI,
SOL-PINE-LIQ·NA,SOL-PINE-LIQ,NA,2,5,0.05,Industrial electricity,ELEC-US-PPI,feedstock,indexed,unclassified,elec-power-ppi,no_series,Industrial electricity,
SOL-PINE-LIQ·NA,SOL-PINE-LIQ,NA,3,10,0.1,Fixed costs LCI,LCI-NA,feedstock,indexed,unclassified,lci-na,resolved,Fixed costs LCI,lci-na
SOL-PINE-LIQ·NA,SOL-PINE-LIQ,NA,4,3,0.03,HDPE drum packaging,HDPE-EU,feedstock,indexed,unclassified,brent,resolved,HDPE drum packaging,brent
SOL-PINE-LIQ·NA,SOL-PINE-LIQ,NA,5,16,0.16,Supplier margin,fixed,fixed,fixed,,,fixed,Supplier margin,
BCI-NAMBS-PWD·NA,BCI-NAMBS-PWD,NA,1,36,0.36,Sulfur dioxide / sulfuric acid proxy — one step removed,SULF-WB,feedstock,indexed,unclassified,sulfuric-acid-na,resolved,Sulfur dioxide / sulfuric acid proxy — one step removed,sulfuric-acid-na
BCI-NAMBS-PWD·NA,BCI-NAMBS-PWD,NA,2,30,0.3,Soda ash,SODA-US,feedstock,indexed,unclassified,alkalies-chlorine-ppi,no_series,Soda ash,
BCI-NAMBS-PWD·NA,BCI-NAMBS-PWD,NA,3,8,0.08,Industrial electricity,ELEC-US-PPI,feedstock,indexed,unclassified,elec-power-ppi,no_series,Industrial electricity,
BCI-NAMBS-PWD·NA,BCI-NAMBS-PWD,NA,4,10,0.1,Fixed costs LCI,LCI-NA,feedstock,indexed,unclassified,lci-na,resolved,Fixed costs LCI,lci-na
BCI-NAMBS-PWD·NA,BCI-NAMBS-PWD,NA,5,4,0.04,HDPE bag packaging,HDPE-EU,feedstock,indexed,unclassified,brent,resolved,HDPE bag packaging,brent
BCI-NAMBS-PWD·NA,BCI-NAMBS-PWD,NA,6,12,0.12,Supplier margin,fixed,fixed,fixed,,,fixed,Supplier margin,
BCI-KMNO4-PWD·NA,BCI-KMNO4-PWD,NA,1,38,0.38,Manganese ore / inorganic proxy,INORG-US,feedstock,indexed,unclassified,inorg-chem-ppi,no_series,Manganese ore / inorganic proxy,
BCI-KMNO4-PWD·NA,BCI-KMNO4-PWD,NA,2,26,0.26,Potassium hydroxide / caustic proxy,CHLOR-US,feedstock,indexed,unclassified,chlor-naoh-ppi,no_series,Potassium hydroxide / caustic proxy,
BCI-KMNO4-PWD·NA,BCI-KMNO4-PWD,NA,3,8,0.08,Industrial electricity,ELEC-US-PPI,feedstock,indexed,unclassified,elec-power-ppi,no_series,Industrial electricity,
BCI-KMNO4-PWD·NA,BCI-KMNO4-PWD,NA,4,10,0.1,Fixed costs LCI,LCI-NA,feedstock,indexed,unclassified,lci-na,resolved,Fixed costs LCI,lci-na
BCI-KMNO4-PWD·NA,BCI-KMNO4-PWD,NA,5,4,0.04,HDPE bag packaging,HDPE-EU,feedstock,indexed,unclassified,brent,resolved,HDPE bag packaging,brent
BCI-KMNO4-PWD·NA,BCI-KMNO4-PWD,NA,6,14,0.14,Supplier margin,fixed,fixed,fixed,,,fixed,Supplier margin,
CLN-CAHYPO-PWD·NA,CLN-CAHYPO-PWD,NA,1,36,0.36,Chlorine / caustic soda (electrolysis),CHLOR-US,feedstock,indexed,unclassified,chlor-naoh-ppi,no_series,Chlorine / caustic soda (electrolysis),
CLN-CAHYPO-PWD·NA,CLN-CAHYPO-PWD,NA,2,30,0.3,Lime (calcium hydroxide),LIME-US,feedstock,indexed,unclassified,lime-na,no_series,Lime (calcium hydroxide),
CLN-CAHYPO-PWD·NA,CLN-CAHYPO-PWD,NA,3,8,0.08,Industrial electricity,ELEC-US-PPI,feedstock,indexed,unclassified,elec-power-ppi,no_series,Industrial electricity,
CLN-CAHYPO-PWD·NA,CLN-CAHYPO-PWD,NA,4,10,0.1,Fixed costs LCI,LCI-NA,feedstock,indexed,unclassified,lci-na,resolved,Fixed costs LCI,lci-na
CLN-CAHYPO-PWD·NA,CLN-CAHYPO-PWD,NA,5,4,0.04,HDPE drum packaging,HDPE-EU,feedstock,indexed,unclassified,brent,resolved,HDPE drum packaging,brent
CLN-CAHYPO-PWD·NA,CLN-CAHYPO-PWD,NA,6,12,0.12,Supplier margin,fixed,fixed,fixed,,,fixed,Supplier margin,
POL-HPMC-PWD·NA,POL-HPMC-PWD,NA,1,36,0.36,Wood pulp (cellulose feedstock),WOOD-PULP-US,feedstock,indexed,unclassified,wood-pulp-na,no_series,Wood pulp (cellulose feedstock),
POL-HPMC-PWD·NA,POL-HPMC-PWD,NA,2,15,0.15,Propylene (propylene oxide),RG-US,feedstock,indexed,unclassified,refinery-gases-ppi,no_series,Propylene (propylene oxide),
POL-HPMC-PWD·NA,POL-HPMC-PWD,NA,3,9,0.09,Chloromethane (methanol derived),MEOH-NA,feedstock,indexed,unclassified,methanol-na,resolved,Chloromethane (methanol derived),methanol-na
POL-HPMC-PWD·NA,POL-HPMC-PWD,NA,4,8,0.08,Industrial electricity,ELEC-US-PPI,feedstock,indexed,unclassified,elec-power-ppi,no_series,Industrial electricity,
POL-HPMC-PWD·NA,POL-HPMC-PWD,NA,5,12,0.12,Fixed costs LCI,LCI-NA,feedstock,indexed,unclassified,lci-na,resolved,Fixed costs LCI,lci-na
POL-HPMC-PWD·NA,POL-HPMC-PWD,NA,6,4,0.04,HDPE bag packaging,HDPE-EU,feedstock,indexed,unclassified,brent,resolved,HDPE bag packaging,brent
POL-HPMC-PWD·NA,POL-HPMC-PWD,NA,7,16,0.16,Supplier margin,fixed,fixed,fixed,,,fixed,Supplier margin,
POL-MCC-PWD·NA,POL-MCC-PWD,NA,1,51,0.51,Wood pulp (cellulose feedstock),WOOD-PULP-US,feedstock,indexed,unclassified,wood-pulp-na,no_series,Wood pulp (cellulose feedstock),
POL-MCC-PWD·NA,POL-MCC-PWD,NA,2,13,0.13,Hydrochloric acid / inorganic proxy,INORG-US,feedstock,indexed,unclassified,inorg-chem-ppi,no_series,Hydrochloric acid / inorganic proxy,
POL-MCC-PWD·NA,POL-MCC-PWD,NA,3,8,0.08,Industrial electricity,ELEC-US-PPI,feedstock,indexed,unclassified,elec-power-ppi,no_series,Industrial electricity,
POL-MCC-PWD·NA,POL-MCC-PWD,NA,4,10,0.1,Fixed costs LCI,LCI-NA,feedstock,indexed,unclassified,lci-na,resolved,Fixed costs LCI,lci-na
POL-MCC-PWD·NA,POL-MCC-PWD,NA,5,4,0.04,HDPE bag packaging,HDPE-EU,feedstock,indexed,unclassified,brent,resolved,HDPE bag packaging,brent
POL-MCC-PWD·NA,POL-MCC-PWD,NA,6,14,0.14,Supplier margin,fixed,fixed,fixed,,,fixed,Supplier margin,
FAT-MGST-PWD·NA,FAT-MGST-PWD,NA,1,67,0.67,Stearic acid (dominant cost),FA-US,feedstock,indexed,unclassified,fatty-acids-ppi,no_series,Stearic acid (dominant cost),
FAT-MGST-PWD·NA,FAT-MGST-PWD,NA,2,5,0.05,Industrial electricity,ELEC-US-PPI,feedstock,indexed,unclassified,elec-power-ppi,no_series,Industrial electricity,
FAT-MGST-PWD·NA,FAT-MGST-PWD,NA,3,10,0.1,Fixed costs LCI,LCI-NA,feedstock,indexed,unclassified,lci-na,resolved,Fixed costs LCI,lci-na
FAT-MGST-PWD·NA,FAT-MGST-PWD,NA,4,4,0.04,HDPE bag packaging,HDPE-EU,feedstock,indexed,unclassified,brent,resolved,HDPE bag packaging,brent
FAT-MGST-PWD·NA,FAT-MGST-PWD,NA,5,14,0.14,Supplier margin,fixed,fixed,fixed,,,fixed,Supplier margin,
BIO-GELA-PWD·GL,BIO-GELA-PWD,GL,1,58,0.58,Bovine hides (IMF World Bank),HIDES-GL,feedstock,indexed,unclassified,hides-gl,no_series,Bovine hides (IMF World Bank),
BIO-GELA-PWD·GL,BIO-GELA-PWD,GL,2,8,0.08,Industrial electricity,ELEC-US-PPI,feedstock,indexed,unclassified,elec-power-ppi,no_series,Industrial electricity,
BIO-GELA-PWD·GL,BIO-GELA-PWD,GL,3,12,0.12,Fixed costs LCI,LCI-NA,feedstock,indexed,unclassified,lci-na,resolved,Fixed costs LCI,lci-na
BIO-GELA-PWD·GL,BIO-GELA-PWD,GL,4,4,0.04,HDPE bag packaging,HDPE-EU,feedstock,indexed,unclassified,brent,resolved,HDPE bag packaging,brent
BIO-GELA-PWD·GL,BIO-GELA-PWD,GL,5,18,0.18,Supplier margin,fixed,fixed,fixed,,,fixed,Supplier margin,
BIO-PECT-PWD·GL,BIO-PECT-PWD,GL,1,56,0.56,Citrus peel byproduct (orange price proxy),ORANGE-GL,feedstock,indexed,unclassified,orange-gl,no_series,Citrus peel byproduct (orange price proxy),
BIO-PECT-PWD·GL,BIO-PECT-PWD,GL,2,8,0.08,Industrial electricity,ELEC-US-PPI,feedstock,indexed,unclassified,elec-power-ppi,no_series,Industrial electricity,
BIO-PECT-PWD·GL,BIO-PECT-PWD,GL,3,12,0.12,Fixed costs LCI,LCI-NA,feedstock,indexed,unclassified,lci-na,resolved,Fixed costs LCI,lci-na
BIO-PECT-PWD·GL,BIO-PECT-PWD,GL,4,4,0.04,HDPE bag packaging,HDPE-EU,feedstock,indexed,unclassified,brent,resolved,HDPE bag packaging,brent
BIO-PECT-PWD·GL,BIO-PECT-PWD,GL,5,20,0.2,Supplier margin,fixed,fixed,fixed,,,fixed,Supplier margin,
BIO-CARR-PWD·GL,BIO-CARR-PWD,GL,1,41,0.41,Seaweed / inorganic chemicals proxy,INORG-US,feedstock,indexed,unclassified,inorg-chem-ppi,no_series,Seaweed / inorganic chemicals proxy,
BIO-CARR-PWD·GL,BIO-CARR-PWD,GL,2,17,0.17,KCl precipitation step,KCL-WB,feedstock,indexed,unclassified,kcl-wb,no_series,KCl precipitation step,
BIO-CARR-PWD·GL,BIO-CARR-PWD,GL,3,8,0.08,Industrial electricity,ELEC-US-PPI,feedstock,indexed,unclassified,elec-power-ppi,no_series,Industrial electricity,
BIO-CARR-PWD·GL,BIO-CARR-PWD,GL,4,12,0.12,Fixed costs LCI,LCI-NA,feedstock,indexed,unclassified,lci-na,resolved,Fixed costs LCI,lci-na
BIO-CARR-PWD·GL,BIO-CARR-PWD,GL,5,4,0.04,HDPE bag packaging,HDPE-EU,feedstock,indexed,unclassified,brent,resolved,HDPE bag packaging,brent
BIO-CARR-PWD·GL,BIO-CARR-PWD,GL,6,18,0.18,Supplier margin,fixed,fixed,fixed,,,fixed,Supplier margin,
BIO-NAALG-PWD·GL,BIO-NAALG-PWD,GL,1,46,0.46,Seaweed / inorganic chemicals proxy,INORG-US,feedstock,indexed,unclassified,inorg-chem-ppi,no_series,Seaweed / inorganic chemicals proxy,
BIO-NAALG-PWD·GL,BIO-NAALG-PWD,GL,2,12,0.12,Soda ash extraction,SODA-US,feedstock,indexed,unclassified,alkalies-chlorine-ppi,no_series,Soda ash extraction,
BIO-NAALG-PWD·GL,BIO-NAALG-PWD,GL,3,8,0.08,Industrial electricity,ELEC-US-PPI,feedstock,indexed,unclassified,elec-power-ppi,no_series,Industrial electricity,
BIO-NAALG-PWD·GL,BIO-NAALG-PWD,GL,4,12,0.12,Fixed costs LCI,LCI-NA,feedstock,indexed,unclassified,lci-na,resolved,Fixed costs LCI,lci-na
BIO-NAALG-PWD·GL,BIO-NAALG-PWD,GL,5,4,0.04,HDPE bag packaging,HDPE-EU,feedstock,indexed,unclassified,brent,resolved,HDPE bag packaging,brent
BIO-NAALG-PWD·GL,BIO-NAALG-PWD,GL,6,18,0.18,Supplier margin,fixed,fixed,fixed,,,fixed,Supplier margin,
PRES-NABENZ-PWD·NA,PRES-NABENZ-PWD,NA,1,40,0.4,Toluene → benzoic acid (aromatics proxy),AROM-US,feedstock,indexed,unclassified,aromatics-ppi,no_series,Toluene → benzoic acid (aromatics proxy),
PRES-NABENZ-PWD·NA,PRES-NABENZ-PWD,NA,2,26,0.26,Caustic soda (neutralisation),NAOH-US,feedstock,indexed,unclassified,caustic-soda-ppi,no_series,Caustic soda (neutralisation),
PRES-NABENZ-PWD·NA,PRES-NABENZ-PWD,NA,3,8,0.08,Industrial electricity,ELEC-US-PPI,feedstock,indexed,unclassified,elec-power-ppi,no_series,Industrial electricity,
PRES-NABENZ-PWD·NA,PRES-NABENZ-PWD,NA,4,10,0.1,Fixed costs LCI,LCI-NA,feedstock,indexed,unclassified,lci-na,resolved,Fixed costs LCI,lci-na
PRES-NABENZ-PWD·NA,PRES-NABENZ-PWD,NA,5,4,0.04,HDPE bag packaging,HDPE-EU,feedstock,indexed,unclassified,brent,resolved,HDPE bag packaging,brent
PRES-NABENZ-PWD·NA,PRES-NABENZ-PWD,NA,6,12,0.12,Supplier margin,fixed,fixed,fixed,,,fixed,Supplier margin,
PRES-KSRB-PWD·NA,PRES-KSRB-PWD,NA,1,35,0.35,Ethylene → crotonaldehyde (refinery gases proxy),RG-US,feedstock,indexed,unclassified,refinery-gases-ppi,no_series,Ethylene → crotonaldehyde (refinery gases proxy),
PRES-KSRB-PWD·NA,PRES-KSRB-PWD,NA,2,29,0.29,Potassium hydroxide (caustic proxy),CHLOR-US,feedstock,indexed,unclassified,chlor-naoh-ppi,no_series,Potassium hydroxide (caustic proxy),
PRES-KSRB-PWD·NA,PRES-KSRB-PWD,NA,3,8,0.08,Industrial electricity,ELEC-US-PPI,feedstock,indexed,unclassified,elec-power-ppi,no_series,Industrial electricity,
PRES-KSRB-PWD·NA,PRES-KSRB-PWD,NA,4,10,0.1,Fixed costs LCI,LCI-NA,feedstock,indexed,unclassified,lci-na,resolved,Fixed costs LCI,lci-na
PRES-KSRB-PWD·NA,PRES-KSRB-PWD,NA,5,4,0.04,HDPE bag packaging,HDPE-EU,feedstock,indexed,unclassified,brent,resolved,HDPE bag packaging,brent
PRES-KSRB-PWD·NA,PRES-KSRB-PWD,NA,6,14,0.14,Supplier margin,fixed,fixed,fixed,,,fixed,Supplier margin,
MIN-MSTARCH-PWD·NA,MIN-MSTARCH-PWD,NA,1,66,0.66,Corn (wet milling feedstock),CORN-US,feedstock,indexed,unclassified,corn-na,no_series,Corn (wet milling feedstock),
MIN-MSTARCH-PWD·NA,MIN-MSTARCH-PWD,NA,2,8,0.08,Industrial electricity,ELEC-US-PPI,feedstock,indexed,unclassified,elec-power-ppi,no_series,Industrial electricity,
MIN-MSTARCH-PWD·NA,MIN-MSTARCH-PWD,NA,3,10,0.1,Fixed costs LCI,LCI-NA,feedstock,indexed,unclassified,lci-na,resolved,Fixed costs LCI,lci-na
MIN-MSTARCH-PWD·NA,MIN-MSTARCH-PWD,NA,4,4,0.04,HDPE bag packaging,HDPE-EU,feedstock,indexed,unclassified,brent,resolved,HDPE bag packaging,brent
MIN-MSTARCH-PWD·NA,MIN-MSTARCH-PWD,NA,5,12,0.12,Supplier margin,fixed,fixed,fixed,,,fixed,Supplier margin,
BCI-LIOH-PWD·GL,BCI-LIOH-PWD,GL,1,38,0.38,Natural gas / energy (roasting and conversion),NATGAS-US,feedstock,indexed,unclassified,natgas-ppi,no_series,Natural gas / energy (roasting and conversion),
BCI-LIOH-PWD·GL,BCI-LIOH-PWD,GL,2,18,0.18,Sulfuric acid (leaching step),SULF-WB,feedstock,indexed,unclassified,sulfuric-acid-na,resolved,Sulfuric acid (leaching step),sulfuric-acid-na
BCI-LIOH-PWD·GL,BCI-LIOH-PWD,GL,3,14,0.14,Lime (causticisation),LIME-US,feedstock,indexed,unclassified,lime-na,no_series,Lime (causticisation),
BCI-LIOH-PWD·GL,BCI-LIOH-PWD,GL,4,10,0.1,Fixed costs LCI,LCI-NA,feedstock,indexed,unclassified,lci-na,resolved,Fixed costs LCI,lci-na
BCI-LIOH-PWD·GL,BCI-LIOH-PWD,GL,5,4,0.04,HDPE bag packaging,HDPE-EU,feedstock,indexed,unclassified,brent,resolved,HDPE bag packaging,brent
BCI-LIOH-PWD·GL,BCI-LIOH-PWD,GL,6,16,0.16,Supplier margin,fixed,fixed,fixed,,,fixed,Supplier margin,
LUB-PAG-LIQ·NA,LUB-PAG-LIQ,NA,1,63,0.63,Propylene oxide / ethylene oxide (refinery gases proxy),RG-US,feedstock,indexed,unclassified,refinery-gases-ppi,no_series,Propylene oxide / ethylene oxide (refinery gases proxy),
LUB-PAG-LIQ·NA,LUB-PAG-LIQ,NA,2,8,0.08,Industrial electricity,ELEC-US-PPI,feedstock,indexed,unclassified,elec-power-ppi,no_series,Industrial electricity,
LUB-PAG-LIQ·NA,LUB-PAG-LIQ,NA,3,10,0.1,Fixed costs LCI,LCI-NA,feedstock,indexed,unclassified,lci-na,resolved,Fixed costs LCI,lci-na
LUB-PAG-LIQ·NA,LUB-PAG-LIQ,NA,4,3,0.03,HDPE drum / IBC packaging,HDPE-EU,feedstock,indexed,unclassified,brent,resolved,HDPE drum / IBC packaging,brent
LUB-PAG-LIQ·NA,LUB-PAG-LIQ,NA,5,16,0.16,Supplier margin,fixed,fixed,fixed,,,fixed,Supplier margin,
LUB-ESTER-LIQ·NA,LUB-ESTER-LIQ,NA,1,38,0.38,Fatty acids (oleic / stearic),FA-US,feedstock,indexed,unclassified,fatty-acids-ppi,no_series,Fatty acids (oleic / stearic),
LUB-ESTER-LIQ·NA,LUB-ESTER-LIQ,NA,2,25,0.25,Methanol → TMP/PE polyol (methanol proxy),MEOH-NA,feedstock,indexed,unclassified,methanol-na,resolved,Methanol → TMP/PE polyol (methanol proxy),methanol-na
LUB-ESTER-LIQ·NA,LUB-ESTER-LIQ,NA,3,8,0.08,Industrial electricity,ELEC-US-PPI,feedstock,indexed,unclassified,elec-power-ppi,no_series,Industrial electricity,
LUB-ESTER-LIQ·NA,LUB-ESTER-LIQ,NA,4,10,0.1,Fixed costs LCI,LCI-NA,feedstock,indexed,unclassified,lci-na,resolved,Fixed costs LCI,lci-na
LUB-ESTER-LIQ·NA,LUB-ESTER-LIQ,NA,5,3,0.03,HDPE drum packaging,HDPE-EU,feedstock,indexed,unclassified,brent,resolved,HDPE drum packaging,brent
LUB-ESTER-LIQ·NA,LUB-ESTER-LIQ,NA,6,16,0.16,Supplier margin,fixed,fixed,fixed,,,fixed,Supplier margin,
AGR-LCHT-TC·NA,AGR-LCHT-TC,NA,1,30,0.3,Aromatic intermediates (DMPB acid),AROM-US,feedstock,indexed,unclassified,aromatics-ppi,no_series,Aromatic intermediates (DMPB acid),
AGR-LCHT-TC·NA,AGR-LCHT-TC,NA,2,30,0.3,Chlorination steps,CHLOR-US,feedstock,indexed,unclassified,chlor-naoh-ppi,no_series,Chlorination steps,
AGR-LCHT-TC·NA,AGR-LCHT-TC,NA,3,8,0.08,Industrial electricity,ELEC-US-PPI,feedstock,indexed,unclassified,elec-power-ppi,no_series,Industrial electricity,
AGR-LCHT-TC·NA,AGR-LCHT-TC,NA,4,10,0.1,Fixed costs LCI,LCI-NA,feedstock,indexed,unclassified,lci-na,resolved,Fixed costs LCI,lci-na
AGR-LCHT-TC·NA,AGR-LCHT-TC,NA,5,4,0.04,HDPE drum packaging,HDPE-EU,feedstock,indexed,unclassified,brent,resolved,HDPE drum packaging,brent
AGR-LCHT-TC·NA,AGR-LCHT-TC,NA,6,18,0.18,Supplier margin,fixed,fixed,fixed,,,fixed,Supplier margin,
AGR-THIAMX-TC·NA,AGR-THIAMX-TC,NA,1,36,0.36,Aromatic intermediates (chlorothiazole),AROM-US,feedstock,indexed,unclassified,aromatics-ppi,no_series,Aromatic intermediates (chlorothiazole),
AGR-THIAMX-TC·NA,AGR-THIAMX-TC,NA,2,24,0.24,Chlorination / caustic steps,CHLOR-US,feedstock,indexed,unclassified,chlor-naoh-ppi,no_series,Chlorination / caustic steps,
AGR-THIAMX-TC·NA,AGR-THIAMX-TC,NA,3,8,0.08,Industrial electricity,ELEC-US-PPI,feedstock,indexed,unclassified,elec-power-ppi,no_series,Industrial electricity,
AGR-THIAMX-TC·NA,AGR-THIAMX-TC,NA,4,10,0.1,Fixed costs LCI,LCI-NA,feedstock,indexed,unclassified,lci-na,resolved,Fixed costs LCI,lci-na
AGR-THIAMX-TC·NA,AGR-THIAMX-TC,NA,5,4,0.04,HDPE drum packaging,HDPE-EU,feedstock,indexed,unclassified,brent,resolved,HDPE drum packaging,brent
AGR-THIAMX-TC·NA,AGR-THIAMX-TC,NA,6,18,0.18,Supplier margin,fixed,fixed,fixed,,,fixed,Supplier margin,
AGR-PARAQ-TC·NA,AGR-PARAQ-TC,NA,1,28,0.28,Methanol / formaldehyde (pyridine route),MEOH-NA,feedstock,indexed,unclassified,methanol-na,resolved,Methanol / formaldehyde (pyridine route),methanol-na
AGR-PARAQ-TC·NA,AGR-PARAQ-TC,NA,2,22,0.22,Ethylene / acetaldehyde (refinery gases),RG-US,feedstock,indexed,unclassified,refinery-gases-ppi,no_series,Ethylene / acetaldehyde (refinery gases),
AGR-PARAQ-TC·NA,AGR-PARAQ-TC,NA,3,12,0.12,Chloride / methyl chloride,CHLOR-US,feedstock,indexed,unclassified,chlor-naoh-ppi,no_series,Chloride / methyl chloride,
AGR-PARAQ-TC·NA,AGR-PARAQ-TC,NA,4,8,0.08,Industrial electricity,ELEC-US-PPI,feedstock,indexed,unclassified,elec-power-ppi,no_series,Industrial electricity,
AGR-PARAQ-TC·NA,AGR-PARAQ-TC,NA,5,10,0.1,Fixed costs LCI,LCI-NA,feedstock,indexed,unclassified,lci-na,resolved,Fixed costs LCI,lci-na
AGR-PARAQ-TC·NA,AGR-PARAQ-TC,NA,6,4,0.04,HDPE drum packaging,HDPE-EU,feedstock,indexed,unclassified,brent,resolved,HDPE drum packaging,brent
AGR-PARAQ-TC·NA,AGR-PARAQ-TC,NA,7,16,0.16,Supplier margin,fixed,fixed,fixed,,,fixed,Supplier margin,
MIN-SOP-GRN·GL,MIN-SOP-GRN,GL,1,38,0.38,Potash KCl (Mannheim process feedstock),KCL-WB,feedstock,indexed,unclassified,kcl-wb,no_series,Potash KCl (Mannheim process feedstock),
MIN-SOP-GRN·GL,MIN-SOP-GRN,GL,2,32,0.32,Sulfuric acid (Mannheim process),SULF-WB,feedstock,indexed,unclassified,sulfuric-acid-na,resolved,Sulfuric acid (Mannheim process),sulfuric-acid-na
MIN-SOP-GRN·GL,MIN-SOP-GRN,GL,3,8,0.08,Industrial electricity,ELEC-US-PPI,feedstock,indexed,unclassified,elec-power-ppi,no_series,Industrial electricity,
MIN-SOP-GRN·GL,MIN-SOP-GRN,GL,4,10,0.1,Fixed costs LCI,LCI-NA,feedstock,indexed,unclassified,lci-na,resolved,Fixed costs LCI,lci-na
MIN-SOP-GRN·GL,MIN-SOP-GRN,GL,5,12,0.12,Supplier margin,fixed,fixed,fixed,,,fixed,Supplier margin,
BCI-ZNSO4-PWD·NA,BCI-ZNSO4-PWD,NA,1,41,0.41,Zinc LME,ZINC-GL,feedstock,indexed,unclassified,zinc-gl,no_series,Zinc LME,
BCI-ZNSO4-PWD·NA,BCI-ZNSO4-PWD,NA,2,28,0.28,Sulfuric acid (leaching),SULF-WB,feedstock,indexed,unclassified,sulfuric-acid-na,resolved,Sulfuric acid (leaching),sulfuric-acid-na
BCI-ZNSO4-PWD·NA,BCI-ZNSO4-PWD,NA,3,5,0.05,Industrial electricity,ELEC-US-PPI,feedstock,indexed,unclassified,elec-power-ppi,no_series,Industrial electricity,
BCI-ZNSO4-PWD·NA,BCI-ZNSO4-PWD,NA,4,10,0.1,Fixed costs LCI,LCI-NA,feedstock,indexed,unclassified,lci-na,resolved,Fixed costs LCI,lci-na
BCI-ZNSO4-PWD·NA,BCI-ZNSO4-PWD,NA,5,4,0.04,HDPE bag packaging,HDPE-EU,feedstock,indexed,unclassified,brent,resolved,HDPE bag packaging,brent
BCI-ZNSO4-PWD·NA,BCI-ZNSO4-PWD,NA,6,12,0.12,Supplier margin,fixed,fixed,fixed,,,fixed,Supplier margin,
BCI-MNSO4-PWD·NA,BCI-MNSO4-PWD,NA,1,41,0.41,Manganese ore (inorganic proxy),INORG-US,feedstock,indexed,unclassified,inorg-chem-ppi,no_series,Manganese ore (inorganic proxy),
BCI-MNSO4-PWD·NA,BCI-MNSO4-PWD,NA,2,28,0.28,Sulfuric acid (leaching),SULF-WB,feedstock,indexed,unclassified,sulfuric-acid-na,resolved,Sulfuric acid (leaching),sulfuric-acid-na
BCI-MNSO4-PWD·NA,BCI-MNSO4-PWD,NA,3,5,0.05,Industrial electricity,ELEC-US-PPI,feedstock,indexed,unclassified,elec-power-ppi,no_series,Industrial electricity,
BCI-MNSO4-PWD·NA,BCI-MNSO4-PWD,NA,4,10,0.1,Fixed costs LCI,LCI-NA,feedstock,indexed,unclassified,lci-na,resolved,Fixed costs LCI,lci-na
BCI-MNSO4-PWD·NA,BCI-MNSO4-PWD,NA,5,4,0.04,HDPE bag packaging,HDPE-EU,feedstock,indexed,unclassified,brent,resolved,HDPE bag packaging,brent
BCI-MNSO4-PWD·NA,BCI-MNSO4-PWD,NA,6,12,0.12,Supplier margin,fixed,fixed,fixed,,,fixed,Supplier margin,
MIN-PSIL-PWD·EU,MIN-PSIL-PWD,EU,1,30,0.3,Soda ash / sodium silicate feedstock,SODA-EU,d,indexed,direct,alkalies-chlorine-ppi,no_series,Soda ash / sodium silicate feedstock,
MIN-PSIL-PWD·EU,MIN-PSIL-PWD,EU,2,15,0.15,Sulfuric acid precipitation reagent,SULF-WB,d,indexed,direct,sulfuric-acid-na,resolved,Sulfuric acid precipitation reagent,sulfuric-acid-na
MIN-PSIL-PWD·EU,MIN-PSIL-PWD,EU,3,20,0.2,Industrial electricity (drying-intensive),ELEC-EU,d,indexed,direct,elec-eu,resolved,Industrial electricity (drying-intensive),elec-eu
MIN-PSIL-PWD·EU,MIN-PSIL-PWD,EU,4,5,0.05,Sand/quartz fixed,fixed,f,fixed,,,fixed,Sand/quartz fixed,
MIN-PSIL-PWD·EU,MIN-PSIL-PWD,EU,5,4,0.04,HDPE bag packaging,HDPE-EU,d,indexed,direct,brent,resolved,HDPE bag packaging,brent
MIN-PSIL-PWD·EU,MIN-PSIL-PWD,EU,6,11,0.11,Fixed costs LCI,LCI-EU,d,indexed,direct,lci-eu,resolved,Fixed costs LCI,lci-eu
MIN-PSIL-PWD·EU,MIN-PSIL-PWD,EU,7,15,0.15,Supplier margin,fixed,f,fixed,,,fixed,Supplier margin,
MIN-PSIL-PWD·NA,MIN-PSIL-PWD,NA,1,30,0.3,Soda ash / sodium silicate feedstock,SODA-US,d,indexed,direct,alkalies-chlorine-ppi,no_series,Soda ash / sodium silicate feedstock,
MIN-PSIL-PWD·NA,MIN-PSIL-PWD,NA,2,15,0.15,Sulfuric acid precipitation reagent,SULF-WB,d,indexed,direct,sulfuric-acid-na,resolved,Sulfuric acid precipitation reagent,sulfuric-acid-na
MIN-PSIL-PWD·NA,MIN-PSIL-PWD,NA,3,20,0.2,Industrial electricity (drying-intensive),ELEC-NA,d,indexed,direct,elec-na,resolved,Industrial electricity (drying-intensive),elec-na
MIN-PSIL-PWD·NA,MIN-PSIL-PWD,NA,4,5,0.05,Sand/quartz fixed,fixed,f,fixed,,,fixed,Sand/quartz fixed,
MIN-PSIL-PWD·NA,MIN-PSIL-PWD,NA,5,4,0.04,HDPE bag packaging,HDPE-NA,d,indexed,direct,hdpe-na,resolved,HDPE bag packaging,hdpe-na
MIN-PSIL-PWD·NA,MIN-PSIL-PWD,NA,6,11,0.11,Fixed costs LCI,LCI-NA,d,indexed,direct,lci-na,resolved,Fixed costs LCI,lci-na
MIN-PSIL-PWD·NA,MIN-PSIL-PWD,NA,7,15,0.15,Supplier margin,fixed,f,fixed,,,fixed,Supplier margin,
MIN-PSIL-PWD·CN,MIN-PSIL-PWD,CN,1,30,0.3,Soda ash / sodium silicate feedstock,SODA-CN,d,indexed,direct,alkalies-chlorine-ppi,no_series,Soda ash / sodium silicate feedstock,
MIN-PSIL-PWD·CN,MIN-PSIL-PWD,CN,2,15,0.15,Sulfuric acid precipitation reagent,SULF-WB,d,indexed,direct,sulfuric-acid-na,resolved,Sulfuric acid precipitation reagent,sulfuric-acid-na
MIN-PSIL-PWD·CN,MIN-PSIL-PWD,CN,3,20,0.2,Industrial electricity (drying-intensive),ELEC-CN,d,indexed,direct,elec-cn,resolved,Industrial electricity (drying-intensive),elec-cn
MIN-PSIL-PWD·CN,MIN-PSIL-PWD,CN,4,5,0.05,Sand/quartz fixed,fixed,f,fixed,,,fixed,Sand/quartz fixed,
MIN-PSIL-PWD·CN,MIN-PSIL-PWD,CN,5,4,0.04,HDPE bag packaging,HDPE-CN,d,indexed,direct,brent,resolved,HDPE bag packaging,brent
MIN-PSIL-PWD·CN,MIN-PSIL-PWD,CN,6,11,0.11,Fixed costs LCI,LCI-CN,d,indexed,direct,lci-cn,resolved,Fixed costs LCI,lci-cn
MIN-PSIL-PWD·CN,MIN-PSIL-PWD,CN,7,15,0.15,Supplier margin,fixed,f,fixed,,,fixed,Supplier margin,
MIN-PSIL-PWD·APAC,MIN-PSIL-PWD,APAC,1,30,0.3,Soda ash / sodium silicate feedstock,SODA-GL,d,indexed,direct,alkalies-chlorine-ppi,no_series,Soda ash / sodium silicate feedstock,
MIN-PSIL-PWD·APAC,MIN-PSIL-PWD,APAC,2,15,0.15,Sulfuric acid precipitation reagent,SULF-WB,d,indexed,direct,sulfuric-acid-na,resolved,Sulfuric acid precipitation reagent,sulfuric-acid-na
MIN-PSIL-PWD·APAC,MIN-PSIL-PWD,APAC,3,20,0.2,Industrial electricity (drying-intensive),ELEC-APAC,d,indexed,direct,elec-cn,resolved,Industrial electricity (drying-intensive),elec-cn
MIN-PSIL-PWD·APAC,MIN-PSIL-PWD,APAC,4,5,0.05,Sand/quartz fixed,fixed,f,fixed,,,fixed,Sand/quartz fixed,
MIN-PSIL-PWD·APAC,MIN-PSIL-PWD,APAC,5,4,0.04,HDPE bag packaging,HDPE-ASIA,d,indexed,direct,brent,resolved,HDPE bag packaging,brent
MIN-PSIL-PWD·APAC,MIN-PSIL-PWD,APAC,6,11,0.11,Fixed costs LCI,LCI-APAC,d,indexed,direct,lci-apac,resolved,Fixed costs LCI,lci-apac
MIN-PSIL-PWD·APAC,MIN-PSIL-PWD,APAC,7,15,0.15,Supplier margin,fixed,f,fixed,,,fixed,Supplier margin,
MIN-XANTH-GRN·EU,MIN-XANTH-GRN,EU,1,35,0.35,Carbon disulfide (CS2) feedstock,fixed,f,fixed,,,fixed,Carbon disulfide (CS2) feedstock,
MIN-XANTH-GRN·EU,MIN-XANTH-GRN,EU,2,15,0.15,Caustic soda (NaOH/KOH),NAOH-NWE,d,indexed,direct,elec-eu,resolved,Caustic soda (NaOH/KOH),elec-eu
MIN-XANTH-GRN·EU,MIN-XANTH-GRN,EU,3,15,0.15,Alcohol feedstock (isopropanol/amyl),fixed,f,fixed,,,fixed,Alcohol feedstock (isopropanol/amyl),
MIN-XANTH-GRN·EU,MIN-XANTH-GRN,EU,4,10,0.1,Industrial electricity,ELEC-EU,d,indexed,direct,elec-eu,resolved,Industrial electricity,elec-eu
MIN-XANTH-GRN·EU,MIN-XANTH-GRN,EU,5,5,0.05,HDPE drum packaging,HDPE-EU,d,indexed,direct,brent,resolved,HDPE drum packaging,brent
MIN-XANTH-GRN·EU,MIN-XANTH-GRN,EU,6,5,0.05,Fixed costs LCI,LCI-EU,d,indexed,direct,lci-eu,resolved,Fixed costs LCI,lci-eu
MIN-XANTH-GRN·EU,MIN-XANTH-GRN,EU,7,15,0.15,Supplier margin,fixed,f,fixed,,,fixed,Supplier margin,
MIN-XANTH-GRN·NA,MIN-XANTH-GRN,NA,1,35,0.35,Carbon disulfide (CS2) feedstock,fixed,f,fixed,,,fixed,Carbon disulfide (CS2) feedstock,
MIN-XANTH-GRN·NA,MIN-XANTH-GRN,NA,2,15,0.15,Caustic soda (NaOH/KOH),NAOH-NA,d,indexed,direct,caustic-soda-na,resolved,Caustic soda (NaOH/KOH),caustic-soda-na
MIN-XANTH-GRN·NA,MIN-XANTH-GRN,NA,3,15,0.15,Alcohol feedstock (isopropanol/amyl),fixed,f,fixed,,,fixed,Alcohol feedstock (isopropanol/amyl),
MIN-XANTH-GRN·NA,MIN-XANTH-GRN,NA,4,10,0.1,Industrial electricity,ELEC-NA,d,indexed,direct,elec-na,resolved,Industrial electricity,elec-na
MIN-XANTH-GRN·NA,MIN-XANTH-GRN,NA,5,5,0.05,HDPE drum packaging,HDPE-NA,d,indexed,direct,hdpe-na,resolved,HDPE drum packaging,hdpe-na
MIN-XANTH-GRN·NA,MIN-XANTH-GRN,NA,6,5,0.05,Fixed costs LCI,LCI-NA,d,indexed,direct,lci-na,resolved,Fixed costs LCI,lci-na
MIN-XANTH-GRN·NA,MIN-XANTH-GRN,NA,7,15,0.15,Supplier margin,fixed,f,fixed,,,fixed,Supplier margin,
MIN-XANTH-GRN·CN,MIN-XANTH-GRN,CN,1,35,0.35,Carbon disulfide (CS2) feedstock,fixed,f,fixed,,,fixed,Carbon disulfide (CS2) feedstock,
MIN-XANTH-GRN·CN,MIN-XANTH-GRN,CN,2,15,0.15,Caustic soda (NaOH/KOH),NAOH-CN,d,indexed,direct,caustic-soda-cn,resolved,Caustic soda (NaOH/KOH),caustic-soda-cn
MIN-XANTH-GRN·CN,MIN-XANTH-GRN,CN,3,15,0.15,Alcohol feedstock (isopropanol/amyl),fixed,f,fixed,,,fixed,Alcohol feedstock (isopropanol/amyl),
MIN-XANTH-GRN·CN,MIN-XANTH-GRN,CN,4,10,0.1,Industrial electricity,ELEC-CN,d,indexed,direct,elec-cn,resolved,Industrial electricity,elec-cn
MIN-XANTH-GRN·CN,MIN-XANTH-GRN,CN,5,5,0.05,HDPE drum packaging,HDPE-CN,d,indexed,direct,brent,resolved,HDPE drum packaging,brent
MIN-XANTH-GRN·CN,MIN-XANTH-GRN,CN,6,5,0.05,Fixed costs LCI,LCI-CN,d,indexed,direct,lci-cn,resolved,Fixed costs LCI,lci-cn
MIN-XANTH-GRN·CN,MIN-XANTH-GRN,CN,7,15,0.15,Supplier margin,fixed,f,fixed,,,fixed,Supplier margin,
MIN-XANTH-GRN·APAC,MIN-XANTH-GRN,APAC,1,35,0.35,Carbon disulfide (CS2) feedstock,fixed,f,fixed,,,fixed,Carbon disulfide (CS2) feedstock,
MIN-XANTH-GRN·APAC,MIN-XANTH-GRN,APAC,2,15,0.15,Caustic soda (NaOH/KOH),NAOH-ASIA,d,indexed,direct,caustic-soda-cn,resolved,Caustic soda (NaOH/KOH),caustic-soda-cn
MIN-XANTH-GRN·APAC,MIN-XANTH-GRN,APAC,3,15,0.15,Alcohol feedstock (isopropanol/amyl),fixed,f,fixed,,,fixed,Alcohol feedstock (isopropanol/amyl),
MIN-XANTH-GRN·APAC,MIN-XANTH-GRN,APAC,4,10,0.1,Industrial electricity,ELEC-APAC,d,indexed,direct,elec-cn,resolved,Industrial electricity,elec-cn
MIN-XANTH-GRN·APAC,MIN-XANTH-GRN,APAC,5,5,0.05,HDPE drum packaging,HDPE-ASIA,d,indexed,direct,brent,resolved,HDPE drum packaging,brent
MIN-XANTH-GRN·APAC,MIN-XANTH-GRN,APAC,6,5,0.05,Fixed costs LCI,LCI-APAC,d,indexed,direct,lci-apac,resolved,Fixed costs LCI,lci-apac
MIN-XANTH-GRN·APAC,MIN-XANTH-GRN,APAC,7,15,0.15,Supplier margin,fixed,f,fixed,,,fixed,Supplier margin,
MIN-AEROPHINE-LIQ·EU,MIN-AEROPHINE-LIQ,EU,1,40,0.4,Phosphine/diisobutylphosphine (phosphate rock-derived elemental P proxy),PHOS-WB,p,indexed,proxy,dap,resolved,Phosphine/diisobutylphosphine (phosphate rock-derived elemental ,dap
MIN-AEROPHINE-LIQ·EU,MIN-AEROPHINE-LIQ,EU,2,15,0.15,Elemental sulfur feedstock,SULF-WB,d,indexed,direct,sulfuric-acid-na,resolved,Elemental sulfur feedstock,sulfuric-acid-na
MIN-AEROPHINE-LIQ·EU,MIN-AEROPHINE-LIQ,EU,3,10,0.1,Caustic soda (NaOH),NAOH-NWE,d,indexed,direct,elec-eu,resolved,Caustic soda (NaOH),elec-eu
MIN-AEROPHINE-LIQ·EU,MIN-AEROPHINE-LIQ,EU,4,10,0.1,Industrial electricity,ELEC-EU,d,indexed,direct,elec-eu,resolved,Industrial electricity,elec-eu
MIN-AEROPHINE-LIQ·EU,MIN-AEROPHINE-LIQ,EU,5,5,0.05,HDPE drum packaging,HDPE-EU,d,indexed,direct,brent,resolved,HDPE drum packaging,brent
MIN-AEROPHINE-LIQ·EU,MIN-AEROPHINE-LIQ,EU,6,2,0.02,Fixed costs LCI,LCI-EU,d,indexed,direct,lci-eu,resolved,Fixed costs LCI,lci-eu
MIN-AEROPHINE-LIQ·EU,MIN-AEROPHINE-LIQ,EU,7,18,0.18,Supplier margin,fixed,f,fixed,,,fixed,Supplier margin,
MIN-AEROPHINE-LIQ·NA,MIN-AEROPHINE-LIQ,NA,1,40,0.4,Phosphine/diisobutylphosphine (phosphate rock-derived elemental P proxy),PHOS-WB,p,indexed,proxy,dap,resolved,Phosphine/diisobutylphosphine (phosphate rock-derived elemental ,dap
MIN-AEROPHINE-LIQ·NA,MIN-AEROPHINE-LIQ,NA,2,15,0.15,Elemental sulfur feedstock,SULF-WB,d,indexed,direct,sulfuric-acid-na,resolved,Elemental sulfur feedstock,sulfuric-acid-na
MIN-AEROPHINE-LIQ·NA,MIN-AEROPHINE-LIQ,NA,3,10,0.1,Caustic soda (NaOH),NAOH-NA,d,indexed,direct,caustic-soda-na,resolved,Caustic soda (NaOH),caustic-soda-na
MIN-AEROPHINE-LIQ·NA,MIN-AEROPHINE-LIQ,NA,4,10,0.1,Industrial electricity,ELEC-NA,d,indexed,direct,elec-na,resolved,Industrial electricity,elec-na
MIN-AEROPHINE-LIQ·NA,MIN-AEROPHINE-LIQ,NA,5,5,0.05,HDPE drum packaging,HDPE-NA,d,indexed,direct,hdpe-na,resolved,HDPE drum packaging,hdpe-na
MIN-AEROPHINE-LIQ·NA,MIN-AEROPHINE-LIQ,NA,6,2,0.02,Fixed costs LCI,LCI-NA,d,indexed,direct,lci-na,resolved,Fixed costs LCI,lci-na
MIN-AEROPHINE-LIQ·NA,MIN-AEROPHINE-LIQ,NA,7,18,0.18,Supplier margin,fixed,f,fixed,,,fixed,Supplier margin,
MIN-AEROPHINE-LIQ·LA,MIN-AEROPHINE-LIQ,LA,1,40,0.4,Phosphine/diisobutylphosphine (phosphate rock-derived elemental P proxy),PHOS-WB,p,indexed,proxy,dap,resolved,Phosphine/diisobutylphosphine (phosphate rock-derived elemental ,dap
MIN-AEROPHINE-LIQ·LA,MIN-AEROPHINE-LIQ,LA,2,15,0.15,Elemental sulfur feedstock,SULF-WB,d,indexed,direct,sulfuric-acid-na,resolved,Elemental sulfur feedstock,sulfuric-acid-na
MIN-AEROPHINE-LIQ·LA,MIN-AEROPHINE-LIQ,LA,3,10,0.1,Caustic soda (NaOH),NAOH-NA,d,indexed,direct,caustic-soda-na,resolved,Caustic soda (NaOH),caustic-soda-na
MIN-AEROPHINE-LIQ·LA,MIN-AEROPHINE-LIQ,LA,4,10,0.1,Industrial electricity,ELEC-NA,d,indexed,direct,elec-na,resolved,Industrial electricity,elec-na
MIN-AEROPHINE-LIQ·LA,MIN-AEROPHINE-LIQ,LA,5,5,0.05,HDPE drum packaging,HDPE-NA,d,indexed,direct,hdpe-na,resolved,HDPE drum packaging,hdpe-na
MIN-AEROPHINE-LIQ·LA,MIN-AEROPHINE-LIQ,LA,6,2,0.02,Fixed costs LCI,LCI-LA,d,indexed,direct,lci-la,resolved,Fixed costs LCI,lci-la
MIN-AEROPHINE-LIQ·LA,MIN-AEROPHINE-LIQ,LA,7,18,0.18,Supplier margin,fixed,f,fixed,,,fixed,Supplier margin,
MIN-AEROPHINE-LIQ·APAC,MIN-AEROPHINE-LIQ,APAC,1,40,0.4,Phosphine/diisobutylphosphine (phosphate rock-derived elemental P proxy),PHOS-WB,p,indexed,proxy,dap,resolved,Phosphine/diisobutylphosphine (phosphate rock-derived elemental ,dap
MIN-AEROPHINE-LIQ·APAC,MIN-AEROPHINE-LIQ,APAC,2,15,0.15,Elemental sulfur feedstock,SULF-WB,d,indexed,direct,sulfuric-acid-na,resolved,Elemental sulfur feedstock,sulfuric-acid-na
MIN-AEROPHINE-LIQ·APAC,MIN-AEROPHINE-LIQ,APAC,3,10,0.1,Caustic soda (NaOH),NAOH-ASIA,d,indexed,direct,caustic-soda-cn,resolved,Caustic soda (NaOH),caustic-soda-cn
MIN-AEROPHINE-LIQ·APAC,MIN-AEROPHINE-LIQ,APAC,4,10,0.1,Industrial electricity,ELEC-APAC,d,indexed,direct,elec-cn,resolved,Industrial electricity,elec-cn
MIN-AEROPHINE-LIQ·APAC,MIN-AEROPHINE-LIQ,APAC,5,5,0.05,HDPE drum packaging,HDPE-ASIA,d,indexed,direct,brent,resolved,HDPE drum packaging,brent
MIN-AEROPHINE-LIQ·APAC,MIN-AEROPHINE-LIQ,APAC,6,2,0.02,Fixed costs LCI,LCI-APAC,d,indexed,direct,lci-apac,resolved,Fixed costs LCI,lci-apac
MIN-AEROPHINE-LIQ·APAC,MIN-AEROPHINE-LIQ,APAC,7,18,0.18,Supplier margin,fixed,f,fixed,,,fixed,Supplier margin,
BCI-HF-LIQ·EU,BCI-HF-LIQ,EU,1,40,0.4,Acid-grade fluorspar (CaF2) feedstock,fixed,f,fixed,,,fixed,Acid-grade fluorspar (CaF2) feedstock,
BCI-HF-LIQ·EU,BCI-HF-LIQ,EU,2,20,0.2,Sulfuric acid reagent,SULF-WB,d,indexed,direct,sulfuric-acid-na,resolved,Sulfuric acid reagent,sulfuric-acid-na
BCI-HF-LIQ·EU,BCI-HF-LIQ,EU,3,10,0.1,Industrial electricity,ELEC-EU,d,indexed,direct,elec-eu,resolved,Industrial electricity,elec-eu
BCI-HF-LIQ·EU,BCI-HF-LIQ,EU,4,5,0.05,Specialized packaging (steel/polymer-lined),HDPE-EU,d,indexed,direct,brent,resolved,Specialized packaging (steel/polymer-lined),brent
BCI-HF-LIQ·EU,BCI-HF-LIQ,EU,5,10,0.1,Fixed costs LCI,LCI-EU,d,indexed,direct,lci-eu,resolved,Fixed costs LCI,lci-eu
BCI-HF-LIQ·EU,BCI-HF-LIQ,EU,6,15,0.15,Supplier margin,fixed,f,fixed,,,fixed,Supplier margin,
BCI-HF-LIQ·NA,BCI-HF-LIQ,NA,1,40,0.4,Acid-grade fluorspar (CaF2) feedstock,fixed,f,fixed,,,fixed,Acid-grade fluorspar (CaF2) feedstock,
BCI-HF-LIQ·NA,BCI-HF-LIQ,NA,2,20,0.2,Sulfuric acid reagent,SULF-WB,d,indexed,direct,sulfuric-acid-na,resolved,Sulfuric acid reagent,sulfuric-acid-na
BCI-HF-LIQ·NA,BCI-HF-LIQ,NA,3,10,0.1,Industrial electricity,ELEC-NA,d,indexed,direct,elec-na,resolved,Industrial electricity,elec-na
BCI-HF-LIQ·NA,BCI-HF-LIQ,NA,4,5,0.05,Specialized packaging (steel/polymer-lined),HDPE-NA,d,indexed,direct,hdpe-na,resolved,Specialized packaging (steel/polymer-lined),hdpe-na
BCI-HF-LIQ·NA,BCI-HF-LIQ,NA,5,10,0.1,Fixed costs LCI,LCI-NA,d,indexed,direct,lci-na,resolved,Fixed costs LCI,lci-na
BCI-HF-LIQ·NA,BCI-HF-LIQ,NA,6,15,0.15,Supplier margin,fixed,f,fixed,,,fixed,Supplier margin,
BCI-HF-LIQ·CN,BCI-HF-LIQ,CN,1,40,0.4,Acid-grade fluorspar (CaF2) feedstock,fixed,f,fixed,,,fixed,Acid-grade fluorspar (CaF2) feedstock,
BCI-HF-LIQ·CN,BCI-HF-LIQ,CN,2,20,0.2,Sulfuric acid reagent,SULF-WB,d,indexed,direct,sulfuric-acid-na,resolved,Sulfuric acid reagent,sulfuric-acid-na
BCI-HF-LIQ·CN,BCI-HF-LIQ,CN,3,10,0.1,Industrial electricity,ELEC-CN,d,indexed,direct,elec-cn,resolved,Industrial electricity,elec-cn
BCI-HF-LIQ·CN,BCI-HF-LIQ,CN,4,5,0.05,Specialized packaging (steel/polymer-lined),HDPE-CN,d,indexed,direct,brent,resolved,Specialized packaging (steel/polymer-lined),brent
BCI-HF-LIQ·CN,BCI-HF-LIQ,CN,5,10,0.1,Fixed costs LCI,LCI-CN,d,indexed,direct,lci-cn,resolved,Fixed costs LCI,lci-cn
BCI-HF-LIQ·CN,BCI-HF-LIQ,CN,6,15,0.15,Supplier margin,fixed,f,fixed,,,fixed,Supplier margin,
BCI-HF-LIQ·APAC,BCI-HF-LIQ,APAC,1,40,0.4,Acid-grade fluorspar (CaF2) feedstock,fixed,f,fixed,,,fixed,Acid-grade fluorspar (CaF2) feedstock,
BCI-HF-LIQ·APAC,BCI-HF-LIQ,APAC,2,20,0.2,Sulfuric acid reagent,SULF-WB,d,indexed,direct,sulfuric-acid-na,resolved,Sulfuric acid reagent,sulfuric-acid-na
BCI-HF-LIQ·APAC,BCI-HF-LIQ,APAC,3,10,0.1,Industrial electricity,ELEC-APAC,d,indexed,direct,elec-cn,resolved,Industrial electricity,elec-cn
BCI-HF-LIQ·APAC,BCI-HF-LIQ,APAC,4,5,0.05,Specialized packaging (steel/polymer-lined),HDPE-ASIA,d,indexed,direct,brent,resolved,Specialized packaging (steel/polymer-lined),brent
BCI-HF-LIQ·APAC,BCI-HF-LIQ,APAC,5,10,0.1,Fixed costs LCI,LCI-APAC,d,indexed,direct,lci-apac,resolved,Fixed costs LCI,lci-apac
BCI-HF-LIQ·APAC,BCI-HF-LIQ,APAC,6,15,0.15,Supplier margin,fixed,f,fixed,,,fixed,Supplier margin,
MIN-NDPR-OXD·EU,MIN-NDPR-OXD,EU,1,40,0.4,Mixed rare earth concentrate/carbonate feedstock,fixed,f,fixed,,,fixed,Mixed rare earth concentrate/carbonate feedstock,
MIN-NDPR-OXD·EU,MIN-NDPR-OXD,EU,2,15,0.15,Acid reagents (HCl/H2SO4) for solvent extraction,SULF-WB,d,indexed,direct,sulfuric-acid-na,resolved,Acid reagents (HCl/H2SO4) for solvent extraction,sulfuric-acid-na
MIN-NDPR-OXD·EU,MIN-NDPR-OXD,EU,3,18,0.18,Industrial electricity (energy-intensive separation cascade),ELEC-EU,d,indexed,direct,elec-eu,resolved,Industrial electricity (energy-intensive separation cascade),elec-eu
MIN-NDPR-OXD·EU,MIN-NDPR-OXD,EU,4,3,0.03,Specialized packaging,HDPE-EU,d,indexed,direct,brent,resolved,Specialized packaging,brent
MIN-NDPR-OXD·EU,MIN-NDPR-OXD,EU,5,9,0.09,Fixed costs LCI,LCI-EU,d,indexed,direct,lci-eu,resolved,Fixed costs LCI,lci-eu
MIN-NDPR-OXD·EU,MIN-NDPR-OXD,EU,6,15,0.15,Supplier margin,fixed,f,fixed,,,fixed,Supplier margin,
MIN-NDPR-OXD·NA,MIN-NDPR-OXD,NA,1,40,0.4,Mixed rare earth concentrate/carbonate feedstock,fixed,f,fixed,,,fixed,Mixed rare earth concentrate/carbonate feedstock,
MIN-NDPR-OXD·NA,MIN-NDPR-OXD,NA,2,15,0.15,Acid reagents (HCl/H2SO4) for solvent extraction,SULF-WB,d,indexed,direct,sulfuric-acid-na,resolved,Acid reagents (HCl/H2SO4) for solvent extraction,sulfuric-acid-na
MIN-NDPR-OXD·NA,MIN-NDPR-OXD,NA,3,18,0.18,Industrial electricity (energy-intensive separation cascade),ELEC-NA,d,indexed,direct,elec-na,resolved,Industrial electricity (energy-intensive separation cascade),elec-na
MIN-NDPR-OXD·NA,MIN-NDPR-OXD,NA,4,3,0.03,Specialized packaging,HDPE-NA,d,indexed,direct,hdpe-na,resolved,Specialized packaging,hdpe-na
MIN-NDPR-OXD·NA,MIN-NDPR-OXD,NA,5,9,0.09,Fixed costs LCI,LCI-NA,d,indexed,direct,lci-na,resolved,Fixed costs LCI,lci-na
MIN-NDPR-OXD·NA,MIN-NDPR-OXD,NA,6,15,0.15,Supplier margin,fixed,f,fixed,,,fixed,Supplier margin,
MIN-NDPR-OXD·CN,MIN-NDPR-OXD,CN,1,40,0.4,Mixed rare earth concentrate/carbonate feedstock,fixed,f,fixed,,,fixed,Mixed rare earth concentrate/carbonate feedstock,
MIN-NDPR-OXD·CN,MIN-NDPR-OXD,CN,2,15,0.15,Acid reagents (HCl/H2SO4) for solvent extraction,SULF-WB,d,indexed,direct,sulfuric-acid-na,resolved,Acid reagents (HCl/H2SO4) for solvent extraction,sulfuric-acid-na
MIN-NDPR-OXD·CN,MIN-NDPR-OXD,CN,3,18,0.18,Industrial electricity (energy-intensive separation cascade),ELEC-CN,d,indexed,direct,elec-cn,resolved,Industrial electricity (energy-intensive separation cascade),elec-cn
MIN-NDPR-OXD·CN,MIN-NDPR-OXD,CN,4,3,0.03,Specialized packaging,HDPE-CN,d,indexed,direct,brent,resolved,Specialized packaging,brent
MIN-NDPR-OXD·CN,MIN-NDPR-OXD,CN,5,9,0.09,Fixed costs LCI,LCI-CN,d,indexed,direct,lci-cn,resolved,Fixed costs LCI,lci-cn
MIN-NDPR-OXD·CN,MIN-NDPR-OXD,CN,6,15,0.15,Supplier margin,fixed,f,fixed,,,fixed,Supplier margin,
MIN-NDPR-OXD·APAC,MIN-NDPR-OXD,APAC,1,40,0.4,Mixed rare earth concentrate/carbonate feedstock,fixed,f,fixed,,,fixed,Mixed rare earth concentrate/carbonate feedstock,
MIN-NDPR-OXD·APAC,MIN-NDPR-OXD,APAC,2,15,0.15,Acid reagents (HCl/H2SO4) for solvent extraction,SULF-WB,d,indexed,direct,sulfuric-acid-na,resolved,Acid reagents (HCl/H2SO4) for solvent extraction,sulfuric-acid-na
MIN-NDPR-OXD·APAC,MIN-NDPR-OXD,APAC,3,18,0.18,Industrial electricity (energy-intensive separation cascade),ELEC-APAC,d,indexed,direct,elec-cn,resolved,Industrial electricity (energy-intensive separation cascade),elec-cn
MIN-NDPR-OXD·APAC,MIN-NDPR-OXD,APAC,4,3,0.03,Specialized packaging,HDPE-ASIA,d,indexed,direct,brent,resolved,Specialized packaging,brent
MIN-NDPR-OXD·APAC,MIN-NDPR-OXD,APAC,5,9,0.09,Fixed costs LCI,LCI-APAC,d,indexed,direct,lci-apac,resolved,Fixed costs LCI,lci-apac
MIN-NDPR-OXD·APAC,MIN-NDPR-OXD,APAC,6,15,0.15,Supplier margin,fixed,f,fixed,,,fixed,Supplier margin,
F10-EHS-LIQ·EU,F10-EHS-LIQ,EU,1,35,0.35,Salicylic acid (phenol/benzene route),BZ-EU,p,indexed,proxy,brent,resolved,Salicylic acid (phenol/benzene route),brent
F10-EHS-LIQ·EU,F10-EHS-LIQ,EU,2,30,0.3,2-Ethylhexanol (oxo-alcohol route),2EH-EU,p,indexed,proxy,brent,resolved,2-Ethylhexanol (oxo-alcohol route),brent
F10-EHS-LIQ·EU,F10-EHS-LIQ,EU,3,10,0.1,Industrial electricity,ELEC-EU,d,indexed,direct,elec-eu,resolved,Industrial electricity,elec-eu
F10-EHS-LIQ·EU,F10-EHS-LIQ,EU,4,10,0.1,Fixed costs LCI,LCI-EU,d,indexed,direct,lci-eu,resolved,Fixed costs LCI,lci-eu
F10-EHS-LIQ·EU,F10-EHS-LIQ,EU,5,15,0.15,Supplier margin,fixed,f,fixed,,,fixed,Supplier margin,
F10-EHS-LIQ·NA,F10-EHS-LIQ,NA,1,35,0.35,Salicylic acid (phenol/benzene route),BZ-NA,p,indexed,proxy,benzene-na,resolved,Salicylic acid (phenol/benzene route),benzene-na
F10-EHS-LIQ·NA,F10-EHS-LIQ,NA,2,30,0.3,2-Ethylhexanol (oxo-alcohol route),PRP-US,p,indexed,proxy,ethylene-propylene-na,resolved,2-Ethylhexanol (oxo-alcohol route),ethylene-propylene-na
F10-EHS-LIQ·NA,F10-EHS-LIQ,NA,3,10,0.1,Industrial electricity,ELEC-NA,d,indexed,direct,elec-na,resolved,Industrial electricity,elec-na
F10-EHS-LIQ·NA,F10-EHS-LIQ,NA,4,10,0.1,Fixed costs LCI,LCI-NA,d,indexed,direct,lci-na,resolved,Fixed costs LCI,lci-na
F10-EHS-LIQ·NA,F10-EHS-LIQ,NA,5,15,0.15,Supplier margin,fixed,f,fixed,,,fixed,Supplier margin,
F10-EHS-LIQ·CN,F10-EHS-LIQ,CN,1,35,0.35,Salicylic acid (phenol/benzene route),BZ-CN,p,indexed,proxy,brent,resolved,Salicylic acid (phenol/benzene route),brent
F10-EHS-LIQ·CN,F10-EHS-LIQ,CN,2,30,0.3,2-Ethylhexanol (oxo-alcohol route),PRP-CN,p,indexed,proxy,brent,resolved,2-Ethylhexanol (oxo-alcohol route),brent
F10-EHS-LIQ·CN,F10-EHS-LIQ,CN,3,10,0.1,Industrial electricity,ELEC-CN,d,indexed,direct,elec-cn,resolved,Industrial electricity,elec-cn
F10-EHS-LIQ·CN,F10-EHS-LIQ,CN,4,10,0.1,Fixed costs LCI,LCI-CN,d,indexed,direct,lci-cn,resolved,Fixed costs LCI,lci-cn
F10-EHS-LIQ·CN,F10-EHS-LIQ,CN,5,15,0.15,Supplier margin,fixed,f,fixed,,,fixed,Supplier margin,
F10-OCR-LIQ·EU,F10-OCR-LIQ,EU,1,30,0.3,Benzophenone (benzene route),BZ-EU,p,indexed,proxy,brent,resolved,Benzophenone (benzene route),brent
F10-OCR-LIQ·EU,F10-OCR-LIQ,EU,2,25,0.25,2-Ethylhexanol (oxo-alcohol route),2EH-EU,p,indexed,proxy,brent,resolved,2-Ethylhexanol (oxo-alcohol route),brent
F10-OCR-LIQ·EU,F10-OCR-LIQ,EU,3,20,0.2,Cyanoacetic acid (acrylonitrile route),ACN-EU,p,indexed,proxy,brent,resolved,Cyanoacetic acid (acrylonitrile route),brent
F10-OCR-LIQ·EU,F10-OCR-LIQ,EU,4,5,0.05,Industrial electricity,ELEC-EU,d,indexed,direct,elec-eu,resolved,Industrial electricity,elec-eu
F10-OCR-LIQ·EU,F10-OCR-LIQ,EU,5,5,0.05,Fixed costs LCI,LCI-EU,d,indexed,direct,lci-eu,resolved,Fixed costs LCI,lci-eu
F10-OCR-LIQ·EU,F10-OCR-LIQ,EU,6,15,0.15,Supplier margin,fixed,f,fixed,,,fixed,Supplier margin,
F10-OCR-LIQ·CN,F10-OCR-LIQ,CN,1,30,0.3,Benzophenone (benzene route),BZ-CN,p,indexed,proxy,brent,resolved,Benzophenone (benzene route),brent
F10-OCR-LIQ·CN,F10-OCR-LIQ,CN,2,25,0.25,2-Ethylhexanol (oxo-alcohol route),PRP-CN,p,indexed,proxy,brent,resolved,2-Ethylhexanol (oxo-alcohol route),brent
F10-OCR-LIQ·CN,F10-OCR-LIQ,CN,3,20,0.2,Cyanoacetic acid (acrylonitrile route),ACN-CN,p,indexed,proxy,brent,resolved,Cyanoacetic acid (acrylonitrile route),brent
F10-OCR-LIQ·CN,F10-OCR-LIQ,CN,4,5,0.05,Industrial electricity,ELEC-CN,d,indexed,direct,elec-cn,resolved,Industrial electricity,elec-cn
F10-OCR-LIQ·CN,F10-OCR-LIQ,CN,5,5,0.05,Fixed costs LCI,LCI-CN,d,indexed,direct,lci-cn,resolved,Fixed costs LCI,lci-cn
F10-OCR-LIQ·CN,F10-OCR-LIQ,CN,6,15,0.15,Supplier margin,fixed,f,fixed,,,fixed,Supplier margin,
F10-OCR-LIQ·NA,F10-OCR-LIQ,NA,1,30,0.3,Benzophenone (benzene route),BZ-NA,p,indexed,proxy,benzene-na,resolved,Benzophenone (benzene route),benzene-na
F10-OCR-LIQ·NA,F10-OCR-LIQ,NA,2,25,0.25,2-Ethylhexanol (oxo-alcohol route),PRP-US,p,indexed,proxy,ethylene-propylene-na,resolved,2-Ethylhexanol (oxo-alcohol route),ethylene-propylene-na
F10-OCR-LIQ·NA,F10-OCR-LIQ,NA,3,20,0.2,Cyanoacetic acid (acrylonitrile route),ACN-NA,p,indexed,proxy,brent,resolved,Cyanoacetic acid (acrylonitrile route),brent
F10-OCR-LIQ·NA,F10-OCR-LIQ,NA,4,5,0.05,Industrial electricity,ELEC-NA,d,indexed,direct,elec-na,resolved,Industrial electricity,elec-na
F10-OCR-LIQ·NA,F10-OCR-LIQ,NA,5,5,0.05,Fixed costs LCI,LCI-NA,d,indexed,direct,lci-na,resolved,Fixed costs LCI,lci-na
F10-OCR-LIQ·NA,F10-OCR-LIQ,NA,6,15,0.15,Supplier margin,fixed,f,fixed,,,fixed,Supplier margin,
F27-CTRL-LIQ·EU,F27-CTRL-LIQ,EU,1,35,0.35,Isobutylene (propylene route),PRP-NWE,p,indexed,proxy,brent,resolved,Isobutylene (propylene route),brent
F27-CTRL-LIQ·EU,F27-CTRL-LIQ,EU,2,25,0.25,Formaldehyde (methanol route),MEOH-EU,p,indexed,proxy,methanol-na,resolved,Formaldehyde (methanol route),methanol-na
F27-CTRL-LIQ·EU,F27-CTRL-LIQ,EU,3,15,0.15,Industrial electricity (high-pressure/high-temp synthesis),ELEC-EU,d,indexed,direct,elec-eu,resolved,Industrial electricity (high-pressure/high-temp synthesis),elec-eu
F27-CTRL-LIQ·EU,F27-CTRL-LIQ,EU,4,10,0.1,Fixed costs LCI,LCI-EU,d,indexed,direct,lci-eu,resolved,Fixed costs LCI,lci-eu
F27-CTRL-LIQ·EU,F27-CTRL-LIQ,EU,5,15,0.15,Supplier margin,fixed,f,fixed,,,fixed,Supplier margin,
F27-CTRL-LIQ·CN,F27-CTRL-LIQ,CN,1,35,0.35,Isobutylene (propylene route),PRP-CN,p,indexed,proxy,brent,resolved,Isobutylene (propylene route),brent
F27-CTRL-LIQ·CN,F27-CTRL-LIQ,CN,2,25,0.25,Formaldehyde (methanol route),MEOH-CN,p,indexed,proxy,methanol-na,resolved,Formaldehyde (methanol route),methanol-na
F27-CTRL-LIQ·CN,F27-CTRL-LIQ,CN,3,15,0.15,Industrial electricity (high-pressure/high-temp synthesis),ELEC-CN,d,indexed,direct,elec-cn,resolved,Industrial electricity (high-pressure/high-temp synthesis),elec-cn
F27-CTRL-LIQ·CN,F27-CTRL-LIQ,CN,4,10,0.1,Fixed costs LCI,LCI-CN,d,indexed,direct,lci-cn,resolved,Fixed costs LCI,lci-cn
F27-CTRL-LIQ·CN,F27-CTRL-LIQ,CN,5,15,0.15,Supplier margin,fixed,f,fixed,,,fixed,Supplier margin,
F27-CTRL-LIQ·NA,F27-CTRL-LIQ,NA,1,35,0.35,Isobutylene (propylene route),PRP-US,p,indexed,proxy,ethylene-propylene-na,resolved,Isobutylene (propylene route),ethylene-propylene-na
F27-CTRL-LIQ·NA,F27-CTRL-LIQ,NA,2,25,0.25,Formaldehyde (methanol route),MEOH-NA,p,indexed,proxy,methanol-na,resolved,Formaldehyde (methanol route),methanol-na
F27-CTRL-LIQ·NA,F27-CTRL-LIQ,NA,3,15,0.15,Industrial electricity (high-pressure/high-temp synthesis),ELEC-NA,d,indexed,direct,elec-na,resolved,Industrial electricity (high-pressure/high-temp synthesis),elec-na
F27-CTRL-LIQ·NA,F27-CTRL-LIQ,NA,4,10,0.1,Fixed costs LCI,LCI-NA,d,indexed,direct,lci-na,resolved,Fixed costs LCI,lci-na
F27-CTRL-LIQ·NA,F27-CTRL-LIQ,NA,5,15,0.15,Supplier margin,fixed,f,fixed,,,fixed,Supplier margin,
F23-CHCL-PWD·EU,F23-CHCL-PWD,EU,1,30,0.3,Ethylene oxide,EO-EU,d,indexed,direct,brent,resolved,Ethylene oxide,brent
F23-CHCL-PWD·EU,F23-CHCL-PWD,EU,2,15,0.15,Methanol (trimethylamine route),MEOH-EU,p,indexed,proxy,methanol-na,resolved,Methanol (trimethylamine route),methanol-na
F23-CHCL-PWD·EU,F23-CHCL-PWD,EU,3,15,0.15,Ammonia (trimethylamine route),NH3-EU,d,indexed,direct,ttf-eu,resolved,Ammonia (trimethylamine route),ttf-eu
F23-CHCL-PWD·EU,F23-CHCL-PWD,EU,4,15,0.15,Hydrochloric acid,CL2-EU,p,indexed,proxy,elec-eu,resolved,Hydrochloric acid,elec-eu
F23-CHCL-PWD·EU,F23-CHCL-PWD,EU,5,5,0.05,Industrial electricity,ELEC-EU,d,indexed,direct,elec-eu,resolved,Industrial electricity,elec-eu
F23-CHCL-PWD·EU,F23-CHCL-PWD,EU,6,8,0.08,Fixed costs LCI,LCI-EU,d,indexed,direct,lci-eu,resolved,Fixed costs LCI,lci-eu
F23-CHCL-PWD·EU,F23-CHCL-PWD,EU,7,12,0.12,Supplier margin,fixed,f,fixed,,,fixed,Supplier margin,
F23-CHCL-PWD·CN,F23-CHCL-PWD,CN,1,30,0.3,Ethylene oxide,EO-CN,d,indexed,direct,brent,resolved,Ethylene oxide,brent
F23-CHCL-PWD·CN,F23-CHCL-PWD,CN,2,15,0.15,Methanol (trimethylamine route),MEOH-CN,p,indexed,proxy,methanol-na,resolved,Methanol (trimethylamine route),methanol-na
F23-CHCL-PWD·CN,F23-CHCL-PWD,CN,3,15,0.15,Ammonia (trimethylamine route),NH3-CN,d,indexed,direct,ammonia-na,resolved,Ammonia (trimethylamine route),ammonia-na
F23-CHCL-PWD·CN,F23-CHCL-PWD,CN,4,15,0.15,Hydrochloric acid,CL2-CN,p,indexed,proxy,elec-cn,resolved,Hydrochloric acid,elec-cn
F23-CHCL-PWD·CN,F23-CHCL-PWD,CN,5,5,0.05,Industrial electricity,ELEC-CN,d,indexed,direct,elec-cn,resolved,Industrial electricity,elec-cn
F23-CHCL-PWD·CN,F23-CHCL-PWD,CN,6,8,0.08,Fixed costs LCI,LCI-CN,d,indexed,direct,lci-cn,resolved,Fixed costs LCI,lci-cn
F23-CHCL-PWD·CN,F23-CHCL-PWD,CN,7,12,0.12,Supplier margin,fixed,f,fixed,,,fixed,Supplier margin,
F23-CHCL-PWD·NA,F23-CHCL-PWD,NA,1,30,0.3,Ethylene oxide,EO-EU,p,indexed,proxy,brent,resolved,Ethylene oxide,brent
F23-CHCL-PWD·NA,F23-CHCL-PWD,NA,2,15,0.15,Methanol (trimethylamine route),MEOH-NA,p,indexed,proxy,methanol-na,resolved,Methanol (trimethylamine route),methanol-na
F23-CHCL-PWD·NA,F23-CHCL-PWD,NA,3,15,0.15,Ammonia (trimethylamine route),NH3-NA,d,indexed,direct,ammonia-na,resolved,Ammonia (trimethylamine route),ammonia-na
F23-CHCL-PWD·NA,F23-CHCL-PWD,NA,4,15,0.15,Hydrochloric acid,CL2-NA,p,indexed,proxy,caustic-soda-na,resolved,Hydrochloric acid,caustic-soda-na
F23-CHCL-PWD·NA,F23-CHCL-PWD,NA,5,5,0.05,Industrial electricity,ELEC-NA,d,indexed,direct,elec-na,resolved,Industrial electricity,elec-na
F23-CHCL-PWD·NA,F23-CHCL-PWD,NA,6,8,0.08,Fixed costs LCI,LCI-NA,d,indexed,direct,lci-na,resolved,Fixed costs LCI,lci-na
F23-CHCL-PWD·NA,F23-CHCL-PWD,NA,7,12,0.12,Supplier margin,fixed,f,fixed,,,fixed,Supplier margin,
F23-CHCL-PWD·IN,F23-CHCL-PWD,IN,1,30,0.3,Ethylene oxide,EO-ASIA,d,indexed,direct,brent,resolved,Ethylene oxide,brent
F23-CHCL-PWD·IN,F23-CHCL-PWD,IN,2,15,0.15,Methanol (trimethylamine route),MEOH-ASIA,p,indexed,proxy,methanol-na,resolved,Methanol (trimethylamine route),methanol-na
F23-CHCL-PWD·IN,F23-CHCL-PWD,IN,3,15,0.15,Ammonia (trimethylamine route),NH3-IN,d,indexed,direct,gas-india,resolved,Ammonia (trimethylamine route),gas-india
F23-CHCL-PWD·IN,F23-CHCL-PWD,IN,4,15,0.15,Hydrochloric acid,CL2-IN,p,indexed,proxy,elec-in,resolved,Hydrochloric acid,elec-in
F23-CHCL-PWD·IN,F23-CHCL-PWD,IN,5,5,0.05,Industrial electricity,ELEC-IN,d,indexed,direct,elec-in,resolved,Industrial electricity,elec-in
F23-CHCL-PWD·IN,F23-CHCL-PWD,IN,6,8,0.08,Fixed costs LCI,LCI-IN,d,indexed,direct,lci-in,resolved,Fixed costs LCI,lci-in
F23-CHCL-PWD·IN,F23-CHCL-PWD,IN,7,12,0.12,Supplier margin,fixed,f,fixed,,,fixed,Supplier margin,
F23-DPAN-LIQ·EU,F23-DPAN-LIQ,EU,1,30,0.3,Isobutyraldehyde (propylene oxo route),PRP-NWE,p,indexed,proxy,brent,resolved,Isobutyraldehyde (propylene oxo route),brent
F23-DPAN-LIQ·EU,F23-DPAN-LIQ,EU,2,20,0.2,Formaldehyde (methanol route),MEOH-EU,p,indexed,proxy,methanol-na,resolved,Formaldehyde (methanol route),methanol-na
F23-DPAN-LIQ·EU,F23-DPAN-LIQ,EU,3,15,0.15,Beta-alanine (acrylonitrile route),ACN-EU,p,indexed,proxy,brent,resolved,Beta-alanine (acrylonitrile route),brent
F23-DPAN-LIQ·EU,F23-DPAN-LIQ,EU,4,8,0.08,Industrial electricity,ELEC-EU,d,indexed,direct,elec-eu,resolved,Industrial electricity,elec-eu
F23-DPAN-LIQ·EU,F23-DPAN-LIQ,EU,5,7,0.07,Fixed costs LCI,LCI-EU,d,indexed,direct,lci-eu,resolved,Fixed costs LCI,lci-eu
F23-DPAN-LIQ·EU,F23-DPAN-LIQ,EU,6,20,0.2,Supplier margin,fixed,f,fixed,,,fixed,Supplier margin,
F23-DPAN-LIQ·CN,F23-DPAN-LIQ,CN,1,30,0.3,Isobutyraldehyde (propylene oxo route),PRP-CN,p,indexed,proxy,brent,resolved,Isobutyraldehyde (propylene oxo route),brent
F23-DPAN-LIQ·CN,F23-DPAN-LIQ,CN,2,20,0.2,Formaldehyde (methanol route),MEOH-CN,p,indexed,proxy,methanol-na,resolved,Formaldehyde (methanol route),methanol-na
F23-DPAN-LIQ·CN,F23-DPAN-LIQ,CN,3,15,0.15,Beta-alanine (acrylonitrile route),ACN-CN,p,indexed,proxy,brent,resolved,Beta-alanine (acrylonitrile route),brent
F23-DPAN-LIQ·CN,F23-DPAN-LIQ,CN,4,8,0.08,Industrial electricity,ELEC-CN,d,indexed,direct,elec-cn,resolved,Industrial electricity,elec-cn
F23-DPAN-LIQ·CN,F23-DPAN-LIQ,CN,5,7,0.07,Fixed costs LCI,LCI-CN,d,indexed,direct,lci-cn,resolved,Fixed costs LCI,lci-cn
F23-DPAN-LIQ·CN,F23-DPAN-LIQ,CN,6,20,0.2,Supplier margin,fixed,f,fixed,,,fixed,Supplier margin,
F23-DPAN-LIQ·NA,F23-DPAN-LIQ,NA,1,30,0.3,Isobutyraldehyde (propylene oxo route),PRP-US,p,indexed,proxy,ethylene-propylene-na,resolved,Isobutyraldehyde (propylene oxo route),ethylene-propylene-na
F23-DPAN-LIQ·NA,F23-DPAN-LIQ,NA,2,20,0.2,Formaldehyde (methanol route),MEOH-NA,p,indexed,proxy,methanol-na,resolved,Formaldehyde (methanol route),methanol-na
F23-DPAN-LIQ·NA,F23-DPAN-LIQ,NA,3,15,0.15,Beta-alanine (acrylonitrile route),ACN-NA,p,indexed,proxy,brent,resolved,Beta-alanine (acrylonitrile route),brent
F23-DPAN-LIQ·NA,F23-DPAN-LIQ,NA,4,8,0.08,Industrial electricity,ELEC-NA,d,indexed,direct,elec-na,resolved,Industrial electricity,elec-na
F23-DPAN-LIQ·NA,F23-DPAN-LIQ,NA,5,7,0.07,Fixed costs LCI,LCI-NA,d,indexed,direct,lci-na,resolved,Fixed costs LCI,lci-na
F23-DPAN-LIQ·NA,F23-DPAN-LIQ,NA,6,20,0.2,Supplier margin,fixed,f,fixed,,,fixed,Supplier margin,
SOL-DPG-LIQ·EU,SOL-DPG-LIQ,EU,1,50,0.5,Propylene oxide (co-product of propylene glycol manufacture),PRP-NWE,p,indexed,proxy,brent,resolved,Propylene oxide (co-product of propylene glycol manufacture),brent
SOL-DPG-LIQ·EU,SOL-DPG-LIQ,EU,2,15,0.15,Industrial electricity,ELEC-EU,d,indexed,direct,elec-eu,resolved,Industrial electricity,elec-eu
SOL-DPG-LIQ·EU,SOL-DPG-LIQ,EU,3,5,0.05,HDPE drum packaging,HDPE-EU,d,indexed,direct,brent,resolved,HDPE drum packaging,brent
SOL-DPG-LIQ·EU,SOL-DPG-LIQ,EU,4,15,0.15,Fixed costs LCI,LCI-EU,d,indexed,direct,lci-eu,resolved,Fixed costs LCI,lci-eu
SOL-DPG-LIQ·EU,SOL-DPG-LIQ,EU,5,15,0.15,Supplier margin,fixed,f,fixed,,,fixed,Supplier margin,
SOL-DPG-LIQ·NA,SOL-DPG-LIQ,NA,1,50,0.5,Propylene oxide (co-product of propylene glycol manufacture),PRP-US,p,indexed,proxy,ethylene-propylene-na,resolved,Propylene oxide (co-product of propylene glycol manufacture),ethylene-propylene-na
SOL-DPG-LIQ·NA,SOL-DPG-LIQ,NA,2,15,0.15,Industrial electricity,ELEC-NA,d,indexed,direct,elec-na,resolved,Industrial electricity,elec-na
SOL-DPG-LIQ·NA,SOL-DPG-LIQ,NA,3,5,0.05,HDPE drum packaging,HDPE-NA,d,indexed,direct,hdpe-na,resolved,HDPE drum packaging,hdpe-na
SOL-DPG-LIQ·NA,SOL-DPG-LIQ,NA,4,15,0.15,Fixed costs LCI,LCI-NA,d,indexed,direct,lci-na,resolved,Fixed costs LCI,lci-na
SOL-DPG-LIQ·NA,SOL-DPG-LIQ,NA,5,15,0.15,Supplier margin,fixed,f,fixed,,,fixed,Supplier margin,
SOL-DPG-LIQ·CN,SOL-DPG-LIQ,CN,1,50,0.5,Propylene oxide (co-product of propylene glycol manufacture),PRP-CN,p,indexed,proxy,brent,resolved,Propylene oxide (co-product of propylene glycol manufacture),brent
SOL-DPG-LIQ·CN,SOL-DPG-LIQ,CN,2,15,0.15,Industrial electricity,ELEC-CN,d,indexed,direct,elec-cn,resolved,Industrial electricity,elec-cn
SOL-DPG-LIQ·CN,SOL-DPG-LIQ,CN,3,5,0.05,HDPE drum packaging,HDPE-CN,d,indexed,direct,brent,resolved,HDPE drum packaging,brent
SOL-DPG-LIQ·CN,SOL-DPG-LIQ,CN,4,15,0.15,Fixed costs LCI,LCI-CN,d,indexed,direct,lci-cn,resolved,Fixed costs LCI,lci-cn
SOL-DPG-LIQ·CN,SOL-DPG-LIQ,CN,5,15,0.15,Supplier margin,fixed,f,fixed,,,fixed,Supplier margin,
SOL-DPG-LIQ·APAC,SOL-DPG-LIQ,APAC,1,50,0.5,Propylene oxide (co-product of propylene glycol manufacture),PRP-APAC,p,indexed,proxy,ethylene-propylene-na,resolved,Propylene oxide (co-product of propylene glycol manufacture),ethylene-propylene-na
SOL-DPG-LIQ·APAC,SOL-DPG-LIQ,APAC,2,15,0.15,Industrial electricity,ELEC-APAC,d,indexed,direct,elec-cn,resolved,Industrial electricity,elec-cn
SOL-DPG-LIQ·APAC,SOL-DPG-LIQ,APAC,3,5,0.05,HDPE drum packaging,HDPE-ASIA,d,indexed,direct,brent,resolved,HDPE drum packaging,brent
SOL-DPG-LIQ·APAC,SOL-DPG-LIQ,APAC,4,15,0.15,Fixed costs LCI,LCI-APAC,d,indexed,direct,lci-apac,resolved,Fixed costs LCI,lci-apac
SOL-DPG-LIQ·APAC,SOL-DPG-LIQ,APAC,5,15,0.15,Supplier margin,fixed,f,fixed,,,fixed,Supplier margin,
F10-OMC-LIQ·EU,F10-OMC-LIQ,EU,1,30,0.3,Anisaldehyde precursor (benzene route),BZ-EU,p,indexed,proxy,brent,resolved,Anisaldehyde precursor (benzene route),brent
F10-OMC-LIQ·EU,F10-OMC-LIQ,EU,2,15,0.15,Methanol (anisaldehyde route),MEOH-EU,p,indexed,proxy,methanol-na,resolved,Methanol (anisaldehyde route),methanol-na
F10-OMC-LIQ·EU,F10-OMC-LIQ,EU,3,25,0.25,2-Ethylhexanol (oxo-alcohol route),2EH-EU,p,indexed,proxy,brent,resolved,2-Ethylhexanol (oxo-alcohol route),brent
F10-OMC-LIQ·EU,F10-OMC-LIQ,EU,4,5,0.05,Industrial electricity,ELEC-EU,d,indexed,direct,elec-eu,resolved,Industrial electricity,elec-eu
F10-OMC-LIQ·EU,F10-OMC-LIQ,EU,5,10,0.1,Fixed costs LCI,LCI-EU,d,indexed,direct,lci-eu,resolved,Fixed costs LCI,lci-eu
F10-OMC-LIQ·EU,F10-OMC-LIQ,EU,6,15,0.15,Supplier margin,fixed,f,fixed,,,fixed,Supplier margin,
F10-OMC-LIQ·CN,F10-OMC-LIQ,CN,1,30,0.3,Anisaldehyde precursor (benzene route),BZ-CN,p,indexed,proxy,brent,resolved,Anisaldehyde precursor (benzene route),brent
F10-OMC-LIQ·CN,F10-OMC-LIQ,CN,2,15,0.15,Methanol (anisaldehyde route),MEOH-CN,p,indexed,proxy,methanol-na,resolved,Methanol (anisaldehyde route),methanol-na
F10-OMC-LIQ·CN,F10-OMC-LIQ,CN,3,25,0.25,2-Ethylhexanol (oxo-alcohol route),PRP-CN,p,indexed,proxy,brent,resolved,2-Ethylhexanol (oxo-alcohol route),brent
F10-OMC-LIQ·CN,F10-OMC-LIQ,CN,4,5,0.05,Industrial electricity,ELEC-CN,d,indexed,direct,elec-cn,resolved,Industrial electricity,elec-cn
F10-OMC-LIQ·CN,F10-OMC-LIQ,CN,5,10,0.1,Fixed costs LCI,LCI-CN,d,indexed,direct,lci-cn,resolved,Fixed costs LCI,lci-cn
F10-OMC-LIQ·CN,F10-OMC-LIQ,CN,6,15,0.15,Supplier margin,fixed,f,fixed,,,fixed,Supplier margin,
F10-OMC-LIQ·NA,F10-OMC-LIQ,NA,1,30,0.3,Anisaldehyde precursor (benzene route),BZ-NA,p,indexed,proxy,benzene-na,resolved,Anisaldehyde precursor (benzene route),benzene-na
F10-OMC-LIQ·NA,F10-OMC-LIQ,NA,2,15,0.15,Methanol (anisaldehyde route),MEOH-NA,p,indexed,proxy,methanol-na,resolved,Methanol (anisaldehyde route),methanol-na
F10-OMC-LIQ·NA,F10-OMC-LIQ,NA,3,25,0.25,2-Ethylhexanol (oxo-alcohol route),PRP-US,p,indexed,proxy,ethylene-propylene-na,resolved,2-Ethylhexanol (oxo-alcohol route),ethylene-propylene-na
F10-OMC-LIQ·NA,F10-OMC-LIQ,NA,4,5,0.05,Industrial electricity,ELEC-NA,d,indexed,direct,elec-na,resolved,Industrial electricity,elec-na
F10-OMC-LIQ·NA,F10-OMC-LIQ,NA,5,10,0.1,Fixed costs LCI,LCI-NA,d,indexed,direct,lci-na,resolved,Fixed costs LCI,lci-na
F10-OMC-LIQ·NA,F10-OMC-LIQ,NA,6,15,0.15,Supplier margin,fixed,f,fixed,,,fixed,Supplier margin,
F10-OMC-LIQ·APAC,F10-OMC-LIQ,APAC,1,30,0.3,Anisaldehyde precursor (benzene route),BZ-ASIA,p,indexed,proxy,brent,resolved,Anisaldehyde precursor (benzene route),brent
F10-OMC-LIQ·APAC,F10-OMC-LIQ,APAC,2,15,0.15,Methanol (anisaldehyde route),MEOH-ASIA,p,indexed,proxy,methanol-na,resolved,Methanol (anisaldehyde route),methanol-na
F10-OMC-LIQ·APAC,F10-OMC-LIQ,APAC,3,25,0.25,2-Ethylhexanol (oxo-alcohol route),PRP-APAC,p,indexed,proxy,ethylene-propylene-na,resolved,2-Ethylhexanol (oxo-alcohol route),ethylene-propylene-na
F10-OMC-LIQ·APAC,F10-OMC-LIQ,APAC,4,5,0.05,Industrial electricity,ELEC-APAC,d,indexed,direct,elec-cn,resolved,Industrial electricity,elec-cn
F10-OMC-LIQ·APAC,F10-OMC-LIQ,APAC,5,10,0.1,Fixed costs LCI,LCI-APAC,d,indexed,direct,lci-apac,resolved,Fixed costs LCI,lci-apac
F10-OMC-LIQ·APAC,F10-OMC-LIQ,APAC,6,15,0.15,Supplier margin,fixed,f,fixed,,,fixed,Supplier margin,
F10-HMS-LIQ·EU,F10-HMS-LIQ,EU,1,35,0.35,Salicylic acid (benzene/phenol route),BZ-EU,p,indexed,proxy,brent,resolved,Salicylic acid (benzene/phenol route),brent
F10-HMS-LIQ·EU,F10-HMS-LIQ,EU,2,30,0.3,Homomenthol (isophorone/acetone route),PRP-NWE,p,indexed,proxy,brent,resolved,Homomenthol (isophorone/acetone route),brent
F10-HMS-LIQ·EU,F10-HMS-LIQ,EU,3,10,0.1,Industrial electricity,ELEC-EU,d,indexed,direct,elec-eu,resolved,Industrial electricity,elec-eu
F10-HMS-LIQ·EU,F10-HMS-LIQ,EU,4,10,0.1,Fixed costs LCI,LCI-EU,d,indexed,direct,lci-eu,resolved,Fixed costs LCI,lci-eu
F10-HMS-LIQ·EU,F10-HMS-LIQ,EU,5,15,0.15,Supplier margin,fixed,f,fixed,,,fixed,Supplier margin,
F10-HMS-LIQ·NA,F10-HMS-LIQ,NA,1,35,0.35,Salicylic acid (benzene/phenol route),BZ-NA,p,indexed,proxy,benzene-na,resolved,Salicylic acid (benzene/phenol route),benzene-na
F10-HMS-LIQ·NA,F10-HMS-LIQ,NA,2,30,0.3,Homomenthol (isophorone/acetone route),PRP-US,p,indexed,proxy,ethylene-propylene-na,resolved,Homomenthol (isophorone/acetone route),ethylene-propylene-na
F10-HMS-LIQ·NA,F10-HMS-LIQ,NA,3,10,0.1,Industrial electricity,ELEC-NA,d,indexed,direct,elec-na,resolved,Industrial electricity,elec-na
F10-HMS-LIQ·NA,F10-HMS-LIQ,NA,4,10,0.1,Fixed costs LCI,LCI-NA,d,indexed,direct,lci-na,resolved,Fixed costs LCI,lci-na
F10-HMS-LIQ·NA,F10-HMS-LIQ,NA,5,15,0.15,Supplier margin,fixed,f,fixed,,,fixed,Supplier margin,
F10-EHT-PWD·EU,F10-EHT-PWD,EU,1,20,0.2,Urea (cyanuric chloride route),UREA-WB,p,indexed,proxy,urea,resolved,Urea (cyanuric chloride route),urea
F10-EHT-PWD·EU,F10-EHT-PWD,EU,2,15,0.15,Chlorine (cyanuric chloride route),CL2-EU,p,indexed,proxy,elec-eu,resolved,Chlorine (cyanuric chloride route),elec-eu
F10-EHT-PWD·EU,F10-EHT-PWD,EU,3,20,0.2,2-Ethylhexanol (oxo-alcohol route),2EH-EU,p,indexed,proxy,brent,resolved,2-Ethylhexanol (oxo-alcohol route),brent
F10-EHT-PWD·EU,F10-EHT-PWD,EU,4,15,0.15,p-Aminobenzoic acid (benzene route),BZ-EU,p,indexed,proxy,brent,resolved,p-Aminobenzoic acid (benzene route),brent
F10-EHT-PWD·EU,F10-EHT-PWD,EU,5,8,0.08,Industrial electricity,ELEC-EU,d,indexed,direct,elec-eu,resolved,Industrial electricity,elec-eu
F10-EHT-PWD·EU,F10-EHT-PWD,EU,6,7,0.07,Fixed costs LCI,LCI-EU,d,indexed,direct,lci-eu,resolved,Fixed costs LCI,lci-eu
F10-EHT-PWD·EU,F10-EHT-PWD,EU,7,15,0.15,Supplier margin,fixed,f,fixed,,,fixed,Supplier margin,
F10-EHT-PWD·CN,F10-EHT-PWD,CN,1,20,0.2,Urea (cyanuric chloride route),UREA-WB,p,indexed,proxy,urea,resolved,Urea (cyanuric chloride route),urea
F10-EHT-PWD·CN,F10-EHT-PWD,CN,2,15,0.15,Chlorine (cyanuric chloride route),CL2-CN,p,indexed,proxy,elec-cn,resolved,Chlorine (cyanuric chloride route),elec-cn
F10-EHT-PWD·CN,F10-EHT-PWD,CN,3,20,0.2,2-Ethylhexanol (oxo-alcohol route),PRP-CN,p,indexed,proxy,brent,resolved,2-Ethylhexanol (oxo-alcohol route),brent
F10-EHT-PWD·CN,F10-EHT-PWD,CN,4,15,0.15,p-Aminobenzoic acid (benzene route),BZ-CN,p,indexed,proxy,brent,resolved,p-Aminobenzoic acid (benzene route),brent
F10-EHT-PWD·CN,F10-EHT-PWD,CN,5,8,0.08,Industrial electricity,ELEC-CN,d,indexed,direct,elec-cn,resolved,Industrial electricity,elec-cn
F10-EHT-PWD·CN,F10-EHT-PWD,CN,6,7,0.07,Fixed costs LCI,LCI-CN,d,indexed,direct,lci-cn,resolved,Fixed costs LCI,lci-cn
F10-EHT-PWD·CN,F10-EHT-PWD,CN,7,15,0.15,Supplier margin,fixed,f,fixed,,,fixed,Supplier margin,
F23-BCAR-PWD·EU,F23-BCAR-PWD,EU,1,35,0.35,"Terpene backbone (beta-ionone/isophytol route, propylene-derived)",PRP-NWE,p,indexed,proxy,brent,resolved,"Terpene backbone (beta-ionone/isophytol route, propylene-derived",brent
F23-BCAR-PWD·EU,F23-BCAR-PWD,EU,2,25,0.25,"Triphenylphosphine (benzene route, Wittig reagent)",BZ-EU,p,indexed,proxy,brent,resolved,"Triphenylphosphine (benzene route, Wittig reagent)",brent
F23-BCAR-PWD·EU,F23-BCAR-PWD,EU,3,10,0.1,Industrial electricity,ELEC-EU,d,indexed,direct,elec-eu,resolved,Industrial electricity,elec-eu
F23-BCAR-PWD·EU,F23-BCAR-PWD,EU,4,10,0.1,Fixed costs LCI,LCI-EU,d,indexed,direct,lci-eu,resolved,Fixed costs LCI,lci-eu
F23-BCAR-PWD·EU,F23-BCAR-PWD,EU,5,20,0.2,Supplier margin,fixed,f,fixed,,,fixed,Supplier margin,
F23-BCAR-PWD·CN,F23-BCAR-PWD,CN,1,35,0.35,"Terpene backbone (beta-ionone/isophytol route, propylene-derived)",PRP-CN,p,indexed,proxy,brent,resolved,"Terpene backbone (beta-ionone/isophytol route, propylene-derived",brent
F23-BCAR-PWD·CN,F23-BCAR-PWD,CN,2,25,0.25,"Triphenylphosphine (benzene route, Wittig reagent)",BZ-CN,p,indexed,proxy,brent,resolved,"Triphenylphosphine (benzene route, Wittig reagent)",brent
F23-BCAR-PWD·CN,F23-BCAR-PWD,CN,3,10,0.1,Industrial electricity,ELEC-CN,d,indexed,direct,elec-cn,resolved,Industrial electricity,elec-cn
F23-BCAR-PWD·CN,F23-BCAR-PWD,CN,4,10,0.1,Fixed costs LCI,LCI-CN,d,indexed,direct,lci-cn,resolved,Fixed costs LCI,lci-cn
F23-BCAR-PWD·CN,F23-BCAR-PWD,CN,5,20,0.2,Supplier margin,fixed,f,fixed,,,fixed,Supplier margin,
F23-BCAR-PWD·NA,F23-BCAR-PWD,NA,1,35,0.35,"Terpene backbone (beta-ionone/isophytol route, propylene-derived)",PRP-US,p,indexed,proxy,ethylene-propylene-na,resolved,"Terpene backbone (beta-ionone/isophytol route, propylene-derived",ethylene-propylene-na
F23-BCAR-PWD·NA,F23-BCAR-PWD,NA,2,25,0.25,"Triphenylphosphine (benzene route, Wittig reagent)",BZ-NA,p,indexed,proxy,benzene-na,resolved,"Triphenylphosphine (benzene route, Wittig reagent)",benzene-na
F23-BCAR-PWD·NA,F23-BCAR-PWD,NA,3,10,0.1,Industrial electricity,ELEC-NA,d,indexed,direct,elec-na,resolved,Industrial electricity,elec-na
F23-BCAR-PWD·NA,F23-BCAR-PWD,NA,4,10,0.1,Fixed costs LCI,LCI-NA,d,indexed,direct,lci-na,resolved,Fixed costs LCI,lci-na
F23-BCAR-PWD·NA,F23-BCAR-PWD,NA,5,20,0.2,Supplier margin,fixed,f,fixed,,,fixed,Supplier margin,
F23-ASTA-PWD·EU,F23-ASTA-PWD,EU,1,30,0.3,Citral-derived C15/C10 backbone (propylene route),PRP-NWE,p,indexed,proxy,brent,resolved,Citral-derived C15/C10 backbone (propylene route),brent
F23-ASTA-PWD·EU,F23-ASTA-PWD,EU,2,15,0.15,Formaldehyde (citral route),MEOH-EU,p,indexed,proxy,methanol-na,resolved,Formaldehyde (citral route),methanol-na
F23-ASTA-PWD·EU,F23-ASTA-PWD,EU,3,20,0.2,"Triphenylphosphine (benzene route, Wittig reagent)",BZ-EU,p,indexed,proxy,brent,resolved,"Triphenylphosphine (benzene route, Wittig reagent)",brent
F23-ASTA-PWD·EU,F23-ASTA-PWD,EU,4,10,0.1,Industrial electricity,ELEC-EU,d,indexed,direct,elec-eu,resolved,Industrial electricity,elec-eu
F23-ASTA-PWD·EU,F23-ASTA-PWD,EU,5,10,0.1,Fixed costs LCI,LCI-EU,d,indexed,direct,lci-eu,resolved,Fixed costs LCI,lci-eu
F23-ASTA-PWD·EU,F23-ASTA-PWD,EU,6,15,0.15,Supplier margin,fixed,f,fixed,,,fixed,Supplier margin,
F23-ASTA-PWD·NA,F23-ASTA-PWD,NA,1,30,0.3,Citral-derived C15/C10 backbone (propylene route),PRP-US,p,indexed,proxy,ethylene-propylene-na,resolved,Citral-derived C15/C10 backbone (propylene route),ethylene-propylene-na
F23-ASTA-PWD·NA,F23-ASTA-PWD,NA,2,15,0.15,Formaldehyde (citral route),MEOH-NA,p,indexed,proxy,methanol-na,resolved,Formaldehyde (citral route),methanol-na
F23-ASTA-PWD·NA,F23-ASTA-PWD,NA,3,20,0.2,"Triphenylphosphine (benzene route, Wittig reagent)",BZ-NA,p,indexed,proxy,benzene-na,resolved,"Triphenylphosphine (benzene route, Wittig reagent)",benzene-na
F23-ASTA-PWD·NA,F23-ASTA-PWD,NA,4,10,0.1,Industrial electricity,ELEC-NA,d,indexed,direct,elec-na,resolved,Industrial electricity,elec-na
F23-ASTA-PWD·NA,F23-ASTA-PWD,NA,5,10,0.1,Fixed costs LCI,LCI-NA,d,indexed,direct,lci-na,resolved,Fixed costs LCI,lci-na
F23-ASTA-PWD·NA,F23-ASTA-PWD,NA,6,15,0.15,Supplier margin,fixed,f,fixed,,,fixed,Supplier margin,
F23-ASTA-PWD·APAC,F23-ASTA-PWD,APAC,1,30,0.3,Citral-derived C15/C10 backbone (propylene route),PRP-APAC,p,indexed,proxy,ethylene-propylene-na,resolved,Citral-derived C15/C10 backbone (propylene route),ethylene-propylene-na
F23-ASTA-PWD·APAC,F23-ASTA-PWD,APAC,2,15,0.15,Formaldehyde (citral route),MEOH-ASIA,p,indexed,proxy,methanol-na,resolved,Formaldehyde (citral route),methanol-na
F23-ASTA-PWD·APAC,F23-ASTA-PWD,APAC,3,20,0.2,"Triphenylphosphine (benzene route, Wittig reagent)",BZ-ASIA,p,indexed,proxy,brent,resolved,"Triphenylphosphine (benzene route, Wittig reagent)",brent
F23-ASTA-PWD·APAC,F23-ASTA-PWD,APAC,4,10,0.1,Industrial electricity,ELEC-APAC,d,indexed,direct,elec-cn,resolved,Industrial electricity,elec-cn
F23-ASTA-PWD·APAC,F23-ASTA-PWD,APAC,5,10,0.1,Fixed costs LCI,LCI-APAC,d,indexed,direct,lci-apac,resolved,Fixed costs LCI,lci-apac
F23-ASTA-PWD·APAC,F23-ASTA-PWD,APAC,6,15,0.15,Supplier margin,fixed,f,fixed,,,fixed,Supplier margin,
F23-HYD3-PWD·EU,F23-HYD3-PWD,EU,1,40,0.4,"Cholecalciferol (Vitamin D3) feedstock — no liquid index, derivative of feed-grade D3 chain",fixed,f,fixed,,,fixed,"Cholecalciferol (Vitamin D3) feedstock — no liquid index, deriva",
F23-HYD3-PWD·EU,F23-HYD3-PWD,EU,2,15,0.15,Hydroxylation/purification reagents — no liquid index,fixed,f,fixed,,,fixed,Hydroxylation/purification reagents — no liquid index,
F23-HYD3-PWD·EU,F23-HYD3-PWD,EU,3,8,0.08,Industrial electricity,ELEC-EU,d,indexed,direct,elec-eu,resolved,Industrial electricity,elec-eu
F23-HYD3-PWD·EU,F23-HYD3-PWD,EU,4,7,0.07,Fixed costs LCI,LCI-EU,d,indexed,direct,lci-eu,resolved,Fixed costs LCI,lci-eu
F23-HYD3-PWD·EU,F23-HYD3-PWD,EU,5,30,0.3,Supplier margin,fixed,f,fixed,,,fixed,Supplier margin,
F23-HYD3-PWD·NA,F23-HYD3-PWD,NA,1,40,0.4,"Cholecalciferol (Vitamin D3) feedstock — no liquid index, derivative of feed-grade D3 chain",fixed,f,fixed,,,fixed,"Cholecalciferol (Vitamin D3) feedstock — no liquid index, deriva",
F23-HYD3-PWD·NA,F23-HYD3-PWD,NA,2,15,0.15,Hydroxylation/purification reagents — no liquid index,fixed,f,fixed,,,fixed,Hydroxylation/purification reagents — no liquid index,
F23-HYD3-PWD·NA,F23-HYD3-PWD,NA,3,8,0.08,Industrial electricity,ELEC-NA,d,indexed,direct,elec-na,resolved,Industrial electricity,elec-na
F23-HYD3-PWD·NA,F23-HYD3-PWD,NA,4,7,0.07,Fixed costs LCI,LCI-NA,d,indexed,direct,lci-na,resolved,Fixed costs LCI,lci-na
F23-HYD3-PWD·NA,F23-HYD3-PWD,NA,5,30,0.3,Supplier margin,fixed,f,fixed,,,fixed,Supplier margin,
F23-VITK3-PWD·EU,F23-VITK3-PWD,EU,1,35,0.35,2-Methylnaphthalene (coal tar/naphthalene-range route),PA-EU,p,indexed,proxy,brent,resolved,2-Methylnaphthalene (coal tar/naphthalene-range route),brent
F23-VITK3-PWD·EU,F23-VITK3-PWD,EU,2,15,0.15,Sodium metabisulfite complexation agent — no liquid index,fixed,f,fixed,,,fixed,Sodium metabisulfite complexation agent — no liquid index,
F23-VITK3-PWD·EU,F23-VITK3-PWD,EU,3,15,0.15,Oxidant (H2O2/CrO3) — no liquid index,fixed,f,fixed,,,fixed,Oxidant (H2O2/CrO3) — no liquid index,
F23-VITK3-PWD·EU,F23-VITK3-PWD,EU,4,8,0.08,Industrial electricity,ELEC-EU,d,indexed,direct,elec-eu,resolved,Industrial electricity,elec-eu
F23-VITK3-PWD·EU,F23-VITK3-PWD,EU,5,7,0.07,Fixed costs LCI,LCI-EU,d,indexed,direct,lci-eu,resolved,Fixed costs LCI,lci-eu
F23-VITK3-PWD·EU,F23-VITK3-PWD,EU,6,20,0.2,Supplier margin,fixed,f,fixed,,,fixed,Supplier margin,
F23-VITK3-PWD·CN,F23-VITK3-PWD,CN,1,35,0.35,2-Methylnaphthalene (coal tar/naphthalene-range route),COAL-AU,p,indexed,proxy,coal-au,no_series,2-Methylnaphthalene (coal tar/naphthalene-range route),
F23-VITK3-PWD·CN,F23-VITK3-PWD,CN,2,15,0.15,Sodium metabisulfite complexation agent — no liquid index,fixed,f,fixed,,,fixed,Sodium metabisulfite complexation agent — no liquid index,
F23-VITK3-PWD·CN,F23-VITK3-PWD,CN,3,15,0.15,Oxidant (H2O2/CrO3) — no liquid index,fixed,f,fixed,,,fixed,Oxidant (H2O2/CrO3) — no liquid index,
F23-VITK3-PWD·CN,F23-VITK3-PWD,CN,4,8,0.08,Industrial electricity,ELEC-CN,d,indexed,direct,elec-cn,resolved,Industrial electricity,elec-cn
F23-VITK3-PWD·CN,F23-VITK3-PWD,CN,5,7,0.07,Fixed costs LCI,LCI-CN,d,indexed,direct,lci-cn,resolved,Fixed costs LCI,lci-cn
F23-VITK3-PWD·CN,F23-VITK3-PWD,CN,6,20,0.2,Supplier margin,fixed,f,fixed,,,fixed,Supplier margin,
F23-VITB6-PWD·EU,F23-VITB6-PWD,EU,1,22,0.22,Acrylonitrile (oxazole route precursor),ACN-EU,p,indexed,proxy,brent,resolved,Acrylonitrile (oxazole route precursor),brent
F23-VITB6-PWD·EU,F23-VITB6-PWD,EU,2,18,0.18,Formaldehyde (methanol route),MEOH-EU,p,indexed,proxy,methanol-na,resolved,Formaldehyde (methanol route),methanol-na
F23-VITB6-PWD·EU,F23-VITB6-PWD,EU,3,13,0.13,Acetaldehyde (refinery gases route) — proxied via US refinery-gas index,RG-US,p,indexed,proxy,refinery-gases-ppi,no_series,Acetaldehyde (refinery gases route) — proxied via US refinery-ga,
F23-VITB6-PWD·EU,F23-VITB6-PWD,EU,4,13,0.13,Hydrochloric acid (salt formation),CL2-EU,p,indexed,proxy,elec-eu,resolved,Hydrochloric acid (salt formation),elec-eu
F23-VITB6-PWD·EU,F23-VITB6-PWD,EU,5,7,0.07,Industrial electricity,ELEC-EU,d,indexed,direct,elec-eu,resolved,Industrial electricity,elec-eu
F23-VITB6-PWD·EU,F23-VITB6-PWD,EU,6,7,0.07,Fixed costs LCI,LCI-EU,d,indexed,direct,lci-eu,resolved,Fixed costs LCI,lci-eu
F23-VITB6-PWD·EU,F23-VITB6-PWD,EU,7,20,0.2,Supplier margin,fixed,f,fixed,,,fixed,Supplier margin,
F23-VITB6-PWD·CN,F23-VITB6-PWD,CN,1,22,0.22,Acrylonitrile (oxazole route precursor),ACN-CN,p,indexed,proxy,brent,resolved,Acrylonitrile (oxazole route precursor),brent
F23-VITB6-PWD·CN,F23-VITB6-PWD,CN,2,18,0.18,Formaldehyde (methanol route),MEOH-CN,p,indexed,proxy,methanol-na,resolved,Formaldehyde (methanol route),methanol-na
F23-VITB6-PWD·CN,F23-VITB6-PWD,CN,3,13,0.13,Acetaldehyde (refinery gases route) — proxied via US refinery-gas index,RG-US,p,indexed,proxy,refinery-gases-ppi,no_series,Acetaldehyde (refinery gases route) — proxied via US refinery-ga,
F23-VITB6-PWD·CN,F23-VITB6-PWD,CN,4,13,0.13,Hydrochloric acid (salt formation),CL2-CN,p,indexed,proxy,elec-cn,resolved,Hydrochloric acid (salt formation),elec-cn
F23-VITB6-PWD·CN,F23-VITB6-PWD,CN,5,7,0.07,Industrial electricity,ELEC-CN,d,indexed,direct,elec-cn,resolved,Industrial electricity,elec-cn
F23-VITB6-PWD·CN,F23-VITB6-PWD,CN,6,7,0.07,Fixed costs LCI,LCI-CN,d,indexed,direct,lci-cn,resolved,Fixed costs LCI,lci-cn
F23-VITB6-PWD·CN,F23-VITB6-PWD,CN,7,20,0.2,Supplier margin,fixed,f,fixed,,,fixed,Supplier margin,
OLE-IPM-LIQ·EU,OLE-IPM-LIQ,EU,1,45,0.45,Myristic acid (coconut/palm kernel oil route),COCO-WB,p,indexed,proxy,coconut-oil-wb,no_series,Myristic acid (coconut/palm kernel oil route),
OLE-IPM-LIQ·EU,OLE-IPM-LIQ,EU,2,30,0.3,Isopropanol (propylene route),PRP-NWE,p,indexed,proxy,brent,resolved,Isopropanol (propylene route),brent
OLE-IPM-LIQ·EU,OLE-IPM-LIQ,EU,3,8,0.08,Industrial electricity,ELEC-EU,d,indexed,direct,elec-eu,resolved,Industrial electricity,elec-eu
OLE-IPM-LIQ·EU,OLE-IPM-LIQ,EU,4,7,0.07,Fixed costs LCI,LCI-EU,d,indexed,direct,lci-eu,resolved,Fixed costs LCI,lci-eu
OLE-IPM-LIQ·EU,OLE-IPM-LIQ,EU,5,10,0.1,Supplier margin,fixed,f,fixed,,,fixed,Supplier margin,
OLE-IPM-LIQ·NA,OLE-IPM-LIQ,NA,1,45,0.45,Myristic acid (coconut/palm kernel oil route),COCO-WB,p,indexed,proxy,coconut-oil-wb,no_series,Myristic acid (coconut/palm kernel oil route),
OLE-IPM-LIQ·NA,OLE-IPM-LIQ,NA,2,30,0.3,Isopropanol (propylene route),PRP-US,p,indexed,proxy,ethylene-propylene-na,resolved,Isopropanol (propylene route),ethylene-propylene-na
OLE-IPM-LIQ·NA,OLE-IPM-LIQ,NA,3,8,0.08,Industrial electricity,ELEC-NA,d,indexed,direct,elec-na,resolved,Industrial electricity,elec-na
OLE-IPM-LIQ·NA,OLE-IPM-LIQ,NA,4,7,0.07,Fixed costs LCI,LCI-NA,d,indexed,direct,lci-na,resolved,Fixed costs LCI,lci-na
OLE-IPM-LIQ·NA,OLE-IPM-LIQ,NA,5,10,0.1,Supplier margin,fixed,f,fixed,,,fixed,Supplier margin,
OLE-IPM-LIQ·APAC,OLE-IPM-LIQ,APAC,1,45,0.45,Myristic acid (coconut/palm kernel oil route),COCO-WB,p,indexed,proxy,coconut-oil-wb,no_series,Myristic acid (coconut/palm kernel oil route),
OLE-IPM-LIQ·APAC,OLE-IPM-LIQ,APAC,2,30,0.3,Isopropanol (propylene route),PRP-APAC,p,indexed,proxy,ethylene-propylene-na,resolved,Isopropanol (propylene route),ethylene-propylene-na
OLE-IPM-LIQ·APAC,OLE-IPM-LIQ,APAC,3,8,0.08,Industrial electricity,ELEC-APAC,d,indexed,direct,elec-cn,resolved,Industrial electricity,elec-cn
OLE-IPM-LIQ·APAC,OLE-IPM-LIQ,APAC,4,7,0.07,Fixed costs LCI,LCI-APAC,d,indexed,direct,lci-apac,resolved,Fixed costs LCI,lci-apac
OLE-IPM-LIQ·APAC,OLE-IPM-LIQ,APAC,5,10,0.1,Supplier margin,fixed,f,fixed,,,fixed,Supplier margin,
OLE-IPM-LIQ·CN,OLE-IPM-LIQ,CN,1,45,0.45,Myristic acid (coconut/palm kernel oil route),COCO-WB,p,indexed,proxy,coconut-oil-wb,no_series,Myristic acid (coconut/palm kernel oil route),
OLE-IPM-LIQ·CN,OLE-IPM-LIQ,CN,2,30,0.3,Isopropanol (propylene route),PRP-CN,p,indexed,proxy,brent,resolved,Isopropanol (propylene route),brent
OLE-IPM-LIQ·CN,OLE-IPM-LIQ,CN,3,8,0.08,Industrial electricity,ELEC-CN,d,indexed,direct,elec-cn,resolved,Industrial electricity,elec-cn
OLE-IPM-LIQ·CN,OLE-IPM-LIQ,CN,4,7,0.07,Fixed costs LCI,LCI-CN,d,indexed,direct,lci-cn,resolved,Fixed costs LCI,lci-cn
OLE-IPM-LIQ·CN,OLE-IPM-LIQ,CN,5,10,0.1,Supplier margin,fixed,f,fixed,,,fixed,Supplier margin,
OLE-CCT-LIQ·EU,OLE-CCT-LIQ,EU,1,35,0.35,Glycerine (refined),fixed,f,fixed,,,fixed,Glycerine (refined),
OLE-CCT-LIQ·EU,OLE-CCT-LIQ,EU,2,40,0.4,Caprylic/capric acid fraction (coconut oil route),COCO-WB,p,indexed,proxy,coconut-oil-wb,no_series,Caprylic/capric acid fraction (coconut oil route),
OLE-CCT-LIQ·EU,OLE-CCT-LIQ,EU,3,8,0.08,Industrial electricity,ELEC-EU,d,indexed,direct,elec-eu,resolved,Industrial electricity,elec-eu
OLE-CCT-LIQ·EU,OLE-CCT-LIQ,EU,4,7,0.07,Fixed costs LCI,LCI-EU,d,indexed,direct,lci-eu,resolved,Fixed costs LCI,lci-eu
OLE-CCT-LIQ·EU,OLE-CCT-LIQ,EU,5,10,0.1,Supplier margin,fixed,f,fixed,,,fixed,Supplier margin,
OLE-CCT-LIQ·NA,OLE-CCT-LIQ,NA,1,35,0.35,Glycerine (refined),fixed,f,fixed,,,fixed,Glycerine (refined),
OLE-CCT-LIQ·NA,OLE-CCT-LIQ,NA,2,40,0.4,Caprylic/capric acid fraction (coconut oil route),COCO-WB,p,indexed,proxy,coconut-oil-wb,no_series,Caprylic/capric acid fraction (coconut oil route),
OLE-CCT-LIQ·NA,OLE-CCT-LIQ,NA,3,8,0.08,Industrial electricity,ELEC-NA,d,indexed,direct,elec-na,resolved,Industrial electricity,elec-na
OLE-CCT-LIQ·NA,OLE-CCT-LIQ,NA,4,7,0.07,Fixed costs LCI,LCI-NA,d,indexed,direct,lci-na,resolved,Fixed costs LCI,lci-na
OLE-CCT-LIQ·NA,OLE-CCT-LIQ,NA,5,10,0.1,Supplier margin,fixed,f,fixed,,,fixed,Supplier margin,
OLE-CCT-LIQ·APAC,OLE-CCT-LIQ,APAC,1,35,0.35,Glycerine (refined),fixed,f,fixed,,,fixed,Glycerine (refined),
OLE-CCT-LIQ·APAC,OLE-CCT-LIQ,APAC,2,40,0.4,Caprylic/capric acid fraction (coconut oil route),COCO-WB,p,indexed,proxy,coconut-oil-wb,no_series,Caprylic/capric acid fraction (coconut oil route),
OLE-CCT-LIQ·APAC,OLE-CCT-LIQ,APAC,3,8,0.08,Industrial electricity,ELEC-APAC,d,indexed,direct,elec-cn,resolved,Industrial electricity,elec-cn
OLE-CCT-LIQ·APAC,OLE-CCT-LIQ,APAC,4,7,0.07,Fixed costs LCI,LCI-APAC,d,indexed,direct,lci-apac,resolved,Fixed costs LCI,lci-apac
OLE-CCT-LIQ·APAC,OLE-CCT-LIQ,APAC,5,10,0.1,Supplier margin,fixed,f,fixed,,,fixed,Supplier margin,
SUR-SCI-PWD·EU,SUR-SCI-PWD,EU,1,35,0.35,Coconut fatty acid,COCO-WB,p,indexed,proxy,coconut-oil-wb,no_series,Coconut fatty acid,
SUR-SCI-PWD·EU,SUR-SCI-PWD,EU,2,20,0.2,Ethylene oxide (sodium isethionate route),EO-EU,d,indexed,direct,brent,resolved,Ethylene oxide (sodium isethionate route),brent
SUR-SCI-PWD·EU,SUR-SCI-PWD,EU,3,10,0.1,Sodium metabisulfite — no liquid index,fixed,f,fixed,,,fixed,Sodium metabisulfite — no liquid index,
SUR-SCI-PWD·EU,SUR-SCI-PWD,EU,4,8,0.08,Industrial electricity,ELEC-EU,d,indexed,direct,elec-eu,resolved,Industrial electricity,elec-eu
SUR-SCI-PWD·EU,SUR-SCI-PWD,EU,5,7,0.07,Fixed costs LCI,LCI-EU,d,indexed,direct,lci-eu,resolved,Fixed costs LCI,lci-eu
SUR-SCI-PWD·EU,SUR-SCI-PWD,EU,6,20,0.2,Supplier margin,fixed,f,fixed,,,fixed,Supplier margin,
SUR-SCI-PWD·NA,SUR-SCI-PWD,NA,1,35,0.35,Coconut fatty acid,COCO-WB,p,indexed,proxy,coconut-oil-wb,no_series,Coconut fatty acid,
SUR-SCI-PWD·NA,SUR-SCI-PWD,NA,2,20,0.2,Ethylene oxide (sodium isethionate route),EO-EU,p,indexed,proxy,brent,resolved,Ethylene oxide (sodium isethionate route),brent
SUR-SCI-PWD·NA,SUR-SCI-PWD,NA,3,10,0.1,Sodium metabisulfite — no liquid index,fixed,f,fixed,,,fixed,Sodium metabisulfite — no liquid index,
SUR-SCI-PWD·NA,SUR-SCI-PWD,NA,4,8,0.08,Industrial electricity,ELEC-NA,d,indexed,direct,elec-na,resolved,Industrial electricity,elec-na
SUR-SCI-PWD·NA,SUR-SCI-PWD,NA,5,7,0.07,Fixed costs LCI,LCI-NA,d,indexed,direct,lci-na,resolved,Fixed costs LCI,lci-na
SUR-SCI-PWD·NA,SUR-SCI-PWD,NA,6,20,0.2,Supplier margin,fixed,f,fixed,,,fixed,Supplier margin,
SUR-SCI-PWD·CN,SUR-SCI-PWD,CN,1,35,0.35,Coconut fatty acid,COCO-WB,p,indexed,proxy,coconut-oil-wb,no_series,Coconut fatty acid,
SUR-SCI-PWD·CN,SUR-SCI-PWD,CN,2,20,0.2,Ethylene oxide (sodium isethionate route),EO-CN,d,indexed,direct,brent,resolved,Ethylene oxide (sodium isethionate route),brent
SUR-SCI-PWD·CN,SUR-SCI-PWD,CN,3,10,0.1,Sodium metabisulfite — no liquid index,fixed,f,fixed,,,fixed,Sodium metabisulfite — no liquid index,
SUR-SCI-PWD·CN,SUR-SCI-PWD,CN,4,8,0.08,Industrial electricity,ELEC-CN,d,indexed,direct,elec-cn,resolved,Industrial electricity,elec-cn
SUR-SCI-PWD·CN,SUR-SCI-PWD,CN,5,7,0.07,Fixed costs LCI,LCI-CN,d,indexed,direct,lci-cn,resolved,Fixed costs LCI,lci-cn
SUR-SCI-PWD·CN,SUR-SCI-PWD,CN,6,20,0.2,Supplier margin,fixed,f,fixed,,,fixed,Supplier margin,
SUR-SCI-PWD·IN,SUR-SCI-PWD,IN,1,35,0.35,Coconut fatty acid,COCO-WB,p,indexed,proxy,coconut-oil-wb,no_series,Coconut fatty acid,
SUR-SCI-PWD·IN,SUR-SCI-PWD,IN,2,20,0.2,Ethylene oxide (sodium isethionate route),EO-ASIA,d,indexed,direct,brent,resolved,Ethylene oxide (sodium isethionate route),brent
SUR-SCI-PWD·IN,SUR-SCI-PWD,IN,3,10,0.1,Sodium metabisulfite — no liquid index,fixed,f,fixed,,,fixed,Sodium metabisulfite — no liquid index,
SUR-SCI-PWD·IN,SUR-SCI-PWD,IN,4,8,0.08,Industrial electricity,ELEC-IN,d,indexed,direct,elec-in,resolved,Industrial electricity,elec-in
SUR-SCI-PWD·IN,SUR-SCI-PWD,IN,5,7,0.07,Fixed costs LCI,LCI-IN,d,indexed,direct,lci-in,resolved,Fixed costs LCI,lci-in
SUR-SCI-PWD·IN,SUR-SCI-PWD,IN,6,20,0.2,Supplier margin,fixed,f,fixed,,,fixed,Supplier margin,
SUR-PS80-LIQ·EU,SUR-PS80-LIQ,EU,1,25,0.25,Sorbitol (glucose hydrogenation route),fixed,f,fixed,,,fixed,Sorbitol (glucose hydrogenation route),
SUR-PS80-LIQ·EU,SUR-PS80-LIQ,EU,2,30,0.3,Oleic acid,FA-US,p,indexed,proxy,fatty-acids-ppi,no_series,Oleic acid,
SUR-PS80-LIQ·EU,SUR-PS80-LIQ,EU,3,25,0.25,Ethylene oxide,EO-EU,d,indexed,direct,brent,resolved,Ethylene oxide,brent
SUR-PS80-LIQ·EU,SUR-PS80-LIQ,EU,4,8,0.08,Industrial electricity,ELEC-EU,d,indexed,direct,elec-eu,resolved,Industrial electricity,elec-eu
SUR-PS80-LIQ·EU,SUR-PS80-LIQ,EU,5,12,0.12,Supplier margin,fixed,f,fixed,,,fixed,Supplier margin,
SUR-PS80-LIQ·NA,SUR-PS80-LIQ,NA,1,25,0.25,Sorbitol (glucose hydrogenation route),fixed,f,fixed,,,fixed,Sorbitol (glucose hydrogenation route),
SUR-PS80-LIQ·NA,SUR-PS80-LIQ,NA,2,30,0.3,Oleic acid,FA-US,p,indexed,proxy,fatty-acids-ppi,no_series,Oleic acid,
SUR-PS80-LIQ·NA,SUR-PS80-LIQ,NA,3,25,0.25,Ethylene oxide,EO-EU,p,indexed,proxy,brent,resolved,Ethylene oxide,brent
SUR-PS80-LIQ·NA,SUR-PS80-LIQ,NA,4,8,0.08,Industrial electricity,ELEC-NA,d,indexed,direct,elec-na,resolved,Industrial electricity,elec-na
SUR-PS80-LIQ·NA,SUR-PS80-LIQ,NA,5,12,0.12,Supplier margin,fixed,f,fixed,,,fixed,Supplier margin,
SUR-PS80-LIQ·APAC,SUR-PS80-LIQ,APAC,1,25,0.25,Sorbitol (glucose hydrogenation route),fixed,f,fixed,,,fixed,Sorbitol (glucose hydrogenation route),
SUR-PS80-LIQ·APAC,SUR-PS80-LIQ,APAC,2,30,0.3,Oleic acid,FA-US,p,indexed,proxy,fatty-acids-ppi,no_series,Oleic acid,
SUR-PS80-LIQ·APAC,SUR-PS80-LIQ,APAC,3,25,0.25,Ethylene oxide,EO-ASIA,d,indexed,direct,brent,resolved,Ethylene oxide,brent
SUR-PS80-LIQ·APAC,SUR-PS80-LIQ,APAC,4,8,0.08,Industrial electricity,ELEC-APAC,d,indexed,direct,elec-cn,resolved,Industrial electricity,elec-cn
SUR-PS80-LIQ·APAC,SUR-PS80-LIQ,APAC,5,12,0.12,Supplier margin,fixed,f,fixed,,,fixed,Supplier margin,
OLE-CEH-LIQ·EU,OLE-CEH-LIQ,EU,1,40,0.4,Cetyl alcohol (fatty alcohol C16-C18 route),fixed,f,fixed,,,fixed,Cetyl alcohol (fatty alcohol C16-C18 route),
OLE-CEH-LIQ·EU,OLE-CEH-LIQ,EU,2,35,0.35,2-Ethylhexanoic acid (2-EH oxidation route),2EH-EU,p,indexed,proxy,brent,resolved,2-Ethylhexanoic acid (2-EH oxidation route),brent
OLE-CEH-LIQ·EU,OLE-CEH-LIQ,EU,3,8,0.08,Industrial electricity,ELEC-EU,d,indexed,direct,elec-eu,resolved,Industrial electricity,elec-eu
OLE-CEH-LIQ·EU,OLE-CEH-LIQ,EU,4,7,0.07,Fixed costs LCI,LCI-EU,d,indexed,direct,lci-eu,resolved,Fixed costs LCI,lci-eu
OLE-CEH-LIQ·EU,OLE-CEH-LIQ,EU,5,10,0.1,Supplier margin,fixed,f,fixed,,,fixed,Supplier margin,
OLE-CEH-LIQ·NA,OLE-CEH-LIQ,NA,1,40,0.4,Cetyl alcohol (fatty alcohol C16-C18 route),fixed,f,fixed,,,fixed,Cetyl alcohol (fatty alcohol C16-C18 route),
OLE-CEH-LIQ·NA,OLE-CEH-LIQ,NA,2,35,0.35,2-Ethylhexanoic acid (2-EH oxidation route),PRP-US,p,indexed,proxy,ethylene-propylene-na,resolved,2-Ethylhexanoic acid (2-EH oxidation route),ethylene-propylene-na
OLE-CEH-LIQ·NA,OLE-CEH-LIQ,NA,3,8,0.08,Industrial electricity,ELEC-NA,d,indexed,direct,elec-na,resolved,Industrial electricity,elec-na
OLE-CEH-LIQ·NA,OLE-CEH-LIQ,NA,4,7,0.07,Fixed costs LCI,LCI-NA,d,indexed,direct,lci-na,resolved,Fixed costs LCI,lci-na
OLE-CEH-LIQ·NA,OLE-CEH-LIQ,NA,5,10,0.1,Supplier margin,fixed,f,fixed,,,fixed,Supplier margin,
OLE-CEH-LIQ·APAC,OLE-CEH-LIQ,APAC,1,40,0.4,Cetyl alcohol (fatty alcohol C16-C18 route),fixed,f,fixed,,,fixed,Cetyl alcohol (fatty alcohol C16-C18 route),
OLE-CEH-LIQ·APAC,OLE-CEH-LIQ,APAC,2,35,0.35,2-Ethylhexanoic acid (2-EH oxidation route),PRP-APAC,p,indexed,proxy,ethylene-propylene-na,resolved,2-Ethylhexanoic acid (2-EH oxidation route),ethylene-propylene-na
OLE-CEH-LIQ·APAC,OLE-CEH-LIQ,APAC,3,8,0.08,Industrial electricity,ELEC-APAC,d,indexed,direct,elec-cn,resolved,Industrial electricity,elec-cn
OLE-CEH-LIQ·APAC,OLE-CEH-LIQ,APAC,4,7,0.07,Fixed costs LCI,LCI-APAC,d,indexed,direct,lci-apac,resolved,Fixed costs LCI,lci-apac
OLE-CEH-LIQ·APAC,OLE-CEH-LIQ,APAC,5,10,0.1,Supplier margin,fixed,f,fixed,,,fixed,Supplier margin,
OLE-ODD-LIQ·EU,OLE-ODD-LIQ,EU,1,55,0.55,2-Ethylhexanol (Guerbet condensation route),2EH-EU,p,indexed,proxy,brent,resolved,2-Ethylhexanol (Guerbet condensation route),brent
OLE-ODD-LIQ·EU,OLE-ODD-LIQ,EU,2,10,0.1,Caustic soda catalyst,NAOH-NWE,d,indexed,direct,elec-eu,resolved,Caustic soda catalyst,elec-eu
OLE-ODD-LIQ·EU,OLE-ODD-LIQ,EU,3,8,0.08,Industrial electricity,ELEC-EU,d,indexed,direct,elec-eu,resolved,Industrial electricity,elec-eu
OLE-ODD-LIQ·EU,OLE-ODD-LIQ,EU,4,9,0.09,Fixed costs LCI,LCI-EU,d,indexed,direct,lci-eu,resolved,Fixed costs LCI,lci-eu
OLE-ODD-LIQ·EU,OLE-ODD-LIQ,EU,5,18,0.18,Supplier margin,fixed,f,fixed,,,fixed,Supplier margin,
OLE-ODD-LIQ·NA,OLE-ODD-LIQ,NA,1,55,0.55,2-Ethylhexanol (Guerbet condensation route),PRP-US,p,indexed,proxy,ethylene-propylene-na,resolved,2-Ethylhexanol (Guerbet condensation route),ethylene-propylene-na
OLE-ODD-LIQ·NA,OLE-ODD-LIQ,NA,2,10,0.1,Caustic soda catalyst,NAOH-NA,d,indexed,direct,caustic-soda-na,resolved,Caustic soda catalyst,caustic-soda-na
OLE-ODD-LIQ·NA,OLE-ODD-LIQ,NA,3,8,0.08,Industrial electricity,ELEC-NA,d,indexed,direct,elec-na,resolved,Industrial electricity,elec-na
OLE-ODD-LIQ·NA,OLE-ODD-LIQ,NA,4,9,0.09,Fixed costs LCI,LCI-NA,d,indexed,direct,lci-na,resolved,Fixed costs LCI,lci-na
OLE-ODD-LIQ·NA,OLE-ODD-LIQ,NA,5,18,0.18,Supplier margin,fixed,f,fixed,,,fixed,Supplier margin,
OLE-ODD-LIQ·APAC,OLE-ODD-LIQ,APAC,1,55,0.55,2-Ethylhexanol (Guerbet condensation route),PRP-APAC,p,indexed,proxy,ethylene-propylene-na,resolved,2-Ethylhexanol (Guerbet condensation route),ethylene-propylene-na
OLE-ODD-LIQ·APAC,OLE-ODD-LIQ,APAC,2,10,0.1,Caustic soda catalyst,NAOH-ASIA,d,indexed,direct,caustic-soda-cn,resolved,Caustic soda catalyst,caustic-soda-cn
OLE-ODD-LIQ·APAC,OLE-ODD-LIQ,APAC,3,8,0.08,Industrial electricity,ELEC-APAC,d,indexed,direct,elec-cn,resolved,Industrial electricity,elec-cn
OLE-ODD-LIQ·APAC,OLE-ODD-LIQ,APAC,4,9,0.09,Fixed costs LCI,LCI-APAC,d,indexed,direct,lci-apac,resolved,Fixed costs LCI,lci-apac
OLE-ODD-LIQ·APAC,OLE-ODD-LIQ,APAC,5,18,0.18,Supplier margin,fixed,f,fixed,,,fixed,Supplier margin,
OLE-DCC-LIQ·EU,OLE-DCC-LIQ,EU,1,30,0.3,Methanol (dimethyl carbonate route),MEOH-EU,p,indexed,proxy,methanol-na,resolved,Methanol (dimethyl carbonate route),methanol-na
OLE-DCC-LIQ·EU,OLE-DCC-LIQ,EU,2,35,0.35,2-Ethylhexanol (caprylyl alcohol route),2EH-EU,p,indexed,proxy,brent,resolved,2-Ethylhexanol (caprylyl alcohol route),brent
OLE-DCC-LIQ·EU,OLE-DCC-LIQ,EU,3,8,0.08,Industrial electricity,ELEC-EU,d,indexed,direct,elec-eu,resolved,Industrial electricity,elec-eu
OLE-DCC-LIQ·EU,OLE-DCC-LIQ,EU,4,9,0.09,Fixed costs LCI,LCI-EU,d,indexed,direct,lci-eu,resolved,Fixed costs LCI,lci-eu
OLE-DCC-LIQ·EU,OLE-DCC-LIQ,EU,5,18,0.18,Supplier margin,fixed,f,fixed,,,fixed,Supplier margin,
OLE-DCC-LIQ·NA,OLE-DCC-LIQ,NA,1,30,0.3,Methanol (dimethyl carbonate route),MEOH-NA,p,indexed,proxy,methanol-na,resolved,Methanol (dimethyl carbonate route),methanol-na
OLE-DCC-LIQ·NA,OLE-DCC-LIQ,NA,2,35,0.35,2-Ethylhexanol (caprylyl alcohol route),PRP-US,p,indexed,proxy,ethylene-propylene-na,resolved,2-Ethylhexanol (caprylyl alcohol route),ethylene-propylene-na
OLE-DCC-LIQ·NA,OLE-DCC-LIQ,NA,3,8,0.08,Industrial electricity,ELEC-NA,d,indexed,direct,elec-na,resolved,Industrial electricity,elec-na
OLE-DCC-LIQ·NA,OLE-DCC-LIQ,NA,4,9,0.09,Fixed costs LCI,LCI-NA,d,indexed,direct,lci-na,resolved,Fixed costs LCI,lci-na
OLE-DCC-LIQ·NA,OLE-DCC-LIQ,NA,5,18,0.18,Supplier margin,fixed,f,fixed,,,fixed,Supplier margin,
OLE-C1215AB-LIQ·EU,OLE-C1215AB-LIQ,EU,1,30,0.3,Benzoic acid (benzene/toluene oxidation route),BZ-EU,p,indexed,proxy,brent,resolved,Benzoic acid (benzene/toluene oxidation route),brent
OLE-C1215AB-LIQ·EU,OLE-C1215AB-LIQ,EU,2,40,0.4,C12-C15 Ziegler alcohols (alpha-olefin route),PRP-NWE,p,indexed,proxy,brent,resolved,C12-C15 Ziegler alcohols (alpha-olefin route),brent
OLE-C1215AB-LIQ·EU,OLE-C1215AB-LIQ,EU,3,8,0.08,Industrial electricity,ELEC-EU,d,indexed,direct,elec-eu,resolved,Industrial electricity,elec-eu
OLE-C1215AB-LIQ·EU,OLE-C1215AB-LIQ,EU,4,4,0.04,Fixed costs LCI,LCI-EU,d,indexed,direct,lci-eu,resolved,Fixed costs LCI,lci-eu
OLE-C1215AB-LIQ·EU,OLE-C1215AB-LIQ,EU,5,18,0.18,Supplier margin,fixed,f,fixed,,,fixed,Supplier margin,
OLE-C1215AB-LIQ·NA,OLE-C1215AB-LIQ,NA,1,30,0.3,Benzoic acid (benzene/toluene oxidation route),BZ-NA,p,indexed,proxy,benzene-na,resolved,Benzoic acid (benzene/toluene oxidation route),benzene-na
OLE-C1215AB-LIQ·NA,OLE-C1215AB-LIQ,NA,2,40,0.4,C12-C15 Ziegler alcohols (alpha-olefin route),PRP-US,p,indexed,proxy,ethylene-propylene-na,resolved,C12-C15 Ziegler alcohols (alpha-olefin route),ethylene-propylene-na
OLE-C1215AB-LIQ·NA,OLE-C1215AB-LIQ,NA,3,8,0.08,Industrial electricity,ELEC-NA,d,indexed,direct,elec-na,resolved,Industrial electricity,elec-na
OLE-C1215AB-LIQ·NA,OLE-C1215AB-LIQ,NA,4,4,0.04,Fixed costs LCI,LCI-NA,d,indexed,direct,lci-na,resolved,Fixed costs LCI,lci-na
OLE-C1215AB-LIQ·NA,OLE-C1215AB-LIQ,NA,5,18,0.18,Supplier margin,fixed,f,fixed,,,fixed,Supplier margin,
OLE-C1215AB-LIQ·APAC,OLE-C1215AB-LIQ,APAC,1,30,0.3,Benzoic acid (benzene/toluene oxidation route),BZ-ASIA,p,indexed,proxy,brent,resolved,Benzoic acid (benzene/toluene oxidation route),brent
OLE-C1215AB-LIQ·APAC,OLE-C1215AB-LIQ,APAC,2,40,0.4,C12-C15 Ziegler alcohols (alpha-olefin route),PRP-APAC,p,indexed,proxy,ethylene-propylene-na,resolved,C12-C15 Ziegler alcohols (alpha-olefin route),ethylene-propylene-na
OLE-C1215AB-LIQ·APAC,OLE-C1215AB-LIQ,APAC,3,8,0.08,Industrial electricity,ELEC-APAC,d,indexed,direct,elec-cn,resolved,Industrial electricity,elec-cn
OLE-C1215AB-LIQ·APAC,OLE-C1215AB-LIQ,APAC,4,4,0.04,Fixed costs LCI,LCI-APAC,d,indexed,direct,lci-apac,resolved,Fixed costs LCI,lci-apac
OLE-C1215AB-LIQ·APAC,OLE-C1215AB-LIQ,APAC,5,18,0.18,Supplier margin,fixed,f,fixed,,,fixed,Supplier margin,
SUR-SMS-PWD·EU,SUR-SMS-PWD,EU,1,30,0.3,Sorbitol (glucose route),fixed,f,fixed,,,fixed,Sorbitol (glucose route),
SUR-SMS-PWD·EU,SUR-SMS-PWD,EU,2,45,0.45,Stearic acid,fixed,f,fixed,,,fixed,Stearic acid,
SUR-SMS-PWD·EU,SUR-SMS-PWD,EU,3,10,0.1,Industrial electricity,ELEC-EU,d,indexed,direct,elec-eu,resolved,Industrial electricity,elec-eu
SUR-SMS-PWD·EU,SUR-SMS-PWD,EU,4,15,0.15,Supplier margin,fixed,f,fixed,,,fixed,Supplier margin,
SUR-SMS-PWD·NA,SUR-SMS-PWD,NA,1,30,0.3,Sorbitol (glucose route),fixed,f,fixed,,,fixed,Sorbitol (glucose route),
SUR-SMS-PWD·NA,SUR-SMS-PWD,NA,2,45,0.45,Stearic acid,fixed,f,fixed,,,fixed,Stearic acid,
SUR-SMS-PWD·NA,SUR-SMS-PWD,NA,3,10,0.1,Industrial electricity,ELEC-NA,d,indexed,direct,elec-na,resolved,Industrial electricity,elec-na
SUR-SMS-PWD·NA,SUR-SMS-PWD,NA,4,15,0.15,Supplier margin,fixed,f,fixed,,,fixed,Supplier margin,
SUR-SMS-PWD·APAC,SUR-SMS-PWD,APAC,1,30,0.3,Sorbitol (glucose route),fixed,f,fixed,,,fixed,Sorbitol (glucose route),
SUR-SMS-PWD·APAC,SUR-SMS-PWD,APAC,2,45,0.45,Stearic acid,fixed,f,fixed,,,fixed,Stearic acid,
SUR-SMS-PWD·APAC,SUR-SMS-PWD,APAC,3,10,0.1,Industrial electricity,ELEC-APAC,d,indexed,direct,elec-cn,resolved,Industrial electricity,elec-cn
SUR-SMS-PWD·APAC,SUR-SMS-PWD,APAC,4,15,0.15,Supplier margin,fixed,f,fixed,,,fixed,Supplier margin,
SUR-CTG-PWD·EU,SUR-CTG-PWD,EU,1,45,0.45,Cetearyl alcohol (fatty alcohol C16-C18 route),fixed,f,fixed,,,fixed,Cetearyl alcohol (fatty alcohol C16-C18 route),
SUR-CTG-PWD·EU,SUR-CTG-PWD,EU,2,30,0.3,Glucose (corn/starch route),fixed,f,fixed,,,fixed,Glucose (corn/starch route),
SUR-CTG-PWD·EU,SUR-CTG-PWD,EU,3,9,0.09,Industrial electricity,ELEC-EU,d,indexed,direct,elec-eu,resolved,Industrial electricity,elec-eu
SUR-CTG-PWD·EU,SUR-CTG-PWD,EU,4,16,0.16,Supplier margin,fixed,f,fixed,,,fixed,Supplier margin,
SUR-CTG-PWD·NA,SUR-CTG-PWD,NA,1,45,0.45,Cetearyl alcohol (fatty alcohol C16-C18 route),fixed,f,fixed,,,fixed,Cetearyl alcohol (fatty alcohol C16-C18 route),
SUR-CTG-PWD·NA,SUR-CTG-PWD,NA,2,30,0.3,Glucose (corn/starch route),fixed,f,fixed,,,fixed,Glucose (corn/starch route),
SUR-CTG-PWD·NA,SUR-CTG-PWD,NA,3,9,0.09,Industrial electricity,ELEC-NA,d,indexed,direct,elec-na,resolved,Industrial electricity,elec-na
SUR-CTG-PWD·NA,SUR-CTG-PWD,NA,4,16,0.16,Supplier margin,fixed,f,fixed,,,fixed,Supplier margin,
SUR-GSSE-PWD·EU,SUR-GSSE-PWD,EU,1,35,0.35,Glycerine (refined),fixed,f,fixed,,,fixed,Glycerine (refined),
SUR-GSSE-PWD·EU,SUR-GSSE-PWD,EU,2,40,0.4,Stearic acid,fixed,f,fixed,,,fixed,Stearic acid,
SUR-GSSE-PWD·EU,SUR-GSSE-PWD,EU,3,10,0.1,Caustic soda/potash (soap-forming SE function),NAOH-NWE,d,indexed,direct,elec-eu,resolved,Caustic soda/potash (soap-forming SE function),elec-eu
SUR-GSSE-PWD·EU,SUR-GSSE-PWD,EU,4,15,0.15,Supplier margin,fixed,f,fixed,,,fixed,Supplier margin,
SUR-GSSE-PWD·NA,SUR-GSSE-PWD,NA,1,35,0.35,Glycerine (refined),fixed,f,fixed,,,fixed,Glycerine (refined),
SUR-GSSE-PWD·NA,SUR-GSSE-PWD,NA,2,40,0.4,Stearic acid,fixed,f,fixed,,,fixed,Stearic acid,
SUR-GSSE-PWD·NA,SUR-GSSE-PWD,NA,3,10,0.1,Caustic soda/potash (soap-forming SE function),NAOH-NA,d,indexed,direct,caustic-soda-na,resolved,Caustic soda/potash (soap-forming SE function),caustic-soda-na
SUR-GSSE-PWD·NA,SUR-GSSE-PWD,NA,4,15,0.15,Supplier margin,fixed,f,fixed,,,fixed,Supplier margin,
SUR-GSSE-PWD·APAC,SUR-GSSE-PWD,APAC,1,35,0.35,Glycerine (refined),fixed,f,fixed,,,fixed,Glycerine (refined),
SUR-GSSE-PWD·APAC,SUR-GSSE-PWD,APAC,2,40,0.4,Stearic acid,fixed,f,fixed,,,fixed,Stearic acid,
SUR-GSSE-PWD·APAC,SUR-GSSE-PWD,APAC,3,10,0.1,Caustic soda/potash (soap-forming SE function),NAOH-ASIA,d,indexed,direct,caustic-soda-cn,resolved,Caustic soda/potash (soap-forming SE function),caustic-soda-cn
SUR-GSSE-PWD·APAC,SUR-GSSE-PWD,APAC,4,15,0.15,Supplier margin,fixed,f,fixed,,,fixed,Supplier margin,
SUR-GSSE-PWD·CN,SUR-GSSE-PWD,CN,1,35,0.35,Glycerine (refined),fixed,f,fixed,,,fixed,Glycerine (refined),
SUR-GSSE-PWD·CN,SUR-GSSE-PWD,CN,2,40,0.4,Stearic acid,fixed,f,fixed,,,fixed,Stearic acid,
SUR-GSSE-PWD·CN,SUR-GSSE-PWD,CN,3,10,0.1,Caustic soda/potash (soap-forming SE function),NAOH-CN,d,indexed,direct,caustic-soda-cn,resolved,Caustic soda/potash (soap-forming SE function),caustic-soda-cn
SUR-GSSE-PWD·CN,SUR-GSSE-PWD,CN,4,15,0.15,Supplier margin,fixed,f,fixed,,,fixed,Supplier margin,
SUR-GSSE-PWD·IN,SUR-GSSE-PWD,IN,1,35,0.35,Glycerine (refined),fixed,f,fixed,,,fixed,Glycerine (refined),
SUR-GSSE-PWD·IN,SUR-GSSE-PWD,IN,2,40,0.4,Stearic acid,fixed,f,fixed,,,fixed,Stearic acid,
SUR-GSSE-PWD·IN,SUR-GSSE-PWD,IN,3,10,0.1,Caustic soda/potash (soap-forming SE function),NAOH-IN,d,indexed,direct,elec-in,resolved,Caustic soda/potash (soap-forming SE function),elec-in
SUR-GSSE-PWD·IN,SUR-GSSE-PWD,IN,4,15,0.15,Supplier margin,fixed,f,fixed,,,fixed,Supplier margin,
SUR-PGL4-LIQ·EU,SUR-PGL4-LIQ,EU,1,40,0.4,"Glycerine (refined, for polyglycerol-4 polymerization)",fixed,f,fixed,,,fixed,"Glycerine (refined, for polyglycerol-4 polymerization)",
SUR-PGL4-LIQ·EU,SUR-PGL4-LIQ,EU,2,35,0.35,Lauric acid (coconut oil route),COCO-WB,p,indexed,proxy,coconut-oil-wb,no_series,Lauric acid (coconut oil route),
SUR-PGL4-LIQ·EU,SUR-PGL4-LIQ,EU,3,8,0.08,Industrial electricity,ELEC-EU,d,indexed,direct,elec-eu,resolved,Industrial electricity,elec-eu
SUR-PGL4-LIQ·EU,SUR-PGL4-LIQ,EU,4,17,0.17,Supplier margin,fixed,f,fixed,,,fixed,Supplier margin,
SUR-PGL4-LIQ·NA,SUR-PGL4-LIQ,NA,1,40,0.4,"Glycerine (refined, for polyglycerol-4 polymerization)",fixed,f,fixed,,,fixed,"Glycerine (refined, for polyglycerol-4 polymerization)",
SUR-PGL4-LIQ·NA,SUR-PGL4-LIQ,NA,2,35,0.35,Lauric acid (coconut oil route),COCO-WB,p,indexed,proxy,coconut-oil-wb,no_series,Lauric acid (coconut oil route),
SUR-PGL4-LIQ·NA,SUR-PGL4-LIQ,NA,3,8,0.08,Industrial electricity,ELEC-NA,d,indexed,direct,elec-na,resolved,Industrial electricity,elec-na
SUR-PGL4-LIQ·NA,SUR-PGL4-LIQ,NA,4,17,0.17,Supplier margin,fixed,f,fixed,,,fixed,Supplier margin,
SUR-BTAC-PST·EU,SUR-BTAC-PST,EU,1,45,0.45,Behenyl amine (C20-C22 behenyl fatty alcohol/rapeseed oil route),fixed,f,fixed,,,fixed,Behenyl amine (C20-C22 behenyl fatty alcohol/rapeseed oil route),
SUR-BTAC-PST·EU,SUR-BTAC-PST,EU,2,20,0.2,Methanol (methyl chloride route),MEOH-EU,p,indexed,proxy,methanol-na,resolved,Methanol (methyl chloride route),methanol-na
SUR-BTAC-PST·EU,SUR-BTAC-PST,EU,3,10,0.1,Hydrochloric acid (methyl chloride route),CL2-EU,p,indexed,proxy,elec-eu,resolved,Hydrochloric acid (methyl chloride route),elec-eu
SUR-BTAC-PST·EU,SUR-BTAC-PST,EU,4,8,0.08,Industrial electricity,ELEC-EU,d,indexed,direct,elec-eu,resolved,Industrial electricity,elec-eu
SUR-BTAC-PST·EU,SUR-BTAC-PST,EU,5,17,0.17,Supplier margin,fixed,f,fixed,,,fixed,Supplier margin,
SUR-BTAC-PST·NA,SUR-BTAC-PST,NA,1,45,0.45,Behenyl amine (C20-C22 behenyl fatty alcohol/rapeseed oil route),fixed,f,fixed,,,fixed,Behenyl amine (C20-C22 behenyl fatty alcohol/rapeseed oil route),
SUR-BTAC-PST·NA,SUR-BTAC-PST,NA,2,20,0.2,Methanol (methyl chloride route),MEOH-NA,p,indexed,proxy,methanol-na,resolved,Methanol (methyl chloride route),methanol-na
SUR-BTAC-PST·NA,SUR-BTAC-PST,NA,3,10,0.1,Hydrochloric acid (methyl chloride route),CL2-NA,p,indexed,proxy,caustic-soda-na,resolved,Hydrochloric acid (methyl chloride route),caustic-soda-na
SUR-BTAC-PST·NA,SUR-BTAC-PST,NA,4,8,0.08,Industrial electricity,ELEC-NA,d,indexed,direct,elec-na,resolved,Industrial electricity,elec-na
SUR-BTAC-PST·NA,SUR-BTAC-PST,NA,5,17,0.17,Supplier margin,fixed,f,fixed,,,fixed,Supplier margin,
SUR-BTAC-PST·APAC,SUR-BTAC-PST,APAC,1,45,0.45,Behenyl amine (C20-C22 behenyl fatty alcohol/rapeseed oil route),fixed,f,fixed,,,fixed,Behenyl amine (C20-C22 behenyl fatty alcohol/rapeseed oil route),
SUR-BTAC-PST·APAC,SUR-BTAC-PST,APAC,2,20,0.2,Methanol (methyl chloride route),MEOH-ASIA,p,indexed,proxy,methanol-na,resolved,Methanol (methyl chloride route),methanol-na
SUR-BTAC-PST·APAC,SUR-BTAC-PST,APAC,3,10,0.1,Hydrochloric acid (methyl chloride route),CL2-CN,p,indexed,proxy,elec-cn,resolved,Hydrochloric acid (methyl chloride route),elec-cn
SUR-BTAC-PST·APAC,SUR-BTAC-PST,APAC,4,8,0.08,Industrial electricity,ELEC-APAC,d,indexed,direct,elec-cn,resolved,Industrial electricity,elec-cn
SUR-BTAC-PST·APAC,SUR-BTAC-PST,APAC,5,17,0.17,Supplier margin,fixed,f,fixed,,,fixed,Supplier margin,
SUR-CTAC-LIQ·EU,SUR-CTAC-LIQ,EU,1,35,0.35,Cetyl amine (fatty alcohol C16-C18 + ammonia route),fixed,f,fixed,,,fixed,Cetyl amine (fatty alcohol C16-C18 + ammonia route),
SUR-CTAC-LIQ·EU,SUR-CTAC-LIQ,EU,2,15,0.15,Ammonia,NH3-EU,d,indexed,direct,ttf-eu,resolved,Ammonia,ttf-eu
SUR-CTAC-LIQ·EU,SUR-CTAC-LIQ,EU,3,20,0.2,Methanol (methyl chloride route),MEOH-EU,p,indexed,proxy,methanol-na,resolved,Methanol (methyl chloride route),methanol-na
SUR-CTAC-LIQ·EU,SUR-CTAC-LIQ,EU,4,10,0.1,Hydrochloric acid,CL2-EU,p,indexed,proxy,elec-eu,resolved,Hydrochloric acid,elec-eu
SUR-CTAC-LIQ·EU,SUR-CTAC-LIQ,EU,5,5,0.05,Industrial electricity,ELEC-EU,d,indexed,direct,elec-eu,resolved,Industrial electricity,elec-eu
SUR-CTAC-LIQ·EU,SUR-CTAC-LIQ,EU,6,15,0.15,Supplier margin,fixed,f,fixed,,,fixed,Supplier margin,
SUR-CTAC-LIQ·NA,SUR-CTAC-LIQ,NA,1,35,0.35,Cetyl amine (fatty alcohol C16-C18 + ammonia route),fixed,f,fixed,,,fixed,Cetyl amine (fatty alcohol C16-C18 + ammonia route),
SUR-CTAC-LIQ·NA,SUR-CTAC-LIQ,NA,2,15,0.15,Ammonia,NH3-NA,d,indexed,direct,ammonia-na,resolved,Ammonia,ammonia-na
SUR-CTAC-LIQ·NA,SUR-CTAC-LIQ,NA,3,20,0.2,Methanol (methyl chloride route),MEOH-NA,p,indexed,proxy,methanol-na,resolved,Methanol (methyl chloride route),methanol-na
SUR-CTAC-LIQ·NA,SUR-CTAC-LIQ,NA,4,10,0.1,Hydrochloric acid,CL2-NA,p,indexed,proxy,caustic-soda-na,resolved,Hydrochloric acid,caustic-soda-na
SUR-CTAC-LIQ·NA,SUR-CTAC-LIQ,NA,5,5,0.05,Industrial electricity,ELEC-NA,d,indexed,direct,elec-na,resolved,Industrial electricity,elec-na
SUR-CTAC-LIQ·NA,SUR-CTAC-LIQ,NA,6,15,0.15,Supplier margin,fixed,f,fixed,,,fixed,Supplier margin,
SUR-CTAC-LIQ·APAC,SUR-CTAC-LIQ,APAC,1,35,0.35,Cetyl amine (fatty alcohol C16-C18 + ammonia route),fixed,f,fixed,,,fixed,Cetyl amine (fatty alcohol C16-C18 + ammonia route),
SUR-CTAC-LIQ·APAC,SUR-CTAC-LIQ,APAC,2,15,0.15,Ammonia,NH3-APAC,d,indexed,direct,ammonia-na,resolved,Ammonia,ammonia-na
SUR-CTAC-LIQ·APAC,SUR-CTAC-LIQ,APAC,3,20,0.2,Methanol (methyl chloride route),MEOH-ASIA,p,indexed,proxy,methanol-na,resolved,Methanol (methyl chloride route),methanol-na
SUR-CTAC-LIQ·APAC,SUR-CTAC-LIQ,APAC,4,10,0.1,Hydrochloric acid,CL2-CN,p,indexed,proxy,elec-cn,resolved,Hydrochloric acid,elec-cn
SUR-CTAC-LIQ·APAC,SUR-CTAC-LIQ,APAC,5,5,0.05,Industrial electricity,ELEC-APAC,d,indexed,direct,elec-cn,resolved,Industrial electricity,elec-cn
SUR-CTAC-LIQ·APAC,SUR-CTAC-LIQ,APAC,6,15,0.15,Supplier margin,fixed,f,fixed,,,fixed,Supplier margin,
SUR-CTAC-LIQ·IN,SUR-CTAC-LIQ,IN,1,35,0.35,Cetyl amine (fatty alcohol C16-C18 + ammonia route),fixed,f,fixed,,,fixed,Cetyl amine (fatty alcohol C16-C18 + ammonia route),
SUR-CTAC-LIQ·IN,SUR-CTAC-LIQ,IN,2,15,0.15,Ammonia,NH3-IN,d,indexed,direct,gas-india,resolved,Ammonia,gas-india
SUR-CTAC-LIQ·IN,SUR-CTAC-LIQ,IN,3,20,0.2,Methanol (methyl chloride route),MEOH-ASIA,p,indexed,proxy,methanol-na,resolved,Methanol (methyl chloride route),methanol-na
SUR-CTAC-LIQ·IN,SUR-CTAC-LIQ,IN,4,10,0.1,Hydrochloric acid,CL2-IN,p,indexed,proxy,elec-in,resolved,Hydrochloric acid,elec-in
SUR-CTAC-LIQ·IN,SUR-CTAC-LIQ,IN,5,5,0.05,Industrial electricity,ELEC-IN,d,indexed,direct,elec-in,resolved,Industrial electricity,elec-in
SUR-CTAC-LIQ·IN,SUR-CTAC-LIQ,IN,6,15,0.15,Supplier margin,fixed,f,fixed,,,fixed,Supplier margin,
SUR-SLSAR-LIQ·EU,SUR-SLSAR-LIQ,EU,1,40,0.4,Lauric acid (coconut oil route),COCO-WB,p,indexed,proxy,coconut-oil-wb,no_series,Lauric acid (coconut oil route),
SUR-SLSAR-LIQ·EU,SUR-SLSAR-LIQ,EU,2,20,0.2,Formaldehyde (sarcosine/methylglycine route),MEOH-EU,p,indexed,proxy,methanol-na,resolved,Formaldehyde (sarcosine/methylglycine route),methanol-na
SUR-SLSAR-LIQ·EU,SUR-SLSAR-LIQ,EU,3,10,0.1,Caustic soda,NAOH-NWE,d,indexed,direct,elec-eu,resolved,Caustic soda,elec-eu
SUR-SLSAR-LIQ·EU,SUR-SLSAR-LIQ,EU,4,8,0.08,Industrial electricity,ELEC-EU,d,indexed,direct,elec-eu,resolved,Industrial electricity,elec-eu
SUR-SLSAR-LIQ·EU,SUR-SLSAR-LIQ,EU,5,22,0.22,Supplier margin,fixed,f,fixed,,,fixed,Supplier margin,
SUR-SLSAR-LIQ·NA,SUR-SLSAR-LIQ,NA,1,40,0.4,Lauric acid (coconut oil route),COCO-WB,p,indexed,proxy,coconut-oil-wb,no_series,Lauric acid (coconut oil route),
SUR-SLSAR-LIQ·NA,SUR-SLSAR-LIQ,NA,2,20,0.2,Formaldehyde (sarcosine/methylglycine route),MEOH-NA,p,indexed,proxy,methanol-na,resolved,Formaldehyde (sarcosine/methylglycine route),methanol-na
SUR-SLSAR-LIQ·NA,SUR-SLSAR-LIQ,NA,3,10,0.1,Caustic soda,NAOH-NA,d,indexed,direct,caustic-soda-na,resolved,Caustic soda,caustic-soda-na
SUR-SLSAR-LIQ·NA,SUR-SLSAR-LIQ,NA,4,8,0.08,Industrial electricity,ELEC-NA,d,indexed,direct,elec-na,resolved,Industrial electricity,elec-na
SUR-SLSAR-LIQ·NA,SUR-SLSAR-LIQ,NA,5,22,0.22,Supplier margin,fixed,f,fixed,,,fixed,Supplier margin,
SUR-SLSAR-LIQ·APAC,SUR-SLSAR-LIQ,APAC,1,40,0.4,Lauric acid (coconut oil route),COCO-WB,p,indexed,proxy,coconut-oil-wb,no_series,Lauric acid (coconut oil route),
SUR-SLSAR-LIQ·APAC,SUR-SLSAR-LIQ,APAC,2,20,0.2,Formaldehyde (sarcosine/methylglycine route),MEOH-ASIA,p,indexed,proxy,methanol-na,resolved,Formaldehyde (sarcosine/methylglycine route),methanol-na
SUR-SLSAR-LIQ·APAC,SUR-SLSAR-LIQ,APAC,3,10,0.1,Caustic soda,NAOH-ASIA,d,indexed,direct,caustic-soda-cn,resolved,Caustic soda,caustic-soda-cn
SUR-SLSAR-LIQ·APAC,SUR-SLSAR-LIQ,APAC,4,8,0.08,Industrial electricity,ELEC-APAC,d,indexed,direct,elec-cn,resolved,Industrial electricity,elec-cn
SUR-SLSAR-LIQ·APAC,SUR-SLSAR-LIQ,APAC,5,22,0.22,Supplier margin,fixed,f,fixed,,,fixed,Supplier margin,
F24-PQ10-PWD·EU,F24-PQ10-PWD,EU,1,30,0.3,Hydroxyethyl cellulose (HEC) backbone,fixed,f,fixed,,,fixed,Hydroxyethyl cellulose (HEC) backbone,
F24-PQ10-PWD·EU,F24-PQ10-PWD,EU,2,20,0.2,"Epichlorohydrin (propylene + chlorine route, GTAC precursor)",PRP-NWE,p,indexed,proxy,brent,resolved,"Epichlorohydrin (propylene + chlorine route, GTAC precursor)",brent
F24-PQ10-PWD·EU,F24-PQ10-PWD,EU,3,10,0.1,Chlorine,CL2-EU,p,indexed,proxy,elec-eu,resolved,Chlorine,elec-eu
F24-PQ10-PWD·EU,F24-PQ10-PWD,EU,4,10,0.1,Trimethylamine (methanol + ammonia route),MEOH-EU,p,indexed,proxy,methanol-na,resolved,Trimethylamine (methanol + ammonia route),methanol-na
F24-PQ10-PWD·EU,F24-PQ10-PWD,EU,5,8,0.08,Industrial electricity,ELEC-EU,d,indexed,direct,elec-eu,resolved,Industrial electricity,elec-eu
F24-PQ10-PWD·EU,F24-PQ10-PWD,EU,6,22,0.22,Supplier margin,fixed,f,fixed,,,fixed,Supplier margin,
F24-PQ10-PWD·NA,F24-PQ10-PWD,NA,1,30,0.3,Hydroxyethyl cellulose (HEC) backbone,fixed,f,fixed,,,fixed,Hydroxyethyl cellulose (HEC) backbone,
F24-PQ10-PWD·NA,F24-PQ10-PWD,NA,2,20,0.2,"Epichlorohydrin (propylene + chlorine route, GTAC precursor)",PRP-US,p,indexed,proxy,ethylene-propylene-na,resolved,"Epichlorohydrin (propylene + chlorine route, GTAC precursor)",ethylene-propylene-na
F24-PQ10-PWD·NA,F24-PQ10-PWD,NA,3,10,0.1,Chlorine,CL2-NA,p,indexed,proxy,caustic-soda-na,resolved,Chlorine,caustic-soda-na
F24-PQ10-PWD·NA,F24-PQ10-PWD,NA,4,10,0.1,Trimethylamine (methanol + ammonia route),MEOH-NA,p,indexed,proxy,methanol-na,resolved,Trimethylamine (methanol + ammonia route),methanol-na
F24-PQ10-PWD·NA,F24-PQ10-PWD,NA,5,8,0.08,Industrial electricity,ELEC-NA,d,indexed,direct,elec-na,resolved,Industrial electricity,elec-na
F24-PQ10-PWD·NA,F24-PQ10-PWD,NA,6,22,0.22,Supplier margin,fixed,f,fixed,,,fixed,Supplier margin,
F24-PQ10-PWD·APAC,F24-PQ10-PWD,APAC,1,30,0.3,Hydroxyethyl cellulose (HEC) backbone,fixed,f,fixed,,,fixed,Hydroxyethyl cellulose (HEC) backbone,
F24-PQ10-PWD·APAC,F24-PQ10-PWD,APAC,2,20,0.2,"Epichlorohydrin (propylene + chlorine route, GTAC precursor)",PRP-APAC,p,indexed,proxy,ethylene-propylene-na,resolved,"Epichlorohydrin (propylene + chlorine route, GTAC precursor)",ethylene-propylene-na
F24-PQ10-PWD·APAC,F24-PQ10-PWD,APAC,3,10,0.1,Chlorine,CL2-CN,p,indexed,proxy,elec-cn,resolved,Chlorine,elec-cn
F24-PQ10-PWD·APAC,F24-PQ10-PWD,APAC,4,10,0.1,Trimethylamine (methanol + ammonia route),MEOH-ASIA,p,indexed,proxy,methanol-na,resolved,Trimethylamine (methanol + ammonia route),methanol-na
F24-PQ10-PWD·APAC,F24-PQ10-PWD,APAC,5,8,0.08,Industrial electricity,ELEC-APAC,d,indexed,direct,elec-cn,resolved,Industrial electricity,elec-cn
F24-PQ10-PWD·APAC,F24-PQ10-PWD,APAC,6,22,0.22,Supplier margin,fixed,f,fixed,,,fixed,Supplier margin,
F23-SALAC-PWD·EU,F23-SALAC-PWD,EU,1,35,0.35,Phenol (benzene/cumene route),BZ-EU,p,indexed,proxy,brent,resolved,Phenol (benzene/cumene route),brent
F23-SALAC-PWD·EU,F23-SALAC-PWD,EU,2,15,0.15,CO2 (Kolbe-Schmitt reaction),fixed,f,fixed,,,fixed,CO2 (Kolbe-Schmitt reaction),
F23-SALAC-PWD·EU,F23-SALAC-PWD,EU,3,15,0.15,Caustic soda (sodium phenolate formation),NAOH-NWE,d,indexed,direct,elec-eu,resolved,Caustic soda (sodium phenolate formation),elec-eu
F23-SALAC-PWD·EU,F23-SALAC-PWD,EU,4,10,0.1,Sulfuric acid (acidification),SULF-WB,d,indexed,direct,sulfuric-acid-na,resolved,Sulfuric acid (acidification),sulfuric-acid-na
F23-SALAC-PWD·EU,F23-SALAC-PWD,EU,5,8,0.08,Industrial electricity,ELEC-EU,d,indexed,direct,elec-eu,resolved,Industrial electricity,elec-eu
F23-SALAC-PWD·EU,F23-SALAC-PWD,EU,6,17,0.17,Supplier margin,fixed,f,fixed,,,fixed,Supplier margin,
F23-SALAC-PWD·NA,F23-SALAC-PWD,NA,1,35,0.35,Phenol (benzene/cumene route),BZ-NA,p,indexed,proxy,benzene-na,resolved,Phenol (benzene/cumene route),benzene-na
F23-SALAC-PWD·NA,F23-SALAC-PWD,NA,2,15,0.15,CO2 (Kolbe-Schmitt reaction),fixed,f,fixed,,,fixed,CO2 (Kolbe-Schmitt reaction),
F23-SALAC-PWD·NA,F23-SALAC-PWD,NA,3,15,0.15,Caustic soda (sodium phenolate formation),NAOH-NA,d,indexed,direct,caustic-soda-na,resolved,Caustic soda (sodium phenolate formation),caustic-soda-na
F23-SALAC-PWD·NA,F23-SALAC-PWD,NA,4,10,0.1,Sulfuric acid (acidification),SULF-WB,d,indexed,direct,sulfuric-acid-na,resolved,Sulfuric acid (acidification),sulfuric-acid-na
F23-SALAC-PWD·NA,F23-SALAC-PWD,NA,5,8,0.08,Industrial electricity,ELEC-NA,d,indexed,direct,elec-na,resolved,Industrial electricity,elec-na
F23-SALAC-PWD·NA,F23-SALAC-PWD,NA,6,17,0.17,Supplier margin,fixed,f,fixed,,,fixed,Supplier margin,
F23-SALAC-PWD·CN,F23-SALAC-PWD,CN,1,35,0.35,Phenol (benzene/cumene route),BZ-CN,p,indexed,proxy,brent,resolved,Phenol (benzene/cumene route),brent
F23-SALAC-PWD·CN,F23-SALAC-PWD,CN,2,15,0.15,CO2 (Kolbe-Schmitt reaction),fixed,f,fixed,,,fixed,CO2 (Kolbe-Schmitt reaction),
F23-SALAC-PWD·CN,F23-SALAC-PWD,CN,3,15,0.15,Caustic soda (sodium phenolate formation),NAOH-CN,d,indexed,direct,caustic-soda-cn,resolved,Caustic soda (sodium phenolate formation),caustic-soda-cn
F23-SALAC-PWD·CN,F23-SALAC-PWD,CN,4,10,0.1,Sulfuric acid (acidification),SULF-WB,d,indexed,direct,sulfuric-acid-na,resolved,Sulfuric acid (acidification),sulfuric-acid-na
F23-SALAC-PWD·CN,F23-SALAC-PWD,CN,5,8,0.08,Industrial electricity,ELEC-CN,d,indexed,direct,elec-cn,resolved,Industrial electricity,elec-cn
F23-SALAC-PWD·CN,F23-SALAC-PWD,CN,6,17,0.17,Supplier margin,fixed,f,fixed,,,fixed,Supplier margin,
F23-SALAC-PWD·IN,F23-SALAC-PWD,IN,1,35,0.35,Phenol (benzene/cumene route),BZ-ASIA,p,indexed,proxy,brent,resolved,Phenol (benzene/cumene route),brent
F23-SALAC-PWD·IN,F23-SALAC-PWD,IN,2,15,0.15,CO2 (Kolbe-Schmitt reaction),fixed,f,fixed,,,fixed,CO2 (Kolbe-Schmitt reaction),
F23-SALAC-PWD·IN,F23-SALAC-PWD,IN,3,15,0.15,Caustic soda (sodium phenolate formation),NAOH-IN,d,indexed,direct,elec-in,resolved,Caustic soda (sodium phenolate formation),elec-in
F23-SALAC-PWD·IN,F23-SALAC-PWD,IN,4,10,0.1,Sulfuric acid (acidification),SULF-WB,d,indexed,direct,sulfuric-acid-na,resolved,Sulfuric acid (acidification),sulfuric-acid-na
F23-SALAC-PWD·IN,F23-SALAC-PWD,IN,5,8,0.08,Industrial electricity,ELEC-IN,d,indexed,direct,elec-in,resolved,Industrial electricity,elec-in
F23-SALAC-PWD·IN,F23-SALAC-PWD,IN,6,17,0.17,Supplier margin,fixed,f,fixed,,,fixed,Supplier margin,
F23-GLYAC-LIQ·NA,F23-GLYAC-LIQ,NA,1,30,0.3,Formaldehyde (methanol route),MEOH-NA,p,indexed,proxy,methanol-na,resolved,Formaldehyde (methanol route),methanol-na
F23-GLYAC-LIQ·NA,F23-GLYAC-LIQ,NA,2,20,0.2,Carbon monoxide (natural gas route),NATGAS-US,p,indexed,proxy,natgas-ppi,no_series,Carbon monoxide (natural gas route),
F23-GLYAC-LIQ·NA,F23-GLYAC-LIQ,NA,3,15,0.15,Sulfuric acid catalyst,SULF-WB,d,indexed,direct,sulfuric-acid-na,resolved,Sulfuric acid catalyst,sulfuric-acid-na
F23-GLYAC-LIQ·NA,F23-GLYAC-LIQ,NA,4,10,0.1,Industrial electricity,ELEC-NA,d,indexed,direct,elec-na,resolved,Industrial electricity,elec-na
F23-GLYAC-LIQ·NA,F23-GLYAC-LIQ,NA,5,25,0.25,Supplier margin,fixed,f,fixed,,,fixed,Supplier margin,
F23-GLYAC-LIQ·EU,F23-GLYAC-LIQ,EU,1,30,0.3,Chloroacetic acid feedstock — acetic acid (methanol route),MEOH-EU,p,indexed,proxy,methanol-na,resolved,Chloroacetic acid feedstock — acetic acid (methanol route),methanol-na
F23-GLYAC-LIQ·EU,F23-GLYAC-LIQ,EU,2,20,0.2,Chlorine (chloroacetic acid route),CL2-EU,p,indexed,proxy,elec-eu,resolved,Chlorine (chloroacetic acid route),elec-eu
F23-GLYAC-LIQ·EU,F23-GLYAC-LIQ,EU,3,15,0.15,Caustic soda (hydrolysis),NAOH-NWE,d,indexed,direct,elec-eu,resolved,Caustic soda (hydrolysis),elec-eu
F23-GLYAC-LIQ·EU,F23-GLYAC-LIQ,EU,4,10,0.1,Industrial electricity,ELEC-EU,d,indexed,direct,elec-eu,resolved,Industrial electricity,elec-eu
F23-GLYAC-LIQ·EU,F23-GLYAC-LIQ,EU,5,25,0.25,Supplier margin,fixed,f,fixed,,,fixed,Supplier margin,
F23-GLYAC-LIQ·CN,F23-GLYAC-LIQ,CN,1,30,0.3,Chloroacetic acid feedstock — acetic acid (methanol route),MEOH-CN,p,indexed,proxy,methanol-na,resolved,Chloroacetic acid feedstock — acetic acid (methanol route),methanol-na
F23-GLYAC-LIQ·CN,F23-GLYAC-LIQ,CN,2,20,0.2,Chlorine (chloroacetic acid route),CL2-CN,p,indexed,proxy,elec-cn,resolved,Chlorine (chloroacetic acid route),elec-cn
F23-GLYAC-LIQ·CN,F23-GLYAC-LIQ,CN,3,15,0.15,Caustic soda (hydrolysis),NAOH-CN,d,indexed,direct,caustic-soda-cn,resolved,Caustic soda (hydrolysis),caustic-soda-cn
F23-GLYAC-LIQ·CN,F23-GLYAC-LIQ,CN,4,10,0.1,Industrial electricity,ELEC-CN,d,indexed,direct,elec-cn,resolved,Industrial electricity,elec-cn
F23-GLYAC-LIQ·CN,F23-GLYAC-LIQ,CN,5,25,0.25,Supplier margin,fixed,f,fixed,,,fixed,Supplier margin,
BCI-BENZ-LIQ·EU,BCI-BENZ-LIQ,EU,1,82,0.82,Benzene posted contract price (ICIS/Platts),BZ-EU,d,indexed,direct,brent,resolved,Benzene posted contract price (ICIS/Platts),brent
BCI-BENZ-LIQ·EU,BCI-BENZ-LIQ,EU,2,6,0.06,Industrial electricity,ELEC-EU,d,indexed,direct,elec-eu,resolved,Industrial electricity,elec-eu
BCI-BENZ-LIQ·EU,BCI-BENZ-LIQ,EU,3,4,0.04,Fixed costs LCI,LCI-EU,d,indexed,direct,lci-eu,resolved,Fixed costs LCI,lci-eu
BCI-BENZ-LIQ·EU,BCI-BENZ-LIQ,EU,4,8,0.08,Supplier margin,fixed,f,fixed,,,fixed,Supplier margin,
BCI-BENZ-LIQ·NA,BCI-BENZ-LIQ,NA,1,82,0.82,Benzene posted contract price (ICIS/Platts),BZ-NA,d,indexed,direct,benzene-na,resolved,Benzene posted contract price (ICIS/Platts),benzene-na
BCI-BENZ-LIQ·NA,BCI-BENZ-LIQ,NA,2,6,0.06,Industrial electricity,ELEC-NA,d,indexed,direct,elec-na,resolved,Industrial electricity,elec-na
BCI-BENZ-LIQ·NA,BCI-BENZ-LIQ,NA,3,4,0.04,Fixed costs LCI,LCI-NA,d,indexed,direct,lci-na,resolved,Fixed costs LCI,lci-na
BCI-BENZ-LIQ·NA,BCI-BENZ-LIQ,NA,4,8,0.08,Supplier margin,fixed,f,fixed,,,fixed,Supplier margin,
BCI-BENZ-LIQ·CN,BCI-BENZ-LIQ,CN,1,82,0.82,Benzene posted contract price (ICIS/Platts),BZ-CN,d,indexed,direct,brent,resolved,Benzene posted contract price (ICIS/Platts),brent
BCI-BENZ-LIQ·CN,BCI-BENZ-LIQ,CN,2,6,0.06,Industrial electricity,ELEC-CN,d,indexed,direct,elec-cn,resolved,Industrial electricity,elec-cn
BCI-BENZ-LIQ·CN,BCI-BENZ-LIQ,CN,3,4,0.04,Fixed costs LCI,LCI-CN,d,indexed,direct,lci-cn,resolved,Fixed costs LCI,lci-cn
BCI-BENZ-LIQ·CN,BCI-BENZ-LIQ,CN,4,8,0.08,Supplier margin,fixed,f,fixed,,,fixed,Supplier margin,
BCI-BENZ-LIQ·APAC,BCI-BENZ-LIQ,APAC,1,82,0.82,Benzene posted contract price (ICIS/Platts),BZ-ASIA,d,indexed,direct,brent,resolved,Benzene posted contract price (ICIS/Platts),brent
BCI-BENZ-LIQ·APAC,BCI-BENZ-LIQ,APAC,2,6,0.06,Industrial electricity,ELEC-APAC,d,indexed,direct,elec-cn,resolved,Industrial electricity,elec-cn
BCI-BENZ-LIQ·APAC,BCI-BENZ-LIQ,APAC,3,4,0.04,Fixed costs LCI,LCI-APAC,d,indexed,direct,lci-apac,resolved,Fixed costs LCI,lci-apac
BCI-BENZ-LIQ·APAC,BCI-BENZ-LIQ,APAC,4,8,0.08,Supplier margin,fixed,f,fixed,,,fixed,Supplier margin,
BCI-EO-LIQ·EU,BCI-EO-LIQ,EU,1,75,0.75,"Ethylene (direct oxidation feedstock, silver catalyst)",EO-EU,d,indexed,direct,brent,resolved,"Ethylene (direct oxidation feedstock, silver catalyst)",brent
BCI-EO-LIQ·EU,BCI-EO-LIQ,EU,2,10,0.1,Industrial electricity,ELEC-EU,d,indexed,direct,elec-eu,resolved,Industrial electricity,elec-eu
BCI-EO-LIQ·EU,BCI-EO-LIQ,EU,3,3,0.03,Silver catalyst — no liquid index,fixed,f,fixed,,,fixed,Silver catalyst — no liquid index,
BCI-EO-LIQ·EU,BCI-EO-LIQ,EU,4,12,0.12,Supplier margin,fixed,f,fixed,,,fixed,Supplier margin,
BCI-EO-LIQ·NA,BCI-EO-LIQ,NA,1,75,0.75,"Ethylene (direct oxidation feedstock, silver catalyst)",EO-EU,p,indexed,proxy,brent,resolved,"Ethylene (direct oxidation feedstock, silver catalyst)",brent
BCI-EO-LIQ·NA,BCI-EO-LIQ,NA,2,10,0.1,Industrial electricity,ELEC-NA,d,indexed,direct,elec-na,resolved,Industrial electricity,elec-na
BCI-EO-LIQ·NA,BCI-EO-LIQ,NA,3,3,0.03,Silver catalyst — no liquid index,fixed,f,fixed,,,fixed,Silver catalyst — no liquid index,
BCI-EO-LIQ·NA,BCI-EO-LIQ,NA,4,12,0.12,Supplier margin,fixed,f,fixed,,,fixed,Supplier margin,
BCI-EO-LIQ·APAC,BCI-EO-LIQ,APAC,1,75,0.75,"Ethylene (direct oxidation feedstock, silver catalyst)",EO-ASIA,d,indexed,direct,brent,resolved,"Ethylene (direct oxidation feedstock, silver catalyst)",brent
BCI-EO-LIQ·APAC,BCI-EO-LIQ,APAC,2,10,0.1,Industrial electricity,ELEC-APAC,d,indexed,direct,elec-cn,resolved,Industrial electricity,elec-cn
BCI-EO-LIQ·APAC,BCI-EO-LIQ,APAC,3,3,0.03,Silver catalyst — no liquid index,fixed,f,fixed,,,fixed,Silver catalyst — no liquid index,
BCI-EO-LIQ·APAC,BCI-EO-LIQ,APAC,4,12,0.12,Supplier margin,fixed,f,fixed,,,fixed,Supplier margin,
BCI-ACN-LIQ·EU,BCI-ACN-LIQ,EU,1,78,0.78,Acrylonitrile posted contract price (Sohio ammoxidation route),ACN-EU,d,indexed,direct,brent,resolved,Acrylonitrile posted contract price (Sohio ammoxidation route),brent
BCI-ACN-LIQ·EU,BCI-ACN-LIQ,EU,2,6,0.06,Industrial electricity,ELEC-EU,d,indexed,direct,elec-eu,resolved,Industrial electricity,elec-eu
BCI-ACN-LIQ·EU,BCI-ACN-LIQ,EU,3,6,0.06,Fixed costs LCI,LCI-EU,d,indexed,direct,lci-eu,resolved,Fixed costs LCI,lci-eu
BCI-ACN-LIQ·EU,BCI-ACN-LIQ,EU,4,10,0.1,Supplier margin,fixed,f,fixed,,,fixed,Supplier margin,
BCI-ACN-LIQ·NA,BCI-ACN-LIQ,NA,1,78,0.78,Acrylonitrile posted contract price (Sohio ammoxidation route),ACN-NA,d,indexed,direct,brent,resolved,Acrylonitrile posted contract price (Sohio ammoxidation route),brent
BCI-ACN-LIQ·NA,BCI-ACN-LIQ,NA,2,6,0.06,Industrial electricity,ELEC-NA,d,indexed,direct,elec-na,resolved,Industrial electricity,elec-na
BCI-ACN-LIQ·NA,BCI-ACN-LIQ,NA,3,6,0.06,Fixed costs LCI,LCI-NA,d,indexed,direct,lci-na,resolved,Fixed costs LCI,lci-na
BCI-ACN-LIQ·NA,BCI-ACN-LIQ,NA,4,10,0.1,Supplier margin,fixed,f,fixed,,,fixed,Supplier margin,
BCI-ACN-LIQ·CN,BCI-ACN-LIQ,CN,1,78,0.78,Acrylonitrile posted contract price (Sohio ammoxidation route),ACN-CN,d,indexed,direct,brent,resolved,Acrylonitrile posted contract price (Sohio ammoxidation route),brent
BCI-ACN-LIQ·CN,BCI-ACN-LIQ,CN,2,6,0.06,Industrial electricity,ELEC-CN,d,indexed,direct,elec-cn,resolved,Industrial electricity,elec-cn
BCI-ACN-LIQ·CN,BCI-ACN-LIQ,CN,3,6,0.06,Fixed costs LCI,LCI-CN,d,indexed,direct,lci-cn,resolved,Fixed costs LCI,lci-cn
BCI-ACN-LIQ·CN,BCI-ACN-LIQ,CN,4,10,0.1,Supplier margin,fixed,f,fixed,,,fixed,Supplier margin,
BCI-ACN-LIQ·APAC,BCI-ACN-LIQ,APAC,1,78,0.78,Acrylonitrile posted contract price (Sohio ammoxidation route),ACN-ASIA,d,indexed,direct,brent,resolved,Acrylonitrile posted contract price (Sohio ammoxidation route),brent
BCI-ACN-LIQ·APAC,BCI-ACN-LIQ,APAC,2,6,0.06,Industrial electricity,ELEC-APAC,d,indexed,direct,elec-cn,resolved,Industrial electricity,elec-cn
BCI-ACN-LIQ·APAC,BCI-ACN-LIQ,APAC,3,6,0.06,Fixed costs LCI,LCI-APAC,d,indexed,direct,lci-apac,resolved,Fixed costs LCI,lci-apac
BCI-ACN-LIQ·APAC,BCI-ACN-LIQ,APAC,4,10,0.1,Supplier margin,fixed,f,fixed,,,fixed,Supplier margin,
BCI-AA-LIQ·EU,BCI-AA-LIQ,EU,1,70,0.7,Propylene (two-step oxidation via acrolein),PRP-NWE,d,indexed,direct,brent,resolved,Propylene (two-step oxidation via acrolein),brent
BCI-AA-LIQ·EU,BCI-AA-LIQ,EU,2,8,0.08,Industrial electricity,ELEC-EU,d,indexed,direct,elec-eu,resolved,Industrial electricity,elec-eu
BCI-AA-LIQ·EU,BCI-AA-LIQ,EU,3,5,0.05,Catalyst — no liquid index,fixed,f,fixed,,,fixed,Catalyst — no liquid index,
BCI-AA-LIQ·EU,BCI-AA-LIQ,EU,4,4,0.04,Fixed costs LCI,LCI-EU,d,indexed,direct,lci-eu,resolved,Fixed costs LCI,lci-eu
BCI-AA-LIQ·EU,BCI-AA-LIQ,EU,5,13,0.13,Supplier margin,fixed,f,fixed,,,fixed,Supplier margin,
BCI-AA-LIQ·NA,BCI-AA-LIQ,NA,1,70,0.7,Propylene (two-step oxidation via acrolein),PRP-US,d,indexed,direct,ethylene-propylene-na,resolved,Propylene (two-step oxidation via acrolein),ethylene-propylene-na
BCI-AA-LIQ·NA,BCI-AA-LIQ,NA,2,8,0.08,Industrial electricity,ELEC-NA,d,indexed,direct,elec-na,resolved,Industrial electricity,elec-na
BCI-AA-LIQ·NA,BCI-AA-LIQ,NA,3,5,0.05,Catalyst — no liquid index,fixed,f,fixed,,,fixed,Catalyst — no liquid index,
BCI-AA-LIQ·NA,BCI-AA-LIQ,NA,4,4,0.04,Fixed costs LCI,LCI-NA,d,indexed,direct,lci-na,resolved,Fixed costs LCI,lci-na
BCI-AA-LIQ·NA,BCI-AA-LIQ,NA,5,13,0.13,Supplier margin,fixed,f,fixed,,,fixed,Supplier margin,
BCI-AA-LIQ·APAC,BCI-AA-LIQ,APAC,1,70,0.7,Propylene (two-step oxidation via acrolein),PRP-APAC,d,indexed,direct,ethylene-propylene-na,resolved,Propylene (two-step oxidation via acrolein),ethylene-propylene-na
BCI-AA-LIQ·APAC,BCI-AA-LIQ,APAC,2,8,0.08,Industrial electricity,ELEC-APAC,d,indexed,direct,elec-cn,resolved,Industrial electricity,elec-cn
BCI-AA-LIQ·APAC,BCI-AA-LIQ,APAC,3,5,0.05,Catalyst — no liquid index,fixed,f,fixed,,,fixed,Catalyst — no liquid index,
BCI-AA-LIQ·APAC,BCI-AA-LIQ,APAC,4,4,0.04,Fixed costs LCI,LCI-APAC,d,indexed,direct,lci-apac,resolved,Fixed costs LCI,lci-apac
BCI-AA-LIQ·APAC,BCI-AA-LIQ,APAC,5,13,0.13,Supplier margin,fixed,f,fixed,,,fixed,Supplier margin,
BCI-AA-LIQ·CN,BCI-AA-LIQ,CN,1,70,0.7,Propylene (two-step oxidation via acrolein),PRP-CN,d,indexed,direct,brent,resolved,Propylene (two-step oxidation via acrolein),brent
BCI-AA-LIQ·CN,BCI-AA-LIQ,CN,2,8,0.08,Industrial electricity,ELEC-CN,d,indexed,direct,elec-cn,resolved,Industrial electricity,elec-cn
BCI-AA-LIQ·CN,BCI-AA-LIQ,CN,3,5,0.05,Catalyst — no liquid index,fixed,f,fixed,,,fixed,Catalyst — no liquid index,
BCI-AA-LIQ·CN,BCI-AA-LIQ,CN,4,4,0.04,Fixed costs LCI,LCI-CN,d,indexed,direct,lci-cn,resolved,Fixed costs LCI,lci-cn
BCI-AA-LIQ·CN,BCI-AA-LIQ,CN,5,13,0.13,Supplier margin,fixed,f,fixed,,,fixed,Supplier margin,
BCI-PHOL-SOL·EU,BCI-PHOL-SOL,EU,1,45,0.45,Benzene (cumene process),BZ-EU,d,indexed,direct,brent,resolved,Benzene (cumene process),brent
BCI-PHOL-SOL·EU,BCI-PHOL-SOL,EU,2,35,0.35,Propylene (cumene process),PRP-NWE,d,indexed,direct,brent,resolved,Propylene (cumene process),brent
BCI-PHOL-SOL·EU,BCI-PHOL-SOL,EU,3,7,0.07,Industrial electricity,ELEC-EU,d,indexed,direct,elec-eu,resolved,Industrial electricity,elec-eu
BCI-PHOL-SOL·EU,BCI-PHOL-SOL,EU,4,13,0.13,Supplier margin,fixed,f,fixed,,,fixed,Supplier margin,
BCI-PHOL-SOL·NA,BCI-PHOL-SOL,NA,1,45,0.45,Benzene (cumene process),BZ-NA,d,indexed,direct,benzene-na,resolved,Benzene (cumene process),benzene-na
BCI-PHOL-SOL·NA,BCI-PHOL-SOL,NA,2,35,0.35,Propylene (cumene process),PRP-US,d,indexed,direct,ethylene-propylene-na,resolved,Propylene (cumene process),ethylene-propylene-na
BCI-PHOL-SOL·NA,BCI-PHOL-SOL,NA,3,7,0.07,Industrial electricity,ELEC-NA,d,indexed,direct,elec-na,resolved,Industrial electricity,elec-na
BCI-PHOL-SOL·NA,BCI-PHOL-SOL,NA,4,13,0.13,Supplier margin,fixed,f,fixed,,,fixed,Supplier margin,
BCI-PHOL-SOL·APAC,BCI-PHOL-SOL,APAC,1,45,0.45,Benzene (cumene process),BZ-ASIA,d,indexed,direct,brent,resolved,Benzene (cumene process),brent
BCI-PHOL-SOL·APAC,BCI-PHOL-SOL,APAC,2,35,0.35,Propylene (cumene process),PRP-APAC,d,indexed,direct,ethylene-propylene-na,resolved,Propylene (cumene process),ethylene-propylene-na
BCI-PHOL-SOL·APAC,BCI-PHOL-SOL,APAC,3,7,0.07,Industrial electricity,ELEC-APAC,d,indexed,direct,elec-cn,resolved,Industrial electricity,elec-cn
BCI-PHOL-SOL·APAC,BCI-PHOL-SOL,APAC,4,13,0.13,Supplier margin,fixed,f,fixed,,,fixed,Supplier margin,
BCI-BPA-PWD·EU,BCI-BPA-PWD,EU,1,35,0.35,Phenol (benzene route),BZ-EU,d,indexed,direct,brent,resolved,Phenol (benzene route),brent
BCI-BPA-PWD·EU,BCI-BPA-PWD,EU,2,35,0.35,Acetone (propylene/cumene co-product route),PRP-NWE,d,indexed,direct,brent,resolved,Acetone (propylene/cumene co-product route),brent
BCI-BPA-PWD·EU,BCI-BPA-PWD,EU,3,8,0.08,Industrial electricity,ELEC-EU,d,indexed,direct,elec-eu,resolved,Industrial electricity,elec-eu
BCI-BPA-PWD·EU,BCI-BPA-PWD,EU,4,22,0.22,Supplier margin,fixed,f,fixed,,,fixed,Supplier margin,
BCI-BPA-PWD·NA,BCI-BPA-PWD,NA,1,35,0.35,Phenol (benzene route),BZ-NA,d,indexed,direct,benzene-na,resolved,Phenol (benzene route),benzene-na
BCI-BPA-PWD·NA,BCI-BPA-PWD,NA,2,35,0.35,Acetone (propylene/cumene co-product route),PRP-US,d,indexed,direct,ethylene-propylene-na,resolved,Acetone (propylene/cumene co-product route),ethylene-propylene-na
BCI-BPA-PWD·NA,BCI-BPA-PWD,NA,3,8,0.08,Industrial electricity,ELEC-NA,d,indexed,direct,elec-na,resolved,Industrial electricity,elec-na
BCI-BPA-PWD·NA,BCI-BPA-PWD,NA,4,22,0.22,Supplier margin,fixed,f,fixed,,,fixed,Supplier margin,
BCI-BPA-PWD·APAC,BCI-BPA-PWD,APAC,1,35,0.35,Phenol (benzene route),BZ-ASIA,d,indexed,direct,brent,resolved,Phenol (benzene route),brent
BCI-BPA-PWD·APAC,BCI-BPA-PWD,APAC,2,35,0.35,Acetone (propylene/cumene co-product route),PRP-APAC,d,indexed,direct,ethylene-propylene-na,resolved,Acetone (propylene/cumene co-product route),ethylene-propylene-na
BCI-BPA-PWD·APAC,BCI-BPA-PWD,APAC,3,8,0.08,Industrial electricity,ELEC-APAC,d,indexed,direct,elec-cn,resolved,Industrial electricity,elec-cn
BCI-BPA-PWD·APAC,BCI-BPA-PWD,APAC,4,22,0.22,Supplier margin,fixed,f,fixed,,,fixed,Supplier margin,
BCI-CHEX-LIQ·EU,BCI-CHEX-LIQ,EU,1,78,0.78,Benzene (catalytic hydrogenation),BZ-EU,d,indexed,direct,brent,resolved,Benzene (catalytic hydrogenation),brent
BCI-CHEX-LIQ·EU,BCI-CHEX-LIQ,EU,2,8,0.08,Hydrogen (natural gas route),NATGAS-US,p,indexed,proxy,natgas-ppi,no_series,Hydrogen (natural gas route),
BCI-CHEX-LIQ·EU,BCI-CHEX-LIQ,EU,3,6,0.06,Industrial electricity,ELEC-EU,d,indexed,direct,elec-eu,resolved,Industrial electricity,elec-eu
BCI-CHEX-LIQ·EU,BCI-CHEX-LIQ,EU,4,8,0.08,Supplier margin,fixed,f,fixed,,,fixed,Supplier margin,
BCI-CHEX-LIQ·NA,BCI-CHEX-LIQ,NA,1,78,0.78,Benzene (catalytic hydrogenation),BZ-NA,d,indexed,direct,benzene-na,resolved,Benzene (catalytic hydrogenation),benzene-na
BCI-CHEX-LIQ·NA,BCI-CHEX-LIQ,NA,2,8,0.08,Hydrogen (natural gas route),NATGAS-US,d,indexed,direct,natgas-ppi,no_series,Hydrogen (natural gas route),
BCI-CHEX-LIQ·NA,BCI-CHEX-LIQ,NA,3,6,0.06,Industrial electricity,ELEC-NA,d,indexed,direct,elec-na,resolved,Industrial electricity,elec-na
BCI-CHEX-LIQ·NA,BCI-CHEX-LIQ,NA,4,8,0.08,Supplier margin,fixed,f,fixed,,,fixed,Supplier margin,
BCI-CHEX-LIQ·APAC,BCI-CHEX-LIQ,APAC,1,78,0.78,Benzene (catalytic hydrogenation),BZ-ASIA,d,indexed,direct,brent,resolved,Benzene (catalytic hydrogenation),brent
BCI-CHEX-LIQ·APAC,BCI-CHEX-LIQ,APAC,2,8,0.08,Hydrogen (natural gas route),NATGAS-US,p,indexed,proxy,natgas-ppi,no_series,Hydrogen (natural gas route),
BCI-CHEX-LIQ·APAC,BCI-CHEX-LIQ,APAC,3,6,0.06,Industrial electricity,ELEC-APAC,d,indexed,direct,elec-cn,resolved,Industrial electricity,elec-cn
BCI-CHEX-LIQ·APAC,BCI-CHEX-LIQ,APAC,4,8,0.08,Supplier margin,fixed,f,fixed,,,fixed,Supplier margin,
BCI-PX-LIQ·EU,BCI-PX-LIQ,EU,1,75,0.75,Mixed xylenes / naphtha reforming feedstock,NAPH-NWE,d,indexed,direct,brent,resolved,Mixed xylenes / naphtha reforming feedstock,brent
BCI-PX-LIQ·EU,BCI-PX-LIQ,EU,2,8,0.08,Industrial electricity (selective adsorption/crystallization separation),ELEC-EU,d,indexed,direct,elec-eu,resolved,Industrial electricity (selective adsorption/crystallization sep,elec-eu
BCI-PX-LIQ·EU,BCI-PX-LIQ,EU,3,4,0.04,Fixed costs LCI,LCI-EU,d,indexed,direct,lci-eu,resolved,Fixed costs LCI,lci-eu
BCI-PX-LIQ·EU,BCI-PX-LIQ,EU,4,13,0.13,Supplier margin,fixed,f,fixed,,,fixed,Supplier margin,
BCI-PX-LIQ·CN,BCI-PX-LIQ,CN,1,75,0.75,Mixed xylenes / naphtha reforming feedstock,NAPH-CN,d,indexed,direct,brent,resolved,Mixed xylenes / naphtha reforming feedstock,brent
BCI-PX-LIQ·CN,BCI-PX-LIQ,CN,2,8,0.08,Industrial electricity (selective adsorption/crystallization separation),ELEC-CN,d,indexed,direct,elec-cn,resolved,Industrial electricity (selective adsorption/crystallization sep,elec-cn
BCI-PX-LIQ·CN,BCI-PX-LIQ,CN,3,4,0.04,Fixed costs LCI,LCI-CN,d,indexed,direct,lci-cn,resolved,Fixed costs LCI,lci-cn
BCI-PX-LIQ·CN,BCI-PX-LIQ,CN,4,13,0.13,Supplier margin,fixed,f,fixed,,,fixed,Supplier margin,
BCI-PX-LIQ·NA,BCI-PX-LIQ,NA,1,75,0.75,Mixed xylenes / naphtha reforming feedstock,NAPH-NA,d,indexed,direct,brent,resolved,Mixed xylenes / naphtha reforming feedstock,brent
BCI-PX-LIQ·NA,BCI-PX-LIQ,NA,2,8,0.08,Industrial electricity (selective adsorption/crystallization separation),ELEC-NA,d,indexed,direct,elec-na,resolved,Industrial electricity (selective adsorption/crystallization sep,elec-na
BCI-PX-LIQ·NA,BCI-PX-LIQ,NA,3,4,0.04,Fixed costs LCI,LCI-NA,d,indexed,direct,lci-na,resolved,Fixed costs LCI,lci-na
BCI-PX-LIQ·NA,BCI-PX-LIQ,NA,4,13,0.13,Supplier margin,fixed,f,fixed,,,fixed,Supplier margin,
BCI-PX-LIQ·APAC,BCI-PX-LIQ,APAC,1,75,0.75,Mixed xylenes / naphtha reforming feedstock,NAPH-ASIA,d,indexed,direct,brent,resolved,Mixed xylenes / naphtha reforming feedstock,brent
BCI-PX-LIQ·APAC,BCI-PX-LIQ,APAC,2,8,0.08,Industrial electricity (selective adsorption/crystallization separation),ELEC-APAC,d,indexed,direct,elec-cn,resolved,Industrial electricity (selective adsorption/crystallization sep,elec-cn
BCI-PX-LIQ·APAC,BCI-PX-LIQ,APAC,3,4,0.04,Fixed costs LCI,LCI-APAC,d,indexed,direct,lci-apac,resolved,Fixed costs LCI,lci-apac
BCI-PX-LIQ·APAC,BCI-PX-LIQ,APAC,4,13,0.13,Supplier margin,fixed,f,fixed,,,fixed,Supplier margin,
BCI-OX-LIQ·EU,BCI-OX-LIQ,EU,1,75,0.75,Mixed xylenes / naphtha reforming feedstock,NAPH-NWE,d,indexed,direct,brent,resolved,Mixed xylenes / naphtha reforming feedstock,brent
BCI-OX-LIQ·EU,BCI-OX-LIQ,EU,2,8,0.08,Industrial electricity (separation),ELEC-EU,d,indexed,direct,elec-eu,resolved,Industrial electricity (separation),elec-eu
BCI-OX-LIQ·EU,BCI-OX-LIQ,EU,3,4,0.04,Fixed costs LCI,LCI-EU,d,indexed,direct,lci-eu,resolved,Fixed costs LCI,lci-eu
BCI-OX-LIQ·EU,BCI-OX-LIQ,EU,4,13,0.13,Supplier margin,fixed,f,fixed,,,fixed,Supplier margin,
BCI-OX-LIQ·NA,BCI-OX-LIQ,NA,1,75,0.75,Mixed xylenes / naphtha reforming feedstock,NAPH-NA,d,indexed,direct,brent,resolved,Mixed xylenes / naphtha reforming feedstock,brent
BCI-OX-LIQ·NA,BCI-OX-LIQ,NA,2,8,0.08,Industrial electricity (separation),ELEC-NA,d,indexed,direct,elec-na,resolved,Industrial electricity (separation),elec-na
BCI-OX-LIQ·NA,BCI-OX-LIQ,NA,3,4,0.04,Fixed costs LCI,LCI-NA,d,indexed,direct,lci-na,resolved,Fixed costs LCI,lci-na
BCI-OX-LIQ·NA,BCI-OX-LIQ,NA,4,13,0.13,Supplier margin,fixed,f,fixed,,,fixed,Supplier margin,
BCI-OX-LIQ·APAC,BCI-OX-LIQ,APAC,1,75,0.75,Mixed xylenes / naphtha reforming feedstock,NAPH-ASIA,d,indexed,direct,brent,resolved,Mixed xylenes / naphtha reforming feedstock,brent
BCI-OX-LIQ·APAC,BCI-OX-LIQ,APAC,2,8,0.08,Industrial electricity (separation),ELEC-APAC,d,indexed,direct,elec-cn,resolved,Industrial electricity (separation),elec-cn
BCI-OX-LIQ·APAC,BCI-OX-LIQ,APAC,3,4,0.04,Fixed costs LCI,LCI-APAC,d,indexed,direct,lci-apac,resolved,Fixed costs LCI,lci-apac
BCI-OX-LIQ·APAC,BCI-OX-LIQ,APAC,4,13,0.13,Supplier margin,fixed,f,fixed,,,fixed,Supplier margin,
BCI-PTA-PWD·APAC,BCI-PTA-PWD,APAC,1,55,0.55,Paraxylene (oxidation feedstock),NAPH-ASIA,d,indexed,direct,brent,resolved,Paraxylene (oxidation feedstock),brent
BCI-PTA-PWD·APAC,BCI-PTA-PWD,APAC,2,20,0.2,"Acetic acid (methanol route, oxidation solvent)",MEOH-ASIA,p,indexed,proxy,methanol-na,resolved,"Acetic acid (methanol route, oxidation solvent)",methanol-na
BCI-PTA-PWD·APAC,BCI-PTA-PWD,APAC,3,9,0.09,Industrial electricity,ELEC-APAC,d,indexed,direct,elec-cn,resolved,Industrial electricity,elec-cn
BCI-PTA-PWD·APAC,BCI-PTA-PWD,APAC,4,4,0.04,Fixed costs LCI,LCI-APAC,d,indexed,direct,lci-apac,resolved,Fixed costs LCI,lci-apac
BCI-PTA-PWD·APAC,BCI-PTA-PWD,APAC,5,12,0.12,Supplier margin,fixed,f,fixed,,,fixed,Supplier margin,
BCI-PTA-PWD·CN,BCI-PTA-PWD,CN,1,55,0.55,Paraxylene (oxidation feedstock),NAPH-CN,d,indexed,direct,brent,resolved,Paraxylene (oxidation feedstock),brent
BCI-PTA-PWD·CN,BCI-PTA-PWD,CN,2,20,0.2,"Acetic acid (methanol route, oxidation solvent)",MEOH-CN,p,indexed,proxy,methanol-na,resolved,"Acetic acid (methanol route, oxidation solvent)",methanol-na
BCI-PTA-PWD·CN,BCI-PTA-PWD,CN,3,9,0.09,Industrial electricity,ELEC-CN,d,indexed,direct,elec-cn,resolved,Industrial electricity,elec-cn
BCI-PTA-PWD·CN,BCI-PTA-PWD,CN,4,4,0.04,Fixed costs LCI,LCI-CN,d,indexed,direct,lci-cn,resolved,Fixed costs LCI,lci-cn
BCI-PTA-PWD·CN,BCI-PTA-PWD,CN,5,12,0.12,Supplier margin,fixed,f,fixed,,,fixed,Supplier margin,
BCI-PTA-PWD·EU,BCI-PTA-PWD,EU,1,55,0.55,Paraxylene (oxidation feedstock),NAPH-NWE,d,indexed,direct,brent,resolved,Paraxylene (oxidation feedstock),brent
BCI-PTA-PWD·EU,BCI-PTA-PWD,EU,2,20,0.2,"Acetic acid (methanol route, oxidation solvent)",MEOH-EU,p,indexed,proxy,methanol-na,resolved,"Acetic acid (methanol route, oxidation solvent)",methanol-na
BCI-PTA-PWD·EU,BCI-PTA-PWD,EU,3,9,0.09,Industrial electricity,ELEC-EU,d,indexed,direct,elec-eu,resolved,Industrial electricity,elec-eu
BCI-PTA-PWD·EU,BCI-PTA-PWD,EU,4,4,0.04,Fixed costs LCI,LCI-EU,d,indexed,direct,lci-eu,resolved,Fixed costs LCI,lci-eu
BCI-PTA-PWD·EU,BCI-PTA-PWD,EU,5,12,0.12,Supplier margin,fixed,f,fixed,,,fixed,Supplier margin,
BCI-PTA-PWD·NA,BCI-PTA-PWD,NA,1,55,0.55,Paraxylene (oxidation feedstock),NAPH-NA,d,indexed,direct,brent,resolved,Paraxylene (oxidation feedstock),brent
BCI-PTA-PWD·NA,BCI-PTA-PWD,NA,2,20,0.2,"Acetic acid (methanol route, oxidation solvent)",MEOH-NA,p,indexed,proxy,methanol-na,resolved,"Acetic acid (methanol route, oxidation solvent)",methanol-na
BCI-PTA-PWD·NA,BCI-PTA-PWD,NA,3,9,0.09,Industrial electricity,ELEC-NA,d,indexed,direct,elec-na,resolved,Industrial electricity,elec-na
BCI-PTA-PWD·NA,BCI-PTA-PWD,NA,4,4,0.04,Fixed costs LCI,LCI-NA,d,indexed,direct,lci-na,resolved,Fixed costs LCI,lci-na
BCI-PTA-PWD·NA,BCI-PTA-PWD,NA,5,12,0.12,Supplier margin,fixed,f,fixed,,,fixed,Supplier margin,
BCI-PIA-PWD·APAC,BCI-PIA-PWD,APAC,1,55,0.55,Meta-xylene (oxidation feedstock),NAPH-ASIA,d,indexed,direct,brent,resolved,Meta-xylene (oxidation feedstock),brent
BCI-PIA-PWD·APAC,BCI-PIA-PWD,APAC,2,20,0.2,"Acetic acid (methanol route, oxidation solvent)",MEOH-ASIA,p,indexed,proxy,methanol-na,resolved,"Acetic acid (methanol route, oxidation solvent)",methanol-na
BCI-PIA-PWD·APAC,BCI-PIA-PWD,APAC,3,8,0.08,Industrial electricity,ELEC-APAC,d,indexed,direct,elec-cn,resolved,Industrial electricity,elec-cn
BCI-PIA-PWD·APAC,BCI-PIA-PWD,APAC,4,4,0.04,Fixed costs LCI,LCI-APAC,d,indexed,direct,lci-apac,resolved,Fixed costs LCI,lci-apac
BCI-PIA-PWD·APAC,BCI-PIA-PWD,APAC,5,13,0.13,Supplier margin,fixed,f,fixed,,,fixed,Supplier margin,
BCI-PIA-PWD·EU,BCI-PIA-PWD,EU,1,55,0.55,Meta-xylene (oxidation feedstock),NAPH-NWE,d,indexed,direct,brent,resolved,Meta-xylene (oxidation feedstock),brent
BCI-PIA-PWD·EU,BCI-PIA-PWD,EU,2,20,0.2,"Acetic acid (methanol route, oxidation solvent)",MEOH-EU,p,indexed,proxy,methanol-na,resolved,"Acetic acid (methanol route, oxidation solvent)",methanol-na
BCI-PIA-PWD·EU,BCI-PIA-PWD,EU,3,8,0.08,Industrial electricity,ELEC-EU,d,indexed,direct,elec-eu,resolved,Industrial electricity,elec-eu
BCI-PIA-PWD·EU,BCI-PIA-PWD,EU,4,4,0.04,Fixed costs LCI,LCI-EU,d,indexed,direct,lci-eu,resolved,Fixed costs LCI,lci-eu
BCI-PIA-PWD·EU,BCI-PIA-PWD,EU,5,13,0.13,Supplier margin,fixed,f,fixed,,,fixed,Supplier margin,
BCI-PIA-PWD·NA,BCI-PIA-PWD,NA,1,55,0.55,Meta-xylene (oxidation feedstock),NAPH-NA,d,indexed,direct,brent,resolved,Meta-xylene (oxidation feedstock),brent
BCI-PIA-PWD·NA,BCI-PIA-PWD,NA,2,20,0.2,"Acetic acid (methanol route, oxidation solvent)",MEOH-NA,p,indexed,proxy,methanol-na,resolved,"Acetic acid (methanol route, oxidation solvent)",methanol-na
BCI-PIA-PWD·NA,BCI-PIA-PWD,NA,3,8,0.08,Industrial electricity,ELEC-NA,d,indexed,direct,elec-na,resolved,Industrial electricity,elec-na
BCI-PIA-PWD·NA,BCI-PIA-PWD,NA,4,4,0.04,Fixed costs LCI,LCI-NA,d,indexed,direct,lci-na,resolved,Fixed costs LCI,lci-na
BCI-PIA-PWD·NA,BCI-PIA-PWD,NA,5,13,0.13,Supplier margin,fixed,f,fixed,,,fixed,Supplier margin,
BCI-PO-LIQ·APAC,BCI-PO-LIQ,APAC,1,45,0.45,Propylene (chlorohydrin route),PRP-APAC,d,indexed,direct,ethylene-propylene-na,resolved,Propylene (chlorohydrin route),ethylene-propylene-na
BCI-PO-LIQ·APAC,BCI-PO-LIQ,APAC,2,20,0.2,Chlorine (chlorohydrin route),CL2-CN,p,indexed,proxy,elec-cn,resolved,Chlorine (chlorohydrin route),elec-cn
BCI-PO-LIQ·APAC,BCI-PO-LIQ,APAC,3,8,0.08,"Calcium hydroxide (lime, chlorohydrin route) — no liquid index",fixed,f,fixed,,,fixed,"Calcium hydroxide (lime, chlorohydrin route) — no liquid index",
BCI-PO-LIQ·APAC,BCI-PO-LIQ,APAC,4,9,0.09,Industrial electricity,ELEC-APAC,d,indexed,direct,elec-cn,resolved,Industrial electricity,elec-cn
BCI-PO-LIQ·APAC,BCI-PO-LIQ,APAC,5,18,0.18,Supplier margin,fixed,f,fixed,,,fixed,Supplier margin,
BCI-PO-LIQ·EU,BCI-PO-LIQ,EU,1,45,0.45,Propylene (chlorohydrin route),PRP-NWE,d,indexed,direct,brent,resolved,Propylene (chlorohydrin route),brent
BCI-PO-LIQ·EU,BCI-PO-LIQ,EU,2,20,0.2,Chlorine (chlorohydrin route),CL2-EU,p,indexed,proxy,elec-eu,resolved,Chlorine (chlorohydrin route),elec-eu
BCI-PO-LIQ·EU,BCI-PO-LIQ,EU,3,8,0.08,"Calcium hydroxide (lime, chlorohydrin route) — no liquid index",fixed,f,fixed,,,fixed,"Calcium hydroxide (lime, chlorohydrin route) — no liquid index",
BCI-PO-LIQ·EU,BCI-PO-LIQ,EU,4,9,0.09,Industrial electricity,ELEC-EU,d,indexed,direct,elec-eu,resolved,Industrial electricity,elec-eu
BCI-PO-LIQ·EU,BCI-PO-LIQ,EU,5,18,0.18,Supplier margin,fixed,f,fixed,,,fixed,Supplier margin,
BCI-PO-LIQ·NA,BCI-PO-LIQ,NA,1,45,0.45,Propylene (chlorohydrin route),PRP-US,d,indexed,direct,ethylene-propylene-na,resolved,Propylene (chlorohydrin route),ethylene-propylene-na
BCI-PO-LIQ·NA,BCI-PO-LIQ,NA,2,20,0.2,Chlorine (chlorohydrin route),CL2-NA,p,indexed,proxy,caustic-soda-na,resolved,Chlorine (chlorohydrin route),caustic-soda-na
BCI-PO-LIQ·NA,BCI-PO-LIQ,NA,3,8,0.08,"Calcium hydroxide (lime, chlorohydrin route) — no liquid index",fixed,f,fixed,,,fixed,"Calcium hydroxide (lime, chlorohydrin route) — no liquid index",
BCI-PO-LIQ·NA,BCI-PO-LIQ,NA,4,9,0.09,Industrial electricity,ELEC-NA,d,indexed,direct,elec-na,resolved,Industrial electricity,elec-na
BCI-PO-LIQ·NA,BCI-PO-LIQ,NA,5,18,0.18,Supplier margin,fixed,f,fixed,,,fixed,Supplier margin,
BCI-MMA-LIQ·APAC,BCI-MMA-LIQ,APAC,1,30,0.3,Acetone (ACH route),PRP-APAC,d,indexed,direct,ethylene-propylene-na,resolved,Acetone (ACH route),ethylene-propylene-na
BCI-MMA-LIQ·APAC,BCI-MMA-LIQ,APAC,2,15,0.15,Methanol (esterification + HCN route),MEOH-ASIA,p,indexed,proxy,methanol-na,resolved,Methanol (esterification + HCN route),methanol-na
BCI-MMA-LIQ·APAC,BCI-MMA-LIQ,APAC,3,15,0.15,Ammonia (HCN route),NH3-APAC,d,indexed,direct,ammonia-na,resolved,Ammonia (HCN route),ammonia-na
BCI-MMA-LIQ·APAC,BCI-MMA-LIQ,APAC,4,10,0.1,Sulfuric acid (ACH route catalyst),SULF-WB,d,indexed,direct,sulfuric-acid-na,resolved,Sulfuric acid (ACH route catalyst),sulfuric-acid-na
BCI-MMA-LIQ·APAC,BCI-MMA-LIQ,APAC,5,8,0.08,Industrial electricity,ELEC-APAC,d,indexed,direct,elec-cn,resolved,Industrial electricity,elec-cn
BCI-MMA-LIQ·APAC,BCI-MMA-LIQ,APAC,6,22,0.22,Supplier margin,fixed,f,fixed,,,fixed,Supplier margin,
BCI-MMA-LIQ·EU,BCI-MMA-LIQ,EU,1,30,0.3,Acetone (ACH route),PRP-NWE,d,indexed,direct,brent,resolved,Acetone (ACH route),brent
BCI-MMA-LIQ·EU,BCI-MMA-LIQ,EU,2,15,0.15,Methanol (esterification + HCN route),MEOH-EU,p,indexed,proxy,methanol-na,resolved,Methanol (esterification + HCN route),methanol-na
BCI-MMA-LIQ·EU,BCI-MMA-LIQ,EU,3,15,0.15,Ammonia (HCN route),NH3-EU,d,indexed,direct,ttf-eu,resolved,Ammonia (HCN route),ttf-eu
BCI-MMA-LIQ·EU,BCI-MMA-LIQ,EU,4,10,0.1,Sulfuric acid (ACH route catalyst),SULF-WB,d,indexed,direct,sulfuric-acid-na,resolved,Sulfuric acid (ACH route catalyst),sulfuric-acid-na
BCI-MMA-LIQ·EU,BCI-MMA-LIQ,EU,5,8,0.08,Industrial electricity,ELEC-EU,d,indexed,direct,elec-eu,resolved,Industrial electricity,elec-eu
BCI-MMA-LIQ·EU,BCI-MMA-LIQ,EU,6,22,0.22,Supplier margin,fixed,f,fixed,,,fixed,Supplier margin,
BCI-MMA-LIQ·NA,BCI-MMA-LIQ,NA,1,30,0.3,Acetone (ACH route),PRP-US,d,indexed,direct,ethylene-propylene-na,resolved,Acetone (ACH route),ethylene-propylene-na
BCI-MMA-LIQ·NA,BCI-MMA-LIQ,NA,2,15,0.15,Methanol (esterification + HCN route),MEOH-NA,p,indexed,proxy,methanol-na,resolved,Methanol (esterification + HCN route),methanol-na
BCI-MMA-LIQ·NA,BCI-MMA-LIQ,NA,3,15,0.15,Ammonia (HCN route),NH3-NA,d,indexed,direct,ammonia-na,resolved,Ammonia (HCN route),ammonia-na
BCI-MMA-LIQ·NA,BCI-MMA-LIQ,NA,4,10,0.1,Sulfuric acid (ACH route catalyst),SULF-WB,d,indexed,direct,sulfuric-acid-na,resolved,Sulfuric acid (ACH route catalyst),sulfuric-acid-na
BCI-MMA-LIQ·NA,BCI-MMA-LIQ,NA,5,8,0.08,Industrial electricity,ELEC-NA,d,indexed,direct,elec-na,resolved,Industrial electricity,elec-na
BCI-MMA-LIQ·NA,BCI-MMA-LIQ,NA,6,22,0.22,Supplier margin,fixed,f,fixed,,,fixed,Supplier margin,
BCI-NPG-PWD·EU,BCI-NPG-PWD,EU,1,35,0.35,Formaldehyde (methanol route),MEOH-EU,p,indexed,proxy,methanol-na,resolved,Formaldehyde (methanol route),methanol-na
BCI-NPG-PWD·EU,BCI-NPG-PWD,EU,2,35,0.35,Isobutyraldehyde (propylene oxo route),PRP-NWE,p,indexed,proxy,brent,resolved,Isobutyraldehyde (propylene oxo route),brent
BCI-NPG-PWD·EU,BCI-NPG-PWD,EU,3,8,0.08,Industrial electricity,ELEC-EU,d,indexed,direct,elec-eu,resolved,Industrial electricity,elec-eu
BCI-NPG-PWD·EU,BCI-NPG-PWD,EU,4,7,0.07,Fixed costs LCI,LCI-EU,d,indexed,direct,lci-eu,resolved,Fixed costs LCI,lci-eu
BCI-NPG-PWD·EU,BCI-NPG-PWD,EU,5,15,0.15,Supplier margin,fixed,f,fixed,,,fixed,Supplier margin,
BCI-NPG-PWD·NA,BCI-NPG-PWD,NA,1,35,0.35,Formaldehyde (methanol route),MEOH-NA,p,indexed,proxy,methanol-na,resolved,Formaldehyde (methanol route),methanol-na
BCI-NPG-PWD·NA,BCI-NPG-PWD,NA,2,35,0.35,Isobutyraldehyde (propylene oxo route),PRP-US,p,indexed,proxy,ethylene-propylene-na,resolved,Isobutyraldehyde (propylene oxo route),ethylene-propylene-na
BCI-NPG-PWD·NA,BCI-NPG-PWD,NA,3,8,0.08,Industrial electricity,ELEC-NA,d,indexed,direct,elec-na,resolved,Industrial electricity,elec-na
BCI-NPG-PWD·NA,BCI-NPG-PWD,NA,4,7,0.07,Fixed costs LCI,LCI-NA,d,indexed,direct,lci-na,resolved,Fixed costs LCI,lci-na
BCI-NPG-PWD·NA,BCI-NPG-PWD,NA,5,15,0.15,Supplier margin,fixed,f,fixed,,,fixed,Supplier margin,
BCI-NPG-PWD·APAC,BCI-NPG-PWD,APAC,1,35,0.35,Formaldehyde (methanol route),MEOH-ASIA,p,indexed,proxy,methanol-na,resolved,Formaldehyde (methanol route),methanol-na
BCI-NPG-PWD·APAC,BCI-NPG-PWD,APAC,2,35,0.35,Isobutyraldehyde (propylene oxo route),PRP-APAC,p,indexed,proxy,ethylene-propylene-na,resolved,Isobutyraldehyde (propylene oxo route),ethylene-propylene-na
BCI-NPG-PWD·APAC,BCI-NPG-PWD,APAC,3,8,0.08,Industrial electricity,ELEC-APAC,d,indexed,direct,elec-cn,resolved,Industrial electricity,elec-cn
BCI-NPG-PWD·APAC,BCI-NPG-PWD,APAC,4,7,0.07,Fixed costs LCI,LCI-APAC,d,indexed,direct,lci-apac,resolved,Fixed costs LCI,lci-apac
BCI-NPG-PWD·APAC,BCI-NPG-PWD,APAC,5,15,0.15,Supplier margin,fixed,f,fixed,,,fixed,Supplier margin,
BCI-TMP-PWD·EU,BCI-TMP-PWD,EU,1,30,0.3,Formaldehyde (methanol route),MEOH-EU,p,indexed,proxy,methanol-na,resolved,Formaldehyde (methanol route),methanol-na
BCI-TMP-PWD·EU,BCI-TMP-PWD,EU,2,30,0.3,n-Butyraldehyde (propylene oxo route),PRP-NWE,p,indexed,proxy,brent,resolved,n-Butyraldehyde (propylene oxo route),brent
BCI-TMP-PWD·EU,BCI-TMP-PWD,EU,3,10,0.1,Sodium hydroxide (Cannizzaro reaction),NAOH-NWE,d,indexed,direct,elec-eu,resolved,Sodium hydroxide (Cannizzaro reaction),elec-eu
BCI-TMP-PWD·EU,BCI-TMP-PWD,EU,4,8,0.08,Industrial electricity,ELEC-EU,d,indexed,direct,elec-eu,resolved,Industrial electricity,elec-eu
BCI-TMP-PWD·EU,BCI-TMP-PWD,EU,5,22,0.22,Supplier margin,fixed,f,fixed,,,fixed,Supplier margin,
BCI-TMP-PWD·NA,BCI-TMP-PWD,NA,1,30,0.3,Formaldehyde (methanol route),MEOH-NA,p,indexed,proxy,methanol-na,resolved,Formaldehyde (methanol route),methanol-na
BCI-TMP-PWD·NA,BCI-TMP-PWD,NA,2,30,0.3,n-Butyraldehyde (propylene oxo route),PRP-US,p,indexed,proxy,ethylene-propylene-na,resolved,n-Butyraldehyde (propylene oxo route),ethylene-propylene-na
BCI-TMP-PWD·NA,BCI-TMP-PWD,NA,3,10,0.1,Sodium hydroxide (Cannizzaro reaction),NAOH-NA,d,indexed,direct,caustic-soda-na,resolved,Sodium hydroxide (Cannizzaro reaction),caustic-soda-na
BCI-TMP-PWD·NA,BCI-TMP-PWD,NA,4,8,0.08,Industrial electricity,ELEC-NA,d,indexed,direct,elec-na,resolved,Industrial electricity,elec-na
BCI-TMP-PWD·NA,BCI-TMP-PWD,NA,5,22,0.22,Supplier margin,fixed,f,fixed,,,fixed,Supplier margin,
BCI-PENTA-PWD·EU,BCI-PENTA-PWD,EU,1,30,0.3,Formaldehyde (methanol route),MEOH-EU,p,indexed,proxy,methanol-na,resolved,Formaldehyde (methanol route),methanol-na
BCI-PENTA-PWD·EU,BCI-PENTA-PWD,EU,2,25,0.25,Acetaldehyde (ethylene/refinery gases route),RG-US,p,indexed,proxy,refinery-gases-ppi,no_series,Acetaldehyde (ethylene/refinery gases route),
BCI-PENTA-PWD·EU,BCI-PENTA-PWD,EU,3,10,0.1,Calcium hydroxide (aldol condensation catalyst),fixed,f,fixed,,,fixed,Calcium hydroxide (aldol condensation catalyst),
BCI-PENTA-PWD·EU,BCI-PENTA-PWD,EU,4,9,0.09,Industrial electricity,ELEC-EU,d,indexed,direct,elec-eu,resolved,Industrial electricity,elec-eu
BCI-PENTA-PWD·EU,BCI-PENTA-PWD,EU,5,26,0.26,Supplier margin,fixed,f,fixed,,,fixed,Supplier margin,
BCI-PENTA-PWD·NA,BCI-PENTA-PWD,NA,1,30,0.3,Formaldehyde (methanol route),MEOH-NA,p,indexed,proxy,methanol-na,resolved,Formaldehyde (methanol route),methanol-na
BCI-PENTA-PWD·NA,BCI-PENTA-PWD,NA,2,25,0.25,Acetaldehyde (ethylene/refinery gases route),RG-US,d,indexed,direct,refinery-gases-ppi,no_series,Acetaldehyde (ethylene/refinery gases route),
BCI-PENTA-PWD·NA,BCI-PENTA-PWD,NA,3,10,0.1,Calcium hydroxide (aldol condensation catalyst),fixed,f,fixed,,,fixed,Calcium hydroxide (aldol condensation catalyst),
BCI-PENTA-PWD·NA,BCI-PENTA-PWD,NA,4,9,0.09,Industrial electricity,ELEC-NA,d,indexed,direct,elec-na,resolved,Industrial electricity,elec-na
BCI-PENTA-PWD·NA,BCI-PENTA-PWD,NA,5,26,0.26,Supplier margin,fixed,f,fixed,,,fixed,Supplier margin,
BCI-PENTA-PWD·CN,BCI-PENTA-PWD,CN,1,30,0.3,Formaldehyde (methanol route),MEOH-CN,p,indexed,proxy,methanol-na,resolved,Formaldehyde (methanol route),methanol-na
BCI-PENTA-PWD·CN,BCI-PENTA-PWD,CN,2,25,0.25,Acetaldehyde (ethylene/refinery gases route),RG-US,p,indexed,proxy,refinery-gases-ppi,no_series,Acetaldehyde (ethylene/refinery gases route),
BCI-PENTA-PWD·CN,BCI-PENTA-PWD,CN,3,10,0.1,Calcium hydroxide (aldol condensation catalyst),fixed,f,fixed,,,fixed,Calcium hydroxide (aldol condensation catalyst),
BCI-PENTA-PWD·CN,BCI-PENTA-PWD,CN,4,9,0.09,Industrial electricity,ELEC-CN,d,indexed,direct,elec-cn,resolved,Industrial electricity,elec-cn
BCI-PENTA-PWD·CN,BCI-PENTA-PWD,CN,5,26,0.26,Supplier margin,fixed,f,fixed,,,fixed,Supplier margin,
BCI-HEX1-LIQ·APAC,BCI-HEX1-LIQ,APAC,1,65,0.65,Ethylene (trimerization feedstock),PRP-APAC,d,indexed,direct,ethylene-propylene-na,resolved,Ethylene (trimerization feedstock),ethylene-propylene-na
BCI-HEX1-LIQ·APAC,BCI-HEX1-LIQ,APAC,2,8,0.08,Chromium-based catalyst — no liquid index,fixed,f,fixed,,,fixed,Chromium-based catalyst — no liquid index,
BCI-HEX1-LIQ·APAC,BCI-HEX1-LIQ,APAC,3,9,0.09,Industrial electricity,ELEC-APAC,d,indexed,direct,elec-cn,resolved,Industrial electricity,elec-cn
BCI-HEX1-LIQ·APAC,BCI-HEX1-LIQ,APAC,4,18,0.18,Supplier margin,fixed,f,fixed,,,fixed,Supplier margin,
BCI-HEX1-LIQ·NA,BCI-HEX1-LIQ,NA,1,65,0.65,Ethylene (trimerization feedstock),PRP-US,d,indexed,direct,ethylene-propylene-na,resolved,Ethylene (trimerization feedstock),ethylene-propylene-na
BCI-HEX1-LIQ·NA,BCI-HEX1-LIQ,NA,2,8,0.08,Chromium-based catalyst — no liquid index,fixed,f,fixed,,,fixed,Chromium-based catalyst — no liquid index,
BCI-HEX1-LIQ·NA,BCI-HEX1-LIQ,NA,3,9,0.09,Industrial electricity,ELEC-NA,d,indexed,direct,elec-na,resolved,Industrial electricity,elec-na
BCI-HEX1-LIQ·NA,BCI-HEX1-LIQ,NA,4,18,0.18,Supplier margin,fixed,f,fixed,,,fixed,Supplier margin,
RES-LLDPE-PEL·APAC,RES-LLDPE-PEL,APAC,1,65,0.65,Ethylene,PRP-APAC,d,indexed,direct,ethylene-propylene-na,resolved,Ethylene,ethylene-propylene-na
RES-LLDPE-PEL·APAC,RES-LLDPE-PEL,APAC,2,15,0.15,Butene-1/hexene-1 comonomer (refinery gas route),RG-US,p,indexed,proxy,refinery-gases-ppi,no_series,Butene-1/hexene-1 comonomer (refinery gas route),
RES-LLDPE-PEL·APAC,RES-LLDPE-PEL,APAC,3,8,0.08,Industrial electricity,ELEC-APAC,d,indexed,direct,elec-cn,resolved,Industrial electricity,elec-cn
RES-LLDPE-PEL·APAC,RES-LLDPE-PEL,APAC,4,12,0.12,Supplier margin,fixed,f,fixed,,,fixed,Supplier margin,
RES-LLDPE-PEL·EU,RES-LLDPE-PEL,EU,1,65,0.65,Ethylene,PRP-NWE,d,indexed,direct,brent,resolved,Ethylene,brent
RES-LLDPE-PEL·EU,RES-LLDPE-PEL,EU,2,15,0.15,Butene-1/hexene-1 comonomer (refinery gas route),RG-US,p,indexed,proxy,refinery-gases-ppi,no_series,Butene-1/hexene-1 comonomer (refinery gas route),
RES-LLDPE-PEL·EU,RES-LLDPE-PEL,EU,3,8,0.08,Industrial electricity,ELEC-EU,d,indexed,direct,elec-eu,resolved,Industrial electricity,elec-eu
RES-LLDPE-PEL·EU,RES-LLDPE-PEL,EU,4,12,0.12,Supplier margin,fixed,f,fixed,,,fixed,Supplier margin,
RES-LLDPE-PEL·NA,RES-LLDPE-PEL,NA,1,65,0.65,Ethylene,PRP-US,d,indexed,direct,ethylene-propylene-na,resolved,Ethylene,ethylene-propylene-na
RES-LLDPE-PEL·NA,RES-LLDPE-PEL,NA,2,15,0.15,Butene-1/hexene-1 comonomer (refinery gas route),RG-US,d,indexed,direct,refinery-gases-ppi,no_series,Butene-1/hexene-1 comonomer (refinery gas route),
RES-LLDPE-PEL·NA,RES-LLDPE-PEL,NA,3,8,0.08,Industrial electricity,ELEC-NA,d,indexed,direct,elec-na,resolved,Industrial electricity,elec-na
RES-LLDPE-PEL·NA,RES-LLDPE-PEL,NA,4,12,0.12,Supplier margin,fixed,f,fixed,,,fixed,Supplier margin,
RES-LLDPE-PEL·CN,RES-LLDPE-PEL,CN,1,65,0.65,Ethylene,PRP-CN,d,indexed,direct,brent,resolved,Ethylene,brent
RES-LLDPE-PEL·CN,RES-LLDPE-PEL,CN,2,15,0.15,Butene-1/hexene-1 comonomer (refinery gas route),RG-US,p,indexed,proxy,refinery-gases-ppi,no_series,Butene-1/hexene-1 comonomer (refinery gas route),
RES-LLDPE-PEL·CN,RES-LLDPE-PEL,CN,3,8,0.08,Industrial electricity,ELEC-CN,d,indexed,direct,elec-cn,resolved,Industrial electricity,elec-cn
RES-LLDPE-PEL·CN,RES-LLDPE-PEL,CN,4,12,0.12,Supplier margin,fixed,f,fixed,,,fixed,Supplier margin,
BCI-MEA-LIQ·APAC,BCI-MEA-LIQ,APAC,1,45,0.45,Ethylene oxide,EO-ASIA,d,indexed,direct,brent,resolved,Ethylene oxide,brent
BCI-MEA-LIQ·APAC,BCI-MEA-LIQ,APAC,2,25,0.25,Ammonia (aqueous),NH3-APAC,d,indexed,direct,ammonia-na,resolved,Ammonia (aqueous),ammonia-na
BCI-MEA-LIQ·APAC,BCI-MEA-LIQ,APAC,3,8,0.08,Industrial electricity,ELEC-APAC,d,indexed,direct,elec-cn,resolved,Industrial electricity,elec-cn
BCI-MEA-LIQ·APAC,BCI-MEA-LIQ,APAC,4,22,0.22,Supplier margin,fixed,f,fixed,,,fixed,Supplier margin,
BCI-MEA-LIQ·EU,BCI-MEA-LIQ,EU,1,45,0.45,Ethylene oxide,EO-EU,d,indexed,direct,brent,resolved,Ethylene oxide,brent
BCI-MEA-LIQ·EU,BCI-MEA-LIQ,EU,2,25,0.25,Ammonia (aqueous),NH3-EU,d,indexed,direct,ttf-eu,resolved,Ammonia (aqueous),ttf-eu
BCI-MEA-LIQ·EU,BCI-MEA-LIQ,EU,3,8,0.08,Industrial electricity,ELEC-EU,d,indexed,direct,elec-eu,resolved,Industrial electricity,elec-eu
BCI-MEA-LIQ·EU,BCI-MEA-LIQ,EU,4,22,0.22,Supplier margin,fixed,f,fixed,,,fixed,Supplier margin,
BCI-MEA-LIQ·NA,BCI-MEA-LIQ,NA,1,45,0.45,Ethylene oxide,EO-EU,p,indexed,proxy,brent,resolved,Ethylene oxide,brent
BCI-MEA-LIQ·NA,BCI-MEA-LIQ,NA,2,25,0.25,Ammonia (aqueous),NH3-NA,d,indexed,direct,ammonia-na,resolved,Ammonia (aqueous),ammonia-na
BCI-MEA-LIQ·NA,BCI-MEA-LIQ,NA,3,8,0.08,Industrial electricity,ELEC-NA,d,indexed,direct,elec-na,resolved,Industrial electricity,elec-na
BCI-MEA-LIQ·NA,BCI-MEA-LIQ,NA,4,22,0.22,Supplier margin,fixed,f,fixed,,,fixed,Supplier margin,
SUR-FAE-LIQ·APAC,SUR-FAE-LIQ,APAC,1,40,0.4,Fatty alcohol (C12-C18),fixed,f,fixed,,,fixed,Fatty alcohol (C12-C18),
SUR-FAE-LIQ·APAC,SUR-FAE-LIQ,APAC,2,35,0.35,Ethylene oxide,EO-ASIA,d,indexed,direct,brent,resolved,Ethylene oxide,brent
SUR-FAE-LIQ·APAC,SUR-FAE-LIQ,APAC,3,8,0.08,Industrial electricity,ELEC-APAC,d,indexed,direct,elec-cn,resolved,Industrial electricity,elec-cn
SUR-FAE-LIQ·APAC,SUR-FAE-LIQ,APAC,4,17,0.17,Supplier margin,fixed,f,fixed,,,fixed,Supplier margin,
SUR-FAE-LIQ·EU,SUR-FAE-LIQ,EU,1,40,0.4,Fatty alcohol (C12-C18),fixed,f,fixed,,,fixed,Fatty alcohol (C12-C18),
SUR-FAE-LIQ·EU,SUR-FAE-LIQ,EU,2,35,0.35,Ethylene oxide,EO-EU,d,indexed,direct,brent,resolved,Ethylene oxide,brent
SUR-FAE-LIQ·EU,SUR-FAE-LIQ,EU,3,8,0.08,Industrial electricity,ELEC-EU,d,indexed,direct,elec-eu,resolved,Industrial electricity,elec-eu
SUR-FAE-LIQ·EU,SUR-FAE-LIQ,EU,4,17,0.17,Supplier margin,fixed,f,fixed,,,fixed,Supplier margin,
SUR-FAE-LIQ·NA,SUR-FAE-LIQ,NA,1,40,0.4,Fatty alcohol (C12-C18),fixed,f,fixed,,,fixed,Fatty alcohol (C12-C18),
SUR-FAE-LIQ·NA,SUR-FAE-LIQ,NA,2,35,0.35,Ethylene oxide,EO-EU,p,indexed,proxy,brent,resolved,Ethylene oxide,brent
SUR-FAE-LIQ·NA,SUR-FAE-LIQ,NA,3,8,0.08,Industrial electricity,ELEC-NA,d,indexed,direct,elec-na,resolved,Industrial electricity,elec-na
SUR-FAE-LIQ·NA,SUR-FAE-LIQ,NA,4,17,0.17,Supplier margin,fixed,f,fixed,,,fixed,Supplier margin,
BCI-POLYOL-LIQ·APAC,BCI-POLYOL-LIQ,APAC,1,35,0.35,Propylene oxide,PRP-APAC,d,indexed,direct,ethylene-propylene-na,resolved,Propylene oxide,ethylene-propylene-na
BCI-POLYOL-LIQ·APAC,BCI-POLYOL-LIQ,APAC,2,25,0.25,Ethylene oxide,EO-ASIA,d,indexed,direct,brent,resolved,Ethylene oxide,brent
BCI-POLYOL-LIQ·APAC,BCI-POLYOL-LIQ,APAC,3,10,0.1,Glycerine (initiator) — no liquid index,fixed,f,fixed,,,fixed,Glycerine (initiator) — no liquid index,
BCI-POLYOL-LIQ·APAC,BCI-POLYOL-LIQ,APAC,4,8,0.08,Industrial electricity,ELEC-APAC,d,indexed,direct,elec-cn,resolved,Industrial electricity,elec-cn
BCI-POLYOL-LIQ·APAC,BCI-POLYOL-LIQ,APAC,5,22,0.22,Supplier margin,fixed,f,fixed,,,fixed,Supplier margin,
BCI-POLYOL-LIQ·EU,BCI-POLYOL-LIQ,EU,1,35,0.35,Propylene oxide,PRP-NWE,d,indexed,direct,brent,resolved,Propylene oxide,brent
BCI-POLYOL-LIQ·EU,BCI-POLYOL-LIQ,EU,2,25,0.25,Ethylene oxide,EO-EU,d,indexed,direct,brent,resolved,Ethylene oxide,brent
BCI-POLYOL-LIQ·EU,BCI-POLYOL-LIQ,EU,3,10,0.1,Glycerine (initiator) — no liquid index,fixed,f,fixed,,,fixed,Glycerine (initiator) — no liquid index,
BCI-POLYOL-LIQ·EU,BCI-POLYOL-LIQ,EU,4,8,0.08,Industrial electricity,ELEC-EU,d,indexed,direct,elec-eu,resolved,Industrial electricity,elec-eu
BCI-POLYOL-LIQ·EU,BCI-POLYOL-LIQ,EU,5,22,0.22,Supplier margin,fixed,f,fixed,,,fixed,Supplier margin,
BCI-POLYOL-LIQ·NA,BCI-POLYOL-LIQ,NA,1,35,0.35,Propylene oxide,PRP-US,d,indexed,direct,ethylene-propylene-na,resolved,Propylene oxide,ethylene-propylene-na
BCI-POLYOL-LIQ·NA,BCI-POLYOL-LIQ,NA,2,25,0.25,Ethylene oxide,EO-EU,p,indexed,proxy,brent,resolved,Ethylene oxide,brent
BCI-POLYOL-LIQ·NA,BCI-POLYOL-LIQ,NA,3,10,0.1,Glycerine (initiator) — no liquid index,fixed,f,fixed,,,fixed,Glycerine (initiator) — no liquid index,
BCI-POLYOL-LIQ·NA,BCI-POLYOL-LIQ,NA,4,8,0.08,Industrial electricity,ELEC-NA,d,indexed,direct,elec-na,resolved,Industrial electricity,elec-na
BCI-POLYOL-LIQ·NA,BCI-POLYOL-LIQ,NA,5,22,0.22,Supplier margin,fixed,f,fixed,,,fixed,Supplier margin,
BCI-LAO8-LIQ·NA,BCI-LAO8-LIQ,NA,1,62,0.62,Ethylene (SHOP oligomerization feedstock),ETH-US,d,indexed,direct,ethylene-propylene-na,resolved,Ethylene (SHOP oligomerization feedstock),ethylene-propylene-na
BCI-LAO8-LIQ·NA,BCI-LAO8-LIQ,NA,2,8,0.08,Nickel-phosphine catalyst — no liquid index,fixed,f,fixed,,,fixed,Nickel-phosphine catalyst — no liquid index,
BCI-LAO8-LIQ·NA,BCI-LAO8-LIQ,NA,3,8,0.08,Industrial electricity,ELEC-NA,d,indexed,direct,elec-na,resolved,Industrial electricity,elec-na
BCI-LAO8-LIQ·NA,BCI-LAO8-LIQ,NA,4,4,0.04,Fixed costs LCI,LCI-NA,d,indexed,direct,lci-na,resolved,Fixed costs LCI,lci-na
BCI-LAO8-LIQ·NA,BCI-LAO8-LIQ,NA,5,18,0.18,Supplier margin,fixed,f,fixed,,,fixed,Supplier margin,
BCI-LAO8-LIQ·EU,BCI-LAO8-LIQ,EU,1,62,0.62,Ethylene (SHOP oligomerization feedstock),ETH-NWE,d,indexed,direct,brent,resolved,Ethylene (SHOP oligomerization feedstock),brent
BCI-LAO8-LIQ·EU,BCI-LAO8-LIQ,EU,2,8,0.08,Nickel-phosphine catalyst — no liquid index,fixed,f,fixed,,,fixed,Nickel-phosphine catalyst — no liquid index,
BCI-LAO8-LIQ·EU,BCI-LAO8-LIQ,EU,3,8,0.08,Industrial electricity,ELEC-EU,d,indexed,direct,elec-eu,resolved,Industrial electricity,elec-eu
BCI-LAO8-LIQ·EU,BCI-LAO8-LIQ,EU,4,4,0.04,Fixed costs LCI,LCI-EU,d,indexed,direct,lci-eu,resolved,Fixed costs LCI,lci-eu
BCI-LAO8-LIQ·EU,BCI-LAO8-LIQ,EU,5,18,0.18,Supplier margin,fixed,f,fixed,,,fixed,Supplier margin,
BCI-LAO8-LIQ·CN,BCI-LAO8-LIQ,CN,1,62,0.62,Ethylene (SHOP oligomerization feedstock),ETH-CN,d,indexed,direct,brent,resolved,Ethylene (SHOP oligomerization feedstock),brent
BCI-LAO8-LIQ·CN,BCI-LAO8-LIQ,CN,2,8,0.08,Nickel-phosphine catalyst — no liquid index,fixed,f,fixed,,,fixed,Nickel-phosphine catalyst — no liquid index,
BCI-LAO8-LIQ·CN,BCI-LAO8-LIQ,CN,3,8,0.08,Industrial electricity,ELEC-CN,d,indexed,direct,elec-cn,resolved,Industrial electricity,elec-cn
BCI-LAO8-LIQ·CN,BCI-LAO8-LIQ,CN,4,4,0.04,Fixed costs LCI,LCI-CN,d,indexed,direct,lci-cn,resolved,Fixed costs LCI,lci-cn
BCI-LAO8-LIQ·CN,BCI-LAO8-LIQ,CN,5,18,0.18,Supplier margin,fixed,f,fixed,,,fixed,Supplier margin,
BCI-LAO1012-LIQ·NA,BCI-LAO1012-LIQ,NA,1,68,0.68,Ethylene (SHOP oligomerization feedstock),ETH-US,d,indexed,direct,ethylene-propylene-na,resolved,Ethylene (SHOP oligomerization feedstock),ethylene-propylene-na
BCI-LAO1012-LIQ·NA,BCI-LAO1012-LIQ,NA,2,7,0.07,Nickel-phosphine catalyst — no liquid index,fixed,f,fixed,,,fixed,Nickel-phosphine catalyst — no liquid index,
BCI-LAO1012-LIQ·NA,BCI-LAO1012-LIQ,NA,3,8,0.08,Industrial electricity,ELEC-NA,d,indexed,direct,elec-na,resolved,Industrial electricity,elec-na
BCI-LAO1012-LIQ·NA,BCI-LAO1012-LIQ,NA,4,4,0.04,Fixed costs LCI,LCI-NA,d,indexed,direct,lci-na,resolved,Fixed costs LCI,lci-na
BCI-LAO1012-LIQ·NA,BCI-LAO1012-LIQ,NA,5,13,0.13,Supplier margin,fixed,f,fixed,,,fixed,Supplier margin,
BCI-LAO1012-LIQ·EU,BCI-LAO1012-LIQ,EU,1,68,0.68,Ethylene (SHOP oligomerization feedstock),ETH-NWE,d,indexed,direct,brent,resolved,Ethylene (SHOP oligomerization feedstock),brent
BCI-LAO1012-LIQ·EU,BCI-LAO1012-LIQ,EU,2,7,0.07,Nickel-phosphine catalyst — no liquid index,fixed,f,fixed,,,fixed,Nickel-phosphine catalyst — no liquid index,
BCI-LAO1012-LIQ·EU,BCI-LAO1012-LIQ,EU,3,8,0.08,Industrial electricity,ELEC-EU,d,indexed,direct,elec-eu,resolved,Industrial electricity,elec-eu
BCI-LAO1012-LIQ·EU,BCI-LAO1012-LIQ,EU,4,4,0.04,Fixed costs LCI,LCI-EU,d,indexed,direct,lci-eu,resolved,Fixed costs LCI,lci-eu
BCI-LAO1012-LIQ·EU,BCI-LAO1012-LIQ,EU,5,13,0.13,Supplier margin,fixed,f,fixed,,,fixed,Supplier margin,
BCI-LAO1012-LIQ·CN,BCI-LAO1012-LIQ,CN,1,68,0.68,Ethylene (SHOP oligomerization feedstock),ETH-CN,d,indexed,direct,brent,resolved,Ethylene (SHOP oligomerization feedstock),brent
BCI-LAO1012-LIQ·CN,BCI-LAO1012-LIQ,CN,2,7,0.07,Nickel-phosphine catalyst — no liquid index,fixed,f,fixed,,,fixed,Nickel-phosphine catalyst — no liquid index,
BCI-LAO1012-LIQ·CN,BCI-LAO1012-LIQ,CN,3,8,0.08,Industrial electricity,ELEC-CN,d,indexed,direct,elec-cn,resolved,Industrial electricity,elec-cn
BCI-LAO1012-LIQ·CN,BCI-LAO1012-LIQ,CN,4,4,0.04,Fixed costs LCI,LCI-CN,d,indexed,direct,lci-cn,resolved,Fixed costs LCI,lci-cn
BCI-LAO1012-LIQ·CN,BCI-LAO1012-LIQ,CN,5,13,0.13,Supplier margin,fixed,f,fixed,,,fixed,Supplier margin,
BCI-LAO1418-LIQ·NA,BCI-LAO1418-LIQ,NA,1,70,0.7,Ethylene (SHOP oligomerization feedstock),ETH-US,d,indexed,direct,ethylene-propylene-na,resolved,Ethylene (SHOP oligomerization feedstock),ethylene-propylene-na
BCI-LAO1418-LIQ·NA,BCI-LAO1418-LIQ,NA,2,6,0.06,Nickel-phosphine catalyst — no liquid index,fixed,f,fixed,,,fixed,Nickel-phosphine catalyst — no liquid index,
BCI-LAO1418-LIQ·NA,BCI-LAO1418-LIQ,NA,3,7,0.07,Industrial electricity,ELEC-NA,d,indexed,direct,elec-na,resolved,Industrial electricity,elec-na
BCI-LAO1418-LIQ·NA,BCI-LAO1418-LIQ,NA,4,4,0.04,Fixed costs LCI,LCI-NA,d,indexed,direct,lci-na,resolved,Fixed costs LCI,lci-na
BCI-LAO1418-LIQ·NA,BCI-LAO1418-LIQ,NA,5,13,0.13,Supplier margin,fixed,f,fixed,,,fixed,Supplier margin,
BCI-LAO1418-LIQ·EU,BCI-LAO1418-LIQ,EU,1,70,0.7,Ethylene (SHOP oligomerization feedstock),ETH-NWE,d,indexed,direct,brent,resolved,Ethylene (SHOP oligomerization feedstock),brent
BCI-LAO1418-LIQ·EU,BCI-LAO1418-LIQ,EU,2,6,0.06,Nickel-phosphine catalyst — no liquid index,fixed,f,fixed,,,fixed,Nickel-phosphine catalyst — no liquid index,
BCI-LAO1418-LIQ·EU,BCI-LAO1418-LIQ,EU,3,7,0.07,Industrial electricity,ELEC-EU,d,indexed,direct,elec-eu,resolved,Industrial electricity,elec-eu
BCI-LAO1418-LIQ·EU,BCI-LAO1418-LIQ,EU,4,4,0.04,Fixed costs LCI,LCI-EU,d,indexed,direct,lci-eu,resolved,Fixed costs LCI,lci-eu
BCI-LAO1418-LIQ·EU,BCI-LAO1418-LIQ,EU,5,13,0.13,Supplier margin,fixed,f,fixed,,,fixed,Supplier margin,
BCI-NEOFLO-LIQ·NA,BCI-NEOFLO-LIQ,NA,1,68,0.68,"Ethylene (SHOP feedstock, isomerization/disproportionation loop)",ETH-US,d,indexed,direct,ethylene-propylene-na,resolved,"Ethylene (SHOP feedstock, isomerization/disproportionation loop)",ethylene-propylene-na
BCI-NEOFLO-LIQ·NA,BCI-NEOFLO-LIQ,NA,2,8,0.08,Isomerization catalyst — no liquid index,fixed,f,fixed,,,fixed,Isomerization catalyst — no liquid index,
BCI-NEOFLO-LIQ·NA,BCI-NEOFLO-LIQ,NA,3,7,0.07,Industrial electricity,ELEC-NA,d,indexed,direct,elec-na,resolved,Industrial electricity,elec-na
BCI-NEOFLO-LIQ·NA,BCI-NEOFLO-LIQ,NA,4,5,0.05,Fixed costs LCI,LCI-NA,d,indexed,direct,lci-na,resolved,Fixed costs LCI,lci-na
BCI-NEOFLO-LIQ·NA,BCI-NEOFLO-LIQ,NA,5,12,0.12,Supplier margin,fixed,f,fixed,,,fixed,Supplier margin,
OLE-NEOD23-LIQ·NA,OLE-NEOD23-LIQ,NA,1,40,0.4,NEODENE C11-C12 alpha olefins (ethylene route),ETH-US,d,indexed,direct,ethylene-propylene-na,resolved,NEODENE C11-C12 alpha olefins (ethylene route),ethylene-propylene-na
OLE-NEOD23-LIQ·NA,OLE-NEOD23-LIQ,NA,2,25,0.25,"Syngas (CO+H2, natural gas steam reforming)",NATGAS-US,d,indexed,direct,natgas-ppi,no_series,"Syngas (CO+H2, natural gas steam reforming)",
OLE-NEOD23-LIQ·NA,OLE-NEOD23-LIQ,NA,3,8,0.08,Industrial electricity,ELEC-NA,d,indexed,direct,elec-na,resolved,Industrial electricity,elec-na
OLE-NEOD23-LIQ·NA,OLE-NEOD23-LIQ,NA,4,12,0.12,Fixed costs LCI,LCI-NA,d,indexed,direct,lci-na,resolved,Fixed costs LCI,lci-na
OLE-NEOD23-LIQ·NA,OLE-NEOD23-LIQ,NA,5,15,0.15,Supplier margin,fixed,f,fixed,,,fixed,Supplier margin,
OLE-NEOD23-LIQ·EU,OLE-NEOD23-LIQ,EU,1,40,0.4,NEODENE C11-C12 alpha olefins (ethylene route),ETH-NWE,d,indexed,direct,brent,resolved,NEODENE C11-C12 alpha olefins (ethylene route),brent
OLE-NEOD23-LIQ·EU,OLE-NEOD23-LIQ,EU,2,25,0.25,"Syngas (CO+H2, natural gas steam reforming)",NATGAS-US,p,indexed,proxy,natgas-ppi,no_series,"Syngas (CO+H2, natural gas steam reforming)",
OLE-NEOD23-LIQ·EU,OLE-NEOD23-LIQ,EU,3,8,0.08,Industrial electricity,ELEC-EU,d,indexed,direct,elec-eu,resolved,Industrial electricity,elec-eu
OLE-NEOD23-LIQ·EU,OLE-NEOD23-LIQ,EU,4,12,0.12,Fixed costs LCI,LCI-EU,d,indexed,direct,lci-eu,resolved,Fixed costs LCI,lci-eu
OLE-NEOD23-LIQ·EU,OLE-NEOD23-LIQ,EU,5,15,0.15,Supplier margin,fixed,f,fixed,,,fixed,Supplier margin,
OLE-NEOD45-PWD·NA,OLE-NEOD45-PWD,NA,1,40,0.4,NEODENE C13-C14 alpha olefins (ethylene route),ETH-US,d,indexed,direct,ethylene-propylene-na,resolved,NEODENE C13-C14 alpha olefins (ethylene route),ethylene-propylene-na
OLE-NEOD45-PWD·NA,OLE-NEOD45-PWD,NA,2,25,0.25,"Syngas (CO+H2, natural gas steam reforming)",NATGAS-US,d,indexed,direct,natgas-ppi,no_series,"Syngas (CO+H2, natural gas steam reforming)",
OLE-NEOD45-PWD·NA,OLE-NEOD45-PWD,NA,3,8,0.08,Industrial electricity,ELEC-NA,d,indexed,direct,elec-na,resolved,Industrial electricity,elec-na
OLE-NEOD45-PWD·NA,OLE-NEOD45-PWD,NA,4,12,0.12,Fixed costs LCI,LCI-NA,d,indexed,direct,lci-na,resolved,Fixed costs LCI,lci-na
OLE-NEOD45-PWD·NA,OLE-NEOD45-PWD,NA,5,15,0.15,Supplier margin,fixed,f,fixed,,,fixed,Supplier margin,
OLE-NEOD45-PWD·EU,OLE-NEOD45-PWD,EU,1,40,0.4,NEODENE C13-C14 alpha olefins (ethylene route),ETH-NWE,d,indexed,direct,brent,resolved,NEODENE C13-C14 alpha olefins (ethylene route),brent
OLE-NEOD45-PWD·EU,OLE-NEOD45-PWD,EU,2,25,0.25,"Syngas (CO+H2, natural gas steam reforming)",NATGAS-US,p,indexed,proxy,natgas-ppi,no_series,"Syngas (CO+H2, natural gas steam reforming)",
OLE-NEOD45-PWD·EU,OLE-NEOD45-PWD,EU,3,8,0.08,Industrial electricity,ELEC-EU,d,indexed,direct,elec-eu,resolved,Industrial electricity,elec-eu
OLE-NEOD45-PWD·EU,OLE-NEOD45-PWD,EU,4,12,0.12,Fixed costs LCI,LCI-EU,d,indexed,direct,lci-eu,resolved,Fixed costs LCI,lci-eu
OLE-NEOD45-PWD·EU,OLE-NEOD45-PWD,EU,5,15,0.15,Supplier margin,fixed,f,fixed,,,fixed,Supplier margin,
OLE-LINEVOL911-LIQ·NA,OLE-LINEVOL911-LIQ,NA,1,40,0.4,NEODENE C8-C10 alpha olefins (ethylene route),ETH-US,d,indexed,direct,ethylene-propylene-na,resolved,NEODENE C8-C10 alpha olefins (ethylene route),ethylene-propylene-na
OLE-LINEVOL911-LIQ·NA,OLE-LINEVOL911-LIQ,NA,2,25,0.25,"Syngas (CO+H2, natural gas steam reforming)",NATGAS-US,d,indexed,direct,natgas-ppi,no_series,"Syngas (CO+H2, natural gas steam reforming)",
OLE-LINEVOL911-LIQ·NA,OLE-LINEVOL911-LIQ,NA,3,8,0.08,Industrial electricity,ELEC-NA,d,indexed,direct,elec-na,resolved,Industrial electricity,elec-na
OLE-LINEVOL911-LIQ·NA,OLE-LINEVOL911-LIQ,NA,4,11,0.11,Fixed costs LCI,LCI-NA,d,indexed,direct,lci-na,resolved,Fixed costs LCI,lci-na
OLE-LINEVOL911-LIQ·NA,OLE-LINEVOL911-LIQ,NA,5,16,0.16,Supplier margin,fixed,f,fixed,,,fixed,Supplier margin,
OLE-LINEVOL911-LIQ·EU,OLE-LINEVOL911-LIQ,EU,1,40,0.4,NEODENE C8-C10 alpha olefins (ethylene route),ETH-NWE,d,indexed,direct,brent,resolved,NEODENE C8-C10 alpha olefins (ethylene route),brent
OLE-LINEVOL911-LIQ·EU,OLE-LINEVOL911-LIQ,EU,2,25,0.25,"Syngas (CO+H2, natural gas steam reforming)",NATGAS-US,p,indexed,proxy,natgas-ppi,no_series,"Syngas (CO+H2, natural gas steam reforming)",
OLE-LINEVOL911-LIQ·EU,OLE-LINEVOL911-LIQ,EU,3,8,0.08,Industrial electricity,ELEC-EU,d,indexed,direct,elec-eu,resolved,Industrial electricity,elec-eu
OLE-LINEVOL911-LIQ·EU,OLE-LINEVOL911-LIQ,EU,4,11,0.11,Fixed costs LCI,LCI-EU,d,indexed,direct,lci-eu,resolved,Fixed costs LCI,lci-eu
OLE-LINEVOL911-LIQ·EU,OLE-LINEVOL911-LIQ,EU,5,16,0.16,Supplier margin,fixed,f,fixed,,,fixed,Supplier margin,
SUR-NEODEO-LIQ·NA,SUR-NEODEO-LIQ,NA,1,30,0.3,NEODOL alcohol backbone (ethylene route),ETH-US,d,indexed,direct,ethylene-propylene-na,resolved,NEODOL alcohol backbone (ethylene route),ethylene-propylene-na
SUR-NEODEO-LIQ·NA,SUR-NEODEO-LIQ,NA,2,30,0.3,Ethylene oxide,EO-EU,p,indexed,proxy,brent,resolved,Ethylene oxide,brent
SUR-NEODEO-LIQ·NA,SUR-NEODEO-LIQ,NA,3,10,0.1,Syngas (NEODOL alcohol synthesis),NATGAS-US,d,indexed,direct,natgas-ppi,no_series,Syngas (NEODOL alcohol synthesis),
SUR-NEODEO-LIQ·NA,SUR-NEODEO-LIQ,NA,4,7,0.07,Industrial electricity,ELEC-NA,d,indexed,direct,elec-na,resolved,Industrial electricity,elec-na
SUR-NEODEO-LIQ·NA,SUR-NEODEO-LIQ,NA,5,8,0.08,Fixed costs LCI,LCI-NA,d,indexed,direct,lci-na,resolved,Fixed costs LCI,lci-na
SUR-NEODEO-LIQ·NA,SUR-NEODEO-LIQ,NA,6,15,0.15,Supplier margin,fixed,f,fixed,,,fixed,Supplier margin,
SUR-NEODEO-LIQ·EU,SUR-NEODEO-LIQ,EU,1,30,0.3,NEODOL alcohol backbone (ethylene route),ETH-NWE,d,indexed,direct,brent,resolved,NEODOL alcohol backbone (ethylene route),brent
SUR-NEODEO-LIQ·EU,SUR-NEODEO-LIQ,EU,2,30,0.3,Ethylene oxide,EO-EU,d,indexed,direct,brent,resolved,Ethylene oxide,brent
SUR-NEODEO-LIQ·EU,SUR-NEODEO-LIQ,EU,3,10,0.1,Syngas (NEODOL alcohol synthesis),NATGAS-US,p,indexed,proxy,natgas-ppi,no_series,Syngas (NEODOL alcohol synthesis),
SUR-NEODEO-LIQ·EU,SUR-NEODEO-LIQ,EU,4,7,0.07,Industrial electricity,ELEC-EU,d,indexed,direct,elec-eu,resolved,Industrial electricity,elec-eu
SUR-NEODEO-LIQ·EU,SUR-NEODEO-LIQ,EU,5,8,0.08,Fixed costs LCI,LCI-EU,d,indexed,direct,lci-eu,resolved,Fixed costs LCI,lci-eu
SUR-NEODEO-LIQ·EU,SUR-NEODEO-LIQ,EU,6,15,0.15,Supplier margin,fixed,f,fixed,,,fixed,Supplier margin,
BCI-STY-LIQ·EU,BCI-STY-LIQ,EU,1,48,0.48,Benzene (ethylbenzene route),BZ-EU,d,indexed,direct,brent,resolved,Benzene (ethylbenzene route),brent
BCI-STY-LIQ·EU,BCI-STY-LIQ,EU,2,27,0.27,Ethylene (ethylbenzene route),ETH-NWE,d,indexed,direct,brent,resolved,Ethylene (ethylbenzene route),brent
BCI-STY-LIQ·EU,BCI-STY-LIQ,EU,3,8,0.08,Industrial electricity,ELEC-EU,d,indexed,direct,elec-eu,resolved,Industrial electricity,elec-eu
BCI-STY-LIQ·EU,BCI-STY-LIQ,EU,4,7,0.07,Fixed costs LCI,LCI-EU,d,indexed,direct,lci-eu,resolved,Fixed costs LCI,lci-eu
BCI-STY-LIQ·EU,BCI-STY-LIQ,EU,5,10,0.1,Supplier margin,fixed,f,fixed,,,fixed,Supplier margin,
BCI-STY-LIQ·NA,BCI-STY-LIQ,NA,1,48,0.48,Benzene (ethylbenzene route),BZ-NA,d,indexed,direct,benzene-na,resolved,Benzene (ethylbenzene route),benzene-na
BCI-STY-LIQ·NA,BCI-STY-LIQ,NA,2,27,0.27,Ethylene (ethylbenzene route),ETH-US,d,indexed,direct,ethylene-propylene-na,resolved,Ethylene (ethylbenzene route),ethylene-propylene-na
BCI-STY-LIQ·NA,BCI-STY-LIQ,NA,3,8,0.08,Industrial electricity,ELEC-NA,d,indexed,direct,elec-na,resolved,Industrial electricity,elec-na
BCI-STY-LIQ·NA,BCI-STY-LIQ,NA,4,7,0.07,Fixed costs LCI,LCI-NA,d,indexed,direct,lci-na,resolved,Fixed costs LCI,lci-na
BCI-STY-LIQ·NA,BCI-STY-LIQ,NA,5,10,0.1,Supplier margin,fixed,f,fixed,,,fixed,Supplier margin,
BCI-STY-LIQ·APAC,BCI-STY-LIQ,APAC,1,48,0.48,Benzene (ethylbenzene route),BZ-ASIA,d,indexed,direct,brent,resolved,Benzene (ethylbenzene route),brent
BCI-STY-LIQ·APAC,BCI-STY-LIQ,APAC,2,27,0.27,Ethylene (ethylbenzene route),ETH-APAC,d,indexed,direct,ethylene-propylene-na,resolved,Ethylene (ethylbenzene route),ethylene-propylene-na
BCI-STY-LIQ·APAC,BCI-STY-LIQ,APAC,3,8,0.08,Industrial electricity,ELEC-APAC,d,indexed,direct,elec-cn,resolved,Industrial electricity,elec-cn
BCI-STY-LIQ·APAC,BCI-STY-LIQ,APAC,4,7,0.07,Fixed costs LCI,LCI-APAC,d,indexed,direct,lci-apac,resolved,Fixed costs LCI,lci-apac
BCI-STY-LIQ·APAC,BCI-STY-LIQ,APAC,5,10,0.1,Supplier margin,fixed,f,fixed,,,fixed,Supplier margin,
BCI-BD-LIQ·EU,BCI-BD-LIQ,EU,1,70,0.7,Naphtha (C4 raffinate co-product of ethylene cracking),NAPH-NWE,d,indexed,direct,brent,resolved,Naphtha (C4 raffinate co-product of ethylene cracking),brent
BCI-BD-LIQ·EU,BCI-BD-LIQ,EU,2,10,0.1,Industrial electricity,ELEC-EU,d,indexed,direct,elec-eu,resolved,Industrial electricity,elec-eu
BCI-BD-LIQ·EU,BCI-BD-LIQ,EU,3,8,0.08,Fixed costs LCI,LCI-EU,d,indexed,direct,lci-eu,resolved,Fixed costs LCI,lci-eu
BCI-BD-LIQ·EU,BCI-BD-LIQ,EU,4,12,0.12,Supplier margin,fixed,f,fixed,,,fixed,Supplier margin,
BCI-BD-LIQ·NA,BCI-BD-LIQ,NA,1,70,0.7,Naphtha (C4 raffinate co-product of ethylene cracking),NAPH-NA,d,indexed,direct,brent,resolved,Naphtha (C4 raffinate co-product of ethylene cracking),brent
BCI-BD-LIQ·NA,BCI-BD-LIQ,NA,2,10,0.1,Industrial electricity,ELEC-NA,d,indexed,direct,elec-na,resolved,Industrial electricity,elec-na
BCI-BD-LIQ·NA,BCI-BD-LIQ,NA,3,8,0.08,Fixed costs LCI,LCI-NA,d,indexed,direct,lci-na,resolved,Fixed costs LCI,lci-na
BCI-BD-LIQ·NA,BCI-BD-LIQ,NA,4,12,0.12,Supplier margin,fixed,f,fixed,,,fixed,Supplier margin,
BCI-BD-LIQ·APAC,BCI-BD-LIQ,APAC,1,70,0.7,Naphtha (C4 raffinate co-product of ethylene cracking),NAPH-ASIA,d,indexed,direct,brent,resolved,Naphtha (C4 raffinate co-product of ethylene cracking),brent
BCI-BD-LIQ·APAC,BCI-BD-LIQ,APAC,2,10,0.1,Industrial electricity,ELEC-APAC,d,indexed,direct,elec-cn,resolved,Industrial electricity,elec-cn
BCI-BD-LIQ·APAC,BCI-BD-LIQ,APAC,3,8,0.08,Fixed costs LCI,LCI-APAC,d,indexed,direct,lci-apac,resolved,Fixed costs LCI,lci-apac
BCI-BD-LIQ·APAC,BCI-BD-LIQ,APAC,4,12,0.12,Supplier margin,fixed,f,fixed,,,fixed,Supplier margin,
BCI-DEG-LIQ·EU,BCI-DEG-LIQ,EU,1,60,0.6,"Ethylene (via ethylene oxide hydrolysis, higher-oligomer fraction)",ETH-NWE,d,indexed,direct,brent,resolved,"Ethylene (via ethylene oxide hydrolysis, higher-oligomer fractio",brent
BCI-DEG-LIQ·EU,BCI-DEG-LIQ,EU,2,8,0.08,EO hydrolysis fixed conversion,fixed,f,fixed,,,fixed,EO hydrolysis fixed conversion,
BCI-DEG-LIQ·EU,BCI-DEG-LIQ,EU,3,8,0.08,Industrial electricity,ELEC-EU,d,indexed,direct,elec-eu,resolved,Industrial electricity,elec-eu
BCI-DEG-LIQ·EU,BCI-DEG-LIQ,EU,4,14,0.14,Fixed costs LCI,LCI-EU,d,indexed,direct,lci-eu,resolved,Fixed costs LCI,lci-eu
BCI-DEG-LIQ·EU,BCI-DEG-LIQ,EU,5,10,0.1,Supplier margin,fixed,f,fixed,,,fixed,Supplier margin,
BCI-DEG-LIQ·NA,BCI-DEG-LIQ,NA,1,60,0.6,"Ethylene (via ethylene oxide hydrolysis, higher-oligomer fraction)",ETH-US,d,indexed,direct,ethylene-propylene-na,resolved,"Ethylene (via ethylene oxide hydrolysis, higher-oligomer fractio",ethylene-propylene-na
BCI-DEG-LIQ·NA,BCI-DEG-LIQ,NA,2,8,0.08,EO hydrolysis fixed conversion,fixed,f,fixed,,,fixed,EO hydrolysis fixed conversion,
BCI-DEG-LIQ·NA,BCI-DEG-LIQ,NA,3,8,0.08,Industrial electricity,ELEC-NA,d,indexed,direct,elec-na,resolved,Industrial electricity,elec-na
BCI-DEG-LIQ·NA,BCI-DEG-LIQ,NA,4,14,0.14,Fixed costs LCI,LCI-NA,d,indexed,direct,lci-na,resolved,Fixed costs LCI,lci-na
BCI-DEG-LIQ·NA,BCI-DEG-LIQ,NA,5,10,0.1,Supplier margin,fixed,f,fixed,,,fixed,Supplier margin,
BCI-DEG-LIQ·APAC,BCI-DEG-LIQ,APAC,1,60,0.6,"Ethylene (via ethylene oxide hydrolysis, higher-oligomer fraction)",ETH-APAC,d,indexed,direct,ethylene-propylene-na,resolved,"Ethylene (via ethylene oxide hydrolysis, higher-oligomer fractio",ethylene-propylene-na
BCI-DEG-LIQ·APAC,BCI-DEG-LIQ,APAC,2,8,0.08,EO hydrolysis fixed conversion,fixed,f,fixed,,,fixed,EO hydrolysis fixed conversion,
BCI-DEG-LIQ·APAC,BCI-DEG-LIQ,APAC,3,8,0.08,Industrial electricity,ELEC-APAC,d,indexed,direct,elec-cn,resolved,Industrial electricity,elec-cn
BCI-DEG-LIQ·APAC,BCI-DEG-LIQ,APAC,4,14,0.14,Fixed costs LCI,LCI-APAC,d,indexed,direct,lci-apac,resolved,Fixed costs LCI,lci-apac
BCI-DEG-LIQ·APAC,BCI-DEG-LIQ,APAC,5,10,0.1,Supplier margin,fixed,f,fixed,,,fixed,Supplier margin,
BCI-TEG-LIQ·NA,BCI-TEG-LIQ,NA,1,58,0.58,"Ethylene (via ethylene oxide hydrolysis, highest-oligomer fraction)",ETH-US,d,indexed,direct,ethylene-propylene-na,resolved,"Ethylene (via ethylene oxide hydrolysis, highest-oligomer fracti",ethylene-propylene-na
BCI-TEG-LIQ·NA,BCI-TEG-LIQ,NA,2,8,0.08,EO hydrolysis fixed conversion,fixed,f,fixed,,,fixed,EO hydrolysis fixed conversion,
BCI-TEG-LIQ·NA,BCI-TEG-LIQ,NA,3,8,0.08,Industrial electricity,ELEC-NA,d,indexed,direct,elec-na,resolved,Industrial electricity,elec-na
BCI-TEG-LIQ·NA,BCI-TEG-LIQ,NA,4,13,0.13,Fixed costs LCI,LCI-NA,d,indexed,direct,lci-na,resolved,Fixed costs LCI,lci-na
BCI-TEG-LIQ·NA,BCI-TEG-LIQ,NA,5,13,0.13,Supplier margin,fixed,f,fixed,,,fixed,Supplier margin,
BCI-TEG-LIQ·EU,BCI-TEG-LIQ,EU,1,58,0.58,"Ethylene (via ethylene oxide hydrolysis, highest-oligomer fraction)",ETH-NWE,d,indexed,direct,brent,resolved,"Ethylene (via ethylene oxide hydrolysis, highest-oligomer fracti",brent
BCI-TEG-LIQ·EU,BCI-TEG-LIQ,EU,2,8,0.08,EO hydrolysis fixed conversion,fixed,f,fixed,,,fixed,EO hydrolysis fixed conversion,
BCI-TEG-LIQ·EU,BCI-TEG-LIQ,EU,3,8,0.08,Industrial electricity,ELEC-EU,d,indexed,direct,elec-eu,resolved,Industrial electricity,elec-eu
BCI-TEG-LIQ·EU,BCI-TEG-LIQ,EU,4,13,0.13,Fixed costs LCI,LCI-EU,d,indexed,direct,lci-eu,resolved,Fixed costs LCI,lci-eu
BCI-TEG-LIQ·EU,BCI-TEG-LIQ,EU,5,13,0.13,Supplier margin,fixed,f,fixed,,,fixed,Supplier margin,
BCI-TEG-LIQ·MEA,BCI-TEG-LIQ,MEA,1,58,0.58,"Ethylene (via ethylene oxide hydrolysis, highest-oligomer fraction)",ETH-MEA,d,indexed,direct,ethylene-propylene-na,resolved,"Ethylene (via ethylene oxide hydrolysis, highest-oligomer fracti",ethylene-propylene-na
BCI-TEG-LIQ·MEA,BCI-TEG-LIQ,MEA,2,8,0.08,EO hydrolysis fixed conversion,fixed,f,fixed,,,fixed,EO hydrolysis fixed conversion,
BCI-TEG-LIQ·MEA,BCI-TEG-LIQ,MEA,3,8,0.08,"Industrial electricity (EU proxy, no dedicated MEA electricity index)",ELEC-EU,p,indexed,proxy,elec-eu,resolved,"Industrial electricity (EU proxy, no dedicated MEA electricity i",elec-eu
BCI-TEG-LIQ·MEA,BCI-TEG-LIQ,MEA,4,13,0.13,Fixed costs LCI,LCI-MEA,d,indexed,direct,lci-mea,resolved,Fixed costs LCI,lci-mea
BCI-TEG-LIQ·MEA,BCI-TEG-LIQ,MEA,5,13,0.13,Supplier margin,fixed,f,fixed,,,fixed,Supplier margin,
BCI-EC-LIQ·CN,BCI-EC-LIQ,CN,1,55,0.55,Ethylene oxide,EO-CN,d,indexed,direct,brent,resolved,Ethylene oxide,brent
BCI-EC-LIQ·CN,BCI-EC-LIQ,CN,2,15,0.15,CO2 — no liquid index,fixed,f,fixed,,,fixed,CO2 — no liquid index,
BCI-EC-LIQ·CN,BCI-EC-LIQ,CN,3,8,0.08,Industrial electricity,ELEC-CN,d,indexed,direct,elec-cn,resolved,Industrial electricity,elec-cn
BCI-EC-LIQ·CN,BCI-EC-LIQ,CN,4,4,0.04,Fixed costs LCI,LCI-CN,d,indexed,direct,lci-cn,resolved,Fixed costs LCI,lci-cn
BCI-EC-LIQ·CN,BCI-EC-LIQ,CN,5,18,0.18,Supplier margin,fixed,f,fixed,,,fixed,Supplier margin,
BCI-EC-LIQ·EU,BCI-EC-LIQ,EU,1,55,0.55,Ethylene oxide,EO-EU,d,indexed,direct,brent,resolved,Ethylene oxide,brent
BCI-EC-LIQ·EU,BCI-EC-LIQ,EU,2,15,0.15,CO2 — no liquid index,fixed,f,fixed,,,fixed,CO2 — no liquid index,
BCI-EC-LIQ·EU,BCI-EC-LIQ,EU,3,8,0.08,Industrial electricity,ELEC-EU,d,indexed,direct,elec-eu,resolved,Industrial electricity,elec-eu
BCI-EC-LIQ·EU,BCI-EC-LIQ,EU,4,4,0.04,Fixed costs LCI,LCI-EU,d,indexed,direct,lci-eu,resolved,Fixed costs LCI,lci-eu
BCI-EC-LIQ·EU,BCI-EC-LIQ,EU,5,18,0.18,Supplier margin,fixed,f,fixed,,,fixed,Supplier margin,
BCI-EC-LIQ·NA,BCI-EC-LIQ,NA,1,55,0.55,Ethylene oxide,EO-EU,p,indexed,proxy,brent,resolved,Ethylene oxide,brent
BCI-EC-LIQ·NA,BCI-EC-LIQ,NA,2,15,0.15,CO2 — no liquid index,fixed,f,fixed,,,fixed,CO2 — no liquid index,
BCI-EC-LIQ·NA,BCI-EC-LIQ,NA,3,8,0.08,Industrial electricity,ELEC-NA,d,indexed,direct,elec-na,resolved,Industrial electricity,elec-na
BCI-EC-LIQ·NA,BCI-EC-LIQ,NA,4,4,0.04,Fixed costs LCI,LCI-NA,d,indexed,direct,lci-na,resolved,Fixed costs LCI,lci-na
BCI-EC-LIQ·NA,BCI-EC-LIQ,NA,5,18,0.18,Supplier margin,fixed,f,fixed,,,fixed,Supplier margin,
BCI-PC-LIQ·CN,BCI-PC-LIQ,CN,1,55,0.55,Propylene oxide (CO2 reaction feedstock),PRP-CN,d,indexed,direct,brent,resolved,Propylene oxide (CO2 reaction feedstock),brent
BCI-PC-LIQ·CN,BCI-PC-LIQ,CN,2,15,0.15,CO2 — no liquid index,fixed,f,fixed,,,fixed,CO2 — no liquid index,
BCI-PC-LIQ·CN,BCI-PC-LIQ,CN,3,8,0.08,Industrial electricity,ELEC-CN,d,indexed,direct,elec-cn,resolved,Industrial electricity,elec-cn
BCI-PC-LIQ·CN,BCI-PC-LIQ,CN,4,4,0.04,Fixed costs LCI,LCI-CN,d,indexed,direct,lci-cn,resolved,Fixed costs LCI,lci-cn
BCI-PC-LIQ·CN,BCI-PC-LIQ,CN,5,18,0.18,Supplier margin,fixed,f,fixed,,,fixed,Supplier margin,
BCI-PC-LIQ·EU,BCI-PC-LIQ,EU,1,55,0.55,Propylene oxide (CO2 reaction feedstock),PRP-NWE,d,indexed,direct,brent,resolved,Propylene oxide (CO2 reaction feedstock),brent
BCI-PC-LIQ·EU,BCI-PC-LIQ,EU,2,15,0.15,CO2 — no liquid index,fixed,f,fixed,,,fixed,CO2 — no liquid index,
BCI-PC-LIQ·EU,BCI-PC-LIQ,EU,3,8,0.08,Industrial electricity,ELEC-EU,d,indexed,direct,elec-eu,resolved,Industrial electricity,elec-eu
BCI-PC-LIQ·EU,BCI-PC-LIQ,EU,4,4,0.04,Fixed costs LCI,LCI-EU,d,indexed,direct,lci-eu,resolved,Fixed costs LCI,lci-eu
BCI-PC-LIQ·EU,BCI-PC-LIQ,EU,5,18,0.18,Supplier margin,fixed,f,fixed,,,fixed,Supplier margin,
BCI-PC-LIQ·NA,BCI-PC-LIQ,NA,1,55,0.55,Propylene oxide (CO2 reaction feedstock),PRP-US,d,indexed,direct,ethylene-propylene-na,resolved,Propylene oxide (CO2 reaction feedstock),ethylene-propylene-na
BCI-PC-LIQ·NA,BCI-PC-LIQ,NA,2,15,0.15,CO2 — no liquid index,fixed,f,fixed,,,fixed,CO2 — no liquid index,
BCI-PC-LIQ·NA,BCI-PC-LIQ,NA,3,8,0.08,Industrial electricity,ELEC-NA,d,indexed,direct,elec-na,resolved,Industrial electricity,elec-na
BCI-PC-LIQ·NA,BCI-PC-LIQ,NA,4,4,0.04,Fixed costs LCI,LCI-NA,d,indexed,direct,lci-na,resolved,Fixed costs LCI,lci-na
BCI-PC-LIQ·NA,BCI-PC-LIQ,NA,5,18,0.18,Supplier margin,fixed,f,fixed,,,fixed,Supplier margin,
MIN-SORBMONO-LIQ·EU,MIN-SORBMONO-LIQ,EU,1,30,0.3,Sorbitol (glucose route),fixed,f,fixed,,,fixed,Sorbitol (glucose route),
MIN-SORBMONO-LIQ·EU,MIN-SORBMONO-LIQ,EU,2,45,0.45,Oleic acid,FA-US,d,indexed,direct,fatty-acids-ppi,no_series,Oleic acid,
MIN-SORBMONO-LIQ·EU,MIN-SORBMONO-LIQ,EU,3,10,0.1,Industrial electricity,ELEC-EU,d,indexed,direct,elec-eu,resolved,Industrial electricity,elec-eu
MIN-SORBMONO-LIQ·EU,MIN-SORBMONO-LIQ,EU,4,15,0.15,Supplier margin,fixed,f,fixed,,,fixed,Supplier margin,
MIN-SORBMONO-LIQ·NA,MIN-SORBMONO-LIQ,NA,1,30,0.3,Sorbitol (glucose route),fixed,f,fixed,,,fixed,Sorbitol (glucose route),
MIN-SORBMONO-LIQ·NA,MIN-SORBMONO-LIQ,NA,2,45,0.45,Oleic acid,FA-US,d,indexed,direct,fatty-acids-ppi,no_series,Oleic acid,
MIN-SORBMONO-LIQ·NA,MIN-SORBMONO-LIQ,NA,3,10,0.1,Industrial electricity,ELEC-NA,d,indexed,direct,elec-na,resolved,Industrial electricity,elec-na
MIN-SORBMONO-LIQ·NA,MIN-SORBMONO-LIQ,NA,4,15,0.15,Supplier margin,fixed,f,fixed,,,fixed,Supplier margin,
MIN-SORBMONO-LIQ·APAC,MIN-SORBMONO-LIQ,APAC,1,30,0.3,Sorbitol (glucose route),fixed,f,fixed,,,fixed,Sorbitol (glucose route),
MIN-SORBMONO-LIQ·APAC,MIN-SORBMONO-LIQ,APAC,2,45,0.45,Oleic acid,FA-US,d,indexed,direct,fatty-acids-ppi,no_series,Oleic acid,
MIN-SORBMONO-LIQ·APAC,MIN-SORBMONO-LIQ,APAC,3,10,0.1,Industrial electricity,ELEC-APAC,d,indexed,direct,elec-cn,resolved,Industrial electricity,elec-cn
MIN-SORBMONO-LIQ·APAC,MIN-SORBMONO-LIQ,APAC,4,15,0.15,Supplier margin,fixed,f,fixed,,,fixed,Supplier margin,
MIN-SORBMONO-LIQ·LA,MIN-SORBMONO-LIQ,LA,1,30,0.3,Sorbitol (glucose route),fixed,f,fixed,,,fixed,Sorbitol (glucose route),
MIN-SORBMONO-LIQ·LA,MIN-SORBMONO-LIQ,LA,2,45,0.45,Oleic acid,FA-US,d,indexed,direct,fatty-acids-ppi,no_series,Oleic acid,
MIN-SORBMONO-LIQ·LA,MIN-SORBMONO-LIQ,LA,3,10,0.1,Industrial electricity,ELEC-NA,p,indexed,proxy,elec-na,resolved,Industrial electricity,elec-na
MIN-SORBMONO-LIQ·LA,MIN-SORBMONO-LIQ,LA,4,15,0.15,Supplier margin,fixed,f,fixed,,,fixed,Supplier margin,
MIN-EMULEXP-LIQ·NA,MIN-EMULEXP-LIQ,NA,1,55,0.55,Ammonium nitrate (Haber-Bosch route),NH3-NA,d,indexed,direct,ammonia-na,resolved,Ammonium nitrate (Haber-Bosch route),ammonia-na
MIN-EMULEXP-LIQ·NA,MIN-EMULEXP-LIQ,NA,2,12,0.12,Fuel oil/wax (crude oil route),BRENT-GLB,d,indexed,direct,brent,resolved,Fuel oil/wax (crude oil route),brent
MIN-EMULEXP-LIQ·NA,MIN-EMULEXP-LIQ,NA,3,8,0.08,Oleic acid (sorbitan monooleate emulsifier),FA-US,d,indexed,direct,fatty-acids-ppi,no_series,Oleic acid (sorbitan monooleate emulsifier),
MIN-EMULEXP-LIQ·NA,MIN-EMULEXP-LIQ,NA,4,5,0.05,Ethylene oxide (co-emulsifier),EO-EU,p,indexed,proxy,brent,resolved,Ethylene oxide (co-emulsifier),brent
MIN-EMULEXP-LIQ·NA,MIN-EMULEXP-LIQ,NA,5,3,0.03,"Water — negligible, no liquid index",fixed,f,fixed,,,fixed,"Water — negligible, no liquid index",
MIN-EMULEXP-LIQ·NA,MIN-EMULEXP-LIQ,NA,6,7,0.07,Industrial electricity,ELEC-NA,d,indexed,direct,elec-na,resolved,Industrial electricity,elec-na
MIN-EMULEXP-LIQ·NA,MIN-EMULEXP-LIQ,NA,7,4,0.04,Fixed costs LCI,LCI-NA,d,indexed,direct,lci-na,resolved,Fixed costs LCI,lci-na
MIN-EMULEXP-LIQ·NA,MIN-EMULEXP-LIQ,NA,8,6,0.06,Supplier margin,fixed,f,fixed,,,fixed,Supplier margin,
MIN-EMULEXP-LIQ·APAC,MIN-EMULEXP-LIQ,APAC,1,55,0.55,Ammonium nitrate (Haber-Bosch route),NH3-APAC,d,indexed,direct,ammonia-na,resolved,Ammonium nitrate (Haber-Bosch route),ammonia-na
MIN-EMULEXP-LIQ·APAC,MIN-EMULEXP-LIQ,APAC,2,12,0.12,Fuel oil/wax (crude oil route),BRENT-GLB,d,indexed,direct,brent,resolved,Fuel oil/wax (crude oil route),brent
MIN-EMULEXP-LIQ·APAC,MIN-EMULEXP-LIQ,APAC,3,8,0.08,Oleic acid (sorbitan monooleate emulsifier),FA-US,d,indexed,direct,fatty-acids-ppi,no_series,Oleic acid (sorbitan monooleate emulsifier),
MIN-EMULEXP-LIQ·APAC,MIN-EMULEXP-LIQ,APAC,4,5,0.05,Ethylene oxide (co-emulsifier),EO-ASIA,d,indexed,direct,brent,resolved,Ethylene oxide (co-emulsifier),brent
MIN-EMULEXP-LIQ·APAC,MIN-EMULEXP-LIQ,APAC,5,3,0.03,"Water — negligible, no liquid index",fixed,f,fixed,,,fixed,"Water — negligible, no liquid index",
MIN-EMULEXP-LIQ·APAC,MIN-EMULEXP-LIQ,APAC,6,7,0.07,Industrial electricity,ELEC-APAC,d,indexed,direct,elec-cn,resolved,Industrial electricity,elec-cn
MIN-EMULEXP-LIQ·APAC,MIN-EMULEXP-LIQ,APAC,7,4,0.04,Fixed costs LCI,LCI-APAC,d,indexed,direct,lci-apac,resolved,Fixed costs LCI,lci-apac
MIN-EMULEXP-LIQ·APAC,MIN-EMULEXP-LIQ,APAC,8,6,0.06,Supplier margin,fixed,f,fixed,,,fixed,Supplier margin,
MIN-EMULEXP-LIQ·LA,MIN-EMULEXP-LIQ,LA,1,55,0.55,Ammonium nitrate (Haber-Bosch route),NH3-NA,p,indexed,proxy,ammonia-na,resolved,Ammonium nitrate (Haber-Bosch route),ammonia-na
MIN-EMULEXP-LIQ·LA,MIN-EMULEXP-LIQ,LA,2,12,0.12,Fuel oil/wax (crude oil route),BRENT-GLB,d,indexed,direct,brent,resolved,Fuel oil/wax (crude oil route),brent
MIN-EMULEXP-LIQ·LA,MIN-EMULEXP-LIQ,LA,3,8,0.08,Oleic acid (sorbitan monooleate emulsifier),FA-US,d,indexed,direct,fatty-acids-ppi,no_series,Oleic acid (sorbitan monooleate emulsifier),
MIN-EMULEXP-LIQ·LA,MIN-EMULEXP-LIQ,LA,4,5,0.05,Ethylene oxide (co-emulsifier),EO-EU,p,indexed,proxy,brent,resolved,Ethylene oxide (co-emulsifier),brent
MIN-EMULEXP-LIQ·LA,MIN-EMULEXP-LIQ,LA,5,3,0.03,"Water — negligible, no liquid index",fixed,f,fixed,,,fixed,"Water — negligible, no liquid index",
MIN-EMULEXP-LIQ·LA,MIN-EMULEXP-LIQ,LA,6,7,0.07,Industrial electricity,ELEC-NA,p,indexed,proxy,elec-na,resolved,Industrial electricity,elec-na
MIN-EMULEXP-LIQ·LA,MIN-EMULEXP-LIQ,LA,7,4,0.04,Fixed costs LCI,LCI-LA,d,indexed,direct,lci-la,resolved,Fixed costs LCI,lci-la
MIN-EMULEXP-LIQ·LA,MIN-EMULEXP-LIQ,LA,8,6,0.06,Supplier margin,fixed,f,fixed,,,fixed,Supplier margin,
MIN-EMULEXP-LIQ·MEA,MIN-EMULEXP-LIQ,MEA,1,55,0.55,Ammonium nitrate (Haber-Bosch route),NH3-MEA,d,indexed,direct,gas-mea,resolved,Ammonium nitrate (Haber-Bosch route),gas-mea
MIN-EMULEXP-LIQ·MEA,MIN-EMULEXP-LIQ,MEA,2,12,0.12,Fuel oil/wax (crude oil route),BRENT-GLB,d,indexed,direct,brent,resolved,Fuel oil/wax (crude oil route),brent
MIN-EMULEXP-LIQ·MEA,MIN-EMULEXP-LIQ,MEA,3,8,0.08,Oleic acid (sorbitan monooleate emulsifier),FA-US,d,indexed,direct,fatty-acids-ppi,no_series,Oleic acid (sorbitan monooleate emulsifier),
MIN-EMULEXP-LIQ·MEA,MIN-EMULEXP-LIQ,MEA,4,5,0.05,Ethylene oxide (co-emulsifier),EO-EU,p,indexed,proxy,brent,resolved,Ethylene oxide (co-emulsifier),brent
MIN-EMULEXP-LIQ·MEA,MIN-EMULEXP-LIQ,MEA,5,3,0.03,"Water — negligible, no liquid index",fixed,f,fixed,,,fixed,"Water — negligible, no liquid index",
MIN-EMULEXP-LIQ·MEA,MIN-EMULEXP-LIQ,MEA,6,7,0.07,Industrial electricity,ELEC-EU,p,indexed,proxy,elec-eu,resolved,Industrial electricity,elec-eu
MIN-EMULEXP-LIQ·MEA,MIN-EMULEXP-LIQ,MEA,7,4,0.04,Fixed costs LCI,LCI-MEA,d,indexed,direct,lci-mea,resolved,Fixed costs LCI,lci-mea
MIN-EMULEXP-LIQ·MEA,MIN-EMULEXP-LIQ,MEA,8,6,0.06,Supplier margin,fixed,f,fixed,,,fixed,Supplier margin,
BCI-ACETAC-LIQ·EU,BCI-ACETAC-LIQ,EU,1,45,0.45,"Methanol (carbonylation feedstock, ~0.54t/t)",MEOH-EU,d,indexed,direct,methanol-na,resolved,"Methanol (carbonylation feedstock, ~0.54t/t)",methanol-na
BCI-ACETAC-LIQ·EU,BCI-ACETAC-LIQ,EU,2,20,0.2,Carbon monoxide (natural gas route),NATGAS-US,p,indexed,proxy,natgas-ppi,no_series,Carbon monoxide (natural gas route),
BCI-ACETAC-LIQ·EU,BCI-ACETAC-LIQ,EU,3,8,0.08,Industrial electricity,ELEC-EU,d,indexed,direct,elec-eu,resolved,Industrial electricity,elec-eu
BCI-ACETAC-LIQ·EU,BCI-ACETAC-LIQ,EU,4,13,0.13,Fixed costs LCI,LCI-EU,d,indexed,direct,lci-eu,resolved,Fixed costs LCI,lci-eu
BCI-ACETAC-LIQ·EU,BCI-ACETAC-LIQ,EU,5,14,0.14,Supplier margin,fixed,f,fixed,,,fixed,Supplier margin,
BCI-ACETAC-LIQ·NA,BCI-ACETAC-LIQ,NA,1,45,0.45,"Methanol (carbonylation feedstock, ~0.54t/t)",MEOH-NA,d,indexed,direct,methanol-na,resolved,"Methanol (carbonylation feedstock, ~0.54t/t)",methanol-na
BCI-ACETAC-LIQ·NA,BCI-ACETAC-LIQ,NA,2,20,0.2,Carbon monoxide (natural gas route),NATGAS-US,d,indexed,direct,natgas-ppi,no_series,Carbon monoxide (natural gas route),
BCI-ACETAC-LIQ·NA,BCI-ACETAC-LIQ,NA,3,8,0.08,Industrial electricity,ELEC-NA,d,indexed,direct,elec-na,resolved,Industrial electricity,elec-na
BCI-ACETAC-LIQ·NA,BCI-ACETAC-LIQ,NA,4,13,0.13,Fixed costs LCI,LCI-NA,d,indexed,direct,lci-na,resolved,Fixed costs LCI,lci-na
BCI-ACETAC-LIQ·NA,BCI-ACETAC-LIQ,NA,5,14,0.14,Supplier margin,fixed,f,fixed,,,fixed,Supplier margin,
BCI-ACETAC-LIQ·CN,BCI-ACETAC-LIQ,CN,1,45,0.45,"Methanol (carbonylation feedstock, ~0.54t/t)",MEOH-CN,d,indexed,direct,methanol-na,resolved,"Methanol (carbonylation feedstock, ~0.54t/t)",methanol-na
BCI-ACETAC-LIQ·CN,BCI-ACETAC-LIQ,CN,2,20,0.2,Carbon monoxide (natural gas route),NATGAS-US,p,indexed,proxy,natgas-ppi,no_series,Carbon monoxide (natural gas route),
BCI-ACETAC-LIQ·CN,BCI-ACETAC-LIQ,CN,3,8,0.08,Industrial electricity,ELEC-CN,d,indexed,direct,elec-cn,resolved,Industrial electricity,elec-cn
BCI-ACETAC-LIQ·CN,BCI-ACETAC-LIQ,CN,4,13,0.13,Fixed costs LCI,LCI-CN,d,indexed,direct,lci-cn,resolved,Fixed costs LCI,lci-cn
BCI-ACETAC-LIQ·CN,BCI-ACETAC-LIQ,CN,5,14,0.14,Supplier margin,fixed,f,fixed,,,fixed,Supplier margin,
BCI-ACETAC-LIQ·APAC,BCI-ACETAC-LIQ,APAC,1,45,0.45,"Methanol (carbonylation feedstock, ~0.54t/t)",MEOH-ASIA,d,indexed,direct,methanol-na,resolved,"Methanol (carbonylation feedstock, ~0.54t/t)",methanol-na
BCI-ACETAC-LIQ·APAC,BCI-ACETAC-LIQ,APAC,2,20,0.2,Carbon monoxide (natural gas route),NATGAS-US,p,indexed,proxy,natgas-ppi,no_series,Carbon monoxide (natural gas route),
BCI-ACETAC-LIQ·APAC,BCI-ACETAC-LIQ,APAC,3,8,0.08,Industrial electricity,ELEC-APAC,d,indexed,direct,elec-cn,resolved,Industrial electricity,elec-cn
BCI-ACETAC-LIQ·APAC,BCI-ACETAC-LIQ,APAC,4,13,0.13,Fixed costs LCI,LCI-APAC,d,indexed,direct,lci-apac,resolved,Fixed costs LCI,lci-apac
BCI-ACETAC-LIQ·APAC,BCI-ACETAC-LIQ,APAC,5,14,0.14,Supplier margin,fixed,f,fixed,,,fixed,Supplier margin,
BCI-VAM-LIQ·EU,BCI-VAM-LIQ,EU,1,35,0.35,Ethylene (~0.42t/t),ETH-NWE,d,indexed,direct,brent,resolved,Ethylene (~0.42t/t),brent
BCI-VAM-LIQ·EU,BCI-VAM-LIQ,EU,2,38,0.38,"Acetic acid (~0.46t/t, methanol route)",MEOH-EU,p,indexed,proxy,methanol-na,resolved,"Acetic acid (~0.46t/t, methanol route)",methanol-na
BCI-VAM-LIQ·EU,BCI-VAM-LIQ,EU,3,7,0.07,Industrial electricity,ELEC-EU,d,indexed,direct,elec-eu,resolved,Industrial electricity,elec-eu
BCI-VAM-LIQ·EU,BCI-VAM-LIQ,EU,4,5,0.05,Fixed costs LCI,LCI-EU,d,indexed,direct,lci-eu,resolved,Fixed costs LCI,lci-eu
BCI-VAM-LIQ·EU,BCI-VAM-LIQ,EU,5,15,0.15,Supplier margin,fixed,f,fixed,,,fixed,Supplier margin,
BCI-VAM-LIQ·NA,BCI-VAM-LIQ,NA,1,35,0.35,Ethylene (~0.42t/t),ETH-US,d,indexed,direct,ethylene-propylene-na,resolved,Ethylene (~0.42t/t),ethylene-propylene-na
BCI-VAM-LIQ·NA,BCI-VAM-LIQ,NA,2,38,0.38,"Acetic acid (~0.46t/t, methanol route)",MEOH-NA,p,indexed,proxy,methanol-na,resolved,"Acetic acid (~0.46t/t, methanol route)",methanol-na
BCI-VAM-LIQ·NA,BCI-VAM-LIQ,NA,3,7,0.07,Industrial electricity,ELEC-NA,d,indexed,direct,elec-na,resolved,Industrial electricity,elec-na
BCI-VAM-LIQ·NA,BCI-VAM-LIQ,NA,4,5,0.05,Fixed costs LCI,LCI-NA,d,indexed,direct,lci-na,resolved,Fixed costs LCI,lci-na
BCI-VAM-LIQ·NA,BCI-VAM-LIQ,NA,5,15,0.15,Supplier margin,fixed,f,fixed,,,fixed,Supplier margin,
BCI-VAM-LIQ·CN,BCI-VAM-LIQ,CN,1,35,0.35,Ethylene (~0.42t/t),ETH-CN,d,indexed,direct,brent,resolved,Ethylene (~0.42t/t),brent
BCI-VAM-LIQ·CN,BCI-VAM-LIQ,CN,2,38,0.38,"Acetic acid (~0.46t/t, methanol route)",MEOH-CN,p,indexed,proxy,methanol-na,resolved,"Acetic acid (~0.46t/t, methanol route)",methanol-na
BCI-VAM-LIQ·CN,BCI-VAM-LIQ,CN,3,7,0.07,Industrial electricity,ELEC-CN,d,indexed,direct,elec-cn,resolved,Industrial electricity,elec-cn
BCI-VAM-LIQ·CN,BCI-VAM-LIQ,CN,4,5,0.05,Fixed costs LCI,LCI-CN,d,indexed,direct,lci-cn,resolved,Fixed costs LCI,lci-cn
BCI-VAM-LIQ·CN,BCI-VAM-LIQ,CN,5,15,0.15,Supplier margin,fixed,f,fixed,,,fixed,Supplier margin,
BCI-CAPRO-PWD·EU,BCI-CAPRO-PWD,EU,1,55,0.55,"Benzene (via cyclohexane/cyclohexanone route, ~0.80t/t)",BZ-EU,d,indexed,direct,brent,resolved,"Benzene (via cyclohexane/cyclohexanone route, ~0.80t/t)",brent
BCI-CAPRO-PWD·EU,BCI-CAPRO-PWD,EU,2,10,0.1,Ammonia (Beckmann rearrangement + ammonium sulfate co-product credit),NH3-EU,d,indexed,direct,ttf-eu,resolved,Ammonia (Beckmann rearrangement + ammonium sulfate co-product cr,ttf-eu
BCI-CAPRO-PWD·EU,BCI-CAPRO-PWD,EU,3,8,0.08,Industrial electricity,ELEC-EU,d,indexed,direct,elec-eu,resolved,Industrial electricity,elec-eu
BCI-CAPRO-PWD·EU,BCI-CAPRO-PWD,EU,4,11,0.11,Fixed costs LCI,LCI-EU,d,indexed,direct,lci-eu,resolved,Fixed costs LCI,lci-eu
BCI-CAPRO-PWD·EU,BCI-CAPRO-PWD,EU,5,16,0.16,Supplier margin,fixed,f,fixed,,,fixed,Supplier margin,
BCI-CAPRO-PWD·NA,BCI-CAPRO-PWD,NA,1,55,0.55,"Benzene (via cyclohexane/cyclohexanone route, ~0.80t/t)",BZ-NA,d,indexed,direct,benzene-na,resolved,"Benzene (via cyclohexane/cyclohexanone route, ~0.80t/t)",benzene-na
BCI-CAPRO-PWD·NA,BCI-CAPRO-PWD,NA,2,10,0.1,Ammonia (Beckmann rearrangement + ammonium sulfate co-product credit),NH3-NA,d,indexed,direct,ammonia-na,resolved,Ammonia (Beckmann rearrangement + ammonium sulfate co-product cr,ammonia-na
BCI-CAPRO-PWD·NA,BCI-CAPRO-PWD,NA,3,8,0.08,Industrial electricity,ELEC-NA,d,indexed,direct,elec-na,resolved,Industrial electricity,elec-na
BCI-CAPRO-PWD·NA,BCI-CAPRO-PWD,NA,4,11,0.11,Fixed costs LCI,LCI-NA,d,indexed,direct,lci-na,resolved,Fixed costs LCI,lci-na
BCI-CAPRO-PWD·NA,BCI-CAPRO-PWD,NA,5,16,0.16,Supplier margin,fixed,f,fixed,,,fixed,Supplier margin,
BCI-CAPRO-PWD·APAC,BCI-CAPRO-PWD,APAC,1,55,0.55,"Benzene (via cyclohexane/cyclohexanone route, ~0.80t/t)",BZ-ASIA,d,indexed,direct,brent,resolved,"Benzene (via cyclohexane/cyclohexanone route, ~0.80t/t)",brent
BCI-CAPRO-PWD·APAC,BCI-CAPRO-PWD,APAC,2,10,0.1,Ammonia (Beckmann rearrangement + ammonium sulfate co-product credit),NH3-APAC,d,indexed,direct,ammonia-na,resolved,Ammonia (Beckmann rearrangement + ammonium sulfate co-product cr,ammonia-na
BCI-CAPRO-PWD·APAC,BCI-CAPRO-PWD,APAC,3,8,0.08,Industrial electricity,ELEC-APAC,d,indexed,direct,elec-cn,resolved,Industrial electricity,elec-cn
BCI-CAPRO-PWD·APAC,BCI-CAPRO-PWD,APAC,4,11,0.11,Fixed costs LCI,LCI-APAC,d,indexed,direct,lci-apac,resolved,Fixed costs LCI,lci-apac
BCI-CAPRO-PWD·APAC,BCI-CAPRO-PWD,APAC,5,16,0.16,Supplier margin,fixed,f,fixed,,,fixed,Supplier margin,
BCI-CAPRO-PWD·CN,BCI-CAPRO-PWD,CN,1,55,0.55,"Benzene (via cyclohexane/cyclohexanone route, ~0.80t/t)",BZ-CN,d,indexed,direct,brent,resolved,"Benzene (via cyclohexane/cyclohexanone route, ~0.80t/t)",brent
BCI-CAPRO-PWD·CN,BCI-CAPRO-PWD,CN,2,10,0.1,Ammonia (Beckmann rearrangement + ammonium sulfate co-product credit),NH3-CN,p,indexed,proxy,ammonia-na,resolved,Ammonia (Beckmann rearrangement + ammonium sulfate co-product cr,ammonia-na
BCI-CAPRO-PWD·CN,BCI-CAPRO-PWD,CN,3,8,0.08,Industrial electricity,ELEC-CN,d,indexed,direct,elec-cn,resolved,Industrial electricity,elec-cn
BCI-CAPRO-PWD·CN,BCI-CAPRO-PWD,CN,4,11,0.11,Fixed costs LCI,LCI-CN,d,indexed,direct,lci-cn,resolved,Fixed costs LCI,lci-cn
BCI-CAPRO-PWD·CN,BCI-CAPRO-PWD,CN,5,16,0.16,Supplier margin,fixed,f,fixed,,,fixed,Supplier margin,
BCI-ADIPAC-PWD·EU,BCI-ADIPAC-PWD,EU,1,50,0.5,"Benzene/cyclohexane (KA oil route, ~0.77t cyclohexane/t)",BZ-EU,d,indexed,direct,brent,resolved,"Benzene/cyclohexane (KA oil route, ~0.77t cyclohexane/t)",brent
BCI-ADIPAC-PWD·EU,BCI-ADIPAC-PWD,EU,2,15,0.15,Nitric acid (HNO3 oxidation),NH3-EU,p,indexed,proxy,ttf-eu,resolved,Nitric acid (HNO3 oxidation),ttf-eu
BCI-ADIPAC-PWD·EU,BCI-ADIPAC-PWD,EU,3,8,0.08,Industrial electricity,ELEC-EU,d,indexed,direct,elec-eu,resolved,Industrial electricity,elec-eu
BCI-ADIPAC-PWD·EU,BCI-ADIPAC-PWD,EU,4,13,0.13,Fixed costs LCI,LCI-EU,d,indexed,direct,lci-eu,resolved,Fixed costs LCI,lci-eu
BCI-ADIPAC-PWD·EU,BCI-ADIPAC-PWD,EU,5,14,0.14,Supplier margin,fixed,f,fixed,,,fixed,Supplier margin,
BCI-ADIPAC-PWD·NA,BCI-ADIPAC-PWD,NA,1,50,0.5,"Benzene/cyclohexane (KA oil route, ~0.77t cyclohexane/t)",BZ-NA,d,indexed,direct,benzene-na,resolved,"Benzene/cyclohexane (KA oil route, ~0.77t cyclohexane/t)",benzene-na
BCI-ADIPAC-PWD·NA,BCI-ADIPAC-PWD,NA,2,15,0.15,Nitric acid (HNO3 oxidation),NH3-NA,p,indexed,proxy,ammonia-na,resolved,Nitric acid (HNO3 oxidation),ammonia-na
BCI-ADIPAC-PWD·NA,BCI-ADIPAC-PWD,NA,3,8,0.08,Industrial electricity,ELEC-NA,d,indexed,direct,elec-na,resolved,Industrial electricity,elec-na
BCI-ADIPAC-PWD·NA,BCI-ADIPAC-PWD,NA,4,13,0.13,Fixed costs LCI,LCI-NA,d,indexed,direct,lci-na,resolved,Fixed costs LCI,lci-na
BCI-ADIPAC-PWD·NA,BCI-ADIPAC-PWD,NA,5,14,0.14,Supplier margin,fixed,f,fixed,,,fixed,Supplier margin,
BCI-ADIPAC-PWD·CN,BCI-ADIPAC-PWD,CN,1,50,0.5,"Benzene/cyclohexane (KA oil route, ~0.77t cyclohexane/t)",BZ-CN,d,indexed,direct,brent,resolved,"Benzene/cyclohexane (KA oil route, ~0.77t cyclohexane/t)",brent
BCI-ADIPAC-PWD·CN,BCI-ADIPAC-PWD,CN,2,15,0.15,Nitric acid (HNO3 oxidation),NH3-CN,p,indexed,proxy,ammonia-na,resolved,Nitric acid (HNO3 oxidation),ammonia-na
BCI-ADIPAC-PWD·CN,BCI-ADIPAC-PWD,CN,3,8,0.08,Industrial electricity,ELEC-CN,d,indexed,direct,elec-cn,resolved,Industrial electricity,elec-cn
BCI-ADIPAC-PWD·CN,BCI-ADIPAC-PWD,CN,4,13,0.13,Fixed costs LCI,LCI-CN,d,indexed,direct,lci-cn,resolved,Fixed costs LCI,lci-cn
BCI-ADIPAC-PWD·CN,BCI-ADIPAC-PWD,CN,5,14,0.14,Supplier margin,fixed,f,fixed,,,fixed,Supplier margin,
BCI-PHAN-PWD·EU,BCI-PHAN-PWD,EU,1,70,0.7,Orthoxylene (~0.70t/t),NAPH-NWE,d,indexed,direct,brent,resolved,Orthoxylene (~0.70t/t),brent
BCI-PHAN-PWD·EU,BCI-PHAN-PWD,EU,2,9,0.09,Industrial electricity,ELEC-EU,d,indexed,direct,elec-eu,resolved,Industrial electricity,elec-eu
BCI-PHAN-PWD·EU,BCI-PHAN-PWD,EU,3,10,0.1,Fixed costs LCI,LCI-EU,d,indexed,direct,lci-eu,resolved,Fixed costs LCI,lci-eu
BCI-PHAN-PWD·EU,BCI-PHAN-PWD,EU,4,11,0.11,Supplier margin,fixed,f,fixed,,,fixed,Supplier margin,
BCI-PHAN-PWD·NA,BCI-PHAN-PWD,NA,1,70,0.7,Orthoxylene (~0.70t/t),NAPH-NA,d,indexed,direct,brent,resolved,Orthoxylene (~0.70t/t),brent
BCI-PHAN-PWD·NA,BCI-PHAN-PWD,NA,2,9,0.09,Industrial electricity,ELEC-NA,d,indexed,direct,elec-na,resolved,Industrial electricity,elec-na
BCI-PHAN-PWD·NA,BCI-PHAN-PWD,NA,3,10,0.1,Fixed costs LCI,LCI-NA,d,indexed,direct,lci-na,resolved,Fixed costs LCI,lci-na
BCI-PHAN-PWD·NA,BCI-PHAN-PWD,NA,4,11,0.11,Supplier margin,fixed,f,fixed,,,fixed,Supplier margin,
BCI-PHAN-PWD·APAC,BCI-PHAN-PWD,APAC,1,70,0.7,Orthoxylene (~0.70t/t),NAPH-ASIA,d,indexed,direct,brent,resolved,Orthoxylene (~0.70t/t),brent
BCI-PHAN-PWD·APAC,BCI-PHAN-PWD,APAC,2,9,0.09,Industrial electricity,ELEC-APAC,d,indexed,direct,elec-cn,resolved,Industrial electricity,elec-cn
BCI-PHAN-PWD·APAC,BCI-PHAN-PWD,APAC,3,10,0.1,Fixed costs LCI,LCI-APAC,d,indexed,direct,lci-apac,resolved,Fixed costs LCI,lci-apac
BCI-PHAN-PWD·APAC,BCI-PHAN-PWD,APAC,4,11,0.11,Supplier margin,fixed,f,fixed,,,fixed,Supplier margin,
BCI-PHAN-PWD·CN,BCI-PHAN-PWD,CN,1,70,0.7,Orthoxylene (~0.70t/t),NAPH-CN,d,indexed,direct,brent,resolved,Orthoxylene (~0.70t/t),brent
BCI-PHAN-PWD·CN,BCI-PHAN-PWD,CN,2,9,0.09,Industrial electricity,ELEC-CN,d,indexed,direct,elec-cn,resolved,Industrial electricity,elec-cn
BCI-PHAN-PWD·CN,BCI-PHAN-PWD,CN,3,10,0.1,Fixed costs LCI,LCI-CN,d,indexed,direct,lci-cn,resolved,Fixed costs LCI,lci-cn
BCI-PHAN-PWD·CN,BCI-PHAN-PWD,CN,4,11,0.11,Supplier margin,fixed,f,fixed,,,fixed,Supplier margin,
BCI-MALAN-PWD·NA,BCI-MALAN-PWD,NA,1,60,0.6,"n-Butane (LPG/refinery gas route, ~1.35t/t)",RG-US,d,indexed,direct,refinery-gases-ppi,no_series,"n-Butane (LPG/refinery gas route, ~1.35t/t)",
BCI-MALAN-PWD·NA,BCI-MALAN-PWD,NA,2,9,0.09,Industrial electricity,ELEC-NA,d,indexed,direct,elec-na,resolved,Industrial electricity,elec-na
BCI-MALAN-PWD·NA,BCI-MALAN-PWD,NA,3,16,0.16,Fixed costs LCI,LCI-NA,d,indexed,direct,lci-na,resolved,Fixed costs LCI,lci-na
BCI-MALAN-PWD·NA,BCI-MALAN-PWD,NA,4,15,0.15,Supplier margin,fixed,f,fixed,,,fixed,Supplier margin,
BCI-MALAN-PWD·EU,BCI-MALAN-PWD,EU,1,60,0.6,"n-Butane (LPG/refinery gas route, ~1.35t/t)",RG-US,p,indexed,proxy,refinery-gases-ppi,no_series,"n-Butane (LPG/refinery gas route, ~1.35t/t)",
BCI-MALAN-PWD·EU,BCI-MALAN-PWD,EU,2,9,0.09,Industrial electricity,ELEC-EU,d,indexed,direct,elec-eu,resolved,Industrial electricity,elec-eu
BCI-MALAN-PWD·EU,BCI-MALAN-PWD,EU,3,16,0.16,Fixed costs LCI,LCI-EU,d,indexed,direct,lci-eu,resolved,Fixed costs LCI,lci-eu
BCI-MALAN-PWD·EU,BCI-MALAN-PWD,EU,4,15,0.15,Supplier margin,fixed,f,fixed,,,fixed,Supplier margin,
BCI-MALAN-PWD·APAC,BCI-MALAN-PWD,APAC,1,60,0.6,"n-Butane (LPG/refinery gas route, ~1.35t/t)",RG-US,p,indexed,proxy,refinery-gases-ppi,no_series,"n-Butane (LPG/refinery gas route, ~1.35t/t)",
BCI-MALAN-PWD·APAC,BCI-MALAN-PWD,APAC,2,9,0.09,Industrial electricity,ELEC-APAC,d,indexed,direct,elec-cn,resolved,Industrial electricity,elec-cn
BCI-MALAN-PWD·APAC,BCI-MALAN-PWD,APAC,3,16,0.16,Fixed costs LCI,LCI-APAC,d,indexed,direct,lci-apac,resolved,Fixed costs LCI,lci-apac
BCI-MALAN-PWD·APAC,BCI-MALAN-PWD,APAC,4,15,0.15,Supplier margin,fixed,f,fixed,,,fixed,Supplier margin,
BCI-ANIL-LIQ·EU,BCI-ANIL-LIQ,EU,1,62,0.62,"Benzene (nitrobenzene route, ~0.87t/t)",BZ-EU,d,indexed,direct,brent,resolved,"Benzene (nitrobenzene route, ~0.87t/t)",brent
BCI-ANIL-LIQ·EU,BCI-ANIL-LIQ,EU,2,8,0.08,"Hydrogen (hydrogenation, natural gas route)",NATGAS-US,p,indexed,proxy,natgas-ppi,no_series,"Hydrogen (hydrogenation, natural gas route)",
BCI-ANIL-LIQ·EU,BCI-ANIL-LIQ,EU,3,9,0.09,Industrial electricity,ELEC-EU,d,indexed,direct,elec-eu,resolved,Industrial electricity,elec-eu
BCI-ANIL-LIQ·EU,BCI-ANIL-LIQ,EU,4,8,0.08,Fixed costs LCI,LCI-EU,d,indexed,direct,lci-eu,resolved,Fixed costs LCI,lci-eu
BCI-ANIL-LIQ·EU,BCI-ANIL-LIQ,EU,5,13,0.13,Supplier margin,fixed,f,fixed,,,fixed,Supplier margin,
BCI-ANIL-LIQ·NA,BCI-ANIL-LIQ,NA,1,62,0.62,"Benzene (nitrobenzene route, ~0.87t/t)",BZ-NA,d,indexed,direct,benzene-na,resolved,"Benzene (nitrobenzene route, ~0.87t/t)",benzene-na
BCI-ANIL-LIQ·NA,BCI-ANIL-LIQ,NA,2,8,0.08,"Hydrogen (hydrogenation, natural gas route)",NATGAS-US,d,indexed,direct,natgas-ppi,no_series,"Hydrogen (hydrogenation, natural gas route)",
BCI-ANIL-LIQ·NA,BCI-ANIL-LIQ,NA,3,9,0.09,Industrial electricity,ELEC-NA,d,indexed,direct,elec-na,resolved,Industrial electricity,elec-na
BCI-ANIL-LIQ·NA,BCI-ANIL-LIQ,NA,4,8,0.08,Fixed costs LCI,LCI-NA,d,indexed,direct,lci-na,resolved,Fixed costs LCI,lci-na
BCI-ANIL-LIQ·NA,BCI-ANIL-LIQ,NA,5,13,0.13,Supplier margin,fixed,f,fixed,,,fixed,Supplier margin,
BCI-ANIL-LIQ·CN,BCI-ANIL-LIQ,CN,1,62,0.62,"Benzene (nitrobenzene route, ~0.87t/t)",BZ-CN,d,indexed,direct,brent,resolved,"Benzene (nitrobenzene route, ~0.87t/t)",brent
BCI-ANIL-LIQ·CN,BCI-ANIL-LIQ,CN,2,8,0.08,"Hydrogen (hydrogenation, natural gas route)",NATGAS-US,p,indexed,proxy,natgas-ppi,no_series,"Hydrogen (hydrogenation, natural gas route)",
BCI-ANIL-LIQ·CN,BCI-ANIL-LIQ,CN,3,9,0.09,Industrial electricity,ELEC-CN,d,indexed,direct,elec-cn,resolved,Industrial electricity,elec-cn
BCI-ANIL-LIQ·CN,BCI-ANIL-LIQ,CN,4,8,0.08,Fixed costs LCI,LCI-CN,d,indexed,direct,lci-cn,resolved,Fixed costs LCI,lci-cn
BCI-ANIL-LIQ·CN,BCI-ANIL-LIQ,CN,5,13,0.13,Supplier margin,fixed,f,fixed,,,fixed,Supplier margin,
BCI-ACAN-LIQ·EU,BCI-ACAN-LIQ,EU,1,55,0.55,Acetic acid (ketene/methyl acetate route),MEOH-EU,d,indexed,direct,methanol-na,resolved,Acetic acid (ketene/methyl acetate route),methanol-na
BCI-ACAN-LIQ·EU,BCI-ACAN-LIQ,EU,2,20,0.2,Methanol (carbonylation co-feedstock),MEOH-EU,p,indexed,proxy,methanol-na,resolved,Methanol (carbonylation co-feedstock),methanol-na
BCI-ACAN-LIQ·EU,BCI-ACAN-LIQ,EU,3,6,0.06,Industrial electricity,ELEC-EU,d,indexed,direct,elec-eu,resolved,Industrial electricity,elec-eu
BCI-ACAN-LIQ·EU,BCI-ACAN-LIQ,EU,4,4,0.04,Fixed costs LCI,LCI-EU,d,indexed,direct,lci-eu,resolved,Fixed costs LCI,lci-eu
BCI-ACAN-LIQ·EU,BCI-ACAN-LIQ,EU,5,15,0.15,Supplier margin,fixed,f,fixed,,,fixed,Supplier margin,
BCI-ACAN-LIQ·NA,BCI-ACAN-LIQ,NA,1,55,0.55,Acetic acid (ketene/methyl acetate route),MEOH-NA,d,indexed,direct,methanol-na,resolved,Acetic acid (ketene/methyl acetate route),methanol-na
BCI-ACAN-LIQ·NA,BCI-ACAN-LIQ,NA,2,20,0.2,Methanol (carbonylation co-feedstock),MEOH-NA,p,indexed,proxy,methanol-na,resolved,Methanol (carbonylation co-feedstock),methanol-na
BCI-ACAN-LIQ·NA,BCI-ACAN-LIQ,NA,3,6,0.06,Industrial electricity,ELEC-NA,d,indexed,direct,elec-na,resolved,Industrial electricity,elec-na
BCI-ACAN-LIQ·NA,BCI-ACAN-LIQ,NA,4,4,0.04,Fixed costs LCI,LCI-NA,d,indexed,direct,lci-na,resolved,Fixed costs LCI,lci-na
BCI-ACAN-LIQ·NA,BCI-ACAN-LIQ,NA,5,15,0.15,Supplier margin,fixed,f,fixed,,,fixed,Supplier margin,
BCI-ACAN-LIQ·CN,BCI-ACAN-LIQ,CN,1,55,0.55,Acetic acid (ketene/methyl acetate route),MEOH-CN,d,indexed,direct,methanol-na,resolved,Acetic acid (ketene/methyl acetate route),methanol-na
BCI-ACAN-LIQ·CN,BCI-ACAN-LIQ,CN,2,20,0.2,Methanol (carbonylation co-feedstock),MEOH-CN,p,indexed,proxy,methanol-na,resolved,Methanol (carbonylation co-feedstock),methanol-na
BCI-ACAN-LIQ·CN,BCI-ACAN-LIQ,CN,3,6,0.06,Industrial electricity,ELEC-CN,d,indexed,direct,elec-cn,resolved,Industrial electricity,elec-cn
BCI-ACAN-LIQ·CN,BCI-ACAN-LIQ,CN,4,4,0.04,Fixed costs LCI,LCI-CN,d,indexed,direct,lci-cn,resolved,Fixed costs LCI,lci-cn
BCI-ACAN-LIQ·CN,BCI-ACAN-LIQ,CN,5,15,0.15,Supplier margin,fixed,f,fixed,,,fixed,Supplier margin,
RES-UPR-LIQ·EU,RES-UPR-LIQ,EU,1,40,0.4,Styrene (dissolving solvent/reactive diluent),BZ-EU,d,indexed,direct,brent,resolved,Styrene (dissolving solvent/reactive diluent),brent
RES-UPR-LIQ·EU,RES-UPR-LIQ,EU,2,20,0.2,Maleic anhydride,RG-US,p,indexed,proxy,refinery-gases-ppi,no_series,Maleic anhydride,
RES-UPR-LIQ·EU,RES-UPR-LIQ,EU,3,15,0.15,Phthalic anhydride,NAPH-NWE,p,indexed,proxy,brent,resolved,Phthalic anhydride,brent
RES-UPR-LIQ·EU,RES-UPR-LIQ,EU,4,10,0.1,Propylene glycol,PRP-NWE,p,indexed,proxy,brent,resolved,Propylene glycol,brent
RES-UPR-LIQ·EU,RES-UPR-LIQ,EU,5,8,0.08,Industrial electricity,ELEC-EU,d,indexed,direct,elec-eu,resolved,Industrial electricity,elec-eu
RES-UPR-LIQ·EU,RES-UPR-LIQ,EU,6,7,0.07,Supplier margin,fixed,f,fixed,,,fixed,Supplier margin,
RES-UPR-LIQ·NA,RES-UPR-LIQ,NA,1,40,0.4,Styrene (dissolving solvent/reactive diluent),BZ-NA,d,indexed,direct,benzene-na,resolved,Styrene (dissolving solvent/reactive diluent),benzene-na
RES-UPR-LIQ·NA,RES-UPR-LIQ,NA,2,20,0.2,Maleic anhydride,RG-US,d,indexed,direct,refinery-gases-ppi,no_series,Maleic anhydride,
RES-UPR-LIQ·NA,RES-UPR-LIQ,NA,3,15,0.15,Phthalic anhydride,NAPH-NA,p,indexed,proxy,brent,resolved,Phthalic anhydride,brent
RES-UPR-LIQ·NA,RES-UPR-LIQ,NA,4,10,0.1,Propylene glycol,PRP-US,p,indexed,proxy,ethylene-propylene-na,resolved,Propylene glycol,ethylene-propylene-na
RES-UPR-LIQ·NA,RES-UPR-LIQ,NA,5,8,0.08,Industrial electricity,ELEC-NA,d,indexed,direct,elec-na,resolved,Industrial electricity,elec-na
RES-UPR-LIQ·NA,RES-UPR-LIQ,NA,6,7,0.07,Supplier margin,fixed,f,fixed,,,fixed,Supplier margin,
RES-UPR-LIQ·APAC,RES-UPR-LIQ,APAC,1,40,0.4,Styrene (dissolving solvent/reactive diluent),BZ-ASIA,d,indexed,direct,brent,resolved,Styrene (dissolving solvent/reactive diluent),brent
RES-UPR-LIQ·APAC,RES-UPR-LIQ,APAC,2,20,0.2,Maleic anhydride,RG-US,p,indexed,proxy,refinery-gases-ppi,no_series,Maleic anhydride,
RES-UPR-LIQ·APAC,RES-UPR-LIQ,APAC,3,15,0.15,Phthalic anhydride,NAPH-ASIA,p,indexed,proxy,brent,resolved,Phthalic anhydride,brent
RES-UPR-LIQ·APAC,RES-UPR-LIQ,APAC,4,10,0.1,Propylene glycol,PRP-APAC,p,indexed,proxy,ethylene-propylene-na,resolved,Propylene glycol,ethylene-propylene-na
RES-UPR-LIQ·APAC,RES-UPR-LIQ,APAC,5,8,0.08,Industrial electricity,ELEC-APAC,d,indexed,direct,elec-cn,resolved,Industrial electricity,elec-cn
RES-UPR-LIQ·APAC,RES-UPR-LIQ,APAC,6,7,0.07,Supplier margin,fixed,f,fixed,,,fixed,Supplier margin,
RES-UPR-LIQ·CN,RES-UPR-LIQ,CN,1,40,0.4,Styrene (dissolving solvent/reactive diluent),BZ-CN,d,indexed,direct,brent,resolved,Styrene (dissolving solvent/reactive diluent),brent
RES-UPR-LIQ·CN,RES-UPR-LIQ,CN,2,20,0.2,Maleic anhydride,RG-US,p,indexed,proxy,refinery-gases-ppi,no_series,Maleic anhydride,
RES-UPR-LIQ·CN,RES-UPR-LIQ,CN,3,15,0.15,Phthalic anhydride,NAPH-CN,p,indexed,proxy,brent,resolved,Phthalic anhydride,brent
RES-UPR-LIQ·CN,RES-UPR-LIQ,CN,4,10,0.1,Propylene glycol,PRP-CN,p,indexed,proxy,brent,resolved,Propylene glycol,brent
RES-UPR-LIQ·CN,RES-UPR-LIQ,CN,5,8,0.08,Industrial electricity,ELEC-CN,d,indexed,direct,elec-cn,resolved,Industrial electricity,elec-cn
RES-UPR-LIQ·CN,RES-UPR-LIQ,CN,6,7,0.07,Supplier margin,fixed,f,fixed,,,fixed,Supplier margin,
POL-PVOH-PWD·EU,POL-PVOH-PWD,EU,1,38,0.38,"Ethylene (VAM route, ~1.0t VAM/t)",ETH-NWE,d,indexed,direct,brent,resolved,"Ethylene (VAM route, ~1.0t VAM/t)",brent
POL-PVOH-PWD·EU,POL-PVOH-PWD,EU,2,38,0.38,Acetic acid (VAM route),MEOH-EU,p,indexed,proxy,methanol-na,resolved,Acetic acid (VAM route),methanol-na
POL-PVOH-PWD·EU,POL-PVOH-PWD,EU,3,6,0.06,Industrial electricity,ELEC-EU,d,indexed,direct,elec-eu,resolved,Industrial electricity,elec-eu
POL-PVOH-PWD·EU,POL-PVOH-PWD,EU,4,18,0.18,Supplier margin,fixed,f,fixed,,,fixed,Supplier margin,
POL-PVOH-PWD·NA,POL-PVOH-PWD,NA,1,38,0.38,"Ethylene (VAM route, ~1.0t VAM/t)",ETH-US,d,indexed,direct,ethylene-propylene-na,resolved,"Ethylene (VAM route, ~1.0t VAM/t)",ethylene-propylene-na
POL-PVOH-PWD·NA,POL-PVOH-PWD,NA,2,38,0.38,Acetic acid (VAM route),MEOH-NA,p,indexed,proxy,methanol-na,resolved,Acetic acid (VAM route),methanol-na
POL-PVOH-PWD·NA,POL-PVOH-PWD,NA,3,6,0.06,Industrial electricity,ELEC-NA,d,indexed,direct,elec-na,resolved,Industrial electricity,elec-na
POL-PVOH-PWD·NA,POL-PVOH-PWD,NA,4,18,0.18,Supplier margin,fixed,f,fixed,,,fixed,Supplier margin,
POL-PVOH-PWD·CN,POL-PVOH-PWD,CN,1,38,0.38,"Ethylene (VAM route, ~1.0t VAM/t)",ETH-CN,d,indexed,direct,brent,resolved,"Ethylene (VAM route, ~1.0t VAM/t)",brent
POL-PVOH-PWD·CN,POL-PVOH-PWD,CN,2,38,0.38,Acetic acid (VAM route),MEOH-CN,p,indexed,proxy,methanol-na,resolved,Acetic acid (VAM route),methanol-na
POL-PVOH-PWD·CN,POL-PVOH-PWD,CN,3,6,0.06,Industrial electricity,ELEC-CN,d,indexed,direct,elec-cn,resolved,Industrial electricity,elec-cn
POL-PVOH-PWD·CN,POL-PVOH-PWD,CN,4,18,0.18,Supplier margin,fixed,f,fixed,,,fixed,Supplier margin,
SOL-DMF-LIQ·CN,SOL-DMF-LIQ,CN,1,50,0.5,Methanol (~0.5t/t),MEOH-CN,d,indexed,direct,methanol-na,resolved,Methanol (~0.5t/t),methanol-na
SOL-DMF-LIQ·CN,SOL-DMF-LIQ,CN,2,15,0.15,Ammonia (dimethylamine route),NH3-CN,p,indexed,proxy,ammonia-na,resolved,Ammonia (dimethylamine route),ammonia-na
SOL-DMF-LIQ·CN,SOL-DMF-LIQ,CN,3,9,0.09,Industrial electricity,ELEC-CN,d,indexed,direct,elec-cn,resolved,Industrial electricity,elec-cn
SOL-DMF-LIQ·CN,SOL-DMF-LIQ,CN,4,10,0.1,Fixed costs LCI,LCI-CN,d,indexed,direct,lci-cn,resolved,Fixed costs LCI,lci-cn
SOL-DMF-LIQ·CN,SOL-DMF-LIQ,CN,5,16,0.16,Supplier margin,fixed,f,fixed,,,fixed,Supplier margin,
SOL-DMF-LIQ·EU,SOL-DMF-LIQ,EU,1,50,0.5,Methanol (~0.5t/t),MEOH-EU,d,indexed,direct,methanol-na,resolved,Methanol (~0.5t/t),methanol-na
SOL-DMF-LIQ·EU,SOL-DMF-LIQ,EU,2,15,0.15,Ammonia (dimethylamine route),NH3-EU,d,indexed,direct,ttf-eu,resolved,Ammonia (dimethylamine route),ttf-eu
SOL-DMF-LIQ·EU,SOL-DMF-LIQ,EU,3,9,0.09,Industrial electricity,ELEC-EU,d,indexed,direct,elec-eu,resolved,Industrial electricity,elec-eu
SOL-DMF-LIQ·EU,SOL-DMF-LIQ,EU,4,10,0.1,Fixed costs LCI,LCI-EU,d,indexed,direct,lci-eu,resolved,Fixed costs LCI,lci-eu
SOL-DMF-LIQ·EU,SOL-DMF-LIQ,EU,5,16,0.16,Supplier margin,fixed,f,fixed,,,fixed,Supplier margin,
SOL-DMF-LIQ·NA,SOL-DMF-LIQ,NA,1,50,0.5,Methanol (~0.5t/t),MEOH-NA,d,indexed,direct,methanol-na,resolved,Methanol (~0.5t/t),methanol-na
SOL-DMF-LIQ·NA,SOL-DMF-LIQ,NA,2,15,0.15,Ammonia (dimethylamine route),NH3-NA,d,indexed,direct,ammonia-na,resolved,Ammonia (dimethylamine route),ammonia-na
SOL-DMF-LIQ·NA,SOL-DMF-LIQ,NA,3,9,0.09,Industrial electricity,ELEC-NA,d,indexed,direct,elec-na,resolved,Industrial electricity,elec-na
SOL-DMF-LIQ·NA,SOL-DMF-LIQ,NA,4,10,0.1,Fixed costs LCI,LCI-NA,d,indexed,direct,lci-na,resolved,Fixed costs LCI,lci-na
SOL-DMF-LIQ·NA,SOL-DMF-LIQ,NA,5,16,0.16,Supplier margin,fixed,f,fixed,,,fixed,Supplier margin,
BCI-MELAM-PWD·EU,BCI-MELAM-PWD,EU,1,50,0.5,Urea (~3.0t/t),UREA-WB,d,indexed,direct,urea,resolved,Urea (~3.0t/t),urea
BCI-MELAM-PWD·EU,BCI-MELAM-PWD,EU,2,25,0.25,Natural gas/energy (high-temp thermal decomposition),NATGAS-US,p,indexed,proxy,natgas-ppi,no_series,Natural gas/energy (high-temp thermal decomposition),
BCI-MELAM-PWD·EU,BCI-MELAM-PWD,EU,3,10,0.1,Industrial electricity,ELEC-EU,d,indexed,direct,elec-eu,resolved,Industrial electricity,elec-eu
BCI-MELAM-PWD·EU,BCI-MELAM-PWD,EU,4,15,0.15,Supplier margin,fixed,f,fixed,,,fixed,Supplier margin,
BCI-MELAM-PWD·NA,BCI-MELAM-PWD,NA,1,50,0.5,Urea (~3.0t/t),UREA-WB,d,indexed,direct,urea,resolved,Urea (~3.0t/t),urea
BCI-MELAM-PWD·NA,BCI-MELAM-PWD,NA,2,25,0.25,Natural gas/energy (high-temp thermal decomposition),NATGAS-US,d,indexed,direct,natgas-ppi,no_series,Natural gas/energy (high-temp thermal decomposition),
BCI-MELAM-PWD·NA,BCI-MELAM-PWD,NA,3,10,0.1,Industrial electricity,ELEC-NA,d,indexed,direct,elec-na,resolved,Industrial electricity,elec-na
BCI-MELAM-PWD·NA,BCI-MELAM-PWD,NA,4,15,0.15,Supplier margin,fixed,f,fixed,,,fixed,Supplier margin,
BCI-MELAM-PWD·CN,BCI-MELAM-PWD,CN,1,50,0.5,Urea (~3.0t/t),UREA-WB,d,indexed,direct,urea,resolved,Urea (~3.0t/t),urea
BCI-MELAM-PWD·CN,BCI-MELAM-PWD,CN,2,25,0.25,Natural gas/energy (high-temp thermal decomposition),NATGAS-US,p,indexed,proxy,natgas-ppi,no_series,Natural gas/energy (high-temp thermal decomposition),
BCI-MELAM-PWD·CN,BCI-MELAM-PWD,CN,3,10,0.1,Industrial electricity,ELEC-CN,d,indexed,direct,elec-cn,resolved,Industrial electricity,elec-cn
BCI-MELAM-PWD·CN,BCI-MELAM-PWD,CN,4,15,0.15,Supplier margin,fixed,f,fixed,,,fixed,Supplier margin,
FOD-SORB-LIQ·EU,FOD-SORB-LIQ,EU,1,55,0.55,"Glucose/dextrose (corn syrup, ~1.0t/t)",fixed,f,fixed,,,fixed,"Glucose/dextrose (corn syrup, ~1.0t/t)",
FOD-SORB-LIQ·EU,FOD-SORB-LIQ,EU,2,15,0.15,Hydrogen,fixed,f,fixed,,,fixed,Hydrogen,
FOD-SORB-LIQ·EU,FOD-SORB-LIQ,EU,3,9,0.09,Industrial electricity,ELEC-EU,d,indexed,direct,elec-eu,resolved,Industrial electricity,elec-eu
FOD-SORB-LIQ·EU,FOD-SORB-LIQ,EU,4,5,0.05,Fixed costs LCI,LCI-EU,d,indexed,direct,lci-eu,resolved,Fixed costs LCI,lci-eu
FOD-SORB-LIQ·EU,FOD-SORB-LIQ,EU,5,16,0.16,Supplier margin,fixed,f,fixed,,,fixed,Supplier margin,
FOD-SORB-LIQ·NA,FOD-SORB-LIQ,NA,1,55,0.55,"Glucose/dextrose (corn syrup, ~1.0t/t)",fixed,f,fixed,,,fixed,"Glucose/dextrose (corn syrup, ~1.0t/t)",
FOD-SORB-LIQ·NA,FOD-SORB-LIQ,NA,2,15,0.15,Hydrogen,fixed,f,fixed,,,fixed,Hydrogen,
FOD-SORB-LIQ·NA,FOD-SORB-LIQ,NA,3,9,0.09,Industrial electricity,ELEC-NA,d,indexed,direct,elec-na,resolved,Industrial electricity,elec-na
FOD-SORB-LIQ·NA,FOD-SORB-LIQ,NA,4,5,0.05,Fixed costs LCI,LCI-NA,d,indexed,direct,lci-na,resolved,Fixed costs LCI,lci-na
FOD-SORB-LIQ·NA,FOD-SORB-LIQ,NA,5,16,0.16,Supplier margin,fixed,f,fixed,,,fixed,Supplier margin,
MIN-ACPHOS-LIQ·GL,MIN-ACPHOS-LIQ·GL,GL,1,45,0.45,Phosphoric acid proxy,dap,idx,indexed,unclassified,dap,resolved,Phosphoric acid proxy,dap
MIN-ACPHOS-LIQ·GL,MIN-ACPHOS-LIQ·GL,GL,2,25,0.25,Organic solvent,crude-oil,idx,indexed,unclassified,,ambiguous,Organic solvent,
MIN-ACPHOS-LIQ·GL,MIN-ACPHOS-LIQ·GL,GL,3,15,0.15,Energy (gas),natural-gas,idx,indexed,unclassified,,ambiguous,Energy (gas),
MIN-ACPHOS-LIQ·GL,MIN-ACPHOS-LIQ·GL,GL,4,15,0.15,Electricity,elec-eu,idx,indexed,unclassified,elec-eu,resolved,Electricity,elec-eu
MIN-CYBK-LIQ·GL,MIN-CYBK-LIQ·GL,GL,1,35,0.35,Silicone proxy,industrial-chemicals,idx,indexed,unclassified,industrial-chemicals,resolved,Silicone proxy,industrial-chemicals
MIN-CYBK-LIQ·GL,MIN-CYBK-LIQ·GL,GL,2,25,0.25,Mineral oil,crude-oil,idx,indexed,unclassified,,ambiguous,Mineral oil,
MIN-CYBK-LIQ·GL,MIN-CYBK-LIQ·GL,GL,3,20,0.2,Surfactant base,pko,idx,indexed,unclassified,pko,resolved,Surfactant base,pko
MIN-CYBK-LIQ·GL,MIN-CYBK-LIQ·GL,GL,4,20,0.2,Energy,natural-gas,idx,indexed,unclassified,,ambiguous,Energy,
MIN-CYFLOC-LIQ·GL,MIN-CYFLOC-LIQ·GL,GL,1,40,0.4,Acrylamide proxy,industrial-chemicals,idx,indexed,unclassified,industrial-chemicals,resolved,Acrylamide proxy,industrial-chemicals
MIN-CYFLOC-LIQ·GL,MIN-CYFLOC-LIQ·GL,GL,2,25,0.25,Acrylic acid,acrylic-acid,idx,indexed,unclassified,,ambiguous,Acrylic acid,
MIN-CYFLOC-LIQ·GL,MIN-CYFLOC-LIQ·GL,GL,3,20,0.2,Energy (gas),natural-gas,idx,indexed,unclassified,,ambiguous,Energy (gas),
MIN-CYFLOC-LIQ·GL,MIN-CYFLOC-LIQ·GL,GL,4,15,0.15,Electricity,elec-eu,idx,indexed,unclassified,elec-eu,resolved,Electricity,elec-eu
MIN-CYQST-LIQ·GL,MIN-CYQST-LIQ·GL,GL,1,50,0.5,Acrylic acid,acrylic-acid,idx,indexed,unclassified,,ambiguous,Acrylic acid,
MIN-CYQST-LIQ·GL,MIN-CYQST-LIQ·GL,GL,2,25,0.25,Caustic soda,caustic-soda-na,idx,indexed,unclassified,caustic-soda-na,resolved,Caustic soda,caustic-soda-na
MIN-CYQST-LIQ·GL,MIN-CYQST-LIQ·GL,GL,3,15,0.15,Energy (gas),natural-gas,idx,indexed,unclassified,,ambiguous,Energy (gas),
MIN-CYQST-LIQ·GL,MIN-CYQST-LIQ·GL,GL,4,10,0.1,Electricity,elec-eu,idx,indexed,unclassified,elec-eu,resolved,Electricity,elec-eu
MIN-MAXHT-LIQ·GL,MIN-MAXHT-LIQ·GL,GL,1,35,0.35,Specialty polymer proxy,industrial-chemicals,idx,indexed,unclassified,industrial-chemicals,resolved,Specialty polymer proxy,industrial-chemicals
MIN-MAXHT-LIQ·GL,MIN-MAXHT-LIQ·GL,GL,2,25,0.25,Caustic soda,caustic-soda-na,idx,indexed,unclassified,caustic-soda-na,resolved,Caustic soda,caustic-soda-na
MIN-MAXHT-LIQ·GL,MIN-MAXHT-LIQ·GL,GL,3,20,0.2,Energy (gas),natural-gas,idx,indexed,unclassified,,ambiguous,Energy (gas),
MIN-MAXHT-LIQ·GL,MIN-MAXHT-LIQ·GL,GL,4,20,0.2,Electricity,elec-eu,idx,indexed,unclassified,elec-eu,resolved,Electricity,elec-eu
MIN-OREP-LIQ·GL,MIN-OREP-LIQ·GL,GL,1,40,0.4,Propylene oxide proxy,industrial-chemicals,idx,indexed,unclassified,industrial-chemicals,resolved,Propylene oxide proxy,industrial-chemicals
MIN-OREP-LIQ·GL,MIN-OREP-LIQ·GL,GL,2,30,0.3,Ethylene oxide,ethylene-oxide,idx,indexed,unclassified,ethylene-propylene-na,resolved,Ethylene oxide,ethylene-propylene-na
MIN-OREP-LIQ·GL,MIN-OREP-LIQ·GL,GL,3,15,0.15,Energy (gas),natural-gas,idx,indexed,unclassified,,ambiguous,Energy (gas),
MIN-OREP-LIQ·GL,MIN-OREP-LIQ·GL,GL,4,15,0.15,Electricity,elec-eu,idx,indexed,unclassified,elec-eu,resolved,Electricity,elec-eu
AGR-PH3-CYL·GL,AGR-PH3-CYL·GL,GL,1,50,0.5,Phosphorus (yellow),dap,idx,indexed,unclassified,dap,resolved,Phosphorus (yellow),dap
AGR-PH3-CYL·GL,AGR-PH3-CYL·GL,GL,2,25,0.25,Cylinder/logistics,crude-oil,idx,indexed,unclassified,,ambiguous,Cylinder/logistics,
AGR-PH3-CYL·GL,AGR-PH3-CYL·GL,GL,3,15,0.15,Energy,natural-gas,idx,indexed,unclassified,,ambiguous,Energy,
AGR-PH3-CYL·GL,AGR-PH3-CYL·GL,GL,4,10,0.1,Electricity,elec-eu,idx,indexed,unclassified,elec-eu,resolved,Electricity,elec-eu
AGR-PH3MIX-CYL·GL,AGR-PH3MIX-CYL·GL,GL,1,40,0.4,Phosphorus (yellow),dap,idx,indexed,unclassified,dap,resolved,Phosphorus (yellow),dap
AGR-PH3MIX-CYL·GL,AGR-PH3MIX-CYL·GL,GL,2,25,0.25,CO₂ industrial gas,natural-gas,idx,indexed,unclassified,,ambiguous,CO₂ industrial gas,
AGR-PH3MIX-CYL·GL,AGR-PH3MIX-CYL·GL,GL,3,20,0.2,Cylinder/logistics,crude-oil,idx,indexed,unclassified,,ambiguous,Cylinder/logistics,
AGR-PH3MIX-CYL·GL,AGR-PH3MIX-CYL·GL,GL,4,15,0.15,Energy,elec-eu,idx,indexed,unclassified,elec-eu,resolved,Energy,elec-eu
PFC-ANTIST-LIQ·GL,PFC-ANTIST-LIQ·GL,GL,1,35,0.35,Fatty amine proxy,pko,idx,indexed,unclassified,pko,resolved,Fatty amine proxy,pko
PFC-ANTIST-LIQ·GL,PFC-ANTIST-LIQ·GL,GL,2,25,0.25,Ethylene oxide,ethylene-oxide,idx,indexed,unclassified,ethylene-propylene-na,resolved,Ethylene oxide,ethylene-propylene-na
PFC-ANTIST-LIQ·GL,PFC-ANTIST-LIQ·GL,GL,3,20,0.2,Glycerol/stearic proxy,cpo,idx,indexed,unclassified,cpo,resolved,Glycerol/stearic proxy,cpo
PFC-ANTIST-LIQ·GL,PFC-ANTIST-LIQ·GL,GL,4,10,0.1,Energy,natural-gas,idx,indexed,unclassified,,ambiguous,Energy,
PFC-ANTIST-LIQ·GL,PFC-ANTIST-LIQ·GL,GL,5,10,0.1,Electricity,elec-eu,idx,indexed,unclassified,elec-eu,resolved,Electricity,elec-eu
PFC-HALS-GRN·GL,PFC-HALS-GRN·GL,GL,1,30,0.3,Acetone/ketone proxy,industrial-chemicals,idx,indexed,unclassified,industrial-chemicals,resolved,Acetone/ketone proxy,industrial-chemicals
PFC-HALS-GRN·GL,PFC-HALS-GRN·GL,GL,2,25,0.25,Piperidine proxy,benzene-na,idx,indexed,unclassified,benzene-na,resolved,Piperidine proxy,benzene-na
PFC-HALS-GRN·GL,PFC-HALS-GRN·GL,GL,3,20,0.2,Hydrogen peroxide,industrial-chemicals,idx,indexed,unclassified,industrial-chemicals,resolved,Hydrogen peroxide,industrial-chemicals
PFC-HALS-GRN·GL,PFC-HALS-GRN·GL,GL,4,15,0.15,Energy (gas),natural-gas,idx,indexed,unclassified,,ambiguous,Energy (gas),
PFC-HALS-GRN·GL,PFC-HALS-GRN·GL,GL,5,10,0.1,Electricity,elec-eu,idx,indexed,unclassified,elec-eu,resolved,Electricity,elec-eu
PFC-UVA-GRN·GL,PFC-UVA-GRN·GL,GL,1,35,0.35,Benzotriazole proxy,benzene-na,idx,indexed,unclassified,benzene-na,resolved,Benzotriazole proxy,benzene-na
PFC-UVA-GRN·GL,PFC-UVA-GRN·GL,GL,2,25,0.25,Phenol derivative,industrial-chemicals,idx,indexed,unclassified,industrial-chemicals,resolved,Phenol derivative,industrial-chemicals
PFC-UVA-GRN·GL,PFC-UVA-GRN·GL,GL,3,20,0.2,Specialty organic synthesis,industrial-chemicals,idx,indexed,unclassified,industrial-chemicals,resolved,Specialty organic synthesis,industrial-chemicals
PFC-UVA-GRN·GL,PFC-UVA-GRN·GL,GL,4,10,0.1,Energy,natural-gas,idx,indexed,unclassified,,ambiguous,Energy,
PFC-UVA-GRN·GL,PFC-UVA-GRN·GL,GL,5,10,0.1,Electricity,elec-eu,idx,indexed,unclassified,elec-eu,resolved,Electricity,elec-eu
ELA-COADH-PWD·GL,ELA-COADH-PWD·GL,GL,1,40,0.4,Cobalt metal proxy,nickel,idx,indexed,unclassified,nickel,resolved,Cobalt metal proxy,nickel
ELA-COADH-PWD·GL,ELA-COADH-PWD·GL,GL,2,25,0.25,Neodecanoic/stearic acid,cpo,idx,indexed,unclassified,cpo,resolved,Neodecanoic/stearic acid,cpo
ELA-COADH-PWD·GL,ELA-COADH-PWD·GL,GL,3,15,0.15,Boron compound proxy,industrial-chemicals,idx,indexed,unclassified,industrial-chemicals,resolved,Boron compound proxy,industrial-chemicals
ELA-COADH-PWD·GL,ELA-COADH-PWD·GL,GL,4,10,0.1,Energy,natural-gas,idx,indexed,unclassified,,ambiguous,Energy,
ELA-COADH-PWD·GL,ELA-COADH-PWD·GL,GL,5,10,0.1,Electricity,elec-eu,idx,indexed,unclassified,elec-eu,resolved,Electricity,elec-eu
SOL-RHDIA-LIQ·GL,SOL-RHDIA-LIQ·GL,GL,1,40,0.4,Isosorbide/sorbitol proxy,glucose,idx,indexed,unclassified,corn,resolved,Isosorbide/sorbitol proxy,corn
SOL-RHDIA-LIQ·GL,SOL-RHDIA-LIQ·GL,GL,2,25,0.25,Propylene glycol proxy,industrial-chemicals,idx,indexed,unclassified,industrial-chemicals,resolved,Propylene glycol proxy,industrial-chemicals
SOL-RHDIA-LIQ·GL,SOL-RHDIA-LIQ·GL,GL,3,20,0.2,Energy,natural-gas,idx,indexed,unclassified,,ambiguous,Energy,
SOL-RHDIA-LIQ·GL,SOL-RHDIA-LIQ·GL,GL,4,15,0.15,Electricity,elec-eu,idx,indexed,unclassified,elec-eu,resolved,Electricity,elec-eu
SUR-ADIBD-LIQ·GL,SUR-ADIBD-LIQ·GL,GL,1,35,0.35,Acrylic polymer proxy,acrylic-acid,idx,indexed,unclassified,,ambiguous,Acrylic polymer proxy,
SUR-ADIBD-LIQ·GL,SUR-ADIBD-LIQ·GL,GL,2,25,0.25,Phosphoric acid ester,dap,idx,indexed,unclassified,dap,resolved,Phosphoric acid ester,dap
SUR-ADIBD-LIQ·GL,SUR-ADIBD-LIQ·GL,GL,3,20,0.2,Organic acid proxy,industrial-chemicals,idx,indexed,unclassified,industrial-chemicals,resolved,Organic acid proxy,industrial-chemicals
SUR-ADIBD-LIQ·GL,SUR-ADIBD-LIQ·GL,GL,4,10,0.1,Energy,natural-gas,idx,indexed,unclassified,,ambiguous,Energy,
SUR-ADIBD-LIQ·GL,SUR-ADIBD-LIQ·GL,GL,5,10,0.1,Electricity,elec-eu,idx,indexed,unclassified,elec-eu,resolved,Electricity,elec-eu
SUR-ALKAM-LIQ·GL,SUR-ALKAM-LIQ·GL,GL,1,35,0.35,Sorbitol,glucose,idx,indexed,unclassified,corn,resolved,Sorbitol,corn
SUR-ALKAM-LIQ·GL,SUR-ALKAM-LIQ·GL,GL,2,25,0.25,Fatty acid (oleic/stearic),cpo,idx,indexed,unclassified,cpo,resolved,Fatty acid (oleic/stearic),cpo
SUR-ALKAM-LIQ·GL,SUR-ALKAM-LIQ·GL,GL,3,20,0.2,Ethylene oxide,ethylene-oxide,idx,indexed,unclassified,ethylene-propylene-na,resolved,Ethylene oxide,ethylene-propylene-na
SUR-ALKAM-LIQ·GL,SUR-ALKAM-LIQ·GL,GL,4,10,0.1,Energy,natural-gas,idx,indexed,unclassified,,ambiguous,Energy,
SUR-ALKAM-LIQ·GL,SUR-ALKAM-LIQ·GL,GL,5,10,0.1,Electricity,elec-eu,idx,indexed,unclassified,elec-eu,resolved,Electricity,elec-eu
SUR-SIPOM-LIQ·GL,SUR-SIPOM-LIQ·GL,GL,1,30,0.3,Phosphoric acid ester proxy,dap,idx,indexed,unclassified,dap,resolved,Phosphoric acid ester proxy,dap
SUR-SIPOM-LIQ·GL,SUR-SIPOM-LIQ·GL,GL,2,25,0.25,Acrylic monomer proxy,acrylic-acid,idx,indexed,unclassified,,ambiguous,Acrylic monomer proxy,
SUR-SIPOM-LIQ·GL,SUR-SIPOM-LIQ·GL,GL,3,20,0.2,Ethylene oxide,ethylene-oxide,idx,indexed,unclassified,ethylene-propylene-na,resolved,Ethylene oxide,ethylene-propylene-na
SUR-SIPOM-LIQ·GL,SUR-SIPOM-LIQ·GL,GL,4,15,0.15,Energy,natural-gas,idx,indexed,unclassified,,ambiguous,Energy,
SUR-SIPOM-LIQ·GL,SUR-SIPOM-LIQ·GL,GL,5,10,0.1,Electricity,elec-eu,idx,indexed,unclassified,elec-eu,resolved,Electricity,elec-eu
LUB-PHOS-LIQ·GL,LUB-PHOS-LIQ·GL,GL,1,35,0.35,Phosphorus pentoxide proxy,dap,idx,indexed,unclassified,dap,resolved,Phosphorus pentoxide proxy,dap
LUB-PHOS-LIQ·GL,LUB-PHOS-LIQ·GL,GL,2,25,0.25,Fatty alcohol/EO,ethylene-oxide,idx,indexed,unclassified,ethylene-propylene-na,resolved,Fatty alcohol/EO,ethylene-propylene-na
LUB-PHOS-LIQ·GL,LUB-PHOS-LIQ·GL,GL,3,20,0.2,Organic acid proxy,industrial-chemicals,idx,indexed,unclassified,industrial-chemicals,resolved,Organic acid proxy,industrial-chemicals
LUB-PHOS-LIQ·GL,LUB-PHOS-LIQ·GL,GL,4,10,0.1,Energy,natural-gas,idx,indexed,unclassified,,ambiguous,Energy,
LUB-PHOS-LIQ·GL,LUB-PHOS-LIQ·GL,GL,5,10,0.1,Electricity,elec-eu,idx,indexed,unclassified,elec-eu,resolved,Electricity,elec-eu
