combo_id,formula_id,region,assumed_region,form,variant,margin_pct,margin_raw,margin_encoding,volatile,family,subfamily,taxonomy_source,n_lines,weight_total,w_direct,w_proxy,w_unclassified,w_fixed,indexed_pct,priceable_pct,indexed_priceable_pct,coverage_tier,loadable,db_region,basis_currency,basis_incoterm,basis_named_place
OLE-FAC-SAT·EU,OLE-FAC-SAT,EU,False,Liquid/flake,,9.0,9,percent,False,Oleochemicals,Fatty acids & derivatives,combo,4,100.0,21.0,70.0,0.0,9.0,91.0,91.0,100.0,P3,True,,,,
OLE-FAC-SAT·CN,OLE-FAC-SAT,CN,False,Liquid/flake,,9.0,9,percent,False,Oleochemicals,Fatty acids & derivatives,combo,4,100.0,21.0,70.0,0.0,9.0,91.0,91.0,100.0,P3,True,,,,
OLE-FAC-SAT·NA,OLE-FAC-SAT,NA,False,Liquid/flake,,9.0,9,percent,False,Oleochemicals,Fatty acids & derivatives,combo,4,100.0,21.0,70.0,0.0,9.0,91.0,91.0,100.0,P3,True,,,,
OLE-FAC-SAT·APAC,OLE-FAC-SAT,APAC,False,Liquid/flake,,9.0,9,percent,False,Oleochemicals,Fatty acids & derivatives,combo,4,100.0,91.0,0.0,0.0,9.0,91.0,91.0,100.0,P1,True,,,,
OLE-FAC-SAT·IN,OLE-FAC-SAT,IN,False,Liquid/flake,,9.0,9,percent,False,Oleochemicals,Fatty acids & derivatives,combo,4,100.0,91.0,0.0,0.0,9.0,91.0,91.0,100.0,P1,True,,,,
OLE-FAC-SAT·MEA,OLE-FAC-SAT,MEA,False,Liquid/flake,,9.0,9,percent,False,Oleochemicals,Fatty acids & derivatives,combo,4,100.0,83.0,8.0,0.0,9.0,91.0,91.0,100.0,P2,True,,,,
FA-US·EU,FA-US,EU,False,Liquid,,11.0,11,percent,False,Oleochemicals,Fatty acids & derivatives,combo,4,100.0,21.0,68.0,0.0,11.0,89.0,89.0,100.0,P3,True,,,,
FA-US·CN,FA-US,CN,False,Liquid,,11.0,11,percent,False,Oleochemicals,Fatty acids & derivatives,combo,4,100.0,21.0,68.0,0.0,11.0,89.0,89.0,100.0,P3,True,,,,
FA-US·APAC,FA-US,APAC,False,Liquid,,11.0,11,percent,False,Oleochemicals,Fatty acids & derivatives,combo,4,100.0,89.0,0.0,0.0,11.0,89.0,89.0,100.0,P1,True,,,,
FA-US·IN,FA-US,IN,False,Liquid,,11.0,11,percent,False,Oleochemicals,Fatty acids & derivatives,combo,4,100.0,89.0,0.0,0.0,11.0,89.0,89.0,100.0,P1,True,,,,
OLE-FAL-CPO·EU,OLE-FAL-CPO,EU,False,Liquid,,11.0,11,percent,False,Oleochemicals,Fatty alcohols,combo,5,100.0,22.0,67.0,0.0,11.0,89.0,89.0,100.0,P3,True,,,,
OLE-FAL-CPO·CN,OLE-FAL-CPO,CN,False,Liquid,,11.0,11,percent,False,Oleochemicals,Fatty alcohols,combo,5,100.0,22.0,67.0,0.0,11.0,89.0,89.0,100.0,P3,True,,,,
OLE-FAL-CPO·NA,OLE-FAL-CPO,NA,False,Liquid,,11.0,11,percent,False,Oleochemicals,Fatty alcohols,combo,5,100.0,22.0,67.0,0.0,11.0,89.0,89.0,100.0,P3,True,,,,
OLE-FAL-CPO·APAC,OLE-FAL-CPO,APAC,False,Liquid,,11.0,11,percent,False,Oleochemicals,Fatty alcohols,combo,5,100.0,81.0,8.0,0.0,11.0,89.0,89.0,100.0,P2,True,,,,
OLE-FAL-CPO·IN,OLE-FAL-CPO,IN,False,Liquid,,11.0,11,percent,False,Oleochemicals,Fatty alcohols,combo,5,100.0,81.0,8.0,0.0,11.0,89.0,89.0,100.0,P2,True,,,,
OLE-FAL-CPO·MEA,OLE-FAL-CPO,MEA,False,Liquid,,11.0,11,percent,False,Oleochemicals,Fatty alcohols,combo,5,100.0,71.0,18.0,0.0,11.0,89.0,89.0,100.0,P2,True,,,,
OLE-FAL-PKO·EU,OLE-FAL-PKO,EU,False,Liquid,,9.0,9,percent,False,Oleochemicals,Fatty alcohols,combo,5,100.0,23.0,68.0,0.0,9.0,91.0,91.0,100.0,P3,True,,,,
OLE-FAL-PKO·CN,OLE-FAL-PKO,CN,False,Liquid,,9.0,9,percent,False,Oleochemicals,Fatty alcohols,combo,5,100.0,23.0,68.0,0.0,9.0,91.0,91.0,100.0,P3,True,,,,
OLE-FAL-PKO·NA,OLE-FAL-PKO,NA,False,Liquid,,9.0,9,percent,False,Oleochemicals,Fatty alcohols,combo,5,100.0,23.0,68.0,0.0,9.0,91.0,91.0,100.0,P3,True,,,,
OLE-FAL-PKO·APAC,OLE-FAL-PKO,APAC,False,Liquid,,9.0,9,percent,False,Oleochemicals,Fatty alcohols,combo,5,100.0,83.0,8.0,0.0,9.0,91.0,91.0,100.0,P2,True,,,,
OLE-FAL-PKO·IN,OLE-FAL-PKO,IN,False,Liquid,,9.0,9,percent,False,Oleochemicals,Fatty alcohols,combo,5,100.0,83.0,8.0,0.0,9.0,91.0,91.0,100.0,P2,True,,,,
OLE-FAL-PKO·MEA,OLE-FAL-PKO,MEA,False,Liquid,,9.0,9,percent,False,Oleochemicals,Fatty alcohols,combo,5,100.0,73.0,18.0,0.0,9.0,91.0,91.0,100.0,P2,True,,,,
OLE-FAL-C20·EU,OLE-FAL-C20,EU,False,Flake,,15.0,15,percent,False,Oleochemicals,Fatty alcohols,combo,4,100.0,25.0,60.0,0.0,15.0,85.0,85.0,100.0,P3,True,,,,
OLE-FAL-C20·CN,OLE-FAL-C20,CN,False,Flake,,15.0,15,percent,False,Oleochemicals,Fatty alcohols,combo,4,100.0,25.0,60.0,0.0,15.0,85.0,85.0,100.0,P3,True,,,,
OLE-FAL-C20·APAC,OLE-FAL-C20,APAC,False,Flake,,15.0,15,percent,False,Oleochemicals,Fatty alcohols,combo,4,100.0,25.0,60.0,0.0,15.0,85.0,85.0,100.0,P3,True,,,,
OLE-GLY-CRD·EU,OLE-GLY-CRD,EU,False,Liquid,,4.0,4,percent,False,Oleochemicals,Glycerine,combo,4,100.0,20.0,76.0,0.0,4.0,96.0,96.0,100.0,P3,True,,,,
OLE-GLY-CRD·CN,OLE-GLY-CRD,CN,False,Liquid,,4.0,4,percent,False,Oleochemicals,Glycerine,combo,4,100.0,20.0,76.0,0.0,4.0,96.0,96.0,100.0,P3,True,,,,
OLE-GLY-CRD·NA,OLE-GLY-CRD,NA,False,Liquid,,4.0,4,percent,False,Oleochemicals,Glycerine,combo,4,100.0,20.0,76.0,0.0,4.0,96.0,96.0,100.0,P3,True,,,,
OLE-GLY-CRD·APAC,OLE-GLY-CRD,APAC,False,Liquid,,4.0,4,percent,False,Oleochemicals,Glycerine,combo,4,100.0,20.0,76.0,0.0,4.0,96.0,96.0,100.0,P3,True,,,,
OLE-GLY-CRD·IN,OLE-GLY-CRD,IN,False,Liquid,,4.0,4,percent,False,Oleochemicals,Glycerine,combo,4,100.0,20.0,76.0,0.0,4.0,96.0,96.0,100.0,P3,True,,,,
OLE-GLY-REF·EU,OLE-GLY-REF,EU,False,Liquid,,8.0,8,percent,False,Oleochemicals,Glycerine,combo,4,100.0,22.0,70.0,0.0,8.0,92.0,92.0,100.0,P3,True,,,,
OLE-GLY-REF·CN,OLE-GLY-REF,CN,False,Liquid,,8.0,8,percent,False,Oleochemicals,Glycerine,combo,4,100.0,22.0,70.0,0.0,8.0,92.0,92.0,100.0,P3,True,,,,
OLE-GLY-REF·IN,OLE-GLY-REF,IN,False,Liquid,,8.0,8,percent,False,Oleochemicals,Glycerine,combo,4,100.0,22.0,70.0,0.0,8.0,92.0,92.0,100.0,P3,True,,,,
FOD-LEC-LIQ·EU,FOD-LEC-LIQ,EU,False,Liquid,,16.0,16,percent,False,Bio-Based Ingredients,Lecithins & phospholipids,combo,4,100.0,84.0,0.0,0.0,16.0,84.0,84.0,100.0,P1,True,,,,
FOD-LEC-LIQ·NA,FOD-LEC-LIQ,NA,False,Liquid,,16.0,16,percent,False,Bio-Based Ingredients,Lecithins & phospholipids,combo,4,100.0,84.0,0.0,0.0,16.0,84.0,84.0,100.0,P1,True,,,,
FOD-LEC-LIQ·APAC,FOD-LEC-LIQ,APAC,False,Liquid,,16.0,16,percent,False,Bio-Based Ingredients,Lecithins & phospholipids,combo,4,100.0,84.0,0.0,0.0,16.0,84.0,84.0,100.0,P1,True,,,,
FOD-LEC-PWD·EU,FOD-LEC-PWD,EU,False,Powder,,17.0,17,percent,False,Bio-Based Ingredients,Lecithins & phospholipids,combo,5,100.0,83.0,0.0,0.0,17.0,83.0,83.0,100.0,P1,True,,,,
FOD-LEC-PWD·NA,FOD-LEC-PWD,NA,False,Powder,,17.0,17,percent,False,Bio-Based Ingredients,Lecithins & phospholipids,combo,5,100.0,83.0,0.0,0.0,17.0,83.0,83.0,100.0,P1,True,,,,
OLE-ME-FAME·EU,OLE-ME-FAME,EU,False,Liquid,,6.0,6,percent,False,Oleochemicals,Oleochemical esters,combo,4,100.0,24.0,70.0,0.0,6.0,94.0,94.0,100.0,P3,True,,,,
OLE-ME-FAME·APAC,OLE-ME-FAME,APAC,False,Liquid,,6.0,6,percent,False,Oleochemicals,Oleochemical esters,combo,4,100.0,94.0,0.0,0.0,6.0,94.0,94.0,100.0,P1,True,,,,
OLE-ME-FAME·LA,OLE-ME-FAME,LA,False,Liquid,,6.0,6,percent,False,Oleochemicals,Oleochemical esters,combo,4,100.0,94.0,0.0,0.0,6.0,94.0,94.0,100.0,P1,True,,,,
FOD-RBD-LIQ·APAC,FOD-RBD-LIQ,APAC,False,Liquid,,6.0,6,percent,False,Oleochemicals,Vegetable oil feedstocks,combo,4,100.0,94.0,0.0,0.0,6.0,94.0,94.0,100.0,P1,True,,,,
FOD-RBD-LIQ·IN,FOD-RBD-LIQ,IN,False,Liquid,,6.0,6,percent,False,Oleochemicals,Vegetable oil feedstocks,combo,4,100.0,94.0,0.0,0.0,6.0,94.0,94.0,100.0,P1,True,,,,
FOD-RBD-LIQ·MEA,FOD-RBD-LIQ,MEA,False,Liquid,,6.0,6,percent,False,Oleochemicals,Vegetable oil feedstocks,combo,4,100.0,8.0,86.0,0.0,6.0,94.0,94.0,100.0,P3,True,,,,
SUR-CAPB-LIQ·EU,SUR-CAPB-LIQ,EU,False,Liquid,,14.0,14,percent,False,Surfactants,Amphoteric surfactants,combo,6,100.0,21.0,65.0,0.0,14.0,86.0,86.0,100.0,P3,True,,,,
SUR-CAPB-LIQ·CN,SUR-CAPB-LIQ,CN,False,Liquid,,14.0,14,percent,False,Surfactants,Amphoteric surfactants,combo,6,100.0,21.0,65.0,0.0,14.0,86.0,86.0,100.0,P3,True,,,,
SUR-CAPB-LIQ·NA,SUR-CAPB-LIQ,NA,False,Liquid,,14.0,14,percent,False,Surfactants,Amphoteric surfactants,combo,6,100.0,21.0,65.0,0.0,14.0,86.0,86.0,100.0,P3,True,,,,
SUR-CAPB-LIQ·APAC,SUR-CAPB-LIQ,APAC,False,Liquid,,14.0,14,percent,False,Surfactants,Amphoteric surfactants,combo,6,100.0,21.0,65.0,0.0,14.0,86.0,86.0,100.0,P3,True,,,,
SUR-LABS-ACD·EU,SUR-LABS-ACD,EU,False,Liquid,,5.0,5,percent,False,Surfactants,Anionic LABS chain,combo,7,100.0,92.0,3.0,0.0,5.0,95.0,95.0,100.0,P2,True,,,,
SUR-LABS-ACD·CN,SUR-LABS-ACD,CN,False,Liquid,,5.0,5,percent,False,Surfactants,Anionic LABS chain,combo,7,100.0,92.0,3.0,0.0,5.0,95.0,95.0,100.0,P2,True,,,,
SUR-LABS-ACD·NA,SUR-LABS-ACD,NA,False,Liquid,,5.0,5,percent,False,Surfactants,Anionic LABS chain,combo,7,100.0,92.0,3.0,0.0,5.0,95.0,95.0,100.0,P2,True,,,,
SUR-LABS-ACD·APAC,SUR-LABS-ACD,APAC,False,Liquid,,5.0,5,percent,False,Surfactants,Anionic LABS chain,combo,7,100.0,69.0,26.0,0.0,5.0,95.0,95.0,100.0,P2,True,,,,
SUR-LABS-ACD·IN,SUR-LABS-ACD,IN,False,Liquid,,5.0,5,percent,False,Surfactants,Anionic LABS chain,combo,7,100.0,87.0,8.0,0.0,5.0,95.0,95.0,100.0,P2,True,,,,
SUR-LABS-ACD·MEA,SUR-LABS-ACD,MEA,False,Liquid,,5.0,5,percent,False,Surfactants,Anionic LABS chain,combo,7,100.0,62.0,33.0,0.0,5.0,95.0,95.0,100.0,P2,True,,,,
SUR-LABS-ACD·LA,SUR-LABS-ACD,LA,False,Liquid,,5.0,5,percent,False,Surfactants,Anionic LABS chain,combo,7,100.0,62.0,33.0,0.0,5.0,95.0,95.0,100.0,P2,True,,,,
SUR-LABS-PWD·EU,SUR-LABS-PWD,EU,False,Powder,,8.0,8,percent,False,Surfactants,Anionic LABS chain,combo,5,100.0,30.0,62.0,0.0,8.0,92.0,92.0,100.0,P3,True,,,,
SUR-LABS-PWD·CN,SUR-LABS-PWD,CN,False,Powder,,8.0,8,percent,False,Surfactants,Anionic LABS chain,combo,5,100.0,30.0,62.0,0.0,8.0,92.0,92.0,100.0,P3,True,,,,
SUR-LABS-PWD·NA,SUR-LABS-PWD,NA,False,Powder,,8.0,8,percent,False,Surfactants,Anionic LABS chain,combo,5,100.0,30.0,62.0,0.0,8.0,92.0,92.0,100.0,P3,True,,,,
SUR-LABS-PWD·APAC,SUR-LABS-PWD,APAC,False,Powder,,8.0,8,percent,False,Surfactants,Anionic LABS chain,combo,5,100.0,25.0,67.0,0.0,8.0,92.0,92.0,100.0,P3,True,,,,
SUR-LABS-S30·EU,SUR-LABS-S30,EU,False,Liquid,,7.0,7,percent,False,Surfactants,Anionic LABS chain,combo,6,100.0,25.0,68.0,0.0,7.0,93.0,93.0,100.0,P3,True,,,,
SUR-LABS-S30·CN,SUR-LABS-S30,CN,False,Liquid,,7.0,7,percent,False,Surfactants,Anionic LABS chain,combo,6,100.0,25.0,68.0,0.0,7.0,93.0,93.0,100.0,P3,True,,,,
SUR-LABS-S30·NA,SUR-LABS-S30,NA,False,Liquid,,7.0,7,percent,False,Surfactants,Anionic LABS chain,combo,6,100.0,25.0,68.0,0.0,7.0,93.0,93.0,100.0,P3,True,,,,
SUR-LABS-S30·APAC,SUR-LABS-S30,APAC,False,Liquid,,7.0,7,percent,False,Surfactants,Anionic LABS chain,combo,6,100.0,19.0,74.0,0.0,7.0,93.0,93.0,100.0,P3,True,,,,
SUR-LABS-S30·IN,SUR-LABS-S30,IN,False,Liquid,,7.0,7,percent,False,Surfactants,Anionic LABS chain,combo,6,100.0,19.0,74.0,0.0,7.0,93.0,93.0,100.0,P3,True,,,,
SUR-LABS-S30·MEA,SUR-LABS-S30,MEA,False,Liquid,,7.0,7,percent,False,Surfactants,Anionic LABS chain,combo,6,100.0,14.0,79.0,0.0,7.0,93.0,93.0,100.0,P3,True,,,,
SUR-LABS-S30·LA,SUR-LABS-S30,LA,False,Liquid,,7.0,7,percent,False,Surfactants,Anionic LABS chain,combo,6,100.0,14.0,79.0,0.0,7.0,93.0,93.0,100.0,P3,True,,,,
SUR-LABS-S60·EU,SUR-LABS-S60,EU,False,Liquid,,8.0,8,percent,False,Surfactants,Anionic LABS chain,combo,5,100.0,30.0,62.0,0.0,8.0,92.0,92.0,100.0,P3,True,,,,
SUR-LABS-S60·CN,SUR-LABS-S60,CN,False,Liquid,,8.0,8,percent,False,Surfactants,Anionic LABS chain,combo,5,100.0,30.0,62.0,0.0,8.0,92.0,92.0,100.0,P3,True,,,,
SUR-LABS-S60·NA,SUR-LABS-S60,NA,False,Liquid,,8.0,8,percent,False,Surfactants,Anionic LABS chain,combo,5,100.0,30.0,62.0,0.0,8.0,92.0,92.0,100.0,P3,True,,,,
SUR-LABS-S60·APAC,SUR-LABS-S60,APAC,False,Liquid,,8.0,8,percent,False,Surfactants,Anionic LABS chain,combo,5,100.0,22.0,70.0,0.0,8.0,92.0,92.0,100.0,P3,True,,,,
SUR-LABS-S60·IN,SUR-LABS-S60,IN,False,Liquid,,8.0,8,percent,False,Surfactants,Anionic LABS chain,combo,5,100.0,22.0,70.0,0.0,8.0,92.0,92.0,100.0,P3,True,,,,
SUR-LABS-S60·MEA,SUR-LABS-S60,MEA,False,Liquid,,8.0,8,percent,False,Surfactants,Anionic LABS chain,combo,5,100.0,14.0,78.0,0.0,8.0,92.0,92.0,100.0,P3,True,,,,
SUR-AES-2EO·EU,SUR-AES-2EO,EU,False,Liquid,,8.0,8,percent,False,Surfactants,Anionic SLS/SLES chain,combo,5,100.0,37.0,55.0,0.0,8.0,92.0,92.0,100.0,P3,True,,,,
SUR-AES-2EO·CN,SUR-AES-2EO,CN,False,Liquid,,8.0,8,percent,False,Surfactants,Anionic SLS/SLES chain,combo,5,100.0,37.0,55.0,0.0,8.0,92.0,92.0,100.0,P3,True,,,,
SUR-AES-2EO·NA,SUR-AES-2EO,NA,False,Liquid,,8.0,8,percent,False,Surfactants,Anionic SLS/SLES chain,combo,5,100.0,21.0,71.0,0.0,8.0,92.0,92.0,100.0,P3,True,,,,
SUR-AES-2EO·APAC,SUR-AES-2EO,APAC,False,Liquid,,8.0,8,percent,False,Surfactants,Anionic SLS/SLES chain,combo,5,100.0,13.0,79.0,0.0,8.0,92.0,92.0,100.0,P3,True,,,,
SUR-AES-2EO·IN,SUR-AES-2EO,IN,False,Liquid,,8.0,8,percent,False,Surfactants,Anionic SLS/SLES chain,combo,5,100.0,21.0,71.0,0.0,8.0,92.0,92.0,100.0,P3,True,,,,
SUR-AES-2EO·MEA,SUR-AES-2EO,MEA,False,Liquid,,8.0,8,percent,False,Surfactants,Anionic SLS/SLES chain,combo,5,100.0,13.0,79.0,0.0,8.0,92.0,92.0,100.0,P3,True,,,,
SUR-AES-3EO·EU,SUR-AES-3EO,EU,False,Liquid,,9.0,9,percent,False,Surfactants,Anionic SLS/SLES chain,combo,5,100.0,40.0,51.0,0.0,9.0,91.0,91.0,100.0,P3,True,,,,
SUR-AES-3EO·CN,SUR-AES-3EO,CN,False,Liquid,,9.0,9,percent,False,Surfactants,Anionic SLS/SLES chain,combo,5,100.0,40.0,51.0,0.0,9.0,91.0,91.0,100.0,P3,True,,,,
SUR-AES-3EO·NA,SUR-AES-3EO,NA,False,Liquid,,9.0,9,percent,False,Surfactants,Anionic SLS/SLES chain,combo,5,100.0,20.0,71.0,0.0,9.0,91.0,91.0,100.0,P3,True,,,,
SUR-AES-3EO·APAC,SUR-AES-3EO,APAC,False,Liquid,,9.0,9,percent,False,Surfactants,Anionic SLS/SLES chain,combo,5,100.0,13.0,78.0,0.0,9.0,91.0,91.0,100.0,P3,True,,,,
SUR-AES-3EO·IN,SUR-AES-3EO,IN,False,Liquid,,9.0,9,percent,False,Surfactants,Anionic SLS/SLES chain,combo,5,100.0,20.0,71.0,0.0,9.0,91.0,91.0,100.0,P3,True,,,,
SUR-AES-3EO·MEA,SUR-AES-3EO,MEA,False,Liquid,,9.0,9,percent,False,Surfactants,Anionic SLS/SLES chain,combo,5,100.0,13.0,78.0,0.0,9.0,91.0,91.0,100.0,P3,True,,,,
SUR-SLS-PST·EU,SUR-SLS-PST,EU,False,Liquid,,9.0,9,percent,False,Surfactants,Anionic SLS/SLES chain,combo,5,100.0,35.0,56.0,0.0,9.0,91.0,91.0,100.0,P3,True,,,,
SUR-SLS-PST·CN,SUR-SLS-PST,CN,False,Liquid,,9.0,9,percent,False,Surfactants,Anionic SLS/SLES chain,combo,5,100.0,35.0,56.0,0.0,9.0,91.0,91.0,100.0,P3,True,,,,
SUR-SLS-PST·NA,SUR-SLS-PST,NA,False,Liquid,,9.0,9,percent,False,Surfactants,Anionic SLS/SLES chain,combo,5,100.0,35.0,56.0,0.0,9.0,91.0,91.0,100.0,P3,True,,,,
SUR-SLS-PST·APAC,SUR-SLS-PST,APAC,False,Liquid,,9.0,9,percent,False,Surfactants,Anionic SLS/SLES chain,combo,5,100.0,13.0,78.0,0.0,9.0,91.0,91.0,100.0,P3,True,,,,
SUR-SLS-PST·IN,SUR-SLS-PST,IN,False,Liquid,,9.0,9,percent,False,Surfactants,Anionic SLS/SLES chain,combo,5,100.0,29.0,62.0,0.0,9.0,91.0,91.0,100.0,P3,True,,,,
SUR-SLS-PWD·EU,SUR-SLS-PWD,EU,False,Powder,,10.0,10,percent,False,Surfactants,Anionic SLS/SLES chain,combo,6,100.0,44.0,46.0,0.0,10.0,90.0,90.0,100.0,P3,True,,,,
SUR-SLS-PWD·CN,SUR-SLS-PWD,CN,False,Powder,,10.0,10,percent,False,Surfactants,Anionic SLS/SLES chain,combo,6,100.0,44.0,46.0,0.0,10.0,90.0,90.0,100.0,P3,True,,,,
SUR-SLS-PWD·NA,SUR-SLS-PWD,NA,False,Powder,,10.0,10,percent,False,Surfactants,Anionic SLS/SLES chain,combo,6,100.0,44.0,46.0,0.0,10.0,90.0,90.0,100.0,P3,True,,,,
SUR-SLS-PWD·APAC,SUR-SLS-PWD,APAC,False,Powder,,10.0,10,percent,False,Surfactants,Anionic SLS/SLES chain,combo,6,100.0,24.0,66.0,0.0,10.0,90.0,90.0,100.0,P3,True,,,,
SUR-FAM-C12·EU,SUR-FAM-C12,EU,False,Liquid,,13.0,13,percent,False,Surfactants,Cationic amines & quaternaries,combo,5,100.0,41.0,46.0,0.0,13.0,87.0,87.0,100.0,P3,True,,,,
SUR-FAM-C12·APAC,SUR-FAM-C12,APAC,False,Liquid,,13.0,13,percent,False,Surfactants,Cationic amines & quaternaries,combo,5,100.0,69.0,18.0,0.0,13.0,87.0,87.0,100.0,P2,True,,,,
SUR-FAM-C12·IN,SUR-FAM-C12,IN,False,Liquid,,13.0,13,percent,False,Surfactants,Cationic amines & quaternaries,combo,5,100.0,87.0,0.0,0.0,13.0,87.0,87.0,100.0,P1,True,,,,
SUR-FAM-C18·EU,SUR-FAM-C18,EU,False,Liquid,,13.0,13,percent,False,Surfactants,Cationic amines & quaternaries,combo,5,100.0,39.0,48.0,0.0,13.0,87.0,87.0,100.0,P3,True,,,,
SUR-FAM-C18·APAC,SUR-FAM-C18,APAC,False,Liquid,,13.0,13,percent,False,Surfactants,Cationic amines & quaternaries,combo,5,100.0,71.0,16.0,0.0,13.0,87.0,87.0,100.0,P2,True,,,,
SUR-APG-LIQ·EU,SUR-APG-LIQ,EU,False,Liquid,,15.0,15,percent,False,Surfactants,Non-ionic ester & glucoside,combo,6,100.0,50.0,35.0,0.0,15.0,85.0,85.0,100.0,P2,True,,,,
SUR-APG-LIQ·CN,SUR-APG-LIQ,CN,False,Liquid,,15.0,15,percent,False,Surfactants,Non-ionic ester & glucoside,combo,6,100.0,50.0,35.0,0.0,15.0,85.0,85.0,100.0,P2,True,,,,
SUR-APG-LIQ·NA,SUR-APG-LIQ,NA,False,Liquid,,15.0,15,percent,False,Surfactants,Non-ionic ester & glucoside,combo,6,100.0,22.0,63.0,0.0,15.0,85.0,85.0,100.0,P3,True,,,,
SUR-APG-LIQ·APAC,SUR-APG-LIQ,APAC,False,Liquid,,15.0,15,percent,False,Surfactants,Non-ionic ester & glucoside,combo,6,100.0,22.0,63.0,0.0,15.0,85.0,85.0,100.0,P3,True,,,,
F19-IMID-LIQ·EU,F19-IMID-LIQ,EU,False,Liquid,,22.0,22,percent,False,Surfactants,Cationic amines & quaternaries,combo,5,100.0,20.0,58.0,0.0,22.0,78.0,78.0,100.0,P3,True,,,,
F19-IMID-LIQ·NA,F19-IMID-LIQ,NA,False,Liquid,,22.0,22,percent,False,Surfactants,Cationic amines & quaternaries,combo,5,100.0,20.0,58.0,0.0,22.0,78.0,78.0,100.0,P3,True,,,,
F19-IMID-LIQ·MEA,F19-IMID-LIQ,MEA,False,Liquid,,22.0,22,percent,False,Surfactants,Cationic amines & quaternaries,combo,5,100.0,12.0,66.0,0.0,22.0,78.0,78.0,100.0,P3,True,,,,
SUR-SULF-LIQ·EU,SUR-SULF-LIQ,EU,False,Liquid,,20.0,20,percent,False,Surfactants,Anionic wetting agents,combo,5,100.0,20.0,60.0,0.0,20.0,80.0,80.0,100.0,P3,True,,,,
SUR-SULF-LIQ·CN,SUR-SULF-LIQ,CN,False,Liquid,,20.0,20,percent,False,Surfactants,Anionic wetting agents,combo,5,100.0,20.0,60.0,0.0,20.0,80.0,80.0,100.0,P3,True,,,,
SUR-SULF-LIQ·NA,SUR-SULF-LIQ,NA,False,Liquid,,20.0,20,percent,False,Surfactants,Anionic wetting agents,combo,5,100.0,20.0,60.0,0.0,20.0,80.0,80.0,100.0,P3,True,,,,
RES-PA6-PEL·EU,RES-PA6-PEL,EU,False,Pellets,,11.0,11,percent,False,Plastics & Resins,Engineering thermoplastics,combo,5,100.0,89.0,0.0,0.0,11.0,89.0,89.0,100.0,P1,True,,,,
RES-PA6-PEL·CN,RES-PA6-PEL,CN,False,Pellets,,11.0,11,percent,False,Plastics & Resins,Engineering thermoplastics,combo,5,100.0,21.0,68.0,0.0,11.0,89.0,89.0,100.0,P3,True,,,,
RES-PA6-PEL·NA,RES-PA6-PEL,NA,False,Pellets,,11.0,11,percent,False,Plastics & Resins,Engineering thermoplastics,combo,5,100.0,21.0,68.0,0.0,11.0,89.0,89.0,100.0,P3,True,,,,
RES-PA6-PEL·APAC,RES-PA6-PEL,APAC,False,Pellets,,11.0,11,percent,False,Plastics & Resins,Engineering thermoplastics,combo,5,100.0,18.0,71.0,0.0,11.0,89.0,89.0,100.0,P3,True,,,,
RES-PC-PEL·EU,RES-PC-PEL,EU,False,Pellets,,12.0,12,percent,False,Plastics & Resins,Engineering thermoplastics,combo,5,100.0,88.0,0.0,0.0,12.0,88.0,88.0,100.0,P1,True,,,,
RES-PC-PEL·CN,RES-PC-PEL,CN,False,Pellets,,12.0,12,percent,False,Plastics & Resins,Engineering thermoplastics,combo,5,100.0,88.0,0.0,0.0,12.0,88.0,88.0,100.0,P1,True,,,,
RES-PC-PEL·NA,RES-PC-PEL,NA,False,Pellets,,12.0,12,percent,False,Plastics & Resins,Engineering thermoplastics,combo,5,100.0,22.0,66.0,0.0,12.0,88.0,88.0,100.0,P3,True,,,,
RES-PC-PEL·APAC,RES-PC-PEL,APAC,False,Pellets,,12.0,12,percent,False,Plastics & Resins,Engineering thermoplastics,combo,5,100.0,19.0,69.0,0.0,12.0,88.0,88.0,100.0,P3,True,,,,
F20-PCE-LIQ·EU,F20-PCE-LIQ,EU,False,Liquid,,14.0,14,percent,False,Plastics & Resins,Polycarboxylate resins,combo,5,100.0,20.0,66.0,0.0,14.0,86.0,86.0,100.0,P3,True,,,,
F20-PCE-LIQ·CN,F20-PCE-LIQ,CN,False,Liquid,,14.0,14,percent,False,Plastics & Resins,Polycarboxylate resins,combo,5,100.0,20.0,66.0,0.0,14.0,86.0,86.0,100.0,P3,True,,,,
F20-PCE-LIQ·NA,F20-PCE-LIQ,NA,False,Liquid,,14.0,14,percent,False,Plastics & Resins,Polycarboxylate resins,combo,5,100.0,20.0,66.0,0.0,14.0,86.0,86.0,100.0,P3,True,,,,
F20-PCE-LIQ·IN,F20-PCE-LIQ,IN,False,Liquid,,14.0,14,percent,False,Plastics & Resins,Polycarboxylate resins,combo,5,100.0,20.0,66.0,0.0,14.0,86.0,86.0,100.0,P3,True,,,,
F20-PCE-PWD·CN,F20-PCE-PWD,CN,False,Powder,,13.0,13,percent,False,Plastics & Resins,Polycarboxylate resins,combo,6,100.0,27.0,60.0,0.0,13.0,87.0,87.0,100.0,P3,True,,,,
F20-PCE-PWD·IN,F20-PCE-PWD,IN,False,Powder,,13.0,13,percent,False,Plastics & Resins,Polycarboxylate resins,combo,6,100.0,23.0,64.0,0.0,13.0,87.0,87.0,100.0,P3,True,,,,
RES-HDPE-PEL·EU,RES-HDPE-PEL,EU,False,Pellets,,10.0,10,percent,True,Plastics & Resins,Polyolefins,combo,5,100.0,90.0,0.0,0.0,10.0,90.0,90.0,100.0,P1,True,,,,
RES-HDPE-PEL·CN,RES-HDPE-PEL,CN,False,Pellets,,10.0,10,percent,True,Plastics & Resins,Polyolefins,combo,5,100.0,90.0,0.0,0.0,10.0,90.0,90.0,100.0,P1,True,,,,
RES-HDPE-PEL·NA,RES-HDPE-PEL,NA,False,Pellets,,10.0,10,percent,True,Plastics & Resins,Polyolefins,combo,5,100.0,90.0,0.0,0.0,10.0,90.0,90.0,100.0,P1,True,,,,
RES-HDPE-PEL·APAC,RES-HDPE-PEL,APAC,False,Pellets,,10.0,10,percent,True,Plastics & Resins,Polyolefins,combo,5,100.0,87.0,3.0,0.0,10.0,90.0,90.0,100.0,P2,True,,,,
RES-HDPE-PEL·IN,RES-HDPE-PEL,IN,False,Pellets,,10.0,10,percent,True,Plastics & Resins,Polyolefins,combo,5,100.0,87.0,3.0,0.0,10.0,90.0,90.0,100.0,P2,True,,,,
RES-HDPE-PEL·MEA,RES-HDPE-PEL,MEA,False,Pellets,,10.0,10,percent,True,Plastics & Resins,Polyolefins,combo,5,100.0,13.0,77.0,0.0,10.0,90.0,90.0,100.0,P3,True,,,,
RES-LDPE-PEL·EU,RES-LDPE-PEL,EU,False,Pellets,,10.0,10,percent,True,Plastics & Resins,Polyolefins,combo,5,100.0,90.0,0.0,0.0,10.0,90.0,90.0,100.0,P1,True,,,,
RES-LDPE-PEL·CN,RES-LDPE-PEL,CN,False,Pellets,,10.0,10,percent,True,Plastics & Resins,Polyolefins,combo,5,100.0,90.0,0.0,0.0,10.0,90.0,90.0,100.0,P1,True,,,,
RES-LDPE-PEL·NA,RES-LDPE-PEL,NA,False,Pellets,,10.0,10,percent,True,Plastics & Resins,Polyolefins,combo,5,100.0,90.0,0.0,0.0,10.0,90.0,90.0,100.0,P1,True,,,,
RES-LDPE-PEL·APAC,RES-LDPE-PEL,APAC,False,Pellets,,10.0,10,percent,True,Plastics & Resins,Polyolefins,combo,5,100.0,87.0,3.0,0.0,10.0,90.0,90.0,100.0,P2,True,,,,
RES-PP-PEL·EU,RES-PP-PEL,EU,False,Pellets,,10.0,10,percent,True,Plastics & Resins,Polyolefins,combo,6,100.0,86.0,0.0,0.0,14.0,86.0,86.0,100.0,P1,True,,,,
RES-PP-PEL·CN,RES-PP-PEL,CN,False,Pellets,,10.0,10,percent,True,Plastics & Resins,Polyolefins,combo,6,100.0,86.0,0.0,0.0,14.0,86.0,86.0,100.0,P1,True,,,,
RES-PP-PEL·NA,RES-PP-PEL,NA,False,Pellets,,10.0,10,percent,True,Plastics & Resins,Polyolefins,combo,6,100.0,86.0,0.0,0.0,14.0,86.0,86.0,100.0,P1,True,,,,
RES-PP-PEL·APAC,RES-PP-PEL,APAC,False,Pellets,,10.0,10,percent,True,Plastics & Resins,Polyolefins,combo,6,100.0,83.0,3.0,0.0,14.0,86.0,86.0,100.0,P2,True,,,,
RES-PP-PEL·IN,RES-PP-PEL,IN,False,Pellets,,10.0,10,percent,True,Plastics & Resins,Polyolefins,combo,6,100.0,21.0,65.0,0.0,14.0,86.0,86.0,100.0,P3,True,,,,
RES-PP-PEL·MEA,RES-PP-PEL,MEA,False,Pellets,,10.0,10,percent,True,Plastics & Resins,Polyolefins,combo,6,100.0,13.0,73.0,0.0,14.0,86.0,86.0,100.0,P3,True,,,,
RES-ACR-LIQ·EU,RES-ACR-LIQ,EU,False,Liquid,,13.0,13,percent,False,Plastics & Resins,Thermoset resins,combo,5,100.0,87.0,0.0,0.0,13.0,87.0,87.0,100.0,P1,True,,,,
RES-ACR-LIQ·CN,RES-ACR-LIQ,CN,False,Liquid,,13.0,13,percent,False,Plastics & Resins,Thermoset resins,combo,5,100.0,87.0,0.0,0.0,13.0,87.0,87.0,100.0,P1,True,,,,
RES-ACR-LIQ·NA,RES-ACR-LIQ,NA,False,Liquid,,13.0,13,percent,False,Plastics & Resins,Thermoset resins,combo,5,100.0,69.0,18.0,0.0,13.0,87.0,87.0,100.0,P2,True,,,,
RES-ACR-LIQ·APAC,RES-ACR-LIQ,APAC,False,Liquid,,13.0,13,percent,False,Plastics & Resins,Thermoset resins,combo,5,100.0,69.0,18.0,0.0,13.0,87.0,87.0,100.0,P2,True,,,,
RES-ALK-LIQ·EU,RES-ALK-LIQ,EU,False,Liquid,,10.0,10,percent,False,Plastics & Resins,Thermoset resins,combo,6,100.0,19.0,61.0,0.0,20.0,80.0,80.0,100.0,P3,True,,,,
RES-ALK-LIQ·CN,RES-ALK-LIQ,CN,False,Liquid,,10.0,10,percent,False,Plastics & Resins,Thermoset resins,combo,6,100.0,19.0,61.0,0.0,20.0,80.0,80.0,100.0,P3,True,,,,
RES-ALK-LIQ·NA,RES-ALK-LIQ,NA,False,Liquid,,10.0,10,percent,False,Plastics & Resins,Thermoset resins,combo,6,100.0,19.0,61.0,0.0,20.0,80.0,80.0,100.0,P3,True,,,,
RES-EPX-LIQ·EU,RES-EPX-LIQ,EU,False,Liquid,,13.0,13,percent,False,Plastics & Resins,Thermoset resins,combo,6,100.0,59.0,28.0,0.0,13.0,87.0,87.0,100.0,P2,True,,,,
RES-EPX-LIQ·CN,RES-EPX-LIQ,CN,False,Liquid,,13.0,13,percent,False,Plastics & Resins,Thermoset resins,combo,6,100.0,59.0,28.0,0.0,13.0,87.0,87.0,100.0,P2,True,,,,
RES-EPX-LIQ·NA,RES-EPX-LIQ,NA,False,Liquid,,13.0,13,percent,False,Plastics & Resins,Thermoset resins,combo,6,100.0,22.0,65.0,0.0,13.0,87.0,87.0,100.0,P3,True,,,,
RES-EPX-LIQ·APAC,RES-EPX-LIQ,APAC,False,Liquid,,13.0,13,percent,False,Plastics & Resins,Thermoset resins,combo,6,100.0,18.0,69.0,0.0,13.0,87.0,87.0,100.0,P3,True,,,,
RES-EPX-LIQ·IN,RES-EPX-LIQ,IN,False,Liquid,,13.0,13,percent,False,Plastics & Resins,Thermoset resins,combo,6,100.0,18.0,69.0,0.0,13.0,87.0,87.0,100.0,P3,True,,,,
RES-EPX-SOL·EU,RES-EPX-SOL,EU,False,Solid,,12.0,12,percent,False,Plastics & Resins,Thermoset resins,combo,6,100.0,62.0,26.0,0.0,12.0,88.0,88.0,100.0,P2,True,,,,
RES-EPX-SOL·CN,RES-EPX-SOL,CN,False,Solid,,12.0,12,percent,False,Plastics & Resins,Thermoset resins,combo,6,100.0,62.0,26.0,0.0,12.0,88.0,88.0,100.0,P2,True,,,,
RES-EPX-SOL·NA,RES-EPX-SOL,NA,False,Solid,,12.0,12,percent,False,Plastics & Resins,Thermoset resins,combo,6,100.0,23.0,65.0,0.0,12.0,88.0,88.0,100.0,P3,True,,,,
RES-EPX-SOL·APAC,RES-EPX-SOL,APAC,False,Solid,,12.0,12,percent,False,Plastics & Resins,Thermoset resins,combo,6,100.0,19.0,69.0,0.0,12.0,88.0,88.0,100.0,P3,True,,,,
RES-PET-BOT·EU,RES-PET-BOT,EU,False,Pellets,,9.0,9,percent,False,Plastics & Resins,Vinyls and styrenics,combo,6,100.0,91.0,0.0,0.0,9.0,91.0,91.0,100.0,P1,True,,,,
RES-PET-BOT·CN,RES-PET-BOT,CN,False,Pellets,,9.0,9,percent,False,Plastics & Resins,Vinyls and styrenics,combo,6,100.0,91.0,0.0,0.0,9.0,91.0,91.0,100.0,P1,True,,,,
RES-PET-BOT·NA,RES-PET-BOT,NA,False,Pellets,,9.0,9,percent,False,Plastics & Resins,Vinyls and styrenics,combo,6,100.0,91.0,0.0,0.0,9.0,91.0,91.0,100.0,P1,True,,,,
RES-PET-BOT·APAC,RES-PET-BOT,APAC,False,Pellets,,9.0,9,percent,False,Plastics & Resins,Vinyls and styrenics,combo,6,100.0,88.0,3.0,0.0,9.0,91.0,91.0,100.0,P2,True,,,,
RES-PET-FIB·CN,RES-PET-FIB,CN,False,Pellets,,7.0,7,percent,False,Plastics & Resins,Vinyls and styrenics,combo,6,100.0,93.0,0.0,0.0,7.0,93.0,93.0,100.0,P1,True,,,,
RES-PET-FIB·NA,RES-PET-FIB,NA,False,Pellets,,7.0,7,percent,False,Plastics & Resins,Vinyls and styrenics,combo,6,100.0,93.0,0.0,0.0,7.0,93.0,93.0,100.0,P1,True,,,,
RES-PET-FIB·APAC,RES-PET-FIB,APAC,False,Pellets,,7.0,7,percent,False,Plastics & Resins,Vinyls and styrenics,combo,6,100.0,90.0,3.0,0.0,7.0,93.0,93.0,100.0,P2,True,,,,
RES-PS-PEL·EU,RES-PS-PEL,EU,False,Pellets,,10.0,10,percent,False,Plastics & Resins,Vinyls and styrenics,combo,5,100.0,90.0,0.0,0.0,10.0,90.0,90.0,100.0,P1,True,,,,
RES-PS-PEL·CN,RES-PS-PEL,CN,False,Pellets,,10.0,10,percent,False,Plastics & Resins,Vinyls and styrenics,combo,5,100.0,90.0,0.0,0.0,10.0,90.0,90.0,100.0,P1,True,,,,
RES-PS-PEL·NA,RES-PS-PEL,NA,False,Pellets,,10.0,10,percent,False,Plastics & Resins,Vinyls and styrenics,combo,5,100.0,90.0,0.0,0.0,10.0,90.0,90.0,100.0,P1,True,,,,
RES-PS-PEL·APAC,RES-PS-PEL,APAC,False,Pellets,,10.0,10,percent,False,Plastics & Resins,Vinyls and styrenics,combo,5,100.0,87.0,3.0,0.0,10.0,90.0,90.0,100.0,P2,True,,,,
RES-PVC-PWD·EU,RES-PVC-PWD,EU,False,Powder,,10.0,10,percent,True,Plastics & Resins,Vinyls and styrenics,combo,6,100.0,90.0,0.0,0.0,10.0,90.0,90.0,100.0,P1,True,,,,
RES-PVC-PWD·CN,RES-PVC-PWD,CN,False,Powder,,10.0,10,percent,True,Plastics & Resins,Vinyls and styrenics,combo,6,100.0,90.0,0.0,0.0,10.0,90.0,90.0,100.0,P1,True,,,,
RES-PVC-PWD·NA,RES-PVC-PWD,NA,False,Powder,,10.0,10,percent,True,Plastics & Resins,Vinyls and styrenics,combo,6,100.0,90.0,0.0,0.0,10.0,90.0,90.0,100.0,P1,True,,,,
RES-PVC-PWD·APAC,RES-PVC-PWD,APAC,False,Powder,,10.0,10,percent,True,Plastics & Resins,Vinyls and styrenics,combo,6,100.0,60.0,30.0,0.0,10.0,90.0,90.0,100.0,P2,True,,,,
RES-PVC-PWD·IN,RES-PVC-PWD,IN,False,Powder,,10.0,10,percent,True,Plastics & Resins,Vinyls and styrenics,combo,6,100.0,86.0,4.0,0.0,10.0,90.0,90.0,100.0,P2,True,,,,
ELA-BR-BAL·EU,ELA-BR-BAL,EU,False,Bale,,9.0,9,percent,False,Elastomers,Diene-based commodity,combo,4,100.0,91.0,0.0,0.0,9.0,91.0,91.0,100.0,P1,True,,,,
ELA-BR-BAL·CN,ELA-BR-BAL,CN,False,Bale,,9.0,9,percent,False,Elastomers,Diene-based commodity,combo,4,100.0,91.0,0.0,0.0,9.0,91.0,91.0,100.0,P1,True,,,,
ELA-BR-BAL·NA,ELA-BR-BAL,NA,False,Bale,,9.0,9,percent,False,Elastomers,Diene-based commodity,combo,4,100.0,91.0,0.0,0.0,9.0,91.0,91.0,100.0,P1,True,,,,
ELA-BR-BAL·APAC,ELA-BR-BAL,APAC,False,Bale,,9.0,9,percent,False,Elastomers,Diene-based commodity,combo,4,100.0,91.0,0.0,0.0,9.0,91.0,91.0,100.0,P1,True,,,,
ELA-SBR-BAL·EU,ELA-SBR-BAL,EU,False,Bale,,9.0,9,percent,False,Elastomers,Diene-based commodity,combo,5,100.0,91.0,0.0,0.0,9.0,91.0,91.0,100.0,P1,True,,,,
ELA-SBR-BAL·CN,ELA-SBR-BAL,CN,False,Bale,,9.0,9,percent,False,Elastomers,Diene-based commodity,combo,5,100.0,91.0,0.0,0.0,9.0,91.0,91.0,100.0,P1,True,,,,
ELA-SBR-BAL·NA,ELA-SBR-BAL,NA,False,Bale,,9.0,9,percent,False,Elastomers,Diene-based commodity,combo,5,100.0,91.0,0.0,0.0,9.0,91.0,91.0,100.0,P1,True,,,,
ELA-SBR-BAL·APAC,ELA-SBR-BAL,APAC,False,Bale,,9.0,9,percent,False,Elastomers,Diene-based commodity,combo,5,100.0,91.0,0.0,0.0,9.0,91.0,91.0,100.0,P1,True,,,,
ELA-NBR-BAL·EU,ELA-NBR-BAL,EU,False,Bale,,11.0,11,percent,False,Elastomers,Diene-based specialty,combo,5,100.0,89.0,0.0,0.0,11.0,89.0,89.0,100.0,P1,True,,,,
ELA-NBR-BAL·CN,ELA-NBR-BAL,CN,False,Bale,,11.0,11,percent,False,Elastomers,Diene-based specialty,combo,5,100.0,89.0,0.0,0.0,11.0,89.0,89.0,100.0,P1,True,,,,
ELA-NBR-BAL·NA,ELA-NBR-BAL,NA,False,Bale,,11.0,11,percent,False,Elastomers,Diene-based specialty,combo,5,100.0,89.0,0.0,0.0,11.0,89.0,89.0,100.0,P1,True,,,,
ELA-NBR-BAL·APAC,ELA-NBR-BAL,APAC,False,Bale,,11.0,11,percent,False,Elastomers,Diene-based specialty,combo,5,100.0,89.0,0.0,0.0,11.0,89.0,89.0,100.0,P1,True,,,,
F20-SBR-LATEX·EU,F20-SBR-LATEX,EU,False,Liquid,,13.0,13,percent,False,Elastomers,Latex dispersions,combo,5,100.0,87.0,0.0,0.0,13.0,87.0,87.0,100.0,P1,True,,,,
F20-SBR-LATEX·CN,F20-SBR-LATEX,CN,False,Liquid,,13.0,13,percent,False,Elastomers,Latex dispersions,combo,5,100.0,87.0,0.0,0.0,13.0,87.0,87.0,100.0,P1,True,,,,
F20-SBR-LATEX·NA,F20-SBR-LATEX,NA,False,Liquid,,13.0,13,percent,False,Elastomers,Latex dispersions,combo,5,100.0,87.0,0.0,0.0,13.0,87.0,87.0,100.0,P1,True,,,,
ELA-EPDM-BAL·EU,ELA-EPDM-BAL,EU,False,Bale,,11.0,11,percent,False,Elastomers,Polyolefin-based,combo,6,100.0,81.0,0.0,0.0,19.0,81.0,81.0,100.0,P1,True,,,,
ELA-EPDM-BAL·CN,ELA-EPDM-BAL,CN,False,Bale,,11.0,11,percent,False,Elastomers,Polyolefin-based,combo,6,100.0,81.0,0.0,0.0,19.0,81.0,81.0,100.0,P1,True,,,,
ELA-EPDM-BAL·NA,ELA-EPDM-BAL,NA,False,Bale,,11.0,11,percent,False,Elastomers,Polyolefin-based,combo,6,100.0,81.0,0.0,0.0,19.0,81.0,81.0,100.0,P1,True,,,,
ELA-EPDM-BAL·APAC,ELA-EPDM-BAL,APAC,False,Bale,,11.0,11,percent,False,Elastomers,Polyolefin-based,combo,6,100.0,81.0,0.0,0.0,19.0,81.0,81.0,100.0,P1,True,,,,
ELA-NEO-CHI·EU,ELA-NEO-CHI,EU,False,Bale/chip,,13.0,13,percent,False,Elastomers,Specialty rubbers,combo,5,100.0,87.0,0.0,0.0,13.0,87.0,87.0,100.0,P1,True,,,,
ELA-NEO-CHI·CN,ELA-NEO-CHI,CN,False,Bale/chip,,13.0,13,percent,False,Elastomers,Specialty rubbers,combo,5,100.0,45.0,42.0,0.0,13.0,87.0,87.0,100.0,P2,True,,,,
ELA-NEO-CHI·APAC,ELA-NEO-CHI,APAC,False,Bale/chip,,13.0,13,percent,False,Elastomers,Specialty rubbers,combo,5,100.0,23.0,64.0,0.0,13.0,87.0,87.0,100.0,P3,True,,,,
SOL-TOL-LIQ·EU,SOL-TOL-LIQ,EU,False,Liquid,,10.0,10,percent,False,Solvents,Aromatic solvents,combo,4,100.0,90.0,0.0,0.0,10.0,90.0,90.0,100.0,P1,True,,,,
SOL-TOL-LIQ·CN,SOL-TOL-LIQ,CN,False,Liquid,,10.0,10,percent,False,Solvents,Aromatic solvents,combo,4,100.0,90.0,0.0,0.0,10.0,90.0,90.0,100.0,P1,True,,,,
SOL-TOL-LIQ·NA,SOL-TOL-LIQ,NA,False,Liquid,,10.0,10,percent,False,Solvents,Aromatic solvents,combo,4,100.0,90.0,0.0,0.0,10.0,90.0,90.0,100.0,P1,True,,,,
SOL-TOL-LIQ·APAC,SOL-TOL-LIQ,APAC,False,Liquid,,10.0,10,percent,False,Solvents,Aromatic solvents,combo,4,100.0,90.0,0.0,0.0,10.0,90.0,90.0,100.0,P1,True,,,,
SOL-XYL-LIQ·EU,SOL-XYL-LIQ,EU,False,Liquid,,11.0,11,percent,False,Solvents,Aromatic solvents,combo,4,100.0,89.0,0.0,0.0,11.0,89.0,89.0,100.0,P1,True,,,,
SOL-XYL-LIQ·CN,SOL-XYL-LIQ,CN,False,Liquid,,11.0,11,percent,False,Solvents,Aromatic solvents,combo,4,100.0,89.0,0.0,0.0,11.0,89.0,89.0,100.0,P1,True,,,,
SOL-XYL-LIQ·NA,SOL-XYL-LIQ,NA,False,Liquid,,11.0,11,percent,False,Solvents,Aromatic solvents,combo,4,100.0,89.0,0.0,0.0,11.0,89.0,89.0,100.0,P1,True,,,,
SOL-XYL-LIQ·APAC,SOL-XYL-LIQ,APAC,False,Liquid,,11.0,11,percent,False,Solvents,Aromatic solvents,combo,4,100.0,89.0,0.0,0.0,11.0,89.0,89.0,100.0,P1,True,,,,
CLN-ETOH-IPC·EU,CLN-ETOH-IPC,EU,False,Liquid,,11.0,11,percent,False,Solvents,Oxygenated alcohol/ketone,combo,5,100.0,89.0,0.0,0.0,11.0,89.0,89.0,100.0,P1,True,,,,
CLN-ETOH-IPC·LA,CLN-ETOH-IPC,LA,False,Liquid,,11.0,11,percent,False,Solvents,Oxygenated alcohol/ketone,combo,5,100.0,81.0,8.0,0.0,11.0,89.0,89.0,100.0,P2,True,,,,
CLN-ETOH-IPC·NA,CLN-ETOH-IPC,NA,False,Liquid,,11.0,11,percent,False,Solvents,Oxygenated alcohol/ketone,combo,5,100.0,89.0,0.0,0.0,11.0,89.0,89.0,100.0,P1,True,,,,
SOL-ACE-LIQ·EU,SOL-ACE-LIQ,EU,False,Liquid,,10.0,10,percent,False,Solvents,Oxygenated alcohol/ketone,combo,4,100.0,20.0,70.0,0.0,10.0,90.0,90.0,100.0,P3,True,,,,
SOL-ACE-LIQ·CN,SOL-ACE-LIQ,CN,False,Liquid,,10.0,10,percent,False,Solvents,Oxygenated alcohol/ketone,combo,4,100.0,20.0,70.0,0.0,10.0,90.0,90.0,100.0,P3,True,,,,
SOL-ACE-LIQ·NA,SOL-ACE-LIQ,NA,False,Liquid,,10.0,10,percent,False,Solvents,Oxygenated alcohol/ketone,combo,4,100.0,20.0,70.0,0.0,10.0,90.0,90.0,100.0,P3,True,,,,
SOL-ACE-LIQ·APAC,SOL-ACE-LIQ,APAC,False,Liquid,,10.0,10,percent,False,Solvents,Oxygenated alcohol/ketone,combo,4,100.0,20.0,70.0,0.0,10.0,90.0,90.0,100.0,P3,True,,,,
SOL-ETOH-IND·EU,SOL-ETOH-IND,EU,False,Liquid,,11.0,11,percent,False,Solvents,Oxygenated alcohol/ketone,combo,5,100.0,89.0,0.0,0.0,11.0,89.0,89.0,100.0,P1,True,,,,
SOL-ETOH-IND·LA,SOL-ETOH-IND,LA,False,Liquid,,11.0,11,percent,False,Solvents,Oxygenated alcohol/ketone,combo,5,100.0,81.0,8.0,0.0,11.0,89.0,89.0,100.0,P2,True,,,,
SOL-ETOH-IND·NA,SOL-ETOH-IND,NA,False,Liquid,,11.0,11,percent,False,Solvents,Oxygenated alcohol/ketone,combo,5,100.0,89.0,0.0,0.0,11.0,89.0,89.0,100.0,P1,True,,,,
SOL-IPA-LIQ·EU,SOL-IPA-LIQ,EU,False,Liquid,,13.0,13,percent,False,Solvents,Oxygenated alcohol/ketone,combo,5,100.0,83.0,4.0,0.0,13.0,87.0,87.0,100.0,P2,True,,,,
SOL-IPA-LIQ·CN,SOL-IPA-LIQ,CN,False,Liquid,,13.0,13,percent,False,Solvents,Oxygenated alcohol/ketone,combo,5,100.0,83.0,4.0,0.0,13.0,87.0,87.0,100.0,P2,True,,,,
SOL-IPA-LIQ·NA,SOL-IPA-LIQ,NA,False,Liquid,,13.0,13,percent,False,Solvents,Oxygenated alcohol/ketone,combo,5,100.0,83.0,4.0,0.0,13.0,87.0,87.0,100.0,P2,True,,,,
SOL-IPA-LIQ·APAC,SOL-IPA-LIQ,APAC,False,Liquid,,13.0,13,percent,False,Solvents,Oxygenated alcohol/ketone,combo,5,100.0,83.0,4.0,0.0,13.0,87.0,87.0,100.0,P2,True,,,,
SOL-IPA-LIQ·IN,SOL-IPA-LIQ,IN,False,Liquid,,13.0,13,percent,False,Solvents,Oxygenated alcohol/ketone,combo,5,100.0,22.0,65.0,0.0,13.0,87.0,87.0,100.0,P3,True,,,,
SOL-MEK-LIQ·EU,SOL-MEK-LIQ,EU,False,Liquid,,12.0,12,percent,False,Solvents,Oxygenated alcohol/ketone,combo,4,100.0,20.0,68.0,0.0,12.0,88.0,88.0,100.0,P3,True,,,,
SOL-MEK-LIQ·CN,SOL-MEK-LIQ,CN,False,Liquid,,12.0,12,percent,False,Solvents,Oxygenated alcohol/ketone,combo,4,100.0,20.0,68.0,0.0,12.0,88.0,88.0,100.0,P3,True,,,,
SOL-MEK-LIQ·NA,SOL-MEK-LIQ,NA,False,Liquid,,12.0,12,percent,False,Solvents,Oxygenated alcohol/ketone,combo,4,100.0,20.0,68.0,0.0,12.0,88.0,88.0,100.0,P3,True,,,,
F17-PQ7-LIQ·EU,F17-PQ7-LIQ,EU,False,Liquid,,15.0,15,percent,False,Water-Soluble Polymers,Cationic conditioning polymers,combo,5,100.0,21.0,64.0,0.0,15.0,85.0,85.0,100.0,P3,True,,,,
F17-PQ7-LIQ·CN,F17-PQ7-LIQ,CN,False,Liquid,,15.0,15,percent,False,Water-Soluble Polymers,Cationic conditioning polymers,combo,5,100.0,21.0,64.0,0.0,15.0,85.0,85.0,100.0,P3,True,,,,
F17-PQ7-LIQ·NA,F17-PQ7-LIQ,NA,False,Liquid,,15.0,15,percent,False,Water-Soluble Polymers,Cationic conditioning polymers,combo,5,100.0,21.0,64.0,0.0,15.0,85.0,85.0,100.0,P3,True,,,,
F19-DEMUL-OIL·EU,F19-DEMUL-OIL,EU,False,Liquid,,20.0,20,percent,False,Plastics & Resins,Demulsifiers and block copolymers,combo,5,100.0,52.0,28.0,0.0,20.0,80.0,80.0,100.0,P2,True,,,,
F19-DEMUL-OIL·NA,F19-DEMUL-OIL,NA,False,Liquid,,20.0,20,percent,False,Plastics & Resins,Demulsifiers and block copolymers,combo,5,100.0,18.0,62.0,0.0,20.0,80.0,80.0,100.0,P3,True,,,,
F19-DEMUL-OIL·MEA,F19-DEMUL-OIL,MEA,False,Liquid,,20.0,20,percent,False,Plastics & Resins,Demulsifiers and block copolymers,combo,5,100.0,10.0,70.0,0.0,20.0,80.0,80.0,100.0,P3,True,,,,
SPO-PA12-PEL·EU,SPO-PA12-PEL,EU,False,Pellets,,16.0,16,percent,False,Plastics & Resins,High performance polymers,combo,5,100.0,22.0,0.0,0.0,78.0,22.0,22.0,100.0,P1,True,,,,
SPO-MDI-POL·EU,SPO-MDI-POL,EU,False,Liquid,,13.0,13,percent,True,Polyurethanes,Isocyanates,combo,6,100.0,65.0,8.0,0.0,27.0,73.0,73.0,100.0,P2,True,,,,
SPO-MDI-POL·CN,SPO-MDI-POL,CN,False,Liquid,,13.0,13,percent,True,Polyurethanes,Isocyanates,combo,6,100.0,65.0,8.0,0.0,27.0,73.0,73.0,100.0,P2,True,,,,
SPO-MDI-POL·NA,SPO-MDI-POL,NA,False,Liquid,,13.0,13,percent,True,Polyurethanes,Isocyanates,combo,6,100.0,65.0,8.0,0.0,27.0,73.0,73.0,100.0,P2,True,,,,
SPO-MDI-POL·APAC,SPO-MDI-POL,APAC,False,Liquid,,13.0,13,percent,True,Polyurethanes,Isocyanates,combo,6,100.0,19.0,54.0,0.0,27.0,73.0,73.0,100.0,P3,True,,,,
SPO-MDI-POL·MEA,SPO-MDI-POL,MEA,False,Liquid,,13.0,13,percent,True,Polyurethanes,Isocyanates,combo,6,100.0,12.0,61.0,0.0,27.0,73.0,73.0,100.0,P3,True,,,,
SPO-MDI-PUR·EU,SPO-MDI-PUR,EU,False,Liquid,,15.0,15,percent,True,Polyurethanes,Isocyanates,combo,6,100.0,63.0,8.0,0.0,29.0,71.0,71.0,100.0,P2,True,,,,
SPO-MDI-PUR·CN,SPO-MDI-PUR,CN,False,Liquid,,15.0,15,percent,True,Polyurethanes,Isocyanates,combo,6,100.0,63.0,8.0,0.0,29.0,71.0,71.0,100.0,P2,True,,,,
SPO-MDI-PUR·NA,SPO-MDI-PUR,NA,False,Liquid,,15.0,15,percent,True,Polyurethanes,Isocyanates,combo,6,100.0,63.0,8.0,0.0,29.0,71.0,71.0,100.0,P2,True,,,,
SPO-MDI-PUR·APAC,SPO-MDI-PUR,APAC,False,Liquid,,15.0,15,percent,True,Polyurethanes,Isocyanates,combo,6,100.0,19.0,52.0,0.0,29.0,71.0,71.0,100.0,P3,True,,,,
SPO-MDI-PUR·MEA,SPO-MDI-PUR,MEA,False,Liquid,,15.0,15,percent,True,Polyurethanes,Isocyanates,combo,6,100.0,11.0,60.0,0.0,29.0,71.0,71.0,100.0,P3,True,,,,
SPO-TDI-LIQ·EU,SPO-TDI-LIQ,EU,False,Liquid,,14.0,14,percent,True,Polyurethanes,Isocyanates,combo,6,100.0,20.0,52.0,0.0,28.0,72.0,72.0,100.0,P3,True,,,,
SPO-TDI-LIQ·CN,SPO-TDI-LIQ,CN,False,Liquid,,14.0,14,percent,True,Polyurethanes,Isocyanates,combo,6,100.0,20.0,52.0,0.0,28.0,72.0,72.0,100.0,P3,True,,,,
SPO-TDI-LIQ·NA,SPO-TDI-LIQ,NA,False,Liquid,,14.0,14,percent,True,Polyurethanes,Isocyanates,combo,6,100.0,20.0,52.0,0.0,28.0,72.0,72.0,100.0,P3,True,,,,
SPO-TDI-LIQ·APAC,SPO-TDI-LIQ,APAC,False,Liquid,,14.0,14,percent,True,Polyurethanes,Isocyanates,combo,6,100.0,20.0,52.0,0.0,28.0,72.0,72.0,100.0,P3,True,,,,
F17-MF-CAPS·EU,F17-MF-CAPS,EU,False,Slurry,,20.0,20,percent,False,Plastics & Resins,Thermoset specialty polymers,combo,5,100.0,20.0,60.0,0.0,20.0,80.0,80.0,100.0,P3,True,,,,
F17-MF-CAPS·CN,F17-MF-CAPS,CN,False,Slurry,,20.0,20,percent,False,Plastics & Resins,Thermoset specialty polymers,combo,5,100.0,20.0,60.0,0.0,20.0,80.0,80.0,100.0,P3,True,,,,
SPO-PEEK-PEL·EU,SPO-PEEK-PEL,EU,False,Pellets,,28.0,28,percent,False,Plastics & Resins,High performance polymers,combo,5,100.0,12.0,0.0,0.0,88.0,12.0,12.0,100.0,P1,True,,,,
SPO-PEEK-PEL·NA,SPO-PEEK-PEL,NA,False,Pellets,,28.0,28,percent,False,Plastics & Resins,High performance polymers,combo,5,100.0,12.0,0.0,0.0,88.0,12.0,12.0,100.0,P1,True,,,,
SPO-PVDF-PEL·EU,SPO-PVDF-PEL,EU,False,Pellets,,22.0,22,percent,False,Plastics & Resins,High performance polymers,combo,4,100.0,18.0,0.0,0.0,82.0,18.0,18.0,100.0,P1,True,,,,
SPO-PVDF-PEL·CN,SPO-PVDF-PEL,CN,False,Pellets,,22.0,22,percent,False,Plastics & Resins,High performance polymers,combo,4,100.0,18.0,0.0,0.0,82.0,18.0,18.0,100.0,P1,True,,,,
AGR-AN-GRN·EU,AGR-AN-GRN,EU,False,Granular,,9.0,9,percent,False,Fertilizers,Bulk fertilisers,combo,6,100.0,55.0,36.0,0.0,9.0,91.0,91.0,100.0,P2,True,,,,
AGR-AN-GRN·NA,AGR-AN-GRN,NA,False,Granular,,9.0,9,percent,False,Fertilizers,Bulk fertilisers,combo,6,100.0,55.0,36.0,0.0,9.0,91.0,91.0,100.0,P2,True,,,,
AGR-AN-GRN·MEA,AGR-AN-GRN,MEA,False,Granular,,9.0,9,percent,False,Fertilizers,Bulk fertilisers,combo,6,100.0,9.0,82.0,0.0,9.0,91.0,91.0,100.0,P3,True,,,,
AGR-AN-GRN·IN,AGR-AN-GRN,IN,False,Granular,,9.0,9,percent,False,Fertilizers,Bulk fertilisers,combo,6,100.0,51.0,40.0,0.0,9.0,91.0,91.0,100.0,P2,True,,,,
AGR-AN-GRN·CN,AGR-AN-GRN,CN,False,Granular,,9.0,9,percent,False,Fertilizers,Bulk fertilisers,combo,6,100.0,55.0,36.0,0.0,9.0,91.0,91.0,100.0,P2,True,,,,
AGR-DAP-GRN·EU,AGR-DAP-GRN,EU,False,Granular,,8.0,8,percent,False,Fertilizers,Bulk fertilisers,combo,6,100.0,78.0,14.0,0.0,8.0,92.0,92.0,100.0,P2,True,,,,
AGR-DAP-GRN·NA,AGR-DAP-GRN,NA,False,Granular,,8.0,8,percent,False,Fertilizers,Bulk fertilisers,combo,6,100.0,78.0,14.0,0.0,8.0,92.0,92.0,100.0,P2,True,,,,
AGR-DAP-GRN·MEA,AGR-DAP-GRN,MEA,False,Granular,,8.0,8,percent,False,Fertilizers,Bulk fertilisers,combo,6,100.0,64.0,28.0,0.0,8.0,92.0,92.0,100.0,P2,True,,,,
AGR-DAP-GRN·LA,AGR-DAP-GRN,LA,False,Granular,,8.0,8,percent,False,Fertilizers,Bulk fertilisers,combo,6,100.0,64.0,28.0,0.0,8.0,92.0,92.0,100.0,P2,True,,,,
AGR-MOP-GRN·EU,AGR-MOP-GRN,EU,False,Granular,,9.0,9,percent,False,Fertilizers,Bulk fertilisers,combo,5,100.0,23.0,68.0,0.0,9.0,91.0,91.0,100.0,P3,True,,,,
AGR-MOP-GRN·NA,AGR-MOP-GRN,NA,False,Granular,,9.0,9,percent,False,Fertilizers,Bulk fertilisers,combo,5,100.0,23.0,68.0,0.0,9.0,91.0,91.0,100.0,P3,True,,,,
AGR-MOP-GRN·MEA,AGR-MOP-GRN,MEA,False,Granular,,9.0,9,percent,False,Fertilizers,Bulk fertilisers,combo,5,100.0,9.0,82.0,0.0,9.0,91.0,91.0,100.0,P3,True,,,,
AGR-MOP-GRN·IN,AGR-MOP-GRN,IN,False,Granular,,9.0,9,percent,False,Fertilizers,Bulk fertilisers,combo,5,100.0,19.0,72.0,0.0,9.0,91.0,91.0,100.0,P3,True,,,,
AGR-MOP-GRN·CN,AGR-MOP-GRN,CN,False,Granular,,9.0,9,percent,False,Fertilizers,Bulk fertilisers,combo,5,100.0,23.0,68.0,0.0,9.0,91.0,91.0,100.0,P3,True,,,,
AGR-MOP-GRN·LA,AGR-MOP-GRN,LA,False,Granular,,9.0,9,percent,False,Fertilizers,Bulk fertilisers,combo,5,100.0,9.0,82.0,0.0,9.0,91.0,91.0,100.0,P3,True,,,,
AGR-MOP-GRN·APAC,AGR-MOP-GRN,APAC,False,Granular,,9.0,9,percent,False,Fertilizers,Bulk fertilisers,combo,5,100.0,19.0,72.0,0.0,9.0,91.0,91.0,100.0,P3,True,,,,
AGR-NH3-LIQ·EU,AGR-NH3-LIQ,EU,False,Liquid,,9.0,9,percent,False,Fertilizers,Bulk fertilisers,combo,4,100.0,91.0,0.0,0.0,9.0,91.0,91.0,100.0,P1,True,,,,
AGR-NH3-LIQ·NA,AGR-NH3-LIQ,NA,False,Liquid,,9.0,9,percent,False,Fertilizers,Bulk fertilisers,combo,4,100.0,91.0,0.0,0.0,9.0,91.0,91.0,100.0,P1,True,,,,
AGR-NH3-LIQ·MEA,AGR-NH3-LIQ,MEA,False,Liquid,,9.0,9,percent,False,Fertilizers,Bulk fertilisers,combo,4,100.0,83.0,8.0,0.0,9.0,91.0,91.0,100.0,P2,True,,,,
AGR-NH3-LIQ·IN,AGR-NH3-LIQ,IN,False,Liquid,,9.0,9,percent,False,Fertilizers,Bulk fertilisers,combo,4,100.0,91.0,0.0,0.0,9.0,91.0,91.0,100.0,P1,True,,,,
AGR-NH3-LIQ·CN,AGR-NH3-LIQ,CN,False,Liquid,,9.0,9,percent,False,Fertilizers,Bulk fertilisers,combo,4,100.0,91.0,0.0,0.0,9.0,91.0,91.0,100.0,P1,True,,,,
AGR-NH3-LIQ·LA,AGR-NH3-LIQ,LA,False,Liquid,,9.0,9,percent,False,Fertilizers,Bulk fertilisers,combo,4,100.0,83.0,8.0,0.0,9.0,91.0,91.0,100.0,P2,True,,,,
AGR-UREA-GRN·EU,AGR-UREA-GRN,EU,False,Granular,,10.0,10,percent,False,Fertilizers,Bulk fertilisers,combo,5,100.0,76.0,14.0,0.0,10.0,90.0,90.0,100.0,P2,True,,,,
AGR-UREA-GRN·NA,AGR-UREA-GRN,NA,False,Granular,,10.0,10,percent,False,Fertilizers,Bulk fertilisers,combo,5,100.0,76.0,14.0,0.0,10.0,90.0,90.0,100.0,P2,True,,,,
AGR-UREA-GRN·MEA,AGR-UREA-GRN,MEA,False,Granular,,10.0,10,percent,False,Fertilizers,Bulk fertilisers,combo,5,100.0,72.0,18.0,0.0,10.0,90.0,90.0,100.0,P2,True,,,,
AGR-UREA-GRN·IN,AGR-UREA-GRN,IN,False,Granular,,10.0,10,percent,False,Fertilizers,Bulk fertilisers,combo,5,100.0,72.0,18.0,0.0,10.0,90.0,90.0,100.0,P2,True,,,,
AGR-UREA-GRN·CN,AGR-UREA-GRN,CN,False,Granular,,10.0,10,percent,False,Fertilizers,Bulk fertilisers,combo,5,100.0,76.0,14.0,0.0,10.0,90.0,90.0,100.0,P2,True,,,,
AGR-UREA-GRN·LA,AGR-UREA-GRN,LA,False,Granular,,10.0,10,percent,False,Fertilizers,Bulk fertilisers,combo,5,100.0,72.0,18.0,0.0,10.0,90.0,90.0,100.0,P2,True,,,,
AGR-UREA-GRN·APAC,AGR-UREA-GRN,APAC,False,Granular,,10.0,10,percent,False,Fertilizers,Bulk fertilisers,combo,5,100.0,72.0,18.0,0.0,10.0,90.0,90.0,100.0,P2,True,,,,
PFC-AOX-PWD·EU,PFC-AOX-PWD,EU,False,Powder,,13.0,13,percent,False,Petrochemicals & Derivatives,Antioxidants & stabilisers,combo,6,100.0,22.0,65.0,0.0,13.0,87.0,87.0,100.0,P3,True,,,,
PFC-AOX-PWD·CN,PFC-AOX-PWD,CN,False,Powder,,13.0,13,percent,False,Petrochemicals & Derivatives,Antioxidants & stabilisers,combo,6,100.0,22.0,65.0,0.0,13.0,87.0,87.0,100.0,P3,True,,,,
PFC-AOX-PWD·NA,PFC-AOX-PWD,NA,False,Powder,,13.0,13,percent,False,Petrochemicals & Derivatives,Antioxidants & stabilisers,combo,6,100.0,22.0,65.0,0.0,13.0,87.0,87.0,100.0,P3,True,,,,
PFC-BPO-PWD·EU,PFC-BPO-PWD,EU,False,Powder,,20.0,20,percent,False,Petrochemicals & Derivatives,Organic peroxides,combo,6,100.0,64.0,16.0,0.0,20.0,80.0,80.0,100.0,P2,True,,,,
PFC-BPO-PWD·CN,PFC-BPO-PWD,CN,False,Powder,,20.0,20,percent,False,Petrochemicals & Derivatives,Organic peroxides,combo,6,100.0,64.0,16.0,0.0,20.0,80.0,80.0,100.0,P2,True,,,,
PFC-DTBP-LIQ·EU,PFC-DTBP-LIQ,EU,False,Liquid,,18.0,18,percent,False,Petrochemicals & Derivatives,Organic peroxides,combo,5,100.0,20.0,62.0,0.0,18.0,82.0,82.0,100.0,P3,True,,,,
PFC-DTBP-LIQ·NA,PFC-DTBP-LIQ,NA,False,Liquid,,18.0,18,percent,False,Petrochemicals & Derivatives,Organic peroxides,combo,5,100.0,20.0,62.0,0.0,18.0,82.0,82.0,100.0,P3,True,,,,
PFC-H2O2-35·EU,PFC-H2O2-35,EU,False,Liquid,,12.0,12,percent,False,Inorganic Chemicals,Hydrogen peroxide,combo,5,100.0,40.0,48.0,0.0,12.0,88.0,88.0,100.0,P3,True,,,,
PFC-H2O2-35·CN,PFC-H2O2-35,CN,False,Liquid,,12.0,12,percent,False,Inorganic Chemicals,Hydrogen peroxide,combo,5,100.0,40.0,48.0,0.0,12.0,88.0,88.0,100.0,P3,True,,,,
PFC-H2O2-35·NA,PFC-H2O2-35,NA,False,Liquid,,12.0,12,percent,False,Inorganic Chemicals,Hydrogen peroxide,combo,5,100.0,40.0,48.0,0.0,12.0,88.0,88.0,100.0,P3,True,,,,
PFC-H2O2-35·APAC,PFC-H2O2-35,APAC,False,Liquid,,12.0,12,percent,False,Inorganic Chemicals,Hydrogen peroxide,combo,5,100.0,40.0,48.0,0.0,12.0,88.0,88.0,100.0,P3,True,,,,
PFC-H2O2-35·IN,PFC-H2O2-35,IN,False,Liquid,,12.0,12,percent,False,Inorganic Chemicals,Hydrogen peroxide,combo,5,100.0,40.0,48.0,0.0,12.0,88.0,88.0,100.0,P3,True,,,,
PFC-H2O2-50·EU,PFC-H2O2-50,EU,False,Liquid,,12.0,12,percent,False,Inorganic Chemicals,Hydrogen peroxide,combo,5,100.0,40.0,48.0,0.0,12.0,88.0,88.0,100.0,P3,True,,,,
PFC-H2O2-50·CN,PFC-H2O2-50,CN,False,Liquid,,12.0,12,percent,False,Inorganic Chemicals,Hydrogen peroxide,combo,5,100.0,40.0,48.0,0.0,12.0,88.0,88.0,100.0,P3,True,,,,
PFC-H2O2-50·NA,PFC-H2O2-50,NA,False,Liquid,,12.0,12,percent,False,Inorganic Chemicals,Hydrogen peroxide,combo,5,100.0,40.0,48.0,0.0,12.0,88.0,88.0,100.0,P3,True,,,,
PFC-H2O2-EG·EU,PFC-H2O2-EG,EU,False,Liquid,,22.0,22,percent,False,Inorganic Chemicals,Hydrogen peroxide,combo,5,100.0,38.0,30.0,0.0,32.0,68.0,68.0,100.0,P2,True,,,,
PFC-H2O2-EG·CN,PFC-H2O2-EG,CN,False,Liquid,,22.0,22,percent,False,Inorganic Chemicals,Hydrogen peroxide,combo,5,100.0,38.0,30.0,0.0,32.0,68.0,68.0,100.0,P2,True,,,,
PFC-H2O2-EG·NA,PFC-H2O2-EG,NA,False,Liquid,,22.0,22,percent,False,Inorganic Chemicals,Hydrogen peroxide,combo,5,100.0,38.0,30.0,0.0,32.0,68.0,68.0,100.0,P2,True,,,,
PFC-DINP-LIQ·EU,PFC-DINP-LIQ,EU,False,Liquid,,11.0,11,percent,False,Petrochemicals & Derivatives,Plasticisers,combo,5,100.0,89.0,0.0,0.0,11.0,89.0,89.0,100.0,P1,True,,,,
PFC-DINP-LIQ·CN,PFC-DINP-LIQ,CN,False,Liquid,,11.0,11,percent,False,Petrochemicals & Derivatives,Plasticisers,combo,5,100.0,19.0,70.0,0.0,11.0,89.0,89.0,100.0,P3,True,,,,
PFC-DINP-LIQ·NA,PFC-DINP-LIQ,NA,False,Liquid,,11.0,11,percent,False,Petrochemicals & Derivatives,Plasticisers,combo,5,100.0,19.0,70.0,0.0,11.0,89.0,89.0,100.0,P3,True,,,,
F21-AVOB-PWD·EU,F21-AVOB-PWD,EU,False,Powder,,24.0,24,percent,False,Fine Chemicals & Actives,UV absorbers,combo,5,100.0,22.0,54.0,0.0,24.0,76.0,76.0,100.0,P3,True,,,,
F21-AVOB-PWD·CN,F21-AVOB-PWD,CN,False,Powder,,24.0,24,percent,False,Fine Chemicals & Actives,UV absorbers,combo,5,100.0,22.0,54.0,0.0,24.0,76.0,76.0,100.0,P3,True,,,,
PIG-FEO-BLK·EU,PIG-FEO-BLK,EU,False,Powder,,11.0,11,percent,False,Pigments & Colorants,Iron oxide pigments,combo,5,100.0,85.0,4.0,0.0,11.0,89.0,89.0,100.0,P2,True,,,,
PIG-FEO-BLK·CN,PIG-FEO-BLK,CN,False,Powder,,11.0,11,percent,False,Pigments & Colorants,Iron oxide pigments,combo,5,100.0,85.0,4.0,0.0,11.0,89.0,89.0,100.0,P2,True,,,,
PIG-FEO-BLK·NA,PIG-FEO-BLK,NA,False,Powder,,11.0,11,percent,False,Pigments & Colorants,Iron oxide pigments,combo,5,100.0,85.0,4.0,0.0,11.0,89.0,89.0,100.0,P2,True,,,,
PIG-FEO-RED·EU,PIG-FEO-RED,EU,False,Powder,,11.0,11,percent,False,Pigments & Colorants,Iron oxide pigments,combo,6,100.0,85.0,4.0,0.0,11.0,89.0,89.0,100.0,P2,True,,,,
PIG-FEO-RED·CN,PIG-FEO-RED,CN,False,Powder,,11.0,11,percent,False,Pigments & Colorants,Iron oxide pigments,combo,6,100.0,85.0,4.0,0.0,11.0,89.0,89.0,100.0,P2,True,,,,
PIG-FEO-RED·NA,PIG-FEO-RED,NA,False,Powder,,11.0,11,percent,False,Pigments & Colorants,Iron oxide pigments,combo,6,100.0,85.0,4.0,0.0,11.0,89.0,89.0,100.0,P2,True,,,,
PIG-FEO-RED·APAC,PIG-FEO-RED,APAC,False,Powder,,11.0,11,percent,False,Pigments & Colorants,Iron oxide pigments,combo,6,100.0,37.0,52.0,0.0,11.0,89.0,89.0,100.0,P3,True,,,,
PIG-FEO-RED·IN,PIG-FEO-RED,IN,False,Powder,,11.0,11,percent,False,Pigments & Colorants,Iron oxide pigments,combo,6,100.0,85.0,4.0,0.0,11.0,89.0,89.0,100.0,P2,True,,,,
PIG-FEO-YEL·EU,PIG-FEO-YEL,EU,False,Powder,,13.0,13,percent,False,Pigments & Colorants,Iron oxide pigments,combo,6,100.0,83.0,4.0,0.0,13.0,87.0,87.0,100.0,P2,True,,,,
PIG-FEO-YEL·CN,PIG-FEO-YEL,CN,False,Powder,,13.0,13,percent,False,Pigments & Colorants,Iron oxide pigments,combo,6,100.0,83.0,4.0,0.0,13.0,87.0,87.0,100.0,P2,True,,,,
PIG-FEO-YEL·NA,PIG-FEO-YEL,NA,False,Powder,,13.0,13,percent,False,Pigments & Colorants,Iron oxide pigments,combo,6,100.0,83.0,4.0,0.0,13.0,87.0,87.0,100.0,P2,True,,,,
PIG-PC-BLU·EU,PIG-PC-BLU,EU,False,Powder,,16.0,16,percent,False,Pigments & Colorants,Organic pigments,combo,7,100.0,80.0,0.0,0.0,20.0,80.0,80.0,100.0,P1,True,,,,
PIG-PC-BLU·CN,PIG-PC-BLU,CN,False,Powder,,16.0,16,percent,False,Pigments & Colorants,Organic pigments,combo,7,100.0,42.0,38.0,0.0,20.0,80.0,80.0,100.0,P2,True,,,,
PIG-PC-BLU·NA,PIG-PC-BLU,NA,False,Powder,,16.0,16,percent,False,Pigments & Colorants,Organic pigments,combo,7,100.0,42.0,38.0,0.0,20.0,80.0,80.0,100.0,P2,True,,,,
PIG-TIO2-CHL·EU,PIG-TIO2-CHL,EU,False,Powder,,15.0,15,percent,True,Pigments & Colorants,Titanium dioxide,combo,7,100.0,52.0,33.0,0.0,15.0,85.0,55.0,64.7,P2,False,,,,
PIG-TIO2-CHL·NA,PIG-TIO2-CHL,NA,False,Powder,,15.0,15,percent,True,Pigments & Colorants,Titanium dioxide,combo,7,100.0,52.0,33.0,0.0,15.0,85.0,55.0,64.7,P2,False,,,,
PIG-TIO2-SUL·EU,PIG-TIO2-SUL,EU,False,Powder,,13.0,13,percent,True,Pigments & Colorants,Titanium dioxide,combo,7,100.0,46.0,41.0,0.0,13.0,87.0,55.0,63.2,P2,False,,,,
PIG-TIO2-SUL·CN,PIG-TIO2-SUL,CN,False,Powder,,13.0,13,percent,True,Pigments & Colorants,Titanium dioxide,combo,7,100.0,46.0,41.0,0.0,13.0,87.0,55.0,63.2,P2,False,,,,
PIG-TIO2-SUL·NA,PIG-TIO2-SUL,NA,False,Powder,,13.0,13,percent,True,Pigments & Colorants,Titanium dioxide,combo,7,100.0,46.0,41.0,0.0,13.0,87.0,55.0,63.2,P2,False,,,,
PIG-TIO2-SUL·APAC,PIG-TIO2-SUL,APAC,False,Powder,,13.0,13,percent,True,Pigments & Colorants,Titanium dioxide,combo,7,100.0,28.0,59.0,0.0,13.0,87.0,55.0,63.2,P3,False,,,,
PIG-TIO2-SUL·IN,PIG-TIO2-SUL,IN,False,Powder,,13.0,13,percent,True,Pigments & Colorants,Titanium dioxide,combo,7,100.0,46.0,41.0,0.0,13.0,87.0,55.0,63.2,P2,False,,,,
PIG-CB-PEL·EU,PIG-CB-PEL,EU,False,Pellets,,11.0,11,percent,False,Pigments & Colorants,Zinc-based and carbon black,combo,5,100.0,89.0,0.0,0.0,11.0,89.0,89.0,100.0,P1,True,,,,
PIG-CB-PEL·CN,PIG-CB-PEL,CN,False,Pellets,,11.0,11,percent,False,Pigments & Colorants,Zinc-based and carbon black,combo,5,100.0,89.0,0.0,0.0,11.0,89.0,89.0,100.0,P1,True,,,,
PIG-CB-PEL·NA,PIG-CB-PEL,NA,False,Pellets,,11.0,11,percent,False,Pigments & Colorants,Zinc-based and carbon black,combo,5,100.0,89.0,0.0,0.0,11.0,89.0,89.0,100.0,P1,True,,,,
PIG-CB-PEL·APAC,PIG-CB-PEL,APAC,False,Pellets,,11.0,11,percent,False,Pigments & Colorants,Zinc-based and carbon black,combo,5,100.0,89.0,0.0,0.0,11.0,89.0,89.0,100.0,P1,True,,,,
PIG-ZNO-PWD·EU,PIG-ZNO-PWD,EU,False,Powder,,12.0,12,percent,False,Pigments & Colorants,Zinc-based and carbon black,combo,5,100.0,88.0,0.0,0.0,12.0,88.0,88.0,100.0,P1,True,,,,
PIG-ZNO-PWD·CN,PIG-ZNO-PWD,CN,False,Powder,,12.0,12,percent,False,Pigments & Colorants,Zinc-based and carbon black,combo,5,100.0,88.0,0.0,0.0,12.0,88.0,88.0,100.0,P1,True,,,,
PIG-ZNO-PWD·NA,PIG-ZNO-PWD,NA,False,Powder,,12.0,12,percent,False,Pigments & Colorants,Zinc-based and carbon black,combo,5,100.0,88.0,0.0,0.0,12.0,88.0,88.0,100.0,P1,True,,,,
PIG-ZNO-PWD·APAC,PIG-ZNO-PWD,APAC,False,Powder,,12.0,12,percent,False,Pigments & Colorants,Zinc-based and carbon black,combo,5,100.0,84.0,4.0,0.0,12.0,88.0,88.0,100.0,P2,True,,,,
PIG-ZNO-PWD·IN,PIG-ZNO-PWD,IN,False,Powder,,12.0,12,percent,False,Pigments & Colorants,Zinc-based and carbon black,combo,5,100.0,84.0,4.0,0.0,12.0,88.0,88.0,100.0,P2,True,,,,
BCI-NA2CO3-PWD·EU,BCI-NA2CO3-PWD,EU,False,Powder,,10.0,10,percent,False,Inorganic Chemicals,Alkalis,combo,6,100.0,80.0,0.0,0.0,20.0,80.0,80.0,100.0,P1,True,,,,
BCI-NA2CO3-PWD·CN,BCI-NA2CO3-PWD,CN,False,Powder,,10.0,10,percent,False,Inorganic Chemicals,Alkalis,combo,6,100.0,80.0,0.0,0.0,20.0,80.0,80.0,100.0,P1,True,,,,
BCI-NA2CO3-PWD·NA,BCI-NA2CO3-PWD,NA,False,Powder,,10.0,10,percent,False,Inorganic Chemicals,Alkalis,combo,6,100.0,80.0,0.0,0.0,20.0,80.0,80.0,100.0,P1,True,,,,
BCI-NA2CO3-PWD·APAC,BCI-NA2CO3-PWD,APAC,False,Powder,,10.0,10,percent,False,Inorganic Chemicals,Alkalis,combo,6,100.0,76.0,4.0,0.0,20.0,80.0,80.0,100.0,P2,True,,,,
BCI-NAOH-FLK·EU,BCI-NAOH-FLK,EU,False,Flake/pearl,,13.0,13,percent,False,Inorganic Chemicals,Alkalis,combo,6,100.0,74.0,8.0,0.0,18.0,82.0,82.0,100.0,P2,True,,,,
BCI-NAOH-FLK·CN,BCI-NAOH-FLK,CN,False,Flake/pearl,,13.0,13,percent,False,Inorganic Chemicals,Alkalis,combo,6,100.0,74.0,8.0,0.0,18.0,82.0,82.0,100.0,P2,True,,,,
BCI-NAOH-FLK·NA,BCI-NAOH-FLK,NA,False,Flake/pearl,,13.0,13,percent,False,Inorganic Chemicals,Alkalis,combo,6,100.0,74.0,8.0,0.0,18.0,82.0,82.0,100.0,P2,True,,,,
BCI-NAOH-FLK·APAC,BCI-NAOH-FLK,APAC,False,Flake/pearl,,13.0,13,percent,False,Inorganic Chemicals,Alkalis,combo,6,100.0,70.0,12.0,0.0,18.0,82.0,82.0,100.0,P2,True,,,,
BCI-NAOH-SOL·EU,BCI-NAOH-SOL,EU,False,Liquid,,12.0,12,percent,False,Inorganic Chemicals,Alkalis,combo,4,100.0,82.0,0.0,0.0,18.0,82.0,82.0,100.0,P1,True,,,,
BCI-NAOH-SOL·CN,BCI-NAOH-SOL,CN,False,Liquid,,12.0,12,percent,False,Inorganic Chemicals,Alkalis,combo,4,100.0,82.0,0.0,0.0,18.0,82.0,82.0,100.0,P1,True,,,,
BCI-NAOH-SOL·NA,BCI-NAOH-SOL,NA,False,Liquid,,12.0,12,percent,False,Inorganic Chemicals,Alkalis,combo,4,100.0,82.0,0.0,0.0,18.0,82.0,82.0,100.0,P1,True,,,,
BCI-NAOH-SOL·APAC,BCI-NAOH-SOL,APAC,False,Liquid,,12.0,12,percent,False,Inorganic Chemicals,Alkalis,combo,4,100.0,82.0,0.0,0.0,18.0,82.0,82.0,100.0,P1,True,,,,
BCI-NAOH-SOL·IN,BCI-NAOH-SOL,IN,False,Liquid,,12.0,12,percent,False,Inorganic Chemicals,Alkalis,combo,4,100.0,82.0,0.0,0.0,18.0,82.0,82.0,100.0,P1,True,,,,
BCI-NAOH-SOL·MEA,BCI-NAOH-SOL,MEA,False,Liquid,,12.0,12,percent,False,Inorganic Chemicals,Alkalis,combo,4,100.0,12.0,70.0,0.0,18.0,82.0,82.0,100.0,P3,True,,,,
BCI-ALUM-GRN·EU,BCI-ALUM-GRN,EU,False,Granular,,11.0,11,percent,False,Inorganic Chemicals,Coagulants aluminium,combo,6,100.0,49.0,40.0,0.0,11.0,89.0,89.0,100.0,P2,True,,,,
BCI-ALUM-GRN·CN,BCI-ALUM-GRN,CN,False,Granular,,11.0,11,percent,False,Inorganic Chemicals,Coagulants aluminium,combo,6,100.0,49.0,40.0,0.0,11.0,89.0,89.0,100.0,P2,True,,,,
BCI-ALUM-GRN·NA,BCI-ALUM-GRN,NA,False,Granular,,11.0,11,percent,False,Inorganic Chemicals,Coagulants aluminium,combo,6,100.0,49.0,40.0,0.0,11.0,89.0,89.0,100.0,P2,True,,,,
BCI-ALUM-GRN·APAC,BCI-ALUM-GRN,APAC,False,Granular,,11.0,11,percent,False,Inorganic Chemicals,Coagulants aluminium,combo,6,100.0,19.0,70.0,0.0,11.0,89.0,89.0,100.0,P3,True,,,,
BCI-ALUM-GRN·IN,BCI-ALUM-GRN,IN,False,Granular,,11.0,11,percent,False,Inorganic Chemicals,Coagulants aluminium,combo,6,100.0,45.0,44.0,0.0,11.0,89.0,89.0,100.0,P2,True,,,,
BCI-ALUM-LIQ·EU,BCI-ALUM-LIQ,EU,False,Liquid,,11.0,11,percent,False,Inorganic Chemicals,Coagulants aluminium,combo,6,100.0,47.0,42.0,0.0,11.0,89.0,89.0,100.0,P2,True,,,,
BCI-ALUM-LIQ·CN,BCI-ALUM-LIQ,CN,False,Liquid,,11.0,11,percent,False,Inorganic Chemicals,Coagulants aluminium,combo,6,100.0,47.0,42.0,0.0,11.0,89.0,89.0,100.0,P2,True,,,,
BCI-ALUM-LIQ·NA,BCI-ALUM-LIQ,NA,False,Liquid,,11.0,11,percent,False,Inorganic Chemicals,Coagulants aluminium,combo,6,100.0,47.0,42.0,0.0,11.0,89.0,89.0,100.0,P2,True,,,,
BCI-ALUM-LIQ·APAC,BCI-ALUM-LIQ,APAC,False,Liquid,,11.0,11,percent,False,Inorganic Chemicals,Coagulants aluminium,combo,6,100.0,19.0,70.0,0.0,11.0,89.0,89.0,100.0,P3,True,,,,
BCI-ALUM-LIQ·IN,BCI-ALUM-LIQ,IN,False,Liquid,,11.0,11,percent,False,Inorganic Chemicals,Coagulants aluminium,combo,6,100.0,47.0,42.0,0.0,11.0,89.0,89.0,100.0,P2,True,,,,
BCI-ALUM-LIQ·MEA,BCI-ALUM-LIQ,MEA,False,Liquid,,11.0,11,percent,False,Inorganic Chemicals,Coagulants aluminium,combo,6,100.0,13.0,76.0,0.0,11.0,89.0,89.0,100.0,P3,True,,,,
BCI-PAC-10·EU,BCI-PAC-10,EU,False,Liquid,,13.0,13,percent,False,Inorganic Chemicals,Coagulants aluminium,combo,6,100.0,24.0,63.0,0.0,13.0,87.0,87.0,100.0,P3,True,,,,
BCI-PAC-10·CN,BCI-PAC-10,CN,False,Liquid,,13.0,13,percent,False,Inorganic Chemicals,Coagulants aluminium,combo,6,100.0,24.0,63.0,0.0,13.0,87.0,87.0,100.0,P3,True,,,,
BCI-PAC-10·NA,BCI-PAC-10,NA,False,Liquid,,13.0,13,percent,False,Inorganic Chemicals,Coagulants aluminium,combo,6,100.0,24.0,63.0,0.0,13.0,87.0,87.0,100.0,P3,True,,,,
BCI-PAC-10·APAC,BCI-PAC-10,APAC,False,Liquid,,13.0,13,percent,False,Inorganic Chemicals,Coagulants aluminium,combo,6,100.0,24.0,63.0,0.0,13.0,87.0,87.0,100.0,P3,True,,,,
BCI-PAC-10·IN,BCI-PAC-10,IN,False,Liquid,,13.0,13,percent,False,Inorganic Chemicals,Coagulants aluminium,combo,6,100.0,24.0,63.0,0.0,13.0,87.0,87.0,100.0,P3,True,,,,
BCI-PAC-10·MEA,BCI-PAC-10,MEA,False,Liquid,,13.0,13,percent,False,Inorganic Chemicals,Coagulants aluminium,combo,6,100.0,17.0,70.0,0.0,13.0,87.0,87.0,100.0,P3,True,,,,
BCI-PAC-18·EU,BCI-PAC-18,EU,False,Liquid,,14.0,14,percent,False,Inorganic Chemicals,Coagulants aluminium,combo,6,100.0,23.0,63.0,0.0,14.0,86.0,86.0,100.0,P3,True,,,,
BCI-PAC-18·CN,BCI-PAC-18,CN,False,Liquid,,14.0,14,percent,False,Inorganic Chemicals,Coagulants aluminium,combo,6,100.0,23.0,63.0,0.0,14.0,86.0,86.0,100.0,P3,True,,,,
BCI-PAC-18·NA,BCI-PAC-18,NA,False,Liquid,,14.0,14,percent,False,Inorganic Chemicals,Coagulants aluminium,combo,6,100.0,23.0,63.0,0.0,14.0,86.0,86.0,100.0,P3,True,,,,
BCI-PAC-18·APAC,BCI-PAC-18,APAC,False,Liquid,,14.0,14,percent,False,Inorganic Chemicals,Coagulants aluminium,combo,6,100.0,23.0,63.0,0.0,14.0,86.0,86.0,100.0,P3,True,,,,
BCI-PAC-18·IN,BCI-PAC-18,IN,False,Liquid,,14.0,14,percent,False,Inorganic Chemicals,Coagulants aluminium,combo,6,100.0,23.0,63.0,0.0,14.0,86.0,86.0,100.0,P3,True,,,,
BCI-PAC-18·MEA,BCI-PAC-18,MEA,False,Liquid,,14.0,14,percent,False,Inorganic Chemicals,Coagulants aluminium,combo,6,100.0,16.0,70.0,0.0,14.0,86.0,86.0,100.0,P3,True,,,,
BCI-FE2SO4-GRN·EU,BCI-FE2SO4-GRN,EU,False,Granular,,10.0,10,percent,False,Inorganic Chemicals,Coagulants iron,combo,6,100.0,90.0,0.0,0.0,10.0,90.0,90.0,100.0,P1,True,,,,
BCI-FE2SO4-GRN·CN,BCI-FE2SO4-GRN,CN,False,Granular,,10.0,10,percent,False,Inorganic Chemicals,Coagulants iron,combo,6,100.0,90.0,0.0,0.0,10.0,90.0,90.0,100.0,P1,True,,,,
BCI-FE2SO4-GRN·NA,BCI-FE2SO4-GRN,NA,False,Granular,,10.0,10,percent,False,Inorganic Chemicals,Coagulants iron,combo,6,100.0,90.0,0.0,0.0,10.0,90.0,90.0,100.0,P1,True,,,,
BCI-FE2SO4-GRN·APAC,BCI-FE2SO4-GRN,APAC,False,Granular,,10.0,10,percent,False,Inorganic Chemicals,Coagulants iron,combo,6,100.0,16.0,74.0,0.0,10.0,90.0,90.0,100.0,P3,True,,,,
BCI-FE2SO4-GRN·IN,BCI-FE2SO4-GRN,IN,False,Granular,,10.0,10,percent,False,Inorganic Chemicals,Coagulants iron,combo,6,100.0,86.0,4.0,0.0,10.0,90.0,90.0,100.0,P2,True,,,,
BCI-FE2SO4-LIQ·EU,BCI-FE2SO4-LIQ,EU,False,Liquid,,11.0,11,percent,False,Inorganic Chemicals,Coagulants iron,combo,6,100.0,84.0,5.0,0.0,11.0,89.0,89.0,100.0,P2,True,,,,
BCI-FE2SO4-LIQ·CN,BCI-FE2SO4-LIQ,CN,False,Liquid,,11.0,11,percent,False,Inorganic Chemicals,Coagulants iron,combo,6,100.0,84.0,5.0,0.0,11.0,89.0,89.0,100.0,P2,True,,,,
BCI-FE2SO4-LIQ·NA,BCI-FE2SO4-LIQ,NA,False,Liquid,,11.0,11,percent,False,Inorganic Chemicals,Coagulants iron,combo,6,100.0,84.0,5.0,0.0,11.0,89.0,89.0,100.0,P2,True,,,,
BCI-FE2SO4-LIQ·APAC,BCI-FE2SO4-LIQ,APAC,False,Liquid,,11.0,11,percent,False,Inorganic Chemicals,Coagulants iron,combo,6,100.0,15.0,74.0,0.0,11.0,89.0,89.0,100.0,P3,True,,,,
BCI-FE2SO4-LIQ·IN,BCI-FE2SO4-LIQ,IN,False,Liquid,,11.0,11,percent,False,Inorganic Chemicals,Coagulants iron,combo,6,100.0,84.0,5.0,0.0,11.0,89.0,89.0,100.0,P2,True,,,,
BCI-FE2SO4-LIQ·MEA,BCI-FE2SO4-LIQ,MEA,False,Liquid,,11.0,11,percent,False,Inorganic Chemicals,Coagulants iron,combo,6,100.0,8.0,81.0,0.0,11.0,89.0,89.0,100.0,P3,True,,,,
BCI-FECL3-ANH·EU,BCI-FECL3-ANH,EU,False,Solid,,12.0,12,percent,False,Inorganic Chemicals,Coagulants iron,combo,6,100.0,54.0,34.0,0.0,12.0,88.0,88.0,100.0,P2,True,,,,
BCI-FECL3-ANH·CN,BCI-FECL3-ANH,CN,False,Solid,,12.0,12,percent,False,Inorganic Chemicals,Coagulants iron,combo,6,100.0,54.0,34.0,0.0,12.0,88.0,88.0,100.0,P2,True,,,,
BCI-FECL3-ANH·NA,BCI-FECL3-ANH,NA,False,Solid,,12.0,12,percent,False,Inorganic Chemicals,Coagulants iron,combo,6,100.0,54.0,34.0,0.0,12.0,88.0,88.0,100.0,P2,True,,,,
BCI-FECL3-LIQ·EU,BCI-FECL3-LIQ,EU,False,Liquid,,13.0,13,percent,False,Inorganic Chemicals,Coagulants iron,combo,6,100.0,47.0,40.0,0.0,13.0,87.0,87.0,100.0,P2,True,,,,
BCI-FECL3-LIQ·CN,BCI-FECL3-LIQ,CN,False,Liquid,,13.0,13,percent,False,Inorganic Chemicals,Coagulants iron,combo,6,100.0,47.0,40.0,0.0,13.0,87.0,87.0,100.0,P2,True,,,,
BCI-FECL3-LIQ·NA,BCI-FECL3-LIQ,NA,False,Liquid,,13.0,13,percent,False,Inorganic Chemicals,Coagulants iron,combo,6,100.0,47.0,40.0,0.0,13.0,87.0,87.0,100.0,P2,True,,,,
BCI-FECL3-LIQ·APAC,BCI-FECL3-LIQ,APAC,False,Liquid,,13.0,13,percent,False,Inorganic Chemicals,Coagulants iron,combo,6,100.0,15.0,72.0,0.0,13.0,87.0,87.0,100.0,P3,True,,,,
BCI-FECL3-LIQ·IN,BCI-FECL3-LIQ,IN,False,Liquid,,13.0,13,percent,False,Inorganic Chemicals,Coagulants iron,combo,6,100.0,47.0,40.0,0.0,13.0,87.0,87.0,100.0,P2,True,,,,
BCI-FECL3-LIQ·MEA,BCI-FECL3-LIQ,MEA,False,Liquid,,13.0,13,percent,False,Inorganic Chemicals,Coagulants iron,combo,6,100.0,8.0,79.0,0.0,13.0,87.0,87.0,100.0,P3,True,,,,
BCI-FESO4-HEP·EU,BCI-FESO4-HEP,EU,False,Crystal,,9.0,9,percent,False,Inorganic Chemicals,Coagulants iron,combo,6,100.0,91.0,0.0,0.0,9.0,91.0,91.0,100.0,P1,True,,,,
BCI-FESO4-HEP·CN,BCI-FESO4-HEP,CN,False,Crystal,,9.0,9,percent,False,Inorganic Chemicals,Coagulants iron,combo,6,100.0,91.0,0.0,0.0,9.0,91.0,91.0,100.0,P1,True,,,,
BCI-FESO4-HEP·NA,BCI-FESO4-HEP,NA,False,Crystal,,9.0,9,percent,False,Inorganic Chemicals,Coagulants iron,combo,6,100.0,91.0,0.0,0.0,9.0,91.0,91.0,100.0,P1,True,,,,
BCI-FESO4-HEP·APAC,BCI-FESO4-HEP,APAC,False,Crystal,,9.0,9,percent,False,Inorganic Chemicals,Coagulants iron,combo,6,100.0,18.0,73.0,0.0,9.0,91.0,91.0,100.0,P3,True,,,,
BCI-FESO4-HEP·IN,BCI-FESO4-HEP,IN,False,Crystal,,9.0,9,percent,False,Inorganic Chemicals,Coagulants iron,combo,6,100.0,87.0,4.0,0.0,9.0,91.0,91.0,100.0,P2,True,,,,
BCI-FESO4-MON·EU,BCI-FESO4-MON,EU,False,Powder,,9.0,9,percent,False,Inorganic Chemicals,Coagulants iron,combo,6,100.0,91.0,0.0,0.0,9.0,91.0,91.0,100.0,P1,True,,,,
BCI-FESO4-MON·CN,BCI-FESO4-MON,CN,False,Powder,,9.0,9,percent,False,Inorganic Chemicals,Coagulants iron,combo,6,100.0,91.0,0.0,0.0,9.0,91.0,91.0,100.0,P1,True,,,,
BCI-FESO4-MON·IN,BCI-FESO4-MON,IN,False,Powder,,9.0,9,percent,False,Inorganic Chemicals,Coagulants iron,combo,6,100.0,87.0,4.0,0.0,9.0,91.0,91.0,100.0,P2,True,,,,
BCI-HCL-EG·EU,BCI-HCL-EG,EU,False,Liquid,,18.0,18,percent,False,Inorganic Chemicals,Electronic & high-purity chemicals,combo,5,100.0,72.0,0.0,0.0,28.0,72.0,72.0,100.0,P1,True,,,,
BCI-HCL-EG·CN,BCI-HCL-EG,CN,False,Liquid,,18.0,18,percent,False,Inorganic Chemicals,Electronic & high-purity chemicals,combo,5,100.0,72.0,0.0,0.0,28.0,72.0,72.0,100.0,P1,True,,,,
BCI-HCL-EG·NA,BCI-HCL-EG,NA,False,Liquid,,18.0,18,percent,False,Inorganic Chemicals,Electronic & high-purity chemicals,combo,5,100.0,72.0,0.0,0.0,28.0,72.0,72.0,100.0,P1,True,,,,
FOD-GLC-SYR·EU,FOD-GLC-SYR,EU,False,Liquid,,9.0,9,percent,False,Fermentation & Bioprocessing,Starch & glucose derivatives,combo,5,100.0,91.0,0.0,0.0,9.0,91.0,91.0,100.0,P1,True,,,,
FOD-GLC-SYR·CN,FOD-GLC-SYR,CN,False,Liquid,,9.0,9,percent,False,Fermentation & Bioprocessing,Starch & glucose derivatives,combo,5,100.0,91.0,0.0,0.0,9.0,91.0,91.0,100.0,P1,True,,,,
FOD-GLC-SYR·NA,FOD-GLC-SYR,NA,False,Liquid,,9.0,9,percent,False,Fermentation & Bioprocessing,Starch & glucose derivatives,combo,5,100.0,91.0,0.0,0.0,9.0,91.0,91.0,100.0,P1,True,,,,
FOD-LACT-LIQ·EU,FOD-LACT-LIQ,EU,False,Liquid,,14.0,14,percent,False,Fermentation & Bioprocessing,Starch & glucose derivatives,combo,4,100.0,86.0,0.0,0.0,14.0,86.0,86.0,100.0,P1,True,,,,
FOD-LACT-LIQ·CN,FOD-LACT-LIQ,CN,False,Liquid,,14.0,14,percent,False,Fermentation & Bioprocessing,Starch & glucose derivatives,combo,4,100.0,86.0,0.0,0.0,14.0,86.0,86.0,100.0,P1,True,,,,
BCI-H2SO4-LIQ·EU,BCI-H2SO4-LIQ,EU,False,Liquid,,10.0,10,percent,False,Inorganic Chemicals,Inorganic acids,combo,5,100.0,28.0,62.0,0.0,10.0,90.0,90.0,100.0,P3,True,,,,
BCI-H2SO4-LIQ·CN,BCI-H2SO4-LIQ,CN,False,Liquid,,10.0,10,percent,False,Inorganic Chemicals,Inorganic acids,combo,5,100.0,28.0,62.0,0.0,10.0,90.0,90.0,100.0,P3,True,,,,
BCI-H2SO4-LIQ·NA,BCI-H2SO4-LIQ,NA,False,Liquid,,10.0,10,percent,False,Inorganic Chemicals,Inorganic acids,combo,5,100.0,28.0,62.0,0.0,10.0,90.0,90.0,100.0,P3,True,,,,
BCI-H2SO4-LIQ·APAC,BCI-H2SO4-LIQ,APAC,False,Liquid,,10.0,10,percent,False,Inorganic Chemicals,Inorganic acids,combo,5,100.0,28.0,62.0,0.0,10.0,90.0,90.0,100.0,P3,True,,,,
BCI-H2SO4-LIQ·IN,BCI-H2SO4-LIQ,IN,False,Liquid,,10.0,10,percent,False,Inorganic Chemicals,Inorganic acids,combo,5,100.0,28.0,62.0,0.0,10.0,90.0,90.0,100.0,P3,True,,,,
BCI-H2SO4-LIQ·MEA,BCI-H2SO4-LIQ,MEA,False,Liquid,,10.0,10,percent,False,Inorganic Chemicals,Inorganic acids,combo,5,100.0,10.0,80.0,0.0,10.0,90.0,90.0,100.0,P3,True,,,,
BCI-H3PO4-LIQ·EU,BCI-H3PO4-LIQ,EU,False,Liquid,,11.0,11,percent,False,Inorganic Chemicals,Inorganic acids,combo,5,100.0,89.0,0.0,0.0,11.0,89.0,89.0,100.0,P1,True,,,,
BCI-H3PO4-LIQ·CN,BCI-H3PO4-LIQ,CN,False,Liquid,,11.0,11,percent,False,Inorganic Chemicals,Inorganic acids,combo,5,100.0,89.0,0.0,0.0,11.0,89.0,89.0,100.0,P1,True,,,,
BCI-H3PO4-LIQ·NA,BCI-H3PO4-LIQ,NA,False,Liquid,,11.0,11,percent,False,Inorganic Chemicals,Inorganic acids,combo,5,100.0,89.0,0.0,0.0,11.0,89.0,89.0,100.0,P1,True,,,,
BCI-HCL-LIQ·EU,BCI-HCL-LIQ,EU,False,Liquid,,10.0,10,percent,False,Inorganic Chemicals,Inorganic acids,combo,4,100.0,90.0,0.0,0.0,10.0,90.0,90.0,100.0,P1,True,,,,
BCI-HCL-LIQ·CN,BCI-HCL-LIQ,CN,False,Liquid,,10.0,10,percent,False,Inorganic Chemicals,Inorganic acids,combo,4,100.0,90.0,0.0,0.0,10.0,90.0,90.0,100.0,P1,True,,,,
BCI-HCL-LIQ·NA,BCI-HCL-LIQ,NA,False,Liquid,,10.0,10,percent,False,Inorganic Chemicals,Inorganic acids,combo,4,100.0,90.0,0.0,0.0,10.0,90.0,90.0,100.0,P1,True,,,,
BCI-HCL-LIQ·APAC,BCI-HCL-LIQ,APAC,False,Liquid,,10.0,10,percent,False,Inorganic Chemicals,Inorganic acids,combo,4,100.0,28.0,62.0,0.0,10.0,90.0,90.0,100.0,P3,True,,,,
BCI-HCL-LIQ·IN,BCI-HCL-LIQ,IN,False,Liquid,,10.0,10,percent,False,Inorganic Chemicals,Inorganic acids,combo,4,100.0,90.0,0.0,0.0,10.0,90.0,90.0,100.0,P1,True,,,,
CLN-NAOCL-LIQ·EU,CLN-NAOCL-LIQ,EU,False,Liquid,,7.0,7,percent,False,Inorganic Chemicals,Inorganic oxidants,combo,6,100.0,83.0,10.0,0.0,7.0,93.0,93.0,100.0,P2,True,,,,
CLN-NAOCL-LIQ·CN,CLN-NAOCL-LIQ,CN,False,Liquid,,7.0,7,percent,False,Inorganic Chemicals,Inorganic oxidants,combo,6,100.0,83.0,10.0,0.0,7.0,93.0,93.0,100.0,P2,True,,,,
CLN-NAOCL-LIQ·NA,CLN-NAOCL-LIQ,NA,False,Liquid,,7.0,7,percent,False,Inorganic Chemicals,Inorganic oxidants,combo,6,100.0,83.0,10.0,0.0,7.0,93.0,93.0,100.0,P2,True,,,,
CLN-NAOCL-LIQ·APAC,CLN-NAOCL-LIQ,APAC,False,Liquid,,7.0,7,percent,False,Inorganic Chemicals,Inorganic oxidants,combo,6,100.0,16.0,77.0,0.0,7.0,93.0,93.0,100.0,P3,True,,,,
CLN-NAOCL-LIQ·IN,CLN-NAOCL-LIQ,IN,False,Liquid,,7.0,7,percent,False,Inorganic Chemicals,Inorganic oxidants,combo,6,100.0,61.0,32.0,0.0,7.0,93.0,93.0,100.0,P2,True,,,,
CLN-NAOCL-LIQ·MEA,CLN-NAOCL-LIQ,MEA,False,Liquid,,7.0,7,percent,False,Inorganic Chemicals,Inorganic oxidants,combo,6,100.0,10.0,83.0,0.0,7.0,93.0,93.0,100.0,P3,True,,,,
F20-CA-LIG·EU,F20-CA-LIG,EU,False,Powder,,10.0,10,percent,False,Bio-Based Ingredients,Lignosulfonates,combo,5,100.0,28.0,0.0,0.0,72.0,28.0,28.0,100.0,P1,True,,,,
F20-CA-LIG·CN,F20-CA-LIG,CN,False,Powder,,10.0,10,percent,False,Bio-Based Ingredients,Lignosulfonates,combo,5,100.0,28.0,0.0,0.0,72.0,28.0,28.0,100.0,P1,True,,,,
F20-CA-LIG·NA,F20-CA-LIG,NA,False,Powder,,10.0,10,percent,False,Bio-Based Ingredients,Lignosulfonates,combo,5,100.0,28.0,0.0,0.0,72.0,28.0,28.0,100.0,P1,True,,,,
F20-CA-LIG·IN,F20-CA-LIG,IN,False,Powder,,10.0,10,percent,False,Bio-Based Ingredients,Lignosulfonates,combo,5,100.0,24.0,4.0,0.0,72.0,28.0,28.0,100.0,P2,True,,,,
PAM-A-EMU·EU,PAM-A-EMU,EU,False,Liquid,,15.0,15,percent,False,Water-Soluble Polymers,Synthetic flocculants PAM,combo,6,100.0,75.0,10.0,0.0,15.0,85.0,85.0,100.0,P2,True,,,,
PAM-A-EMU·CN,PAM-A-EMU,CN,False,Liquid,,15.0,15,percent,False,Water-Soluble Polymers,Synthetic flocculants PAM,combo,6,100.0,75.0,10.0,0.0,15.0,85.0,85.0,100.0,P2,True,,,,
PAM-A-EMU·NA,PAM-A-EMU,NA,False,Liquid,,15.0,15,percent,False,Water-Soluble Polymers,Synthetic flocculants PAM,combo,6,100.0,75.0,10.0,0.0,15.0,85.0,85.0,100.0,P2,True,,,,
PAM-A-EMU·APAC,PAM-A-EMU,APAC,False,Liquid,,15.0,15,percent,False,Water-Soluble Polymers,Synthetic flocculants PAM,combo,6,100.0,67.0,18.0,0.0,15.0,85.0,85.0,100.0,P2,True,,,,
PAM-A-PWD·EU,PAM-A-PWD,EU,False,Powder,,13.0,13,percent,False,Water-Soluble Polymers,Synthetic flocculants PAM,combo,8,100.0,82.0,5.0,0.0,13.0,87.0,87.0,100.0,P2,True,,,,
PAM-A-PWD·CN,PAM-A-PWD,CN,False,Powder,,13.0,13,percent,False,Water-Soluble Polymers,Synthetic flocculants PAM,combo,8,100.0,82.0,5.0,0.0,13.0,87.0,87.0,100.0,P2,True,,,,
PAM-A-PWD·NA,PAM-A-PWD,NA,False,Powder,,13.0,13,percent,False,Water-Soluble Polymers,Synthetic flocculants PAM,combo,8,100.0,82.0,5.0,0.0,13.0,87.0,87.0,100.0,P2,True,,,,
PAM-A-PWD·APAC,PAM-A-PWD,APAC,False,Powder,,13.0,13,percent,False,Water-Soluble Polymers,Synthetic flocculants PAM,combo,8,100.0,65.0,22.0,0.0,13.0,87.0,87.0,100.0,P2,True,,,,
PAM-A-PWD·IN,PAM-A-PWD,IN,False,Powder,,13.0,13,percent,False,Water-Soluble Polymers,Synthetic flocculants PAM,combo,8,100.0,17.0,70.0,0.0,13.0,87.0,87.0,100.0,P3,True,,,,
PAM-A-PWD·MEA,PAM-A-PWD,MEA,False,Powder,,13.0,13,percent,False,Water-Soluble Polymers,Synthetic flocculants PAM,combo,8,100.0,11.0,76.0,0.0,13.0,87.0,87.0,100.0,P3,True,,,,
PAM-A-SOL·EU,PAM-A-SOL,EU,False,Liquid,,14.0,14,percent,False,Water-Soluble Polymers,Synthetic flocculants PAM,combo,7,100.0,80.0,6.0,0.0,14.0,86.0,86.0,100.0,P2,True,,,,
PAM-A-SOL·CN,PAM-A-SOL,CN,False,Liquid,,14.0,14,percent,False,Water-Soluble Polymers,Synthetic flocculants PAM,combo,7,100.0,80.0,6.0,0.0,14.0,86.0,86.0,100.0,P2,True,,,,
PAM-A-SOL·NA,PAM-A-SOL,NA,False,Liquid,,14.0,14,percent,False,Water-Soluble Polymers,Synthetic flocculants PAM,combo,7,100.0,80.0,6.0,0.0,14.0,86.0,86.0,100.0,P2,True,,,,
PAM-A-SOL·APAC,PAM-A-SOL,APAC,False,Liquid,,14.0,14,percent,False,Water-Soluble Polymers,Synthetic flocculants PAM,combo,7,100.0,66.0,20.0,0.0,14.0,86.0,86.0,100.0,P2,True,,,,
PAM-A-SOL·IN,PAM-A-SOL,IN,False,Liquid,,14.0,14,percent,False,Water-Soluble Polymers,Synthetic flocculants PAM,combo,7,100.0,18.0,68.0,0.0,14.0,86.0,86.0,100.0,P3,True,,,,
PAM-A-SOL·MEA,PAM-A-SOL,MEA,False,Liquid,,14.0,14,percent,False,Water-Soluble Polymers,Synthetic flocculants PAM,combo,7,100.0,10.0,76.0,0.0,14.0,86.0,86.0,100.0,P3,True,,,,
PAM-C-PWD·EU,PAM-C-PWD,EU,False,Powder,,16.0,16,percent,False,Water-Soluble Polymers,Synthetic flocculants PAM,combo,8,100.0,77.0,6.0,0.0,17.0,83.0,83.0,100.0,P2,True,,,,
PAM-C-PWD·CN,PAM-C-PWD,CN,False,Powder,,16.0,16,percent,False,Water-Soluble Polymers,Synthetic flocculants PAM,combo,8,100.0,77.0,6.0,0.0,17.0,83.0,83.0,100.0,P2,True,,,,
PAM-C-PWD·NA,PAM-C-PWD,NA,False,Powder,,16.0,16,percent,False,Water-Soluble Polymers,Synthetic flocculants PAM,combo,8,100.0,77.0,6.0,0.0,17.0,83.0,77.0,92.8,P2,False,,,,
PAM-C-PWD·APAC,PAM-C-PWD,APAC,False,Powder,,16.0,16,percent,False,Water-Soluble Polymers,Synthetic flocculants PAM,combo,8,100.0,77.0,6.0,0.0,17.0,83.0,78.0,94.0,P2,False,,,,
PAM-C-PWD·IN,PAM-C-PWD,IN,False,Powder,,16.0,16,percent,False,Water-Soluble Polymers,Synthetic flocculants PAM,combo,8,100.0,77.0,6.0,0.0,17.0,83.0,83.0,100.0,P2,True,,,,
PAM-C-PWD·MEA,PAM-C-PWD,MEA,False,Powder,,16.0,16,percent,False,Water-Soluble Polymers,Synthetic flocculants PAM,combo,8,100.0,77.0,6.0,0.0,17.0,83.0,83.0,100.0,P2,True,,,,
PAM-C-SOL·EU,PAM-C-SOL,EU,False,Liquid,,17.0,17,percent,False,Water-Soluble Polymers,Synthetic flocculants PAM,combo,7,100.0,76.0,8.0,0.0,16.0,84.0,84.0,100.0,P2,True,,,,
PAM-C-SOL·CN,PAM-C-SOL,CN,False,Liquid,,17.0,17,percent,False,Water-Soluble Polymers,Synthetic flocculants PAM,combo,7,100.0,76.0,8.0,0.0,16.0,84.0,84.0,100.0,P2,True,,,,
PAM-C-SOL·NA,PAM-C-SOL,NA,False,Liquid,,17.0,17,percent,False,Water-Soluble Polymers,Synthetic flocculants PAM,combo,7,100.0,76.0,8.0,0.0,16.0,84.0,76.0,90.5,P2,False,,,,
PAM-C-SOL·APAC,PAM-C-SOL,APAC,False,Liquid,,17.0,17,percent,False,Water-Soluble Polymers,Synthetic flocculants PAM,combo,7,100.0,76.0,8.0,0.0,16.0,84.0,84.0,100.0,P2,True,,,,
PAM-C-SOL·IN,PAM-C-SOL,IN,False,Liquid,,17.0,17,percent,False,Water-Soluble Polymers,Synthetic flocculants PAM,combo,7,100.0,76.0,8.0,0.0,16.0,84.0,84.0,100.0,P2,True,,,,
PAM-C-SOL·MEA,PAM-C-SOL,MEA,False,Liquid,,17.0,17,percent,False,Water-Soluble Polymers,Synthetic flocculants PAM,combo,7,100.0,76.0,8.0,0.0,16.0,84.0,84.0,100.0,P2,True,,,,
PAM-N-PWD·EU,PAM-N-PWD,EU,False,Powder,,14.0,14,percent,False,Water-Soluble Polymers,Synthetic flocculants PAM,combo,6,100.0,88.0,0.0,0.0,12.0,88.0,88.0,100.0,P1,True,,,,
PAM-N-PWD·CN,PAM-N-PWD,CN,False,Powder,,14.0,14,percent,False,Water-Soluble Polymers,Synthetic flocculants PAM,combo,6,100.0,88.0,0.0,0.0,12.0,88.0,88.0,100.0,P1,True,,,,
PAM-N-PWD·NA,PAM-N-PWD,NA,False,Powder,,14.0,14,percent,False,Water-Soluble Polymers,Synthetic flocculants PAM,combo,6,100.0,88.0,0.0,0.0,12.0,88.0,82.0,93.2,P1,False,,,,
PAM-N-PWD·APAC,PAM-N-PWD,APAC,False,Powder,,14.0,14,percent,False,Water-Soluble Polymers,Synthetic flocculants PAM,combo,6,100.0,88.0,0.0,0.0,12.0,88.0,83.0,94.3,P1,False,,,,
PAM-N-PWD·IN,PAM-N-PWD,IN,False,Powder,,14.0,14,percent,False,Water-Soluble Polymers,Synthetic flocculants PAM,combo,6,100.0,88.0,0.0,0.0,12.0,88.0,88.0,100.0,P1,True,,,,
PAM-N-PWD·MEA,PAM-N-PWD,MEA,False,Powder,,14.0,14,percent,False,Water-Soluble Polymers,Synthetic flocculants PAM,combo,6,100.0,88.0,0.0,0.0,12.0,88.0,88.0,100.0,P1,True,,,,
PAM-N-SOL·EU,PAM-N-SOL,EU,False,Liquid,,13.0,13,percent,False,Water-Soluble Polymers,Synthetic flocculants PAM,combo,5,100.0,88.0,0.0,0.0,12.0,88.0,88.0,100.0,P1,True,,,,
PAM-N-SOL·CN,PAM-N-SOL,CN,False,Liquid,,13.0,13,percent,False,Water-Soluble Polymers,Synthetic flocculants PAM,combo,5,100.0,88.0,0.0,0.0,12.0,88.0,88.0,100.0,P1,True,,,,
PAM-N-SOL·NA,PAM-N-SOL,NA,False,Liquid,,13.0,13,percent,False,Water-Soluble Polymers,Synthetic flocculants PAM,combo,5,100.0,88.0,0.0,0.0,12.0,88.0,80.0,90.9,P1,False,,,,
PAM-N-SOL·APAC,PAM-N-SOL,APAC,False,Liquid,,13.0,13,percent,False,Water-Soluble Polymers,Synthetic flocculants PAM,combo,5,100.0,88.0,0.0,0.0,12.0,88.0,88.0,100.0,P1,True,,,,
PAM-N-SOL·IN,PAM-N-SOL,IN,False,Liquid,,13.0,13,percent,False,Water-Soluble Polymers,Synthetic flocculants PAM,combo,5,100.0,88.0,0.0,0.0,12.0,88.0,88.0,100.0,P1,True,,,,
PAM-N-SOL·MEA,PAM-N-SOL,MEA,False,Liquid,,13.0,13,percent,False,Water-Soluble Polymers,Synthetic flocculants PAM,combo,5,100.0,88.0,0.0,0.0,12.0,88.0,88.0,100.0,P1,True,,,,
ADV-ARAM-FIB·EU,ADV-ARAM-FIB,EU,False,Spool,,22.0,22,percent,False,Advanced Materials,Aramid and high-performance fibres,combo,6,100.0,12.0,28.0,0.0,60.0,40.0,40.0,100.0,P3,True,,,,
ADV-ARAM-FIB·NA,ADV-ARAM-FIB,NA,False,Spool,,22.0,22,percent,False,Advanced Materials,Aramid and high-performance fibres,combo,6,100.0,12.0,28.0,0.0,60.0,40.0,40.0,100.0,P3,True,,,,
ADV-CF-TOW·EU,ADV-CF-TOW,EU,False,Spool/tow,,13.0,13,percent,True,Advanced Materials,Carbon-based fibres,combo,5,100.0,79.0,8.0,0.0,13.0,87.0,87.0,100.0,P2,True,,,,
ADV-CF-TOW·NA,ADV-CF-TOW,NA,False,Spool/tow,,13.0,13,percent,True,Advanced Materials,Carbon-based fibres,combo,5,100.0,79.0,8.0,0.0,13.0,87.0,87.0,100.0,P2,True,,,,
ADV-CF-TOW·CN,ADV-CF-TOW,CN,False,Spool/tow,,13.0,13,percent,True,Advanced Materials,Carbon-based fibres,combo,5,100.0,79.0,8.0,0.0,13.0,87.0,87.0,100.0,P2,True,,,,
ADV-CF-TOW·APAC,ADV-CF-TOW,APAC,False,Spool/tow,,13.0,13,percent,True,Advanced Materials,Carbon-based fibres,combo,5,100.0,79.0,8.0,0.0,13.0,87.0,87.0,100.0,P2,True,,,,
ADV-EGLASS-CSM·EU,ADV-EGLASS-CSM,EU,False,Roll/sheet,,16.0,16,percent,False,Advanced Materials,Glass and mineral fibres,combo,4,100.0,24.0,60.0,0.0,16.0,84.0,84.0,100.0,P3,True,,,,
ADV-EGLASS-CSM·NA,ADV-EGLASS-CSM,NA,False,Roll/sheet,,16.0,16,percent,False,Advanced Materials,Glass and mineral fibres,combo,4,100.0,24.0,60.0,0.0,16.0,84.0,84.0,100.0,P3,True,,,,
ADV-EGLASS-CSM·CN,ADV-EGLASS-CSM,CN,False,Roll/sheet,,16.0,16,percent,False,Advanced Materials,Glass and mineral fibres,combo,4,100.0,24.0,60.0,0.0,16.0,84.0,84.0,100.0,P3,True,,,,
ADV-EGLASS-ROV·EU,ADV-EGLASS-ROV,EU,False,Spool,,17.0,17,percent,False,Advanced Materials,Glass and mineral fibres,combo,6,100.0,63.0,20.0,0.0,17.0,83.0,83.0,100.0,P2,True,,,,
ADV-EGLASS-ROV·NA,ADV-EGLASS-ROV,NA,False,Spool,,17.0,17,percent,False,Advanced Materials,Glass and mineral fibres,combo,6,100.0,63.0,20.0,0.0,17.0,83.0,83.0,100.0,P2,True,,,,
ADV-EGLASS-ROV·CN,ADV-EGLASS-ROV,CN,False,Spool,,17.0,17,percent,False,Advanced Materials,Glass and mineral fibres,combo,6,100.0,63.0,20.0,0.0,17.0,83.0,83.0,100.0,P2,True,,,,
ADV-EGLASS-ROV·APAC,ADV-EGLASS-ROV,APAC,False,Spool,,17.0,17,percent,False,Advanced Materials,Glass and mineral fibres,combo,6,100.0,63.0,20.0,0.0,17.0,83.0,83.0,100.0,P2,True,,,,
FLU-VII-OCP·EU,FLU-VII-OCP,EU,False,Liquid/solid,,14.0,14,percent,False,Fluids & Lubricants,Lubricant additives,combo,5,100.0,86.0,0.0,0.0,14.0,86.0,86.0,100.0,P1,True,,,,
FLU-VII-OCP·NA,FLU-VII-OCP,NA,False,Liquid/solid,,14.0,14,percent,False,Fluids & Lubricants,Lubricant additives,combo,5,100.0,86.0,0.0,0.0,14.0,86.0,86.0,100.0,P1,True,,,,
FLU-VII-PMA·EU,FLU-VII-PMA,EU,False,Liquid/solid,,16.0,16,percent,False,Fluids & Lubricants,Lubricant additives,combo,4,100.0,84.0,0.0,0.0,16.0,84.0,84.0,100.0,P1,True,,,,
FLU-VII-PMA·NA,FLU-VII-PMA,NA,False,Liquid/solid,,16.0,16,percent,False,Fluids & Lubricants,Lubricant additives,combo,4,100.0,16.0,68.0,0.0,16.0,84.0,84.0,100.0,P3,True,,,,
FLU-ZDDP-LIQ·EU,FLU-ZDDP-LIQ,EU,False,Liquid,,14.0,14,percent,False,Fluids & Lubricants,Lubricant additives,combo,6,100.0,70.0,0.0,0.0,30.0,70.0,70.0,100.0,P1,True,,,,
FLU-ZDDP-LIQ·NA,FLU-ZDDP-LIQ,NA,False,Liquid,,14.0,14,percent,False,Fluids & Lubricants,Lubricant additives,combo,6,100.0,42.0,28.0,0.0,30.0,70.0,70.0,100.0,P2,True,,,,
FLU-BO1-SN150·EU,FLU-BO1-SN150,EU,False,Liquid,,11.0,11,percent,False,Fluids & Lubricants,Mineral base oils,combo,6,100.0,16.0,73.0,0.0,11.0,89.0,89.0,100.0,P3,True,,,,
FLU-BO1-SN150·NA,FLU-BO1-SN150,NA,False,Liquid,,11.0,11,percent,False,Fluids & Lubricants,Mineral base oils,combo,6,100.0,16.0,73.0,0.0,11.0,89.0,89.0,100.0,P3,True,,,,
FLU-BO1-SN150·APAC,FLU-BO1-SN150,APAC,False,Liquid,,11.0,11,percent,False,Fluids & Lubricants,Mineral base oils,combo,6,100.0,16.0,73.0,0.0,11.0,89.0,89.0,100.0,P3,True,,,,
FLU-BO2-150N·EU,FLU-BO2-150N,EU,False,Liquid,,12.0,12,percent,False,Fluids & Lubricants,Mineral base oils,combo,6,100.0,16.0,72.0,0.0,12.0,88.0,88.0,100.0,P3,True,,,,
FLU-BO2-150N·NA,FLU-BO2-150N,NA,False,Liquid,,12.0,12,percent,False,Fluids & Lubricants,Mineral base oils,combo,6,100.0,16.0,72.0,0.0,12.0,88.0,88.0,100.0,P3,True,,,,
FLU-BO2-150N·APAC,FLU-BO2-150N,APAC,False,Liquid,,12.0,12,percent,False,Fluids & Lubricants,Mineral base oils,combo,6,100.0,16.0,72.0,0.0,12.0,88.0,88.0,100.0,P3,True,,,,
FLU-BO3-4CST·EU,FLU-BO3-4CST,EU,False,Liquid,,13.0,13,percent,False,Fluids & Lubricants,Mineral base oils,combo,6,100.0,16.0,71.0,0.0,13.0,87.0,87.0,100.0,P3,True,,,,
FLU-BO3-4CST·NA,FLU-BO3-4CST,NA,False,Liquid,,13.0,13,percent,False,Fluids & Lubricants,Mineral base oils,combo,6,100.0,16.0,71.0,0.0,13.0,87.0,87.0,100.0,P3,True,,,,
FLU-BO3-4CST·APAC,FLU-BO3-4CST,APAC,False,Liquid,,13.0,13,percent,False,Fluids & Lubricants,Mineral base oils,combo,6,100.0,16.0,71.0,0.0,13.0,87.0,87.0,100.0,P3,True,,,,
FLU-PAO-4·EU,FLU-PAO-4,EU,False,Liquid,,14.0,14,percent,False,Fluids & Lubricants,Synthetic lubricants,combo,4,100.0,86.0,0.0,0.0,14.0,86.0,86.0,100.0,P1,True,,,,
FLU-PAO-4·NA,FLU-PAO-4,NA,False,Liquid,,14.0,14,percent,False,Fluids & Lubricants,Synthetic lubricants,combo,4,100.0,16.0,70.0,0.0,14.0,86.0,86.0,100.0,P3,True,,,,
FLU-PAO-4·APAC,FLU-PAO-4,APAC,False,Liquid,,14.0,14,percent,False,Fluids & Lubricants,Synthetic lubricants,combo,4,100.0,16.0,70.0,0.0,14.0,86.0,86.0,100.0,P3,True,,,,
FLU-PAO-68·EU,FLU-PAO-68,EU,False,Liquid,,15.0,15,percent,False,Fluids & Lubricants,Synthetic lubricants,combo,4,100.0,85.0,0.0,0.0,15.0,85.0,85.0,100.0,P1,True,,,,
FLU-PAO-68·NA,FLU-PAO-68,NA,False,Liquid,,15.0,15,percent,False,Fluids & Lubricants,Synthetic lubricants,combo,4,100.0,16.0,69.0,0.0,15.0,85.0,85.0,100.0,P3,True,,,,
SIL-EMU-35·EU,SIL-EMU-35,EU,False,Liquid,,11.0,11,percent,False,Silicones,Silicone emulsions,combo,5,100.0,17.0,72.0,0.0,11.0,89.0,27.0,30.3,P3,False,,,,
SIL-EMU-35·CN,SIL-EMU-35,CN,False,Liquid,,11.0,11,percent,False,Silicones,Silicone emulsions,combo,5,100.0,17.0,72.0,0.0,11.0,89.0,27.0,30.3,P3,False,,,,
SIL-EMU-35·APAC,SIL-EMU-35,APAC,False,Liquid,,11.0,11,percent,False,Silicones,Silicone emulsions,combo,5,100.0,17.0,72.0,0.0,11.0,89.0,27.0,30.3,P3,False,,,,
SIL-EMU-60·EU,SIL-EMU-60,EU,False,Liquid,,12.0,12,percent,False,Silicones,Silicone emulsions,combo,5,100.0,16.0,72.0,0.0,12.0,88.0,24.0,27.3,P3,False,,,,
SIL-EMU-60·CN,SIL-EMU-60,CN,False,Liquid,,12.0,12,percent,False,Silicones,Silicone emulsions,combo,5,100.0,16.0,72.0,0.0,12.0,88.0,24.0,27.3,P3,False,,,,
SIL-PDMS-HGH·EU,SIL-PDMS-HGH,EU,False,Liquid,,12.0,12,percent,False,Silicones,Silicone fluids,combo,6,100.0,88.0,0.0,0.0,12.0,88.0,52.0,59.1,P1,False,,,,
SIL-PDMS-HGH·CN,SIL-PDMS-HGH,CN,False,Liquid,,12.0,12,percent,False,Silicones,Silicone fluids,combo,6,100.0,88.0,0.0,0.0,12.0,88.0,52.0,59.1,P1,False,,,,
SIL-PDMS-HGH·NA,SIL-PDMS-HGH,NA,False,Liquid,,12.0,12,percent,False,Silicones,Silicone fluids,combo,6,100.0,72.0,16.0,0.0,12.0,88.0,52.0,59.1,P2,False,,,,
SIL-PDMS-HGH·APAC,SIL-PDMS-HGH,APAC,False,Liquid,,12.0,12,percent,False,Silicones,Silicone fluids,combo,6,100.0,22.0,66.0,0.0,12.0,88.0,52.0,59.1,P3,False,,,,
SIL-PDMS-LOW·EU,SIL-PDMS-LOW,EU,False,Liquid,,11.0,11,percent,False,Silicones,Silicone fluids,combo,6,100.0,89.0,0.0,0.0,11.0,89.0,53.0,59.6,P1,False,,,,
SIL-PDMS-LOW·CN,SIL-PDMS-LOW,CN,False,Liquid,,11.0,11,percent,False,Silicones,Silicone fluids,combo,6,100.0,89.0,0.0,0.0,11.0,89.0,53.0,59.6,P1,False,,,,
SIL-PDMS-LOW·NA,SIL-PDMS-LOW,NA,False,Liquid,,11.0,11,percent,False,Silicones,Silicone fluids,combo,6,100.0,73.0,16.0,0.0,11.0,89.0,53.0,59.6,P2,False,,,,
SIL-PDMS-LOW·APAC,SIL-PDMS-LOW,APAC,False,Liquid,,11.0,11,percent,False,Silicones,Silicone fluids,combo,6,100.0,23.0,66.0,0.0,11.0,89.0,53.0,59.6,P3,False,,,,
SIL-RTV1-LIQ·EU,SIL-RTV1-LIQ,EU,False,Liquid/paste,,12.0,12,percent,False,Silicones,Silicone sealants and specialties,combo,6,100.0,16.0,58.0,0.0,26.0,74.0,16.0,21.6,P3,False,,,,
SIL-RTV1-LIQ·CN,SIL-RTV1-LIQ,CN,False,Liquid/paste,,12.0,12,percent,False,Silicones,Silicone sealants and specialties,combo,6,100.0,16.0,58.0,0.0,26.0,74.0,16.0,21.6,P3,False,,,,
SIL-RTV1-LIQ·NA,SIL-RTV1-LIQ,NA,False,Liquid/paste,,12.0,12,percent,False,Silicones,Silicone sealants and specialties,combo,6,100.0,16.0,58.0,0.0,26.0,74.0,16.0,21.6,P3,False,,,,
SIL-RTV1-LIQ·APAC,SIL-RTV1-LIQ,APAC,False,Liquid/paste,,12.0,12,percent,False,Silicones,Silicone sealants and specialties,combo,6,100.0,16.0,58.0,0.0,26.0,74.0,16.0,21.6,P3,False,,,,
SIL-RTV2-LIQ·EU,SIL-RTV2-LIQ,EU,False,Liquid,,11.0,11,percent,False,Silicones,Silicone sealants and specialties,combo,6,100.0,14.0,59.0,0.0,27.0,73.0,14.0,19.2,P3,False,,,,
SIL-RTV2-LIQ·CN,SIL-RTV2-LIQ,CN,False,Liquid,,11.0,11,percent,False,Silicones,Silicone sealants and specialties,combo,6,100.0,14.0,59.0,0.0,27.0,73.0,14.0,19.2,P3,False,,,,
SIL-RTV2-LIQ·NA,SIL-RTV2-LIQ,NA,False,Liquid,,11.0,11,percent,False,Silicones,Silicone sealants and specialties,combo,6,100.0,14.0,59.0,0.0,27.0,73.0,14.0,19.2,P3,False,,,,
SIL-SURF-LIQ·EU,SIL-SURF-LIQ,EU,False,Liquid,,14.0,14,percent,False,Silicones,Silicone sealants and specialties,combo,5,100.0,38.0,48.0,0.0,14.0,86.0,38.0,44.2,P3,False,,,,
SIL-SURF-LIQ·NA,SIL-SURF-LIQ,NA,False,Liquid,,14.0,14,percent,False,Silicones,Silicone sealants and specialties,combo,5,100.0,16.0,70.0,0.0,14.0,86.0,38.0,44.2,P3,False,,,,
F16-TPP-LIQ·EU,F16-TPP-LIQ,EU,False,Liquid,,16.0,16,percent,False,Phosphorus Chemicals,Organophosphorus flame retardants,combo,5,100.0,20.0,64.0,0.0,16.0,84.0,84.0,100.0,P3,True,,,,
F16-TPP-LIQ·CN,F16-TPP-LIQ,CN,False,Liquid,,16.0,16,percent,False,Phosphorus Chemicals,Organophosphorus flame retardants,combo,5,100.0,20.0,64.0,0.0,16.0,84.0,84.0,100.0,P3,True,,,,
F16-TPP-LIQ·NA,F16-TPP-LIQ,NA,False,Liquid,,16.0,16,percent,False,Phosphorus Chemicals,Organophosphorus flame retardants,combo,5,100.0,20.0,64.0,0.0,16.0,84.0,84.0,100.0,P3,True,,,,
F16-ATMP-LIQ·EU,F16-ATMP-LIQ,EU,False,Liquid,,20.0,20,percent,False,Phosphorus Chemicals,Phosphonate scale inhibitors,combo,6,100.0,34.0,46.0,0.0,20.0,80.0,80.0,100.0,P3,True,,,,
F16-ATMP-LIQ·CN,F16-ATMP-LIQ,CN,False,Liquid,,20.0,20,percent,False,Phosphorus Chemicals,Phosphonate scale inhibitors,combo,6,100.0,34.0,46.0,0.0,20.0,80.0,80.0,100.0,P3,True,,,,
F16-ATMP-LIQ·NA,F16-ATMP-LIQ,NA,False,Liquid,,20.0,20,percent,False,Phosphorus Chemicals,Phosphonate scale inhibitors,combo,6,100.0,20.0,60.0,0.0,20.0,80.0,80.0,100.0,P3,True,,,,
F16-HEDP-LIQ·EU,F16-HEDP-LIQ,EU,False,Liquid,,20.0,20,percent,False,Phosphorus Chemicals,Phosphonate scale inhibitors,combo,5,100.0,20.0,60.0,0.0,20.0,80.0,80.0,100.0,P3,True,,,,
F16-HEDP-LIQ·CN,F16-HEDP-LIQ,CN,False,Liquid,,20.0,20,percent,False,Phosphorus Chemicals,Phosphonate scale inhibitors,combo,5,100.0,20.0,60.0,0.0,20.0,80.0,80.0,100.0,P3,True,,,,
F16-HEDP-LIQ·NA,F16-HEDP-LIQ,NA,False,Liquid,,20.0,20,percent,False,Phosphorus Chemicals,Phosphonate scale inhibitors,combo,5,100.0,20.0,60.0,0.0,20.0,80.0,80.0,100.0,P3,True,,,,
F19-THPS-SOL·EU,F19-THPS-SOL,EU,False,Liquid,,22.0,22,percent,False,Phosphorus Chemicals,Phosphonium biocides,combo,6,100.0,26.0,52.0,0.0,22.0,78.0,78.0,100.0,P3,True,,,,
F19-THPS-SOL·NA,F19-THPS-SOL,NA,False,Liquid,,22.0,22,percent,False,Phosphorus Chemicals,Phosphonium biocides,combo,6,100.0,26.0,52.0,0.0,22.0,78.0,78.0,100.0,P3,True,,,,
F19-THPS-SOL·MEA,F19-THPS-SOL,MEA,False,Liquid,,22.0,22,percent,False,Phosphorus Chemicals,Phosphonium biocides,combo,6,100.0,10.0,68.0,0.0,22.0,78.0,78.0,100.0,P3,True,,,,
F18-SAP-AGR·CN,F18-SAP-AGR,CN,False,Powder,,12.0,12,percent,False,Water-Soluble Polymers,Superabsorbent polymers,combo,6,100.0,88.0,0.0,0.0,12.0,88.0,88.0,100.0,P1,True,,,,
F18-SAP-AGR·APAC,F18-SAP-AGR,APAC,False,Powder,,12.0,12,percent,False,Water-Soluble Polymers,Superabsorbent polymers,combo,6,100.0,76.0,12.0,0.0,12.0,88.0,88.0,100.0,P2,True,,,,
F18-SAP-HYG·EU,F18-SAP-HYG,EU,False,Powder,,16.0,16,percent,False,Water-Soluble Polymers,Superabsorbent polymers,combo,7,100.0,80.0,0.0,0.0,20.0,80.0,80.0,100.0,P1,True,,,,
F18-SAP-HYG·NA,F18-SAP-HYG,NA,False,Powder,,16.0,16,percent,False,Water-Soluble Polymers,Superabsorbent polymers,combo,7,100.0,80.0,0.0,0.0,20.0,80.0,80.0,100.0,P1,True,,,,
F18-SAP-HYG·CN,F18-SAP-HYG,CN,False,Powder,,16.0,16,percent,False,Water-Soluble Polymers,Superabsorbent polymers,combo,7,100.0,80.0,0.0,0.0,20.0,80.0,80.0,100.0,P1,True,,,,
F18-SAP-HYG·APAC,F18-SAP-HYG,APAC,False,Powder,,16.0,16,percent,False,Water-Soluble Polymers,Superabsorbent polymers,combo,7,100.0,67.0,13.0,0.0,20.0,80.0,80.0,100.0,P2,True,,,,
F22-LAR-EU·EU,F22-LAR-EU,EU,False,Bulk liquid,,8.0,8,percent,False,Industrial Gases,Air separation gases,combo,4,100.0,92.0,0.0,0.0,8.0,92.0,92.0,100.0,P1,True,,,,
F22-LAR-EU\u00b7CN,F22-LAR-EU,CN,False,Bulk liquid,,8.0,8,percent,False,Industrial Gases,Air separation gases,combo,4,100.0,92.0,0.0,0.0,8.0,92.0,92.0,100.0,P1,True,,,,
F22-LAR-EU\u00b7NA,F22-LAR-EU,NA,False,Bulk liquid,,8.0,8,percent,False,Industrial Gases,Air separation gases,combo,4,100.0,92.0,0.0,0.0,8.0,92.0,92.0,100.0,P1,True,,,,
F22-LAR-EU\u00b7APAC,F22-LAR-EU,APAC,False,Bulk liquid,,8.0,8,percent,False,Industrial Gases,Air separation gases,combo,4,100.0,86.0,6.0,0.0,8.0,92.0,92.0,100.0,P2,True,,,,
F22-LIN-EU·EU,F22-LIN-EU,EU,False,Bulk liquid,,6.0,6,percent,False,Industrial Gases,Air separation gases,combo,4,100.0,94.0,0.0,0.0,6.0,94.0,94.0,100.0,P1,True,,,,
F22-LIN-EU\u00b7CN,F22-LIN-EU,CN,False,Bulk liquid,,6.0,6,percent,False,Industrial Gases,Air separation gases,combo,4,100.0,94.0,0.0,0.0,6.0,94.0,94.0,100.0,P1,True,,,,
F22-LIN-EU\u00b7NA,F22-LIN-EU,NA,False,Bulk liquid,,6.0,6,percent,False,Industrial Gases,Air separation gases,combo,4,100.0,94.0,0.0,0.0,6.0,94.0,94.0,100.0,P1,True,,,,
F22-LIN-EU\u00b7APAC,F22-LIN-EU,APAC,False,Bulk liquid,,6.0,6,percent,False,Industrial Gases,Air separation gases,combo,4,100.0,88.0,6.0,0.0,6.0,94.0,94.0,100.0,P2,True,,,,
F22-LOX-EU·EU,F22-LOX-EU,EU,False,Bulk liquid,,8.0,8,percent,False,Industrial Gases,Air separation gases,combo,4,100.0,92.0,0.0,0.0,8.0,92.0,92.0,100.0,P1,True,,,,
F22-LOX-EU\u00b7CN,F22-LOX-EU,CN,False,Bulk liquid,,8.0,8,percent,False,Industrial Gases,Air separation gases,combo,4,100.0,92.0,0.0,0.0,8.0,92.0,92.0,100.0,P1,True,,,,
F22-LOX-EU\u00b7NA,F22-LOX-EU,NA,False,Bulk liquid,,8.0,8,percent,False,Industrial Gases,Air separation gases,combo,4,100.0,92.0,0.0,0.0,8.0,92.0,92.0,100.0,P1,True,,,,
F22-LOX-EU\u00b7APAC,F22-LOX-EU,APAC,False,Bulk liquid,,8.0,8,percent,False,Industrial Gases,Air separation gases,combo,4,100.0,86.0,6.0,0.0,8.0,92.0,92.0,100.0,P2,True,,,,
F22-R1234YF-EU·EU,F22-R1234YF-EU,EU,False,Cylinder/bulk,,10.0,10,percent,True,Industrial Gases,Refrigerant and fluorochemical gases,combo,6,100.0,20.0,52.0,0.0,28.0,72.0,72.0,100.0,P3,True,,,,
F22-R1234YF-EU\u00b7CN,F22-R1234YF-EU,CN,False,Cylinder/bulk,,10.0,10,percent,True,Industrial Gases,Refrigerant and fluorochemical gases,combo,6,100.0,20.0,52.0,0.0,28.0,72.0,72.0,100.0,P3,True,,,,
F22-R1234YF-EU\u00b7NA,F22-R1234YF-EU,NA,False,Cylinder/bulk,,10.0,10,percent,True,Industrial Gases,Refrigerant and fluorochemical gases,combo,6,100.0,20.0,52.0,0.0,28.0,72.0,72.0,100.0,P3,True,,,,
F22-R1234YF-EU\u00b7APAC,F22-R1234YF-EU,APAC,False,Cylinder/bulk,,10.0,10,percent,True,Industrial Gases,Refrigerant and fluorochemical gases,combo,6,100.0,20.0,52.0,0.0,28.0,72.0,72.0,100.0,P3,True,,,,
F22-R134A-EU·EU,F22-R134A-EU,EU,False,Cylinder/bulk,,4.0,4,percent,True,Industrial Gases,Refrigerant and fluorochemical gases,combo,6,100.0,22.0,74.0,0.0,4.0,96.0,96.0,100.0,P3,True,,,,
F22-R134A-EU\u00b7CN,F22-R134A-EU,CN,False,Cylinder/bulk,,4.0,4,percent,True,Industrial Gases,Refrigerant and fluorochemical gases,combo,6,100.0,22.0,74.0,0.0,4.0,96.0,96.0,100.0,P3,True,,,,
F22-R134A-EU\u00b7NA,F22-R134A-EU,NA,False,Cylinder/bulk,,4.0,4,percent,True,Industrial Gases,Refrigerant and fluorochemical gases,combo,6,100.0,22.0,74.0,0.0,4.0,96.0,96.0,100.0,P3,True,,,,
F22-R134A-EU\u00b7APAC,F22-R134A-EU,APAC,False,Cylinder/bulk,,4.0,4,percent,True,Industrial Gases,Refrigerant and fluorochemical gases,combo,6,100.0,22.0,74.0,0.0,4.0,96.0,96.0,100.0,P3,True,,,,
F22-R32-EU·EU,F22-R32-EU,EU,False,Cylinder/bulk,,4.0,4,percent,False,Industrial Gases,Refrigerant and fluorochemical gases,combo,6,100.0,32.0,64.0,0.0,4.0,96.0,96.0,100.0,P3,True,,,,
F22-R32-EU\u00b7CN,F22-R32-EU,CN,False,Cylinder/bulk,,4.0,4,percent,False,Industrial Gases,Refrigerant and fluorochemical gases,combo,6,100.0,32.0,64.0,0.0,4.0,96.0,96.0,100.0,P3,True,,,,
F22-R32-EU\u00b7NA,F22-R32-EU,NA,False,Cylinder/bulk,,4.0,4,percent,False,Industrial Gases,Refrigerant and fluorochemical gases,combo,6,100.0,32.0,64.0,0.0,4.0,96.0,96.0,100.0,P3,True,,,,
F22-R32-EU\u00b7APAC,F22-R32-EU,APAC,False,Cylinder/bulk,,4.0,4,percent,False,Industrial Gases,Refrigerant and fluorochemical gases,combo,6,100.0,22.0,74.0,0.0,4.0,96.0,96.0,100.0,P3,True,,,,
F22-R410A-EU·EU,F22-R410A-EU,EU,False,Cylinder/bulk,,4.0,4,percent,True,Industrial Gases,Refrigerant and fluorochemical gases,combo,5,100.0,20.0,76.0,0.0,4.0,96.0,96.0,100.0,P3,True,,,,
F22-R410A-EU\u00b7CN,F22-R410A-EU,CN,False,Cylinder/bulk,,4.0,4,percent,True,Industrial Gases,Refrigerant and fluorochemical gases,combo,5,100.0,20.0,76.0,0.0,4.0,96.0,96.0,100.0,P3,True,,,,
F22-R410A-EU\u00b7NA,F22-R410A-EU,NA,False,Cylinder/bulk,,4.0,4,percent,True,Industrial Gases,Refrigerant and fluorochemical gases,combo,5,100.0,20.0,76.0,0.0,4.0,96.0,96.0,100.0,P3,True,,,,
F22-CO2-EU·EU,F22-CO2-EU,EU,False,Bulk liquid,,22.0,22,percent,False,Industrial Gases,Synthesis gases,combo,4,100.0,26.0,52.0,0.0,22.0,78.0,78.0,100.0,P3,True,,,,
F22-CO2-EU\u00b7CN,F22-CO2-EU,CN,False,Bulk liquid,,22.0,22,percent,False,Industrial Gases,Synthesis gases,combo,4,100.0,26.0,52.0,0.0,22.0,78.0,78.0,100.0,P3,True,,,,
F22-CO2-EU\u00b7NA,F22-CO2-EU,NA,False,Bulk liquid,,22.0,22,percent,False,Industrial Gases,Synthesis gases,combo,4,100.0,26.0,52.0,0.0,22.0,78.0,78.0,100.0,P3,True,,,,
F22-H2-EU·EU,F22-H2-EU,EU,False,Bulk gas,,6.0,6,percent,False,Industrial Gases,Synthesis gases,combo,4,100.0,94.0,0.0,0.0,6.0,94.0,94.0,100.0,P1,True,,,,
F22-H2-EU\u00b7CN,F22-H2-EU,CN,False,Bulk gas,,6.0,6,percent,False,Industrial Gases,Synthesis gases,combo,4,100.0,94.0,0.0,0.0,6.0,94.0,94.0,100.0,P1,True,,,,
F22-H2-EU\u00b7NA,F22-H2-EU,NA,False,Bulk gas,,6.0,6,percent,False,Industrial Gases,Synthesis gases,combo,4,100.0,94.0,0.0,0.0,6.0,94.0,94.0,100.0,P1,True,,,,
F23-LYS-EU·EU,F23-LYS-EU,EU,False,Powder,,18.0,18,percent,False,Fermentation & Bioprocessing,Feed amino acids,combo,6,100.0,82.0,0.0,0.0,18.0,82.0,82.0,100.0,P1,True,,,,
F23-LYS-EU\u00b7CN,F23-LYS-EU,CN,False,Powder,,18.0,18,percent,False,Fermentation & Bioprocessing,Feed amino acids,combo,6,100.0,82.0,0.0,0.0,18.0,82.0,82.0,100.0,P1,True,,,,
F23-LYS-EU\u00b7NA,F23-LYS-EU,NA,False,Powder,,18.0,18,percent,False,Fermentation & Bioprocessing,Feed amino acids,combo,6,100.0,40.0,42.0,0.0,18.0,82.0,82.0,100.0,P3,True,,,,
F23-LYS-EU\u00b7APAC,F23-LYS-EU,APAC,False,Powder,,18.0,18,percent,False,Fermentation & Bioprocessing,Feed amino acids,combo,6,100.0,36.0,46.0,0.0,18.0,82.0,82.0,100.0,P3,True,,,,
F23-LYS-EU\u00b7LA,F23-LYS-EU,LA,False,Powder,,18.0,18,percent,False,Fermentation & Bioprocessing,Feed amino acids,combo,6,100.0,14.0,68.0,0.0,18.0,82.0,82.0,100.0,P3,True,,,,
F23-MET-EU·EU,F23-MET-EU,EU,False,Powder/granule,,17.0,17,percent,False,Fine Chemicals & Actives,Amino acids synthetic,combo,7,100.0,24.0,59.0,0.0,17.0,83.0,83.0,100.0,P3,True,,,,
F23-MET-EU\u00b7CN,F23-MET-EU,CN,False,Powder/granule,,17.0,17,percent,False,Fine Chemicals & Actives,Amino acids synthetic,combo,7,100.0,24.0,59.0,0.0,17.0,83.0,83.0,100.0,P3,True,,,,
F23-MET-EU\u00b7NA,F23-MET-EU,NA,False,Powder/granule,,17.0,17,percent,False,Fine Chemicals & Actives,Amino acids synthetic,combo,7,100.0,24.0,59.0,0.0,17.0,83.0,83.0,100.0,P3,True,,,,
F23-MET-EU\u00b7APAC,F23-MET-EU,APAC,False,Powder/granule,,17.0,17,percent,False,Fine Chemicals & Actives,Amino acids synthetic,combo,7,100.0,20.0,63.0,0.0,17.0,83.0,83.0,100.0,P3,True,,,,
F23-MET-EU\u00b7LA,F23-MET-EU,LA,False,Powder/granule,,17.0,17,percent,False,Fine Chemicals & Actives,Amino acids synthetic,combo,7,100.0,12.0,71.0,0.0,17.0,83.0,83.0,100.0,P3,True,,,,
F23-THR-EU·EU,F23-THR-EU,EU,False,Powder,,17.0,17,percent,False,Fermentation & Bioprocessing,Feed amino acids,combo,6,100.0,83.0,0.0,0.0,17.0,83.0,83.0,100.0,P1,True,,,,
F23-THR-EU\u00b7CN,F23-THR-EU,CN,False,Powder,,17.0,17,percent,False,Fermentation & Bioprocessing,Feed amino acids,combo,6,100.0,83.0,0.0,0.0,17.0,83.0,83.0,100.0,P1,True,,,,
F23-THR-EU\u00b7IN,F23-THR-EU,IN,False,Powder,,17.0,17,percent,False,Fermentation & Bioprocessing,Feed amino acids,combo,6,100.0,24.0,59.0,0.0,17.0,83.0,83.0,100.0,P3,True,,,,
F23-VITD3-EU·EU,F23-VITD3-EU,EU,False,Powder,,22.0,22,percent,False,Fine Chemicals & Actives,Vitamins synthetic,combo,5,100.0,24.0,0.0,0.0,76.0,24.0,24.0,100.0,P1,True,,,,
F23-VITD3-EU\u00b7CN,F23-VITD3-EU,CN,False,Powder,,22.0,22,percent,False,Fine Chemicals & Actives,Feed vitamins,combo,5,100.0,24.0,0.0,0.0,76.0,24.0,24.0,100.0,P1,True,,,,
F23-VITE-EU·EU,F23-VITE-EU,EU,False,Powder,,20.0,20,percent,False,Fine Chemicals & Actives,Vitamins synthetic,combo,6,100.0,22.0,0.0,0.0,78.0,22.0,22.0,100.0,P1,True,,,,
F23-VITE-EU\u00b7CN,F23-VITE-EU,CN,False,Powder,,20.0,20,percent,False,Fine Chemicals & Actives,Feed vitamins,combo,6,100.0,22.0,0.0,0.0,78.0,22.0,22.0,100.0,P1,True,,,,
F23-NIAC-FG-EU·EU,F23-NIAC-FG-EU,EU,False,Powder,,28.0,28,percent,False,Fine Chemicals & Actives,Vitamins synthetic,combo,6,100.0,32.0,40.0,0.0,28.0,72.0,72.0,100.0,P3,True,,,,
F23-NIAC-FG-EU\u00b7CN,F23-NIAC-FG-EU,CN,False,Powder,,28.0,28,percent,False,Fine Chemicals & Actives,Vitamins synthetic,combo,6,100.0,32.0,40.0,0.0,28.0,72.0,72.0,100.0,P3,True,,,,
F23-NIAC-FG-EU\u00b7IN,F23-NIAC-FG-EU,IN,False,Powder,,28.0,28,percent,False,Fine Chemicals & Actives,Vitamins synthetic,combo,6,100.0,18.0,54.0,0.0,28.0,72.0,72.0,100.0,P3,True,,,,
F21-ASCOR-PWD·EU,F21-ASCOR-PWD,EU,False,Powder,,20.0,20,percent,False,Fine Chemicals & Actives,Vitamins synthetic,combo,5,100.0,80.0,0.0,0.0,20.0,80.0,80.0,100.0,P1,True,,,,
F21-ASCOR-PWD·CN,F21-ASCOR-PWD,CN,False,Powder,,20.0,20,percent,False,Fine Chemicals & Actives,Vitamins synthetic,combo,5,100.0,80.0,0.0,0.0,20.0,80.0,80.0,100.0,P1,True,,,,
F21-ASCOR-PWD·IN,F21-ASCOR-PWD,IN,False,Powder,,20.0,20,percent,False,Fine Chemicals & Actives,Vitamins synthetic,combo,5,100.0,20.0,60.0,0.0,20.0,80.0,80.0,100.0,P3,True,,,,
F21-NIAC-PWD·EU,F21-NIAC-PWD,EU,False,Powder,,27.0,27,percent,False,Fine Chemicals & Actives,Vitamins synthetic,combo,6,100.0,32.0,41.0,0.0,27.0,73.0,73.0,100.0,P3,True,,,,
F21-NIAC-PWD·CN,F21-NIAC-PWD,CN,False,Powder,,27.0,27,percent,False,Fine Chemicals & Actives,Vitamins synthetic,combo,6,100.0,32.0,41.0,0.0,27.0,73.0,73.0,100.0,P3,True,,,,
F21-NIAC-PWD·IN,F21-NIAC-PWD,IN,False,Powder,,27.0,27,percent,False,Fine Chemicals & Actives,Vitamins synthetic,combo,6,100.0,18.0,55.0,0.0,27.0,73.0,73.0,100.0,P3,True,,,,
F24-HEUR-EU·EU,F24-HEUR-EU,EU,False,Liquid,,18.0,18,percent,False,Water-Soluble Polymers,Associative thickeners,combo,5,100.0,18.0,64.0,0.0,18.0,82.0,82.0,100.0,P3,True,,,,
F24-HEUR-EU\u00b7NA,F24-HEUR-EU,NA,False,Liquid,,18.0,18,percent,False,Water-Soluble Polymers,Associative thickeners,combo,5,100.0,18.0,64.0,0.0,18.0,82.0,82.0,100.0,P3,True,,,,
F24-GHPTC-PWD·EU,F24-GHPTC-PWD,EU,False,Powder,,14.0,14,percent,False,Water-Soluble Polymers,Cationic conditioning polymers,combo,6,100.0,23.0,16.0,0.0,61.0,39.0,39.0,100.0,P2,True,,,,
F24-GHPTC-PWD·IN,F24-GHPTC-PWD,IN,False,Powder,,14.0,14,percent,False,Water-Soluble Polymers,Cationic conditioning polymers,combo,6,100.0,19.0,20.0,0.0,61.0,39.0,39.0,100.0,P3,True,,,,
F24-XG-EU·EU,F24-XG-EU,EU,False,Powder,,14.0,14,percent,False,Fermentation & Bioprocessing,Biopolymer fermentation,combo,5,100.0,86.0,0.0,0.0,14.0,86.0,86.0,100.0,P1,True,,,,
F24-XG-EU\u00b7CN,F24-XG-EU,CN,False,Powder,,14.0,14,percent,False,Fermentation & Bioprocessing,Biopolymer fermentation,combo,5,100.0,86.0,0.0,0.0,14.0,86.0,86.0,100.0,P1,True,,,,
F24-XG-EU\u00b7NA,F24-XG-EU,NA,False,Powder,,14.0,14,percent,False,Fermentation & Bioprocessing,Biopolymer fermentation,combo,5,100.0,26.0,60.0,0.0,14.0,86.0,86.0,100.0,P3,True,,,,
F24-HEC-EU·EU,F24-HEC-EU,EU,False,Powder,,15.0,15,percent,False,Water-Soluble Polymers,Cellulose ethers,combo,6,100.0,46.0,0.0,0.0,54.0,46.0,46.0,100.0,P1,True,,,,
F24-HEC-EU\u00b7CN,F24-HEC-EU,CN,False,Powder,,15.0,15,percent,False,Water-Soluble Polymers,Cellulose ethers,combo,6,100.0,46.0,0.0,0.0,54.0,46.0,46.0,100.0,P1,True,,,,
F24-HEC-EU\u00b7NA,F24-HEC-EU,NA,False,Powder,,15.0,15,percent,False,Water-Soluble Polymers,Cellulose ethers,combo,6,100.0,24.0,22.0,0.0,54.0,46.0,46.0,100.0,P2,True,,,,
F24-CARB-EU·EU,F24-CARB-EU,EU,False,Powder,,18.0,18,percent,False,Water-Soluble Polymers,Polyacrylate thickeners,combo,6,100.0,76.0,6.0,0.0,18.0,82.0,82.0,100.0,P2,True,,,,
F24-CARB-EU\u00b7CN,F24-CARB-EU,CN,False,Powder,,18.0,18,percent,False,Water-Soluble Polymers,Polyacrylate thickeners,combo,6,100.0,76.0,6.0,0.0,18.0,82.0,82.0,100.0,P2,True,,,,
F24-CARB-EU\u00b7NA,F24-CARB-EU,NA,False,Powder,,18.0,18,percent,False,Water-Soluble Polymers,Polyacrylate thickeners,combo,6,100.0,76.0,6.0,0.0,18.0,82.0,82.0,100.0,P2,True,,,,
F25-EDTA-EU·EU,F25-EDTA-EU,EU,False,Powder,,15.0,15,percent,False,Fine Chemicals & Actives,Chelating agents,combo,8,100.0,27.0,58.0,0.0,15.0,85.0,85.0,100.0,P3,True,,,,
F25-EDTA-EU\u00b7CN,F25-EDTA-EU,CN,False,Powder,,15.0,15,percent,False,Fine Chemicals & Actives,Chelating agents,combo,8,100.0,27.0,58.0,0.0,15.0,85.0,85.0,100.0,P3,True,,,,
F25-EDTA-EU\u00b7NA,F25-EDTA-EU,NA,False,Powder,,15.0,15,percent,False,Fine Chemicals & Actives,Chelating agents,combo,8,100.0,27.0,58.0,0.0,15.0,85.0,85.0,100.0,P3,True,,,,
F25-GLDA-EU·EU,F25-GLDA-EU,EU,False,Liquid,,22.0,22,percent,False,Fine Chemicals & Actives,Chelating agents,combo,6,100.0,48.0,30.0,0.0,22.0,78.0,78.0,100.0,P2,True,,,,
F25-GLDA-EU\u00b7NA,F25-GLDA-EU,NA,False,Liquid,,22.0,22,percent,False,Fine Chemicals & Actives,Chelating agents,combo,6,100.0,48.0,30.0,0.0,22.0,78.0,78.0,100.0,P2,True,,,,
F25-MGDA-EU·EU,F25-MGDA-EU,EU,False,Liquid,,21.0,21,percent,False,Fine Chemicals & Actives,Chelating agents,combo,6,100.0,49.0,30.0,0.0,21.0,79.0,79.0,100.0,P2,True,,,,
F25-MGDA-EU\u00b7NA,F25-MGDA-EU,NA,False,Liquid,,21.0,21,percent,False,Fine Chemicals & Actives,Chelating agents,combo,6,100.0,49.0,30.0,0.0,21.0,79.0,79.0,100.0,P2,True,,,,
CLN-CA-PWD·CN,CLN-CA-PWD,CN,False,Powder,,12.0,12,percent,False,Fermentation & Bioprocessing,Fermentation organic acids,combo,5,100.0,88.0,0.0,0.0,12.0,88.0,88.0,100.0,P1,True,,,,
CLN-CA-PWD·EU,CLN-CA-PWD,EU,False,Powder,,12.0,12,percent,False,Fermentation & Bioprocessing,Fermentation organic acids,combo,5,100.0,88.0,0.0,0.0,12.0,88.0,88.0,100.0,P1,True,,,,
CLN-CA-PWD·NA,CLN-CA-PWD,NA,False,Powder,,12.0,12,percent,False,Fermentation & Bioprocessing,Fermentation organic acids,combo,5,100.0,26.0,62.0,0.0,12.0,88.0,88.0,100.0,P3,True,,,,
CLN-CA-PWD·APAC,CLN-CA-PWD,APAC,False,Powder,,12.0,12,percent,False,Fermentation & Bioprocessing,Fermentation organic acids,combo,5,100.0,22.0,66.0,0.0,12.0,88.0,88.0,100.0,P3,True,,,,
FOD-CA-ANH·CN,FOD-CA-ANH,CN,False,Powder,,12.0,12,percent,False,Fermentation & Bioprocessing,Fermentation organic acids,combo,5,100.0,88.0,0.0,0.0,12.0,88.0,88.0,100.0,P1,True,,,,
FOD-CA-ANH·EU,FOD-CA-ANH,EU,False,Powder,,12.0,12,percent,False,Fermentation & Bioprocessing,Fermentation organic acids,combo,5,100.0,88.0,0.0,0.0,12.0,88.0,88.0,100.0,P1,True,,,,
FOD-CA-ANH·NA,FOD-CA-ANH,NA,False,Powder,,12.0,12,percent,False,Fermentation & Bioprocessing,Fermentation organic acids,combo,5,100.0,26.0,62.0,0.0,12.0,88.0,88.0,100.0,P3,True,,,,
FOD-CA-ANH·APAC,FOD-CA-ANH,APAC,False,Powder,,12.0,12,percent,False,Fermentation & Bioprocessing,Fermentation organic acids,combo,5,100.0,22.0,66.0,0.0,12.0,88.0,88.0,100.0,P3,True,,,,
F26-GLUT-EU·EU,F26-GLUT-EU,EU,False,Liquid,,20.0,20,percent,False,Biocides & Antimicrobials,Aldehyde biocides,combo,5,100.0,18.0,62.0,0.0,20.0,80.0,80.0,100.0,P3,True,,,,
F26-GLUT-EU\u00b7CN,F26-GLUT-EU,CN,False,Liquid,,20.0,20,percent,False,Biocides & Antimicrobials,Aldehyde biocides,combo,5,100.0,18.0,62.0,0.0,20.0,80.0,80.0,100.0,P3,True,,,,
F26-GLUT-EU\u00b7NA,F26-GLUT-EU,NA,False,Liquid,,20.0,20,percent,False,Biocides & Antimicrobials,Aldehyde biocides,combo,5,100.0,18.0,62.0,0.0,20.0,80.0,80.0,100.0,P3,True,,,,
F26-PHEOH-EU·EU,F26-PHEOH-EU,EU,False,Liquid,,18.0,18,percent,False,Biocides & Antimicrobials,Diverse preservatives,combo,5,100.0,82.0,0.0,0.0,18.0,82.0,82.0,100.0,P1,True,,,,
F26-PHEOH-EU\u00b7CN,F26-PHEOH-EU,CN,False,Liquid,,18.0,18,percent,False,Biocides & Antimicrobials,Diverse preservatives,combo,5,100.0,82.0,0.0,0.0,18.0,82.0,82.0,100.0,P1,True,,,,
F26-BIT-EU·EU,F26-BIT-EU,EU,False,Solid/powder,,24.0,24,percent,False,Biocides & Antimicrobials,Isothiazolinone biocides,combo,6,100.0,40.0,36.0,0.0,24.0,76.0,76.0,100.0,P2,True,,,,
F26-BIT-EU\u00b7CN,F26-BIT-EU,CN,False,Solid/powder,,24.0,24,percent,False,Biocides & Antimicrobials,Isothiazolinone biocides,combo,6,100.0,40.0,36.0,0.0,24.0,76.0,76.0,100.0,P2,True,,,,
F26-MIT-EU·EU,F26-MIT-EU,EU,False,Liquid,,22.0,22,percent,False,Biocides & Antimicrobials,Isothiazolinone biocides,combo,5,100.0,18.0,60.0,0.0,22.0,78.0,78.0,100.0,P3,True,,,,
F26-MIT-EU\u00b7CN,F26-MIT-EU,CN,False,Liquid,,22.0,22,percent,False,Biocides & Antimicrobials,Isothiazolinone biocides,combo,5,100.0,18.0,60.0,0.0,22.0,78.0,78.0,100.0,P3,True,,,,
F26-MIT-EU\u00b7NA,F26-MIT-EU,NA,False,Liquid,,22.0,22,percent,False,Biocides & Antimicrobials,Isothiazolinone biocides,combo,5,100.0,18.0,60.0,0.0,22.0,78.0,78.0,100.0,P3,True,,,,
F27-PEA-EU·EU,F27-PEA-EU,EU,False,Liquid,,20.0,20,percent,False,Aroma Chemicals,Benzene-chain aroma chemicals,combo,5,100.0,80.0,0.0,0.0,20.0,80.0,80.0,100.0,P1,True,,,,
F27-PEA-EU\u00b7CN,F27-PEA-EU,CN,False,Liquid,,20.0,20,percent,False,Aroma Chemicals,Benzene-chain aroma chemicals,combo,5,100.0,80.0,0.0,0.0,20.0,80.0,80.0,100.0,P1,True,,,,
F27-PEA-EU\u00b7NA,F27-PEA-EU,NA,False,Liquid,,20.0,20,percent,False,Aroma Chemicals,Benzene-chain aroma chemicals,combo,5,100.0,18.0,62.0,0.0,20.0,80.0,80.0,100.0,P3,True,,,,
F27-GAL-SOL·EU,F27-GAL-SOL,EU,False,Liquid,,32.0,32,percent,False,Aroma Chemicals,Musk compounds,combo,4,100.0,10.0,0.0,0.0,90.0,10.0,10.0,100.0,P1,True,,,,
F27-BION-EU·EU,F27-BION-EU,EU,False,Liquid,,24.0,24,percent,False,Aroma Chemicals,Petrochemical-derived aroma chemicals,combo,5,100.0,20.0,56.0,0.0,24.0,76.0,76.0,100.0,P3,True,,,,
F27-BION-EU\u00b7CN,F27-BION-EU,CN,False,Liquid,,24.0,24,percent,False,Aroma Chemicals,Petrochemical-derived aroma chemicals,combo,5,100.0,20.0,56.0,0.0,24.0,76.0,76.0,100.0,P3,True,,,,
F27-BION-EU\u00b7NA,F27-BION-EU,NA,False,Liquid,,24.0,24,percent,False,Aroma Chemicals,Petrochemical-derived aroma chemicals,combo,5,100.0,20.0,56.0,0.0,24.0,76.0,76.0,100.0,P3,True,,,,
F27-CIT-EU·EU,F27-CIT-EU,EU,False,Liquid,,22.0,22,percent,False,Aroma Chemicals,Terpene-derived aroma chemicals,combo,4,100.0,18.0,0.0,0.0,82.0,18.0,18.0,100.0,P1,True,,,,
F27-CIT-EU\u00b7CN,F27-CIT-EU,CN,False,Liquid,,22.0,22,percent,False,Aroma Chemicals,Terpene-derived aroma chemicals,combo,4,100.0,18.0,0.0,0.0,82.0,18.0,18.0,100.0,P1,True,,,,
F27-LIN-EU·EU,F27-LIN-EU,EU,False,Liquid,,24.0,24,percent,False,Aroma Chemicals,Terpene-derived aroma chemicals,combo,4,100.0,18.0,0.0,0.0,82.0,18.0,18.0,100.0,P1,True,,,,
F27-LIN-EU\u00b7CN,F27-LIN-EU,CN,False,Liquid,,24.0,24,percent,False,Aroma Chemicals,Terpene-derived aroma chemicals,combo,4,100.0,18.0,0.0,0.0,82.0,18.0,18.0,100.0,P1,True,,,,
F28-AZOX-CN·CN,F28-AZOX-CN,CN,False,Powder,,24.0,24,percent,False,Crop Protection Chemicals,Generic fungicides,combo,6,100.0,32.0,44.0,0.0,24.0,76.0,76.0,100.0,P3,True,,,,
F28-AZOX-CN\u00b7IN,F28-AZOX-CN,IN,False,Powder,,24.0,24,percent,False,Crop Protection Chemicals,Generic fungicides,combo,6,100.0,18.0,58.0,0.0,24.0,76.0,76.0,100.0,P3,True,,,,
F28-MANZ-CN·CN,F28-MANZ-CN,CN,False,Powder,,18.0,18,percent,False,Crop Protection Chemicals,Generic fungicides,combo,7,100.0,22.0,60.0,0.0,18.0,82.0,82.0,100.0,P3,True,,,,
F28-MANZ-CN\u00b7EU,F28-MANZ-CN,EU,False,Powder,,18.0,18,percent,False,Crop Protection Chemicals,Generic fungicides,combo,7,100.0,22.0,60.0,0.0,18.0,82.0,82.0,100.0,P3,True,,,,
F28-MANZ-CN\u00b7IN,F28-MANZ-CN,IN,False,Powder,,18.0,18,percent,False,Crop Protection Chemicals,Generic fungicides,combo,7,100.0,18.0,64.0,0.0,18.0,82.0,82.0,100.0,P3,True,,,,
F28-MANZ-CN\u00b7NA,F28-MANZ-CN,NA,False,Powder,,18.0,18,percent,False,Crop Protection Chemicals,Generic fungicides,combo,7,100.0,22.0,60.0,0.0,18.0,82.0,82.0,100.0,P3,True,,,,
F28-PROP-CN·CN,F28-PROP-CN,CN,False,Liquid,,22.0,22,percent,False,Crop Protection Chemicals,Generic fungicides,combo,6,100.0,18.0,60.0,0.0,22.0,78.0,78.0,100.0,P3,True,,,,
F28-PROP-CN\u00b7IN,F28-PROP-CN,IN,False,Liquid,,22.0,22,percent,False,Crop Protection Chemicals,Generic fungicides,combo,6,100.0,18.0,60.0,0.0,22.0,78.0,78.0,100.0,P3,True,,,,
F28-PROP-CN\u00b7NA,F28-PROP-CN,NA,False,Liquid,,22.0,22,percent,False,Crop Protection Chemicals,Generic fungicides,combo,6,100.0,18.0,60.0,0.0,22.0,78.0,78.0,100.0,P3,True,,,,
F28-CHLOR-CN·CN,F28-CHLOR-CN,CN,False,Solid,,18.0,18,percent,False,Crop Protection Chemicals,Generic insecticides,combo,6,100.0,44.0,38.0,0.0,18.0,82.0,82.0,100.0,P2,True,,,,
F28-CHLOR-CN\u00b7EU,F28-CHLOR-CN,EU,False,Solid,,18.0,18,percent,False,Crop Protection Chemicals,Generic insecticides,combo,6,100.0,44.0,38.0,0.0,18.0,82.0,82.0,100.0,P2,True,,,,
F28-CHLOR-CN\u00b7IN,F28-CHLOR-CN,IN,False,Solid,,18.0,18,percent,False,Crop Protection Chemicals,Generic insecticides,combo,6,100.0,18.0,64.0,0.0,18.0,82.0,82.0,100.0,P3,True,,,,
F28-CHLOR-CN\u00b7NA,F28-CHLOR-CN,NA,False,Solid,,18.0,18,percent,False,Crop Protection Chemicals,Generic insecticides,combo,6,100.0,44.0,38.0,0.0,18.0,82.0,82.0,100.0,P2,True,,,,
F28-CYPR-CN·CN,F28-CYPR-CN,CN,False,Liquid/solid,,20.0,20,percent,False,Crop Protection Chemicals,Generic insecticides,combo,7,100.0,22.0,58.0,0.0,20.0,80.0,80.0,100.0,P3,True,,,,
F28-CYPR-CN\u00b7IN,F28-CYPR-CN,IN,False,Liquid/solid,,20.0,20,percent,False,Crop Protection Chemicals,Generic insecticides,combo,7,100.0,18.0,62.0,0.0,20.0,80.0,80.0,100.0,P3,True,,,,
F28-CYPR-CN\u00b7NA,F28-CYPR-CN,NA,False,Liquid/solid,,20.0,20,percent,False,Crop Protection Chemicals,Generic insecticides,combo,7,100.0,22.0,58.0,0.0,20.0,80.0,80.0,100.0,P3,True,,,,
F28-IMID-CN·CN,F28-IMID-CN,CN,False,Powder,,22.0,22,percent,False,Crop Protection Chemicals,Generic insecticides,combo,6,100.0,22.0,56.0,0.0,22.0,78.0,78.0,100.0,P3,True,,,,
F28-IMID-CN\u00b7IN,F28-IMID-CN,IN,False,Powder,,22.0,22,percent,False,Crop Protection Chemicals,Generic insecticides,combo,6,100.0,18.0,60.0,0.0,22.0,78.0,78.0,100.0,P3,True,,,,
F28-IMID-CN\u00b7NA,F28-IMID-CN,NA,False,Powder,,22.0,22,percent,False,Crop Protection Chemicals,Generic insecticides,combo,6,100.0,22.0,56.0,0.0,22.0,78.0,78.0,100.0,P3,True,,,,
AGR-GLYP-TC·CN,AGR-GLYP-TC,CN,False,Powder,,9.0,9,percent,False,Crop Protection Chemicals,Herbicide intermediates,combo,6,100.0,24.0,67.0,0.0,9.0,91.0,91.0,100.0,P3,True,,,,
AGR-GLYP-TC·IN,AGR-GLYP-TC,IN,False,Powder,,9.0,9,percent,False,Crop Protection Chemicals,Herbicide intermediates,combo,6,100.0,20.0,71.0,0.0,9.0,91.0,91.0,100.0,P3,True,,,,
AGR-GLYP-TC·NA,AGR-GLYP-TC,NA,False,Powder,,9.0,9,percent,False,Crop Protection Chemicals,Herbicide intermediates,combo,6,100.0,24.0,67.0,0.0,9.0,91.0,91.0,100.0,P3,True,,,,
MIN-MIBC-LIQ·EU,MIN-MIBC-LIQ,EU,False,Solid/liquid,,15.0,15,percent,False,Solvents,Mining reagents,combo,4,100.0,85.0,0.0,0.0,15.0,85.0,85.0,100.0,P1,True,,,,
MIN-MIBC-LIQ·NA,MIN-MIBC-LIQ,NA,False,Solid/liquid,,15.0,15,percent,False,Solvents,Mining reagents,combo,4,100.0,85.0,0.0,0.0,15.0,85.0,85.0,100.0,P1,True,,,,
MIN-MIBC-LIQ·CN,MIN-MIBC-LIQ,CN,False,Solid/liquid,,15.0,15,percent,False,Solvents,Mining reagents,combo,4,100.0,85.0,0.0,0.0,15.0,85.0,85.0,100.0,P1,True,,,,
MIN-NACN-SOL·EU,MIN-NACN-SOL,EU,False,Solid/liquid,,15.0,15,percent,False,Inorganic Chemicals,Mining reagents,combo,5,100.0,25.0,60.0,0.0,15.0,85.0,85.0,100.0,P3,True,,,,
MIN-NACN-SOL·NA,MIN-NACN-SOL,NA,False,Solid/liquid,,15.0,15,percent,False,Inorganic Chemicals,Mining reagents,combo,5,100.0,25.0,60.0,0.0,15.0,85.0,85.0,100.0,P3,True,,,,
MIN-NACN-SOL·CN,MIN-NACN-SOL,CN,False,Solid/liquid,,15.0,15,percent,False,Inorganic Chemicals,Mining reagents,combo,5,100.0,25.0,60.0,0.0,15.0,85.0,85.0,100.0,P3,True,,,,
MIN-NASIL-LIQ·EU,MIN-NASIL-LIQ,EU,False,Solid/liquid,,15.0,15,percent,False,Inorganic Chemicals,Mining reagents,combo,5,100.0,30.0,45.0,0.0,25.0,75.0,75.0,100.0,P3,True,,,,
MIN-NASIL-LIQ·NA,MIN-NASIL-LIQ,NA,False,Solid/liquid,,15.0,15,percent,False,Inorganic Chemicals,Mining reagents,combo,5,100.0,30.0,45.0,0.0,25.0,75.0,75.0,100.0,P3,True,,,,
MIN-NASIL-LIQ·CN,MIN-NASIL-LIQ,CN,False,Solid/liquid,,15.0,15,percent,False,Inorganic Chemicals,Mining reagents,combo,5,100.0,30.0,45.0,0.0,25.0,75.0,75.0,100.0,P3,True,,,,
MIN-CUSO4-PWD·EU,MIN-CUSO4-PWD,EU,False,Solid/liquid,,15.0,15,percent,False,Inorganic Chemicals,Mining reagents,combo,5,100.0,85.0,0.0,0.0,15.0,85.0,85.0,100.0,P1,True,,,,
MIN-CUSO4-PWD·NA,MIN-CUSO4-PWD,NA,False,Solid/liquid,,15.0,15,percent,False,Inorganic Chemicals,Mining reagents,combo,5,100.0,85.0,0.0,0.0,15.0,85.0,85.0,100.0,P1,True,,,,
MIN-CUSO4-PWD·CN,MIN-CUSO4-PWD,CN,False,Solid/liquid,,15.0,15,percent,False,Inorganic Chemicals,Mining reagents,combo,5,100.0,85.0,0.0,0.0,15.0,85.0,85.0,100.0,P1,True,,,,
MIN-GUAR-PWD·IN,MIN-GUAR-PWD,IN,False,Powder,,12.0,12,percent,False,Bio-Based Ingredients,Natural gums,combo,5,100.0,85.0,3.0,0.0,12.0,88.0,88.0,100.0,P2,True,,,,
MIN-GUAR-PWD·APAC,MIN-GUAR-PWD,APAC,False,Powder,,12.0,12,percent,False,Bio-Based Ingredients,Natural gums,combo,5,100.0,15.0,73.0,0.0,12.0,88.0,88.0,100.0,P3,True,,,,
MIN-GUAR-PWD·MEA,MIN-GUAR-PWD,MEA,False,Powder,,12.0,12,percent,False,Bio-Based Ingredients,Natural gums,combo,5,100.0,10.0,78.0,0.0,12.0,88.0,88.0,100.0,P3,True,,,,
BCI-MEOH-LIQ·EU,BCI-MEOH-LIQ,EU,False,Liquid,,10.0,10,percent,True,Petrochemicals & Derivatives,C1 / Methanol chain,combo,4,100.0,90.0,0.0,0.0,10.0,90.0,90.0,100.0,P1,True,,,,
BCI-MEOH-LIQ·NA,BCI-MEOH-LIQ,NA,False,Liquid,,10.0,10,percent,True,Petrochemicals & Derivatives,C1 / Methanol chain,combo,4,100.0,90.0,0.0,0.0,10.0,90.0,90.0,100.0,P1,True,,,,
BCI-MEOH-LIQ·CN,BCI-MEOH-LIQ,CN,False,Liquid,,10.0,10,percent,True,Petrochemicals & Derivatives,C1 / Methanol chain,combo,4,100.0,90.0,0.0,0.0,10.0,90.0,90.0,100.0,P1,True,,,,
BCI-MEOH-LIQ·APAC,BCI-MEOH-LIQ,APAC,False,Liquid,,10.0,10,percent,True,Petrochemicals & Derivatives,C1 / Methanol chain,combo,4,100.0,90.0,0.0,0.0,10.0,90.0,90.0,100.0,P1,True,,,,
BCI-MEG-LIQ·EU,BCI-MEG-LIQ,EU,False,Liquid,,9.0,9,percent,True,Petrochemicals & Derivatives,C2 / Ethylene derivatives,combo,5,100.0,83.0,0.0,0.0,17.0,83.0,83.0,100.0,P1,True,,,,
BCI-MEG-LIQ·NA,BCI-MEG-LIQ,NA,False,Liquid,,9.0,9,percent,True,Petrochemicals & Derivatives,C2 / Ethylene derivatives,combo,5,100.0,83.0,0.0,0.0,17.0,83.0,83.0,100.0,P1,True,,,,
BCI-MEG-LIQ·CN,BCI-MEG-LIQ,CN,False,Liquid,,9.0,9,percent,True,Petrochemicals & Derivatives,C2 / Ethylene derivatives,combo,6,100.0,69.0,0.0,0.0,31.0,69.0,69.0,100.0,P1,True,,,,
BCI-MEG-LIQ·APAC,BCI-MEG-LIQ,APAC,False,Liquid,,9.0,9,percent,True,Petrochemicals & Derivatives,C2 / Ethylene derivatives,combo,5,100.0,83.0,0.0,0.0,17.0,83.0,83.0,100.0,P1,True,,,,
BCI-FORM-LIQ·EU,BCI-FORM-LIQ,EU,False,Liquid,,15.0,15,percent,True,Petrochemicals & Derivatives,C1 / Methanol chain,combo,5,100.0,81.0,0.0,0.0,19.0,81.0,81.0,100.0,P1,True,,,,
BCI-FORM-LIQ·NA,BCI-FORM-LIQ,NA,False,Liquid,,15.0,15,percent,True,Petrochemicals & Derivatives,C1 / Methanol chain,combo,5,100.0,81.0,0.0,0.0,19.0,81.0,81.0,100.0,P1,True,,,,
BCI-FORM-LIQ·CN,BCI-FORM-LIQ,CN,False,Liquid,,15.0,15,percent,True,Petrochemicals & Derivatives,C1 / Methanol chain,combo,5,100.0,81.0,0.0,0.0,19.0,81.0,81.0,100.0,P1,True,,,,
BCI-FORM-LIQ·APAC,BCI-FORM-LIQ,APAC,False,Liquid,,15.0,15,percent,True,Petrochemicals & Derivatives,C1 / Methanol chain,combo,5,100.0,81.0,0.0,0.0,19.0,81.0,81.0,100.0,P1,True,,,,
RES-ABS-PEL·EU,RES-ABS-PEL,EU,False,Pellets,,10.0,10,percent,True,Plastics & Resins,Vinyls and styrenics,combo,7,100.0,90.0,0.0,0.0,10.0,90.0,90.0,100.0,P1,True,,,,
RES-ABS-PEL·NA,RES-ABS-PEL,NA,False,Pellets,,10.0,10,percent,True,Plastics & Resins,Vinyls and styrenics,combo,7,100.0,90.0,0.0,0.0,10.0,90.0,90.0,100.0,P1,True,,,,
RES-ABS-PEL·CN,RES-ABS-PEL,CN,False,Pellets,,10.0,10,percent,True,Plastics & Resins,Vinyls and styrenics,combo,7,100.0,90.0,0.0,0.0,10.0,90.0,90.0,100.0,P1,True,,,,
RES-ABS-PEL·APAC,RES-ABS-PEL,APAC,False,Pellets,,10.0,10,percent,True,Plastics & Resins,Vinyls and styrenics,combo,7,100.0,90.0,0.0,0.0,10.0,90.0,90.0,100.0,P1,True,,,,
BCI-CAOH2-PWD·EU,BCI-CAOH2-PWD,EU,False,Powder,,10.0,10,percent,False,Inorganic Chemicals,Alkalis,combo,5,100.0,90.0,0.0,0.0,10.0,90.0,20.0,22.2,P1,False,,,,
BCI-CAOH2-PWD·NA,BCI-CAOH2-PWD,NA,False,Powder,,10.0,10,percent,False,Inorganic Chemicals,Alkalis,combo,5,100.0,90.0,0.0,0.0,10.0,90.0,20.0,22.2,P1,False,,,,
BCI-CAOH2-PWD·CN,BCI-CAOH2-PWD,CN,False,Powder,,10.0,10,percent,False,Inorganic Chemicals,Alkalis,combo,5,100.0,90.0,0.0,0.0,10.0,90.0,20.0,22.2,P1,False,,,,
BCI-CAOH2-PWD·IN,BCI-CAOH2-PWD,IN,False,Powder,,10.0,10,percent,False,Inorganic Chemicals,Alkalis,combo,5,100.0,90.0,0.0,0.0,10.0,90.0,20.0,22.2,P1,False,,,,
SOL-BUOH-LIQ·EU,SOL-BUOH-LIQ,EU,False,Liquid,,13.0,13,percent,False,Solvents,Oxygenated alcohol/ketone,combo,5,100.0,81.0,4.0,0.0,15.0,85.0,85.0,100.0,P2,True,,,,
SOL-BUOH-LIQ·NA,SOL-BUOH-LIQ,NA,False,Liquid,,13.0,13,percent,False,Solvents,Oxygenated alcohol/ketone,combo,5,100.0,81.0,4.0,0.0,15.0,85.0,85.0,100.0,P2,True,,,,
SOL-BUOH-LIQ·CN,SOL-BUOH-LIQ,CN,False,Liquid,,13.0,13,percent,False,Solvents,Oxygenated alcohol/ketone,combo,5,100.0,81.0,4.0,0.0,15.0,85.0,85.0,100.0,P2,True,,,,
SOL-BUOH-LIQ·APAC,SOL-BUOH-LIQ,APAC,False,Liquid,,13.0,13,percent,False,Solvents,Oxygenated alcohol/ketone,combo,5,100.0,81.0,4.0,0.0,15.0,85.0,85.0,100.0,P2,True,,,,
SOL-MPG-LIQ·EU,SOL-MPG-LIQ,EU,False,Liquid,,10.0,10,percent,False,Solvents,Oxygenated alcohol/ketone,combo,6,100.0,76.0,4.0,0.0,20.0,80.0,80.0,100.0,P2,True,,,,
SOL-MPG-LIQ·NA,SOL-MPG-LIQ,NA,False,Liquid,,10.0,10,percent,False,Solvents,Oxygenated alcohol/ketone,combo,6,100.0,76.0,4.0,0.0,20.0,80.0,80.0,100.0,P2,True,,,,
SOL-MPG-LIQ·CN,SOL-MPG-LIQ,CN,False,Liquid,,10.0,10,percent,False,Solvents,Oxygenated alcohol/ketone,combo,6,100.0,76.0,4.0,0.0,20.0,80.0,80.0,100.0,P2,True,,,,
SOL-MPG-LIQ·APAC,SOL-MPG-LIQ,APAC,False,Liquid,,10.0,10,percent,False,Solvents,Oxygenated alcohol/ketone,combo,6,100.0,76.0,4.0,0.0,20.0,80.0,80.0,100.0,P2,True,,,,
RES-EVA-PEL·EU,RES-EVA-PEL,EU,False,Pellets,,11.0,11,percent,True,Plastics & Resins,Polyolefins,combo,6,100.0,89.0,0.0,0.0,11.0,89.0,89.0,100.0,P1,True,,,,
RES-EVA-PEL·NA,RES-EVA-PEL,NA,False,Pellets,,11.0,11,percent,True,Plastics & Resins,Polyolefins,combo,6,100.0,89.0,0.0,0.0,11.0,89.0,89.0,100.0,P1,True,,,,
RES-EVA-PEL·CN,RES-EVA-PEL,CN,False,Pellets,,11.0,11,percent,True,Plastics & Resins,Polyolefins,combo,6,100.0,89.0,0.0,0.0,11.0,89.0,89.0,100.0,P1,True,,,,
RES-EVA-PEL·APAC,RES-EVA-PEL,APAC,False,Pellets,,11.0,11,percent,True,Plastics & Resins,Polyolefins,combo,6,100.0,89.0,0.0,0.0,11.0,89.0,89.0,100.0,P1,True,,,,
FOD-STARCH-PWD·EU,FOD-STARCH-PWD,EU,False,Powder,,13.0,13,percent,False,Fermentation & Bioprocessing,Starch & glucose derivatives,combo,5,100.0,87.0,0.0,0.0,13.0,87.0,87.0,100.0,P1,True,,,,
FOD-STARCH-PWD·NA,FOD-STARCH-PWD,NA,False,Powder,,13.0,13,percent,False,Fermentation & Bioprocessing,Starch & glucose derivatives,combo,5,100.0,87.0,0.0,0.0,13.0,87.0,87.0,100.0,P1,True,,,,
FOD-STARCH-PWD·CN,FOD-STARCH-PWD,CN,False,Powder,,13.0,13,percent,False,Fermentation & Bioprocessing,Starch & glucose derivatives,combo,5,100.0,87.0,0.0,0.0,13.0,87.0,87.0,100.0,P1,True,,,,
FOD-STARCH-PWD·APAC,FOD-STARCH-PWD,APAC,False,Powder,,13.0,13,percent,False,Fermentation & Bioprocessing,Starch & glucose derivatives,combo,5,100.0,87.0,0.0,0.0,13.0,87.0,87.0,100.0,P1,True,,,,
MIN-CACO3-GCC·EU,MIN-CACO3-GCC,EU,False,Powder,,12.0,12,percent,False,Industrial Minerals,Fillers and extenders,combo,5,100.0,73.0,0.0,0.0,27.0,73.0,73.0,100.0,P1,True,,,,
MIN-CACO3-GCC·NA,MIN-CACO3-GCC,NA,False,Powder,,12.0,12,percent,False,Industrial Minerals,Fillers and extenders,combo,5,100.0,73.0,0.0,0.0,27.0,73.0,73.0,100.0,P1,True,,,,
MIN-CACO3-GCC·CN,MIN-CACO3-GCC,CN,False,Powder,,12.0,12,percent,False,Industrial Minerals,Fillers and extenders,combo,5,100.0,73.0,0.0,0.0,27.0,73.0,73.0,100.0,P1,True,,,,
MIN-CACO3-GCC·IN,MIN-CACO3-GCC,IN,False,Powder,,12.0,12,percent,False,Industrial Minerals,Fillers and extenders,combo,5,100.0,73.0,0.0,0.0,27.0,73.0,73.0,100.0,P1,True,,,,
MIN-CACO3-PCC·EU,MIN-CACO3-PCC,EU,False,Powder,,10.0,10,percent,False,Industrial Minerals,Fillers and extenders,combo,6,100.0,90.0,0.0,0.0,10.0,90.0,45.0,50.0,P1,False,,,,
MIN-CACO3-PCC·NA,MIN-CACO3-PCC,NA,False,Powder,,10.0,10,percent,False,Industrial Minerals,Fillers and extenders,combo,6,100.0,90.0,0.0,0.0,10.0,90.0,45.0,50.0,P1,False,,,,
MIN-CACO3-PCC·CN,MIN-CACO3-PCC,CN,False,Powder,,10.0,10,percent,False,Industrial Minerals,Fillers and extenders,combo,6,100.0,90.0,0.0,0.0,10.0,90.0,45.0,50.0,P1,False,,,,
MIN-CACO3-PCC·IN,MIN-CACO3-PCC,IN,False,Powder,,10.0,10,percent,False,Industrial Minerals,Fillers and extenders,combo,6,100.0,90.0,0.0,0.0,10.0,90.0,45.0,50.0,P1,False,,,,
ACT-CARB-MIN·EU,ACT-CARB-MIN,EU,False,Powder,,13.0,13,percent,True,Bio-Based Ingredients,Adsorbents,combo,5,100.0,87.0,0.0,0.0,13.0,87.0,32.0,36.8,P1,False,,,,
ACT-CARB-MIN·NA,ACT-CARB-MIN,NA,False,Powder,,13.0,13,percent,True,Bio-Based Ingredients,Adsorbents,combo,5,100.0,87.0,0.0,0.0,13.0,87.0,32.0,36.8,P1,False,,,,
ACT-CARB-MIN·CN,ACT-CARB-MIN,CN,False,Powder,,13.0,13,percent,True,Bio-Based Ingredients,Adsorbents,combo,5,100.0,87.0,0.0,0.0,13.0,87.0,32.0,36.8,P1,False,,,,
ACT-CARB-MIN·IN,ACT-CARB-MIN,IN,False,Powder,,13.0,13,percent,True,Bio-Based Ingredients,Adsorbents,combo,5,100.0,87.0,0.0,0.0,13.0,87.0,32.0,36.8,P1,False,,,,
ACT-CARB-COCO·EU,ACT-CARB-COCO,EU,False,Powder,,15.0,15,percent,True,Bio-Based Ingredients,Adsorbents,combo,5,100.0,85.0,0.0,0.0,15.0,85.0,35.0,41.2,P1,False,,,,
ACT-CARB-COCO·NA,ACT-CARB-COCO,NA,False,Powder,,15.0,15,percent,True,Bio-Based Ingredients,Adsorbents,combo,5,100.0,85.0,0.0,0.0,15.0,85.0,35.0,41.2,P1,False,,,,
ACT-CARB-COCO·APAC,ACT-CARB-COCO,APAC,False,Powder,,15.0,15,percent,True,Bio-Based Ingredients,Adsorbents,combo,5,100.0,85.0,0.0,0.0,15.0,85.0,35.0,41.2,P1,False,,,,
ACT-CARB-COCO·IN,ACT-CARB-COCO,IN,False,Powder,,15.0,15,percent,True,Bio-Based Ingredients,Adsorbents,combo,5,100.0,85.0,0.0,0.0,15.0,85.0,35.0,41.2,P1,False,,,,
SOL-ETAC-LIQ·NA,SOL-ETAC-LIQ,NA,False,Liquid,,12.0,0.12,fraction,False,Solvents,Oxygenated alcohol/ketone,formula,6,100.0,0.0,0.0,88.0,12.0,88.0,43.0,48.9,P1,False,,,,
SOL-BUAC-LIQ·NA,SOL-BUAC-LIQ,NA,False,Liquid,,12.0,0.12,fraction,False,Solvents,Oxygenated alcohol/ketone,formula,6,100.0,0.0,0.0,88.0,12.0,88.0,43.0,48.9,P1,False,,,,
MIN-BENT-PWD·ACT·NA,MIN-BENT-PWD,NA,False,Powder,activated,15.0,0.15,fraction,False,Industrial Minerals,Fillers and extenders,formula,6,100.0,0.0,0.0,88.0,12.0,88.0,14.0,15.9,P1,False,,,,
MIN-BENT-PWD·NAT·NA,MIN-BENT-PWD,NA,False,Powder,natural,12.0,0.12,fraction,False,Industrial Minerals,Fillers and extenders,formula,6,100.0,0.0,0.0,88.0,12.0,88.0,14.0,15.9,P1,False,,,,
MIN-BARI-PWD·NA,MIN-BARI-PWD,NA,False,Powder,,12.0,0.12,fraction,False,Industrial Minerals,Fillers and extenders,formula,4,100.0,0.0,0.0,88.0,12.0,88.0,14.0,15.9,P1,False,,,,
MIN-KAO-PWD·NA,MIN-KAO-PWD,NA,False,Powder,,12.0,0.12,fraction,False,Industrial Minerals,Fillers and extenders,formula,4,100.0,0.0,0.0,88.0,12.0,88.0,14.0,15.9,P1,False,,,,
MIN-TALC-PWD·UNT·NA,MIN-TALC-PWD,NA,False,Powder,untreated,12.0,0.12,fraction,False,Industrial Minerals,Fillers and extenders,formula,4,100.0,0.0,0.0,88.0,12.0,88.0,14.0,15.9,P1,False,,,,
MIN-TALC-PWD·TRT·NA,MIN-TALC-PWD,NA,False,Powder,treated,14.0,0.14,fraction,False,Industrial Minerals,Fillers and extenders,formula,4,100.0,0.0,0.0,88.0,12.0,88.0,14.0,15.9,P1,False,,,,
MIN-FSIL-PWD·NA,MIN-FSIL-PWD,NA,False,Powder,,18.0,0.18,fraction,False,Industrial Minerals,Fillers and extenders,formula,5,100.0,0.0,0.0,82.0,18.0,82.0,16.0,19.5,P1,False,,,,
RES-PA66-PEL·NA,RES-PA66-PEL,NA,False,Pellets,,15.0,0.15,fraction,False,Plastics & Resins,Engineering thermoplastics,formula,5,100.0,0.0,0.0,88.0,12.0,88.0,13.0,14.8,P1,False,,,,
POL-PEG-LIQ·NA,POL-PEG-LIQ,NA,False,Liquid,,14.0,0.14,fraction,False,Surfactants,Non-ionic ethoxylates,formula,5,100.0,0.0,0.0,88.0,12.0,88.0,13.0,14.8,P1,False,,,,
CLN-NACLO3-LIQ·NA,CLN-NACLO3-LIQ,NA,False,Liquid,,12.0,0.12,fraction,False,Inorganic Chemicals,Inorganic oxidants,formula,4,100.0,0.0,0.0,88.0,12.0,88.0,10.0,11.4,P1,False,,,,
FAT-STEA-PWD·NA,FAT-STEA-PWD,NA,False,Powder,,12.0,0.12,fraction,False,Oleochemicals,Fatty acids & derivatives,formula,5,100.0,0.0,0.0,88.0,12.0,88.0,14.0,15.9,P1,False,,,,
FAT-ZNST-PWD·NA,FAT-ZNST-PWD,NA,False,Powder,,14.0,0.14,fraction,False,Oleochemicals,Fatty acids & derivatives,formula,6,100.0,0.0,0.0,88.0,12.0,88.0,14.0,15.9,P1,False,,,,
CLN-PAA-LIQ·NA,CLN-PAA-LIQ,NA,False,Liquid,,15.0,0.15,fraction,False,Inorganic Chemicals,Inorganic oxidants,formula,5,100.0,0.0,0.0,86.0,14.0,86.0,44.0,51.2,P1,False,,,,
MIN-STPP-PWD·NA,MIN-STPP-PWD,NA,False,Powder,,12.0,0.12,fraction,False,Inorganic Chemicals,Phosphates,formula,6,100.0,0.0,0.0,88.0,12.0,88.0,14.0,15.9,P1,False,,,,
POL-PDADMAC-LIQ·NA,POL-PDADMAC-LIQ,NA,False,Liquid,,14.0,0.14,fraction,False,Water-Soluble Polymers,Synthetic flocculants PAM,formula,6,100.0,0.0,0.0,86.0,14.0,86.0,78.0,90.7,P1,False,,,,
CLN-BAC-LIQ·NA,CLN-BAC-LIQ,NA,False,Liquid,,15.0,0.15,fraction,False,Inorganic Chemicals,Inorganic oxidants,formula,7,100.0,0.0,0.0,86.0,14.0,86.0,52.0,60.5,P1,False,,,,
F27-DLIM-LIQ·NA,F27-DLIM-LIQ,NA,False,Liquid,,18.0,0.18,fraction,True,Aroma Chemicals,Terpene-derived aroma chemicals,formula,5,100.0,0.0,0.0,82.0,18.0,82.0,13.0,15.9,P1,False,,,,
MIN-NA2S-FLK·NA,MIN-NA2S-FLK,NA,False,Flakes,,13.0,0.13,fraction,False,Inorganic Chemicals,Mining reagents,formula,7,100.0,0.0,0.0,88.0,12.0,88.0,34.0,38.6,P1,False,,,,
AGR-24D-LIQ·NA,AGR-24D-LIQ,NA,False,Liquid,,14.0,0.14,fraction,False,Crop Protection Chemicals,Herbicides,formula,7,100.0,0.0,0.0,86.0,14.0,86.0,58.0,67.4,P1,False,,,,
CLN-NAPERCARB-PWD·NA,CLN-NAPERCARB-PWD,NA,False,Powder,,13.0,0.13,fraction,False,Inorganic Chemicals,Inorganic oxidants,formula,6,100.0,0.0,0.0,88.0,12.0,88.0,14.0,15.9,P1,False,,,,
ELA-VACC-PWD·NA,ELA-VACC-PWD,NA,False,Powder,,15.0,0.15,fraction,False,Elastomers,Vulcanization agents,formula,6,100.0,0.0,0.0,86.0,14.0,86.0,43.0,50.0,P1,False,,,,
BCI-AKDASA-LIQ·NA,BCI-AKDASA-LIQ,NA,False,Liquid,,14.0,0.14,fraction,False,Petrochemicals & Derivatives,Paper sizing agents,formula,6,100.0,0.0,0.0,86.0,14.0,86.0,13.0,15.1,P1,False,,,,
ELA-SBL-LIQ·NA,ELA-SBL-LIQ,NA,False,Liquid,,12.0,0.12,fraction,True,Elastomers,Latex dispersions,formula,5,100.0,0.0,0.0,88.0,12.0,88.0,10.0,11.4,P1,False,,,,
RES-VAERPP-PWD·NA,RES-VAERPP-PWD,NA,False,Powder,,14.0,0.14,fraction,False,Plastics & Resins,Vinyl acetate-based polymers,formula,6,100.0,0.0,0.0,86.0,14.0,86.0,43.0,50.0,P1,False,,,,
BCI-NAGLUC-PWD·NA,BCI-NAGLUC-PWD,NA,False,Powder,,13.0,0.13,fraction,False,Fermentation & Bioprocessing,Fermentation organic acids,formula,5,100.0,0.0,0.0,88.0,12.0,88.0,14.0,15.9,P1,False,,,,
SOL-COAL-LIQ·NA,SOL-COAL-LIQ,NA,False,Liquid,,16.0,0.16,fraction,False,Solvents,Oxygenated alcohol/ketone,formula,5,100.0,0.0,0.0,84.0,16.0,84.0,13.0,15.5,P1,False,,,,
SOL-NMP-LIQ·NA,SOL-NMP-LIQ,NA,False,Liquid,,15.0,0.15,fraction,False,Solvents,Polar aprotic solvents,formula,6,100.0,0.0,0.0,86.0,14.0,86.0,42.0,48.8,P1,False,,,,
SOL-PGMEA-LIQ·NA,SOL-PGMEA-LIQ,NA,False,Liquid,,14.0,0.14,fraction,False,Solvents,Oxygenated alcohol/ketone,formula,6,100.0,0.0,0.0,86.0,14.0,86.0,42.0,48.8,P1,False,,,,
BCI-H2SO4-ELEC·NA,BCI-H2SO4-ELEC,NA,False,Liquid,,18.0,0.18,fraction,False,Inorganic Chemicals,Inorganic acids,formula,4,100.0,0.0,0.0,82.0,18.0,82.0,77.0,93.9,P1,False,,,,
BCI-NH3-ELEC·NA,BCI-NH3-ELEC,NA,False,Gas / pressurized liquid,,18.0,0.18,fraction,True,Inorganic Chemicals,Electronic & high-purity chemicals,formula,4,100.0,0.0,0.0,82.0,18.0,82.0,12.0,14.6,P1,False,,,,
BCI-NABROM-LIQ·NA,BCI-NABROM-LIQ,NA,False,Liquid,,14.0,0.14,fraction,False,Inorganic Chemicals,Inorganic salts,formula,4,100.0,0.0,0.0,86.0,14.0,86.0,10.0,11.6,P1,False,,,,
BCI-ZNBROM-LIQ·NA,BCI-ZNBROM-LIQ,NA,False,Liquid,,15.0,0.15,fraction,False,Inorganic Chemicals,Inorganic salts,formula,5,100.0,0.0,0.0,85.0,15.0,85.0,10.0,11.8,P1,False,,,,
OIL-DRA-LIQ·NA,OIL-DRA-LIQ,NA,False,Liquid,,18.0,0.18,fraction,False,Plastics & Resins,Flow improvers,formula,5,100.0,0.0,0.0,82.0,18.0,82.0,13.0,15.9,P1,False,,,,
SOL-PINE-LIQ·NA,SOL-PINE-LIQ,NA,False,Liquid,,16.0,0.16,fraction,False,Solvents,Terpene-derived aroma chemicals,formula,5,100.0,0.0,0.0,84.0,16.0,84.0,13.0,15.5,P1,False,,,,
BCI-NAMBS-PWD·NA,BCI-NAMBS-PWD,NA,False,Powder,,13.0,0.13,fraction,False,Inorganic Chemicals,Inorganic salts,formula,6,100.0,0.0,0.0,88.0,12.0,88.0,50.0,56.8,P1,False,,,,
BCI-KMNO4-PWD·NA,BCI-KMNO4-PWD,NA,False,Powder,,15.0,0.15,fraction,False,Inorganic Chemicals,Inorganic oxidants,formula,6,100.0,0.0,0.0,86.0,14.0,86.0,14.0,16.3,P1,False,,,,
CLN-CAHYPO-PWD·NA,CLN-CAHYPO-PWD,NA,False,Powder,,13.0,0.13,fraction,False,Inorganic Chemicals,Inorganic oxidants,formula,6,100.0,0.0,0.0,88.0,12.0,88.0,14.0,15.9,P1,False,,,,
POL-HPMC-PWD·NA,POL-HPMC-PWD,NA,False,Powder,,16.0,0.16,fraction,False,Water-Soluble Polymers,Cellulose ethers,formula,7,100.0,0.0,0.0,84.0,16.0,84.0,25.0,29.8,P1,False,,,,
POL-MCC-PWD·NA,POL-MCC-PWD,NA,False,Powder,,14.0,0.14,fraction,False,Bio-Based Ingredients,Cellulose products,formula,6,100.0,0.0,0.0,86.0,14.0,86.0,14.0,16.3,P1,False,,,,
FAT-MGST-PWD·NA,FAT-MGST-PWD,NA,False,Powder,,14.0,0.14,fraction,False,Oleochemicals,Fatty acids & derivatives,formula,5,100.0,0.0,0.0,86.0,14.0,86.0,14.0,16.3,P1,False,,,,
BIO-GELA-PWD·GL,BIO-GELA-PWD,GL,False,Powder,,18.0,0.18,fraction,False,Bio-Based Ingredients,Animal proteins,formula,5,100.0,0.0,0.0,82.0,18.0,82.0,16.0,19.5,P1,False,,,,
BIO-PECT-PWD·GL,BIO-PECT-PWD,GL,False,Powder,,20.0,0.2,fraction,True,Bio-Based Ingredients,Hydrocolloids,formula,5,100.0,0.0,0.0,80.0,20.0,80.0,16.0,20.0,P1,False,,,,
BIO-CARR-PWD·GL,BIO-CARR-PWD,GL,False,Powder,,20.0,0.2,fraction,False,Bio-Based Ingredients,Hydrocolloids,formula,6,100.0,0.0,0.0,82.0,18.0,82.0,16.0,19.5,P1,False,,,,
BIO-NAALG-PWD·GL,BIO-NAALG-PWD,GL,False,Powder,,20.0,0.2,fraction,False,Bio-Based Ingredients,Hydrocolloids,formula,6,100.0,0.0,0.0,82.0,18.0,82.0,16.0,19.5,P1,False,,,,
PRES-NABENZ-PWD·NA,PRES-NABENZ-PWD,NA,False,Powder,,14.0,0.14,fraction,False,Biocides & Antimicrobials,Benzoate preservatives,formula,6,100.0,0.0,0.0,88.0,12.0,88.0,14.0,15.9,P1,False,,,,
PRES-KSRB-PWD·NA,PRES-KSRB-PWD,NA,False,Powder,,15.0,0.15,fraction,False,Biocides & Antimicrobials,Sorbate preservatives,formula,6,100.0,0.0,0.0,86.0,14.0,86.0,14.0,16.3,P1,False,,,,
MIN-MSTARCH-PWD·NA,MIN-MSTARCH-PWD,NA,False,Powder,,12.0,0.12,fraction,True,Fermentation & Bioprocessing,Starch & glucose derivatives,formula,5,100.0,0.0,0.0,88.0,12.0,88.0,14.0,15.9,P1,False,,,,
BCI-LIOH-PWD·GL,BCI-LIOH-PWD,GL,False,Powder,,16.0,0.16,fraction,True,Industrial Minerals,Lithium minerals,formula,6,100.0,0.0,0.0,84.0,16.0,84.0,32.0,38.1,P1,False,,,,
LUB-PAG-LIQ·NA,LUB-PAG-LIQ,NA,False,Liquid,,16.0,0.16,fraction,False,Fluids & Lubricants,Synthetic base stocks,formula,5,100.0,0.0,0.0,84.0,16.0,84.0,13.0,15.5,P1,False,,,,
LUB-ESTER-LIQ·NA,LUB-ESTER-LIQ,NA,False,Liquid,,17.0,0.17,fraction,False,Fluids & Lubricants,Synthetic base stocks,formula,6,100.0,0.0,0.0,84.0,16.0,84.0,38.0,45.2,P1,False,,,,
AGR-LCHT-TC·NA,AGR-LCHT-TC,NA,False,Liquid,,18.0,0.18,fraction,False,Crop Protection Chemicals,Pyrethroid insecticides,formula,6,100.0,0.0,0.0,82.0,18.0,82.0,14.0,17.1,P1,False,,,,
AGR-THIAMX-TC·NA,AGR-THIAMX-TC,NA,False,Powder,,18.0,0.18,fraction,False,Crop Protection Chemicals,Neonicotinoid insecticides,formula,6,100.0,0.0,0.0,82.0,18.0,82.0,14.0,17.1,P1,False,,,,
AGR-PARAQ-TC·NA,AGR-PARAQ-TC,NA,False,Liquid,,16.0,0.16,fraction,False,Crop Protection Chemicals,Herbicides,formula,7,100.0,0.0,0.0,84.0,16.0,84.0,42.0,50.0,P1,False,,,,
MIN-SOP-GRN·GL,MIN-SOP-GRN,GL,False,Granules,,12.0,0.12,fraction,True,Fertilizers,Potassic fertilizers,formula,5,100.0,0.0,0.0,88.0,12.0,88.0,42.0,47.7,P1,False,,,,
BCI-ZNSO4-PWD·NA,BCI-ZNSO4-PWD,NA,False,Powder,,13.0,0.13,fraction,True,Inorganic Chemicals,Inorganic salts,formula,6,100.0,0.0,0.0,88.0,12.0,88.0,42.0,47.7,P1,False,,,,
BCI-MNSO4-PWD·NA,BCI-MNSO4-PWD,NA,False,Powder,,13.0,0.13,fraction,False,Inorganic Chemicals,Inorganic salts,formula,6,100.0,0.0,0.0,88.0,12.0,88.0,42.0,47.7,P1,False,,,,
MIN-PSIL-PWD·EU,MIN-PSIL-PWD,EU,False,Powder,,15.0,15,percent,False,Industrial Minerals,Fillers and extenders,combo,7,100.0,80.0,0.0,0.0,20.0,80.0,50.0,62.5,P1,False,,,,
MIN-PSIL-PWD·NA,MIN-PSIL-PWD,NA,False,Powder,,15.0,15,percent,False,Industrial Minerals,Fillers and extenders,combo,7,100.0,80.0,0.0,0.0,20.0,80.0,50.0,62.5,P1,False,,,,
MIN-PSIL-PWD·CN,MIN-PSIL-PWD,CN,False,Powder,,15.0,15,percent,False,Industrial Minerals,Fillers and extenders,combo,7,100.0,80.0,0.0,0.0,20.0,80.0,50.0,62.5,P1,False,,,,
MIN-PSIL-PWD·APAC,MIN-PSIL-PWD,APAC,False,Powder,,15.0,15,percent,False,Industrial Minerals,Fillers and extenders,combo,7,100.0,80.0,0.0,0.0,20.0,80.0,50.0,62.5,P1,False,,,,
MIN-XANTH-GRN·EU,MIN-XANTH-GRN,EU,False,Granular/flake,,15.0,15,percent,False,Inorganic Chemicals,Mining reagents,combo,7,100.0,35.0,0.0,0.0,65.0,35.0,35.0,100.0,P1,True,,,,
MIN-XANTH-GRN·NA,MIN-XANTH-GRN,NA,False,Granular/flake,,15.0,15,percent,False,Inorganic Chemicals,Mining reagents,combo,7,100.0,35.0,0.0,0.0,65.0,35.0,35.0,100.0,P1,True,,,,
MIN-XANTH-GRN·CN,MIN-XANTH-GRN,CN,False,Granular/flake,,15.0,15,percent,False,Inorganic Chemicals,Mining reagents,combo,7,100.0,35.0,0.0,0.0,65.0,35.0,35.0,100.0,P1,True,,,,
MIN-XANTH-GRN·APAC,MIN-XANTH-GRN,APAC,False,Granular/flake,,15.0,15,percent,False,Inorganic Chemicals,Mining reagents,combo,7,100.0,35.0,0.0,0.0,65.0,35.0,35.0,100.0,P1,True,,,,
MIN-AEROPHINE-LIQ·EU,MIN-AEROPHINE-LIQ,EU,False,Liquid,,18.0,18,percent,False,Phosphorus Chemicals,Mining reagents,combo,7,100.0,42.0,40.0,0.0,18.0,82.0,82.0,100.0,P2,True,,,,
MIN-AEROPHINE-LIQ·NA,MIN-AEROPHINE-LIQ,NA,False,Liquid,,18.0,18,percent,False,Phosphorus Chemicals,Mining reagents,combo,7,100.0,42.0,40.0,0.0,18.0,82.0,82.0,100.0,P2,True,,,,
MIN-AEROPHINE-LIQ·LA,MIN-AEROPHINE-LIQ,LA,False,Liquid,,18.0,18,percent,False,Phosphorus Chemicals,Mining reagents,combo,7,100.0,42.0,40.0,0.0,18.0,82.0,82.0,100.0,P2,True,,,,
MIN-AEROPHINE-LIQ·APAC,MIN-AEROPHINE-LIQ,APAC,False,Liquid,,18.0,18,percent,False,Phosphorus Chemicals,Mining reagents,combo,7,100.0,42.0,40.0,0.0,18.0,82.0,82.0,100.0,P2,True,,,,
BCI-HF-LIQ·EU,BCI-HF-LIQ,EU,False,Liquid,,15.0,15,percent,False,Inorganic Chemicals,Inorganic acids,combo,6,100.0,45.0,0.0,0.0,55.0,45.0,45.0,100.0,P1,True,,,,
BCI-HF-LIQ·NA,BCI-HF-LIQ,NA,False,Liquid,,15.0,15,percent,False,Inorganic Chemicals,Inorganic acids,combo,6,100.0,45.0,0.0,0.0,55.0,45.0,45.0,100.0,P1,True,,,,
BCI-HF-LIQ·CN,BCI-HF-LIQ,CN,False,Liquid,,15.0,15,percent,False,Inorganic Chemicals,Inorganic acids,combo,6,100.0,45.0,0.0,0.0,55.0,45.0,45.0,100.0,P1,True,,,,
BCI-HF-LIQ·APAC,BCI-HF-LIQ,APAC,False,Liquid,,15.0,15,percent,False,Inorganic Chemicals,Inorganic acids,combo,6,100.0,45.0,0.0,0.0,55.0,45.0,45.0,100.0,P1,True,,,,
MIN-NDPR-OXD·EU,MIN-NDPR-OXD,EU,False,Powder/oxide,,15.0,15,percent,False,Industrial Minerals,Rare earths & specialty oxides,combo,6,100.0,45.0,0.0,0.0,55.0,45.0,45.0,100.0,P1,True,,,,
MIN-NDPR-OXD·NA,MIN-NDPR-OXD,NA,False,Powder/oxide,,15.0,15,percent,False,Industrial Minerals,Rare earths & specialty oxides,combo,6,100.0,45.0,0.0,0.0,55.0,45.0,45.0,100.0,P1,True,,,,
MIN-NDPR-OXD·CN,MIN-NDPR-OXD,CN,False,Powder/oxide,,15.0,15,percent,False,Industrial Minerals,Rare earths & specialty oxides,combo,6,100.0,45.0,0.0,0.0,55.0,45.0,45.0,100.0,P1,True,,,,
MIN-NDPR-OXD·APAC,MIN-NDPR-OXD,APAC,False,Powder/oxide,,15.0,15,percent,False,Industrial Minerals,Rare earths & specialty oxides,combo,6,100.0,45.0,0.0,0.0,55.0,45.0,45.0,100.0,P1,True,,,,
F10-EHS-LIQ·EU,F10-EHS-LIQ,EU,False,Liquid,,15.0,15,percent,False,Fine Chemicals & Actives,UV absorbers,combo,5,100.0,20.0,65.0,0.0,15.0,85.0,85.0,100.0,P3,True,,,,
F10-EHS-LIQ·NA,F10-EHS-LIQ,NA,False,Liquid,,15.0,15,percent,False,Fine Chemicals & Actives,UV absorbers,combo,5,100.0,20.0,65.0,0.0,15.0,85.0,85.0,100.0,P3,True,,,,
F10-EHS-LIQ·CN,F10-EHS-LIQ,CN,False,Liquid,,15.0,15,percent,False,Fine Chemicals & Actives,UV absorbers,combo,5,100.0,20.0,65.0,0.0,15.0,85.0,85.0,100.0,P3,True,,,,
F10-OCR-LIQ·EU,F10-OCR-LIQ,EU,False,Liquid,,15.0,15,percent,False,Fine Chemicals & Actives,UV absorbers,combo,6,100.0,10.0,75.0,0.0,15.0,85.0,85.0,100.0,P3,True,,,,
F10-OCR-LIQ·CN,F10-OCR-LIQ,CN,False,Liquid,,15.0,15,percent,False,Fine Chemicals & Actives,UV absorbers,combo,6,100.0,10.0,75.0,0.0,15.0,85.0,85.0,100.0,P3,True,,,,
F10-OCR-LIQ·NA,F10-OCR-LIQ,NA,False,Liquid,,15.0,15,percent,False,Fine Chemicals & Actives,UV absorbers,combo,6,100.0,10.0,75.0,0.0,15.0,85.0,85.0,100.0,P3,True,,,,
F27-CTRL-LIQ·EU,F27-CTRL-LIQ,EU,False,Liquid,,15.0,15,percent,False,Aroma Chemicals,Petrochemical-derived aroma chemicals,combo,5,100.0,25.0,60.0,0.0,15.0,85.0,85.0,100.0,P3,True,,,,
F27-CTRL-LIQ·CN,F27-CTRL-LIQ,CN,False,Liquid,,15.0,15,percent,False,Aroma Chemicals,Petrochemical-derived aroma chemicals,combo,5,100.0,25.0,60.0,0.0,15.0,85.0,85.0,100.0,P3,True,,,,
F27-CTRL-LIQ·NA,F27-CTRL-LIQ,NA,False,Liquid,,15.0,15,percent,False,Aroma Chemicals,Petrochemical-derived aroma chemicals,combo,5,100.0,25.0,60.0,0.0,15.0,85.0,85.0,100.0,P3,True,,,,
F23-CHCL-PWD·EU,F23-CHCL-PWD,EU,False,Powder on carrier/liquid,,12.0,12,percent,False,Petrochemicals & Derivatives,EO derivatives,combo,7,100.0,58.0,30.0,0.0,12.0,88.0,88.0,100.0,P2,True,,,,
F23-CHCL-PWD·CN,F23-CHCL-PWD,CN,False,Powder on carrier/liquid,,12.0,12,percent,False,Petrochemicals & Derivatives,EO derivatives,combo,7,100.0,58.0,30.0,0.0,12.0,88.0,88.0,100.0,P2,True,,,,
F23-CHCL-PWD·NA,F23-CHCL-PWD,NA,False,Powder on carrier/liquid,,12.0,12,percent,False,Petrochemicals & Derivatives,EO derivatives,combo,7,100.0,28.0,60.0,0.0,12.0,88.0,88.0,100.0,P3,True,,,,
F23-CHCL-PWD·IN,F23-CHCL-PWD,IN,False,Powder on carrier/liquid,,12.0,12,percent,False,Petrochemicals & Derivatives,EO derivatives,combo,7,100.0,58.0,30.0,0.0,12.0,88.0,88.0,100.0,P2,True,,,,
F23-DPAN-LIQ·EU,F23-DPAN-LIQ,EU,False,Viscous liquid,,20.0,20,percent,False,Fine Chemicals & Actives,Vitamins synthetic,combo,6,100.0,15.0,65.0,0.0,20.0,80.0,80.0,100.0,P3,True,,,,
F23-DPAN-LIQ·CN,F23-DPAN-LIQ,CN,False,Viscous liquid,,20.0,20,percent,False,Fine Chemicals & Actives,Vitamins synthetic,combo,6,100.0,15.0,65.0,0.0,20.0,80.0,80.0,100.0,P3,True,,,,
F23-DPAN-LIQ·NA,F23-DPAN-LIQ,NA,False,Viscous liquid,,20.0,20,percent,False,Fine Chemicals & Actives,Vitamins synthetic,combo,6,100.0,15.0,65.0,0.0,20.0,80.0,80.0,100.0,P3,True,,,,
SOL-DPG-LIQ·EU,SOL-DPG-LIQ,EU,False,Liquid,,15.0,15,percent,False,Solvents,Oxygenated alcohol/ketone,combo,5,100.0,35.0,50.0,0.0,15.0,85.0,85.0,100.0,P3,True,,,,
SOL-DPG-LIQ·NA,SOL-DPG-LIQ,NA,False,Liquid,,15.0,15,percent,False,Solvents,Oxygenated alcohol/ketone,combo,5,100.0,35.0,50.0,0.0,15.0,85.0,85.0,100.0,P3,True,,,,
SOL-DPG-LIQ·CN,SOL-DPG-LIQ,CN,False,Liquid,,15.0,15,percent,False,Solvents,Oxygenated alcohol/ketone,combo,5,100.0,35.0,50.0,0.0,15.0,85.0,85.0,100.0,P3,True,,,,
SOL-DPG-LIQ·APAC,SOL-DPG-LIQ,APAC,False,Liquid,,15.0,15,percent,False,Solvents,Oxygenated alcohol/ketone,combo,5,100.0,35.0,50.0,0.0,15.0,85.0,85.0,100.0,P3,True,,,,
F10-OMC-LIQ·EU,F10-OMC-LIQ,EU,False,Liquid,,15.0,15,percent,False,Fine Chemicals & Actives,UV absorbers,combo,6,100.0,15.0,70.0,0.0,15.0,85.0,85.0,100.0,P3,True,,,,
F10-OMC-LIQ·CN,F10-OMC-LIQ,CN,False,Liquid,,15.0,15,percent,False,Fine Chemicals & Actives,UV absorbers,combo,6,100.0,15.0,70.0,0.0,15.0,85.0,85.0,100.0,P3,True,,,,
F10-OMC-LIQ·NA,F10-OMC-LIQ,NA,False,Liquid,,15.0,15,percent,False,Fine Chemicals & Actives,UV absorbers,combo,6,100.0,15.0,70.0,0.0,15.0,85.0,85.0,100.0,P3,True,,,,
F10-OMC-LIQ·APAC,F10-OMC-LIQ,APAC,False,Liquid,,15.0,15,percent,False,Fine Chemicals & Actives,UV absorbers,combo,6,100.0,15.0,70.0,0.0,15.0,85.0,85.0,100.0,P3,True,,,,
F10-HMS-LIQ·EU,F10-HMS-LIQ,EU,False,Liquid,,15.0,15,percent,False,Fine Chemicals & Actives,UV absorbers,combo,5,100.0,20.0,65.0,0.0,15.0,85.0,85.0,100.0,P3,True,,,,
F10-HMS-LIQ·NA,F10-HMS-LIQ,NA,False,Liquid,,15.0,15,percent,False,Fine Chemicals & Actives,UV absorbers,combo,5,100.0,20.0,65.0,0.0,15.0,85.0,85.0,100.0,P3,True,,,,
F10-EHT-PWD·EU,F10-EHT-PWD,EU,False,Powder,,15.0,15,percent,False,Fine Chemicals & Actives,UV absorbers,combo,7,100.0,15.0,70.0,0.0,15.0,85.0,85.0,100.0,P3,True,,,,
F10-EHT-PWD·CN,F10-EHT-PWD,CN,False,Powder,,15.0,15,percent,False,Fine Chemicals & Actives,UV absorbers,combo,7,100.0,15.0,70.0,0.0,15.0,85.0,85.0,100.0,P3,True,,,,
F23-BCAR-PWD·EU,F23-BCAR-PWD,EU,False,Powder/beadlet,,20.0,20,percent,False,Fine Chemicals & Actives,Carotenoid pigments,combo,5,100.0,20.0,60.0,0.0,20.0,80.0,80.0,100.0,P3,True,,,,
F23-BCAR-PWD·CN,F23-BCAR-PWD,CN,False,Powder/beadlet,,20.0,20,percent,False,Fine Chemicals & Actives,Carotenoid pigments,combo,5,100.0,20.0,60.0,0.0,20.0,80.0,80.0,100.0,P3,True,,,,
F23-BCAR-PWD·NA,F23-BCAR-PWD,NA,False,Powder/beadlet,,20.0,20,percent,False,Fine Chemicals & Actives,Carotenoid pigments,combo,5,100.0,20.0,60.0,0.0,20.0,80.0,80.0,100.0,P3,True,,,,
F23-ASTA-PWD·EU,F23-ASTA-PWD,EU,False,Beadlet (8-10% active),,25.0,25,percent,False,Fine Chemicals & Actives,Carotenoid pigments,combo,6,100.0,20.0,65.0,0.0,15.0,85.0,85.0,100.0,P3,True,,,,
F23-ASTA-PWD·NA,F23-ASTA-PWD,NA,False,Beadlet (8-10% active),,25.0,25,percent,False,Fine Chemicals & Actives,Carotenoid pigments,combo,6,100.0,20.0,65.0,0.0,15.0,85.0,85.0,100.0,P3,True,,,,
F23-ASTA-PWD·APAC,F23-ASTA-PWD,APAC,False,Beadlet (8-10% active),,25.0,25,percent,False,Fine Chemicals & Actives,Carotenoid pigments,combo,6,100.0,20.0,65.0,0.0,15.0,85.0,85.0,100.0,P3,True,,,,
F23-HYD3-PWD·EU,F23-HYD3-PWD,EU,False,Crystalline powder in premix/oil,,30.0,30,percent,False,Fine Chemicals & Actives,Vitamins synthetic,combo,5,100.0,15.0,0.0,0.0,85.0,15.0,15.0,100.0,P1,True,,,,
F23-HYD3-PWD·NA,F23-HYD3-PWD,NA,False,Crystalline powder in premix/oil,,30.0,30,percent,False,Fine Chemicals & Actives,Vitamins synthetic,combo,5,100.0,15.0,0.0,0.0,85.0,15.0,15.0,100.0,P1,True,,,,
F23-VITK3-PWD·EU,F23-VITK3-PWD,EU,False,Crystalline powder,,20.0,20,percent,False,Fine Chemicals & Actives,Vitamins synthetic,combo,6,100.0,15.0,35.0,0.0,50.0,50.0,50.0,100.0,P3,True,,,,
F23-VITK3-PWD·CN,F23-VITK3-PWD,CN,False,Crystalline powder,,20.0,20,percent,False,Fine Chemicals & Actives,Vitamins synthetic,combo,6,100.0,15.0,35.0,0.0,50.0,50.0,15.0,30.0,P3,False,,,,
F23-VITB6-PWD·EU,F23-VITB6-PWD,EU,False,White crystalline powder,,20.0,20,percent,False,Fine Chemicals & Actives,Vitamins synthetic,combo,7,100.0,14.0,66.0,0.0,20.0,80.0,67.0,83.8,P3,False,,,,
F23-VITB6-PWD·CN,F23-VITB6-PWD,CN,False,White crystalline powder,,20.0,20,percent,False,Fine Chemicals & Actives,Vitamins synthetic,combo,7,100.0,14.0,66.0,0.0,20.0,80.0,67.0,83.8,P3,False,,,,
OLE-IPM-LIQ·EU,OLE-IPM-LIQ,EU,False,Liquid,,16.0,16,percent,False,Oleochemicals,Oleochemical esters,combo,5,100.0,15.0,75.0,0.0,10.0,90.0,45.0,50.0,P3,False,,,,
OLE-IPM-LIQ·NA,OLE-IPM-LIQ,NA,False,Liquid,,16.0,16,percent,False,Oleochemicals,Oleochemical esters,combo,5,100.0,15.0,75.0,0.0,10.0,90.0,45.0,50.0,P3,False,,,,
OLE-IPM-LIQ·APAC,OLE-IPM-LIQ,APAC,False,Liquid,,16.0,16,percent,False,Oleochemicals,Oleochemical esters,combo,5,100.0,15.0,75.0,0.0,10.0,90.0,45.0,50.0,P3,False,,,,
OLE-IPM-LIQ·CN,OLE-IPM-LIQ,CN,False,Liquid,,16.0,16,percent,False,Oleochemicals,Oleochemical esters,combo,5,100.0,15.0,75.0,0.0,10.0,90.0,45.0,50.0,P3,False,,,,
OLE-CCT-LIQ·EU,OLE-CCT-LIQ,EU,False,Liquid,,18.0,18,percent,False,Oleochemicals,Oleochemical esters,combo,5,100.0,15.0,40.0,0.0,45.0,55.0,15.0,27.3,P3,False,,,,
OLE-CCT-LIQ·NA,OLE-CCT-LIQ,NA,False,Liquid,,18.0,18,percent,False,Oleochemicals,Oleochemical esters,combo,5,100.0,15.0,40.0,0.0,45.0,55.0,15.0,27.3,P3,False,,,,
OLE-CCT-LIQ·APAC,OLE-CCT-LIQ,APAC,False,Liquid,,18.0,18,percent,False,Oleochemicals,Oleochemical esters,combo,5,100.0,15.0,40.0,0.0,45.0,55.0,15.0,27.3,P3,False,,,,
SUR-SCI-PWD·EU,SUR-SCI-PWD,EU,False,White flakes/pellets,,22.0,22,percent,False,Surfactants,Anionic specialty,combo,6,100.0,35.0,35.0,0.0,30.0,70.0,35.0,50.0,P3,False,,,,
SUR-SCI-PWD·NA,SUR-SCI-PWD,NA,False,White flakes/pellets,,22.0,22,percent,False,Surfactants,Anionic specialty,combo,6,100.0,15.0,55.0,0.0,30.0,70.0,35.0,50.0,P3,False,,,,
SUR-SCI-PWD·CN,SUR-SCI-PWD,CN,False,White flakes/pellets,,22.0,22,percent,False,Surfactants,Anionic specialty,combo,6,100.0,35.0,35.0,0.0,30.0,70.0,35.0,50.0,P3,False,,,,
SUR-SCI-PWD·IN,SUR-SCI-PWD,IN,False,White flakes/pellets,,22.0,22,percent,False,Surfactants,Anionic specialty,combo,6,100.0,35.0,35.0,0.0,30.0,70.0,35.0,50.0,P3,False,,,,
SUR-PS80-LIQ·EU,SUR-PS80-LIQ,EU,False,Amber viscous liquid,,18.0,18,percent,False,Surfactants,Non-ionic ethoxylates,combo,5,100.0,33.0,30.0,0.0,37.0,63.0,33.0,52.4,P2,False,,,,
SUR-PS80-LIQ·NA,SUR-PS80-LIQ,NA,False,Amber viscous liquid,,18.0,18,percent,False,Surfactants,Non-ionic ethoxylates,combo,5,100.0,8.0,55.0,0.0,37.0,63.0,33.0,52.4,P3,False,,,,
SUR-PS80-LIQ·APAC,SUR-PS80-LIQ,APAC,False,Amber viscous liquid,,18.0,18,percent,False,Surfactants,Non-ionic ethoxylates,combo,5,100.0,33.0,30.0,0.0,37.0,63.0,33.0,52.4,P2,False,,,,
OLE-CEH-LIQ·EU,OLE-CEH-LIQ,EU,False,Liquid,,16.0,16,percent,False,Oleochemicals,Oleochemical esters,combo,5,100.0,15.0,35.0,0.0,50.0,50.0,50.0,100.0,P3,True,,,,
OLE-CEH-LIQ·NA,OLE-CEH-LIQ,NA,False,Liquid,,16.0,16,percent,False,Oleochemicals,Oleochemical esters,combo,5,100.0,15.0,35.0,0.0,50.0,50.0,50.0,100.0,P3,True,,,,
OLE-CEH-LIQ·APAC,OLE-CEH-LIQ,APAC,False,Liquid,,16.0,16,percent,False,Oleochemicals,Oleochemical esters,combo,5,100.0,15.0,35.0,0.0,50.0,50.0,50.0,100.0,P3,True,,,,
OLE-ODD-LIQ·EU,OLE-ODD-LIQ,EU,False,Liquid,,18.0,18,percent,False,Oleochemicals,Oleochemical esters,combo,5,100.0,27.0,55.0,0.0,18.0,82.0,82.0,100.0,P3,True,,,,
OLE-ODD-LIQ·NA,OLE-ODD-LIQ,NA,False,Liquid,,18.0,18,percent,False,Oleochemicals,Oleochemical esters,combo,5,100.0,27.0,55.0,0.0,18.0,82.0,82.0,100.0,P3,True,,,,
OLE-ODD-LIQ·APAC,OLE-ODD-LIQ,APAC,False,Liquid,,18.0,18,percent,False,Oleochemicals,Oleochemical esters,combo,5,100.0,27.0,55.0,0.0,18.0,82.0,82.0,100.0,P3,True,,,,
OLE-DCC-LIQ·EU,OLE-DCC-LIQ,EU,False,Liquid,,18.0,18,percent,False,Oleochemicals,Oleochemical esters,combo,5,100.0,17.0,65.0,0.0,18.0,82.0,82.0,100.0,P3,True,,,,
OLE-DCC-LIQ·NA,OLE-DCC-LIQ,NA,False,Liquid,,18.0,18,percent,False,Oleochemicals,Oleochemical esters,combo,5,100.0,17.0,65.0,0.0,18.0,82.0,82.0,100.0,P3,True,,,,
OLE-C1215AB-LIQ·EU,OLE-C1215AB-LIQ,EU,False,Liquid,,18.0,18,percent,False,Oleochemicals,Oleochemical esters,combo,5,100.0,12.0,70.0,0.0,18.0,82.0,82.0,100.0,P3,True,,,,
OLE-C1215AB-LIQ·NA,OLE-C1215AB-LIQ,NA,False,Liquid,,18.0,18,percent,False,Oleochemicals,Oleochemical esters,combo,5,100.0,12.0,70.0,0.0,18.0,82.0,82.0,100.0,P3,True,,,,
OLE-C1215AB-LIQ·APAC,OLE-C1215AB-LIQ,APAC,False,Liquid,,18.0,18,percent,False,Oleochemicals,Oleochemical esters,combo,5,100.0,12.0,70.0,0.0,18.0,82.0,82.0,100.0,P3,True,,,,
SUR-SMS-PWD·EU,SUR-SMS-PWD,EU,False,Waxy solid,,15.0,15,percent,False,Surfactants,Non-ionic ester & glucoside,combo,4,100.0,10.0,0.0,0.0,90.0,10.0,10.0,100.0,P1,True,,,,
SUR-SMS-PWD·NA,SUR-SMS-PWD,NA,False,Waxy solid,,15.0,15,percent,False,Surfactants,Non-ionic ester & glucoside,combo,4,100.0,10.0,0.0,0.0,90.0,10.0,10.0,100.0,P1,True,,,,
SUR-SMS-PWD·APAC,SUR-SMS-PWD,APAC,False,Waxy solid,,15.0,15,percent,False,Surfactants,Non-ionic ester & glucoside,combo,4,100.0,10.0,0.0,0.0,90.0,10.0,10.0,100.0,P1,True,,,,
SUR-CTG-PWD·EU,SUR-CTG-PWD,EU,False,White waxy pellets,,20.0,20,percent,False,Surfactants,Non-ionic ester & glucoside,combo,4,100.0,9.0,0.0,0.0,91.0,9.0,9.0,100.0,P1,True,,,,
SUR-CTG-PWD·NA,SUR-CTG-PWD,NA,False,White waxy pellets,,20.0,20,percent,False,Surfactants,Non-ionic ester & glucoside,combo,4,100.0,9.0,0.0,0.0,91.0,9.0,9.0,100.0,P1,True,,,,
SUR-GSSE-PWD·EU,SUR-GSSE-PWD,EU,False,White waxy flakes,,14.0,14,percent,False,Surfactants,Non-ionic ester & glucoside,combo,4,100.0,10.0,0.0,0.0,90.0,10.0,10.0,100.0,P1,True,,,,
SUR-GSSE-PWD·NA,SUR-GSSE-PWD,NA,False,White waxy flakes,,14.0,14,percent,False,Surfactants,Non-ionic ester & glucoside,combo,4,100.0,10.0,0.0,0.0,90.0,10.0,10.0,100.0,P1,True,,,,
SUR-GSSE-PWD·APAC,SUR-GSSE-PWD,APAC,False,White waxy flakes,,14.0,14,percent,False,Surfactants,Non-ionic ester & glucoside,combo,4,100.0,10.0,0.0,0.0,90.0,10.0,10.0,100.0,P1,True,,,,
SUR-GSSE-PWD·CN,SUR-GSSE-PWD,CN,False,White waxy flakes,,14.0,14,percent,False,Surfactants,Non-ionic ester & glucoside,combo,4,100.0,10.0,0.0,0.0,90.0,10.0,10.0,100.0,P1,True,,,,
SUR-GSSE-PWD·IN,SUR-GSSE-PWD,IN,False,White waxy flakes,,14.0,14,percent,False,Surfactants,Non-ionic ester & glucoside,combo,4,100.0,10.0,0.0,0.0,90.0,10.0,10.0,100.0,P1,True,,,,
SUR-PGL4-LIQ·EU,SUR-PGL4-LIQ,EU,False,Amber viscous liquid,,22.0,22,percent,False,Surfactants,Non-ionic ester & glucoside,combo,4,100.0,8.0,35.0,0.0,57.0,43.0,8.0,18.6,P3,False,,,,
SUR-PGL4-LIQ·NA,SUR-PGL4-LIQ,NA,False,Amber viscous liquid,,22.0,22,percent,False,Surfactants,Non-ionic ester & glucoside,combo,4,100.0,8.0,35.0,0.0,57.0,43.0,8.0,18.6,P3,False,,,,
SUR-BTAC-PST·EU,SUR-BTAC-PST,EU,False,Off-white waxy paste/solid,,20.0,20,percent,False,Surfactants,Cationic amines & quaternaries,combo,5,100.0,8.0,30.0,0.0,62.0,38.0,38.0,100.0,P3,True,,,,
SUR-BTAC-PST·NA,SUR-BTAC-PST,NA,False,Off-white waxy paste/solid,,20.0,20,percent,False,Surfactants,Cationic amines & quaternaries,combo,5,100.0,8.0,30.0,0.0,62.0,38.0,38.0,100.0,P3,True,,,,
SUR-BTAC-PST·APAC,SUR-BTAC-PST,APAC,False,Off-white waxy paste/solid,,20.0,20,percent,False,Surfactants,Cationic amines & quaternaries,combo,5,100.0,8.0,30.0,0.0,62.0,38.0,38.0,100.0,P3,True,,,,
SUR-CTAC-LIQ·EU,SUR-CTAC-LIQ,EU,False,Clear to hazy liquid (25-30% active),,18.0,18,percent,False,Surfactants,Cationic amines & quaternaries,combo,6,100.0,20.0,30.0,0.0,50.0,50.0,50.0,100.0,P3,True,,,,
SUR-CTAC-LIQ·NA,SUR-CTAC-LIQ,NA,False,Clear to hazy liquid (25-30% active),,18.0,18,percent,False,Surfactants,Cationic amines & quaternaries,combo,6,100.0,20.0,30.0,0.0,50.0,50.0,50.0,100.0,P3,True,,,,
SUR-CTAC-LIQ·APAC,SUR-CTAC-LIQ,APAC,False,Clear to hazy liquid (25-30% active),,18.0,18,percent,False,Surfactants,Cationic amines & quaternaries,combo,6,100.0,20.0,30.0,0.0,50.0,50.0,50.0,100.0,P3,True,,,,
SUR-CTAC-LIQ·IN,SUR-CTAC-LIQ,IN,False,Clear to hazy liquid (25-30% active),,18.0,18,percent,False,Surfactants,Cationic amines & quaternaries,combo,6,100.0,20.0,30.0,0.0,50.0,50.0,50.0,100.0,P3,True,,,,
SUR-SLSAR-LIQ·EU,SUR-SLSAR-LIQ,EU,False,Clear liquid solution (~30% active),,20.0,20,percent,False,Surfactants,Anionic specialty,combo,5,100.0,18.0,60.0,0.0,22.0,78.0,38.0,48.7,P3,False,,,,
SUR-SLSAR-LIQ·NA,SUR-SLSAR-LIQ,NA,False,Clear liquid solution (~30% active),,20.0,20,percent,False,Surfactants,Anionic specialty,combo,5,100.0,18.0,60.0,0.0,22.0,78.0,38.0,48.7,P3,False,,,,
SUR-SLSAR-LIQ·APAC,SUR-SLSAR-LIQ,APAC,False,Clear liquid solution (~30% active),,20.0,20,percent,False,Surfactants,Anionic specialty,combo,5,100.0,18.0,60.0,0.0,22.0,78.0,38.0,48.7,P3,False,,,,
F24-PQ10-PWD·EU,F24-PQ10-PWD,EU,False,White to cream powder,,24.0,24,percent,False,Water-Soluble Polymers,Cationic conditioning polymers,combo,6,100.0,8.0,40.0,0.0,52.0,48.0,48.0,100.0,P3,True,,,,
F24-PQ10-PWD·NA,F24-PQ10-PWD,NA,False,White to cream powder,,24.0,24,percent,False,Water-Soluble Polymers,Cationic conditioning polymers,combo,6,100.0,8.0,40.0,0.0,52.0,48.0,48.0,100.0,P3,True,,,,
F24-PQ10-PWD·APAC,F24-PQ10-PWD,APAC,False,White to cream powder,,24.0,24,percent,False,Water-Soluble Polymers,Cationic conditioning polymers,combo,6,100.0,8.0,40.0,0.0,52.0,48.0,48.0,100.0,P3,True,,,,
F23-SALAC-PWD·EU,F23-SALAC-PWD,EU,False,White crystalline powder,,22.0,22,percent,False,Fine Chemicals & Actives,Dermatological actives,combo,6,100.0,33.0,35.0,0.0,32.0,68.0,68.0,100.0,P3,True,,,,
F23-SALAC-PWD·NA,F23-SALAC-PWD,NA,False,White crystalline powder,,22.0,22,percent,False,Fine Chemicals & Actives,Dermatological actives,combo,6,100.0,33.0,35.0,0.0,32.0,68.0,68.0,100.0,P3,True,,,,
F23-SALAC-PWD·CN,F23-SALAC-PWD,CN,False,White crystalline powder,,22.0,22,percent,False,Fine Chemicals & Actives,Dermatological actives,combo,6,100.0,33.0,35.0,0.0,32.0,68.0,68.0,100.0,P3,True,,,,
F23-SALAC-PWD·IN,F23-SALAC-PWD,IN,False,White crystalline powder,,22.0,22,percent,False,Fine Chemicals & Actives,Dermatological actives,combo,6,100.0,33.0,35.0,0.0,32.0,68.0,68.0,100.0,P3,True,,,,
F23-GLYAC-LIQ·NA,F23-GLYAC-LIQ,NA,False,Clear aqueous solution (70%),,22.0,22,percent,False,Fine Chemicals & Actives,Dermatological actives,combo,5,100.0,25.0,50.0,0.0,25.0,75.0,55.0,73.3,P3,False,,,,
F23-GLYAC-LIQ·EU,F23-GLYAC-LIQ,EU,False,Clear aqueous solution (70%),,22.0,22,percent,False,Fine Chemicals & Actives,Dermatological actives,combo,5,100.0,25.0,50.0,0.0,25.0,75.0,75.0,100.0,P3,True,,,,
F23-GLYAC-LIQ·CN,F23-GLYAC-LIQ,CN,False,Clear aqueous solution (70%),,22.0,22,percent,False,Fine Chemicals & Actives,Dermatological actives,combo,5,100.0,25.0,50.0,0.0,25.0,75.0,75.0,100.0,P3,True,,,,
BCI-BENZ-LIQ·EU,BCI-BENZ-LIQ,EU,False,Liquid,,8.0,8,percent,False,Petrochemicals & Derivatives,Aromatics / BTX chain,combo,4,100.0,92.0,0.0,0.0,8.0,92.0,92.0,100.0,P1,True,,,,
BCI-BENZ-LIQ·NA,BCI-BENZ-LIQ,NA,False,Liquid,,8.0,8,percent,False,Petrochemicals & Derivatives,Aromatics / BTX chain,combo,4,100.0,92.0,0.0,0.0,8.0,92.0,92.0,100.0,P1,True,,,,
BCI-BENZ-LIQ·CN,BCI-BENZ-LIQ,CN,False,Liquid,,8.0,8,percent,False,Petrochemicals & Derivatives,Aromatics / BTX chain,combo,4,100.0,92.0,0.0,0.0,8.0,92.0,92.0,100.0,P1,True,,,,
BCI-BENZ-LIQ·APAC,BCI-BENZ-LIQ,APAC,False,Liquid,,8.0,8,percent,False,Petrochemicals & Derivatives,Aromatics / BTX chain,combo,4,100.0,92.0,0.0,0.0,8.0,92.0,92.0,100.0,P1,True,,,,
BCI-EO-LIQ·EU,BCI-EO-LIQ,EU,False,Liquid (pressurized),,12.0,12,percent,False,Petrochemicals & Derivatives,C2 / Ethylene derivatives,combo,4,100.0,85.0,0.0,0.0,15.0,85.0,85.0,100.0,P1,True,,,,
BCI-EO-LIQ·NA,BCI-EO-LIQ,NA,False,Liquid (pressurized),,12.0,12,percent,False,Petrochemicals & Derivatives,C2 / Ethylene derivatives,combo,4,100.0,10.0,75.0,0.0,15.0,85.0,85.0,100.0,P3,True,,,,
BCI-EO-LIQ·APAC,BCI-EO-LIQ,APAC,False,Liquid (pressurized),,12.0,12,percent,False,Petrochemicals & Derivatives,C2 / Ethylene derivatives,combo,4,100.0,85.0,0.0,0.0,15.0,85.0,85.0,100.0,P1,True,,,,
BCI-ACN-LIQ·EU,BCI-ACN-LIQ,EU,False,"Liquid, toxic",,10.0,10,percent,False,Petrochemicals & Derivatives,C3 / Propylene derivatives,combo,4,100.0,90.0,0.0,0.0,10.0,90.0,90.0,100.0,P1,True,,,,
BCI-ACN-LIQ·NA,BCI-ACN-LIQ,NA,False,"Liquid, toxic",,10.0,10,percent,False,Petrochemicals & Derivatives,C3 / Propylene derivatives,combo,4,100.0,90.0,0.0,0.0,10.0,90.0,90.0,100.0,P1,True,,,,
BCI-ACN-LIQ·CN,BCI-ACN-LIQ,CN,False,"Liquid, toxic",,10.0,10,percent,False,Petrochemicals & Derivatives,C3 / Propylene derivatives,combo,4,100.0,90.0,0.0,0.0,10.0,90.0,90.0,100.0,P1,True,,,,
BCI-ACN-LIQ·APAC,BCI-ACN-LIQ,APAC,False,"Liquid, toxic",,10.0,10,percent,False,Petrochemicals & Derivatives,C3 / Propylene derivatives,combo,4,100.0,90.0,0.0,0.0,10.0,90.0,90.0,100.0,P1,True,,,,
BCI-AA-LIQ·EU,BCI-AA-LIQ,EU,False,"Liquid, inhibited, acrid odor",,13.0,13,percent,False,Petrochemicals & Derivatives,C3 / Propylene derivatives,combo,5,100.0,82.0,0.0,0.0,18.0,82.0,82.0,100.0,P1,True,,,,
BCI-AA-LIQ·NA,BCI-AA-LIQ,NA,False,"Liquid, inhibited, acrid odor",,13.0,13,percent,False,Petrochemicals & Derivatives,C3 / Propylene derivatives,combo,5,100.0,82.0,0.0,0.0,18.0,82.0,82.0,100.0,P1,True,,,,
BCI-AA-LIQ·APAC,BCI-AA-LIQ,APAC,False,"Liquid, inhibited, acrid odor",,13.0,13,percent,False,Petrochemicals & Derivatives,C3 / Propylene derivatives,combo,5,100.0,82.0,0.0,0.0,18.0,82.0,82.0,100.0,P1,True,,,,
BCI-AA-LIQ·CN,BCI-AA-LIQ,CN,False,"Liquid, inhibited, acrid odor",,13.0,13,percent,False,Petrochemicals & Derivatives,C3 / Propylene derivatives,combo,5,100.0,82.0,0.0,0.0,18.0,82.0,82.0,100.0,P1,True,,,,
BCI-PHOL-SOL·EU,BCI-PHOL-SOL,EU,False,White crystalline solid/molten liquid,,12.0,12,percent,False,Petrochemicals & Derivatives,Aromatics / BTX chain,combo,4,100.0,87.0,0.0,0.0,13.0,87.0,87.0,100.0,P1,True,,,,
BCI-PHOL-SOL·NA,BCI-PHOL-SOL,NA,False,White crystalline solid/molten liquid,,12.0,12,percent,False,Petrochemicals & Derivatives,Aromatics / BTX chain,combo,4,100.0,87.0,0.0,0.0,13.0,87.0,87.0,100.0,P1,True,,,,
BCI-PHOL-SOL·APAC,BCI-PHOL-SOL,APAC,False,White crystalline solid/molten liquid,,12.0,12,percent,False,Petrochemicals & Derivatives,Aromatics / BTX chain,combo,4,100.0,87.0,0.0,0.0,13.0,87.0,87.0,100.0,P1,True,,,,
BCI-BPA-PWD·EU,BCI-BPA-PWD,EU,False,White crystalline flakes/prills,,15.0,15,percent,False,Petrochemicals & Derivatives,Aromatics / BTX chain,combo,4,100.0,78.0,0.0,0.0,22.0,78.0,78.0,100.0,P1,True,,,,
BCI-BPA-PWD·NA,BCI-BPA-PWD,NA,False,White crystalline flakes/prills,,15.0,15,percent,False,Petrochemicals & Derivatives,Aromatics / BTX chain,combo,4,100.0,78.0,0.0,0.0,22.0,78.0,78.0,100.0,P1,True,,,,
BCI-BPA-PWD·APAC,BCI-BPA-PWD,APAC,False,White crystalline flakes/prills,,15.0,15,percent,False,Petrochemicals & Derivatives,Aromatics / BTX chain,combo,4,100.0,78.0,0.0,0.0,22.0,78.0,78.0,100.0,P1,True,,,,
BCI-CHEX-LIQ·EU,BCI-CHEX-LIQ,EU,False,"Liquid, mild sweet odor",,8.0,8,percent,False,Petrochemicals & Derivatives,Aromatics / BTX chain,combo,4,100.0,84.0,8.0,0.0,8.0,92.0,84.0,91.3,P2,False,,,,
BCI-CHEX-LIQ·NA,BCI-CHEX-LIQ,NA,False,"Liquid, mild sweet odor",,8.0,8,percent,False,Petrochemicals & Derivatives,Aromatics / BTX chain,combo,4,100.0,92.0,0.0,0.0,8.0,92.0,84.0,91.3,P1,False,,,,
BCI-CHEX-LIQ·APAC,BCI-CHEX-LIQ,APAC,False,"Liquid, mild sweet odor",,8.0,8,percent,False,Petrochemicals & Derivatives,Aromatics / BTX chain,combo,4,100.0,84.0,8.0,0.0,8.0,92.0,84.0,91.3,P2,False,,,,
BCI-PX-LIQ·EU,BCI-PX-LIQ,EU,False,Colorless liquid,,13.0,13,percent,False,Petrochemicals & Derivatives,Aromatics / BTX chain,combo,4,100.0,87.0,0.0,0.0,13.0,87.0,87.0,100.0,P1,True,,,,
BCI-PX-LIQ·CN,BCI-PX-LIQ,CN,False,Colorless liquid,,13.0,13,percent,False,Petrochemicals & Derivatives,Aromatics / BTX chain,combo,4,100.0,87.0,0.0,0.0,13.0,87.0,87.0,100.0,P1,True,,,,
BCI-PX-LIQ·NA,BCI-PX-LIQ,NA,False,Colorless liquid,,13.0,13,percent,False,Petrochemicals & Derivatives,Aromatics / BTX chain,combo,4,100.0,87.0,0.0,0.0,13.0,87.0,87.0,100.0,P1,True,,,,
BCI-PX-LIQ·APAC,BCI-PX-LIQ,APAC,False,Colorless liquid,,13.0,13,percent,False,Petrochemicals & Derivatives,Aromatics / BTX chain,combo,4,100.0,87.0,0.0,0.0,13.0,87.0,87.0,100.0,P1,True,,,,
BCI-OX-LIQ·EU,BCI-OX-LIQ,EU,False,Colorless liquid,,13.0,13,percent,False,Petrochemicals & Derivatives,Aromatics / BTX chain,combo,4,100.0,87.0,0.0,0.0,13.0,87.0,87.0,100.0,P1,True,,,,
BCI-OX-LIQ·NA,BCI-OX-LIQ,NA,False,Colorless liquid,,13.0,13,percent,False,Petrochemicals & Derivatives,Aromatics / BTX chain,combo,4,100.0,87.0,0.0,0.0,13.0,87.0,87.0,100.0,P1,True,,,,
BCI-OX-LIQ·APAC,BCI-OX-LIQ,APAC,False,Colorless liquid,,13.0,13,percent,False,Petrochemicals & Derivatives,Aromatics / BTX chain,combo,4,100.0,87.0,0.0,0.0,13.0,87.0,87.0,100.0,P1,True,,,,
BCI-PTA-PWD·APAC,BCI-PTA-PWD,APAC,False,White crystalline powder,,12.0,12,percent,False,Petrochemicals & Derivatives,Aromatics / BTX chain,combo,5,100.0,68.0,20.0,0.0,12.0,88.0,88.0,100.0,P2,True,,,,
BCI-PTA-PWD·CN,BCI-PTA-PWD,CN,False,White crystalline powder,,12.0,12,percent,False,Petrochemicals & Derivatives,Aromatics / BTX chain,combo,5,100.0,68.0,20.0,0.0,12.0,88.0,88.0,100.0,P2,True,,,,
BCI-PTA-PWD·EU,BCI-PTA-PWD,EU,False,White crystalline powder,,12.0,12,percent,False,Petrochemicals & Derivatives,Aromatics / BTX chain,combo,5,100.0,68.0,20.0,0.0,12.0,88.0,88.0,100.0,P2,True,,,,
BCI-PTA-PWD·NA,BCI-PTA-PWD,NA,False,White crystalline powder,,12.0,12,percent,False,Petrochemicals & Derivatives,Aromatics / BTX chain,combo,5,100.0,68.0,20.0,0.0,12.0,88.0,88.0,100.0,P2,True,,,,
BCI-PIA-PWD·APAC,BCI-PIA-PWD,APAC,False,White crystalline powder,,13.0,13,percent,False,Petrochemicals & Derivatives,Aromatics / BTX chain,combo,5,100.0,67.0,20.0,0.0,13.0,87.0,87.0,100.0,P2,True,,,,
BCI-PIA-PWD·EU,BCI-PIA-PWD,EU,False,White crystalline powder,,13.0,13,percent,False,Petrochemicals & Derivatives,Aromatics / BTX chain,combo,5,100.0,67.0,20.0,0.0,13.0,87.0,87.0,100.0,P2,True,,,,
BCI-PIA-PWD·NA,BCI-PIA-PWD,NA,False,White crystalline powder,,13.0,13,percent,False,Petrochemicals & Derivatives,Aromatics / BTX chain,combo,5,100.0,67.0,20.0,0.0,13.0,87.0,87.0,100.0,P2,True,,,,
BCI-PO-LIQ·APAC,BCI-PO-LIQ,APAC,False,Colorless volatile liquid,,16.0,16,percent,False,Petrochemicals & Derivatives,C3 / Propylene derivatives,combo,5,100.0,54.0,20.0,0.0,26.0,74.0,74.0,100.0,P2,True,,,,
BCI-PO-LIQ·EU,BCI-PO-LIQ,EU,False,Colorless volatile liquid,,16.0,16,percent,False,Petrochemicals & Derivatives,C3 / Propylene derivatives,combo,5,100.0,54.0,20.0,0.0,26.0,74.0,74.0,100.0,P2,True,,,,
BCI-PO-LIQ·NA,BCI-PO-LIQ,NA,False,Colorless volatile liquid,,16.0,16,percent,False,Petrochemicals & Derivatives,C3 / Propylene derivatives,combo,5,100.0,54.0,20.0,0.0,26.0,74.0,74.0,100.0,P2,True,,,,
BCI-MMA-LIQ·APAC,BCI-MMA-LIQ,APAC,False,"Colorless liquid, acrid odor, inhibited",,18.0,18,percent,False,Petrochemicals & Derivatives,C3 / Propylene derivatives,combo,6,100.0,63.0,15.0,0.0,22.0,78.0,78.0,100.0,P2,True,,,,
BCI-MMA-LIQ·EU,BCI-MMA-LIQ,EU,False,"Colorless liquid, acrid odor, inhibited",,18.0,18,percent,False,Petrochemicals & Derivatives,C3 / Propylene derivatives,combo,6,100.0,63.0,15.0,0.0,22.0,78.0,78.0,100.0,P2,True,,,,
BCI-MMA-LIQ·NA,BCI-MMA-LIQ,NA,False,"Colorless liquid, acrid odor, inhibited",,18.0,18,percent,False,Petrochemicals & Derivatives,C3 / Propylene derivatives,combo,6,100.0,63.0,15.0,0.0,22.0,78.0,78.0,100.0,P2,True,,,,
BCI-NPG-PWD·EU,BCI-NPG-PWD,EU,False,White crystalline flakes,,16.0,16,percent,False,Petrochemicals & Derivatives,C1 / Methanol chain,combo,5,100.0,15.0,70.0,0.0,15.0,85.0,85.0,100.0,P3,True,,,,
BCI-NPG-PWD·NA,BCI-NPG-PWD,NA,False,White crystalline flakes,,16.0,16,percent,False,Petrochemicals & Derivatives,C1 / Methanol chain,combo,5,100.0,15.0,70.0,0.0,15.0,85.0,85.0,100.0,P3,True,,,,
BCI-NPG-PWD·APAC,BCI-NPG-PWD,APAC,False,White crystalline flakes,,16.0,16,percent,False,Petrochemicals & Derivatives,C1 / Methanol chain,combo,5,100.0,15.0,70.0,0.0,15.0,85.0,85.0,100.0,P3,True,,,,
BCI-TMP-PWD·EU,BCI-TMP-PWD,EU,False,White crystalline flakes,,18.0,18,percent,False,Petrochemicals & Derivatives,C1 / Methanol chain,combo,5,100.0,18.0,60.0,0.0,22.0,78.0,78.0,100.0,P3,True,,,,
BCI-TMP-PWD·NA,BCI-TMP-PWD,NA,False,White crystalline flakes,,18.0,18,percent,False,Petrochemicals & Derivatives,C1 / Methanol chain,combo,5,100.0,18.0,60.0,0.0,22.0,78.0,78.0,100.0,P3,True,,,,
BCI-PENTA-PWD·EU,BCI-PENTA-PWD,EU,False,White crystalline powder,,16.0,16,percent,False,Petrochemicals & Derivatives,C1 / Methanol chain,combo,5,100.0,9.0,55.0,0.0,36.0,64.0,39.0,60.9,P3,False,,,,
BCI-PENTA-PWD·NA,BCI-PENTA-PWD,NA,False,White crystalline powder,,16.0,16,percent,False,Petrochemicals & Derivatives,C1 / Methanol chain,combo,5,100.0,34.0,30.0,0.0,36.0,64.0,39.0,60.9,P2,False,,,,
BCI-PENTA-PWD·CN,BCI-PENTA-PWD,CN,False,White crystalline powder,,16.0,16,percent,False,Petrochemicals & Derivatives,C1 / Methanol chain,combo,5,100.0,9.0,55.0,0.0,36.0,64.0,39.0,60.9,P3,False,,,,
BCI-HEX1-LIQ·APAC,BCI-HEX1-LIQ,APAC,False,Colorless liquid,,18.0,18,percent,False,Petrochemicals & Derivatives,C2 / Ethylene derivatives,combo,4,100.0,74.0,0.0,0.0,26.0,74.0,74.0,100.0,P1,True,,,,
BCI-HEX1-LIQ·NA,BCI-HEX1-LIQ,NA,False,Colorless liquid,,18.0,18,percent,False,Petrochemicals & Derivatives,C2 / Ethylene derivatives,combo,4,100.0,74.0,0.0,0.0,26.0,74.0,74.0,100.0,P1,True,,,,
RES-LLDPE-PEL·APAC,RES-LLDPE-PEL,APAC,False,Translucent pellets,,10.0,10,percent,False,Plastics & Resins,Polyolefins,combo,4,100.0,73.0,15.0,0.0,12.0,88.0,73.0,83.0,P2,False,,,,
RES-LLDPE-PEL·EU,RES-LLDPE-PEL,EU,False,Translucent pellets,,10.0,10,percent,False,Plastics & Resins,Polyolefins,combo,4,100.0,73.0,15.0,0.0,12.0,88.0,73.0,83.0,P2,False,,,,
RES-LLDPE-PEL·NA,RES-LLDPE-PEL,NA,False,Translucent pellets,,10.0,10,percent,False,Plastics & Resins,Polyolefins,combo,4,100.0,88.0,0.0,0.0,12.0,88.0,73.0,83.0,P1,False,,,,
RES-LLDPE-PEL·CN,RES-LLDPE-PEL,CN,False,Translucent pellets,,10.0,10,percent,False,Plastics & Resins,Polyolefins,combo,4,100.0,73.0,15.0,0.0,12.0,88.0,73.0,83.0,P2,False,,,,
BCI-MEA-LIQ·APAC,BCI-MEA-LIQ,APAC,False,Clear viscous liquid (MEA) / waxy solid (TEA),,16.0,16,percent,False,Petrochemicals & Derivatives,C2 / Ethylene derivatives,combo,4,100.0,78.0,0.0,0.0,22.0,78.0,78.0,100.0,P1,True,,,,
BCI-MEA-LIQ·EU,BCI-MEA-LIQ,EU,False,Clear viscous liquid (MEA) / waxy solid (TEA),,16.0,16,percent,False,Petrochemicals & Derivatives,C2 / Ethylene derivatives,combo,4,100.0,78.0,0.0,0.0,22.0,78.0,78.0,100.0,P1,True,,,,
BCI-MEA-LIQ·NA,BCI-MEA-LIQ,NA,False,Clear viscous liquid (MEA) / waxy solid (TEA),,16.0,16,percent,False,Petrochemicals & Derivatives,C2 / Ethylene derivatives,combo,4,100.0,33.0,45.0,0.0,22.0,78.0,78.0,100.0,P3,True,,,,
SUR-FAE-LIQ·APAC,SUR-FAE-LIQ,APAC,False,Clear to hazy liquid or waxy paste,,14.0,14,percent,False,Surfactants,Non-ionic ethoxylates,combo,4,100.0,43.0,0.0,0.0,57.0,43.0,43.0,100.0,P1,True,,,,
SUR-FAE-LIQ·EU,SUR-FAE-LIQ,EU,False,Clear to hazy liquid or waxy paste,,14.0,14,percent,False,Surfactants,Non-ionic ethoxylates,combo,4,100.0,43.0,0.0,0.0,57.0,43.0,43.0,100.0,P1,True,,,,
SUR-FAE-LIQ·NA,SUR-FAE-LIQ,NA,False,Clear to hazy liquid or waxy paste,,14.0,14,percent,False,Surfactants,Non-ionic ethoxylates,combo,4,100.0,8.0,35.0,0.0,57.0,43.0,43.0,100.0,P3,True,,,,
BCI-POLYOL-LIQ·APAC,BCI-POLYOL-LIQ,APAC,False,Viscous clear to pale yellow liquid,,18.0,18,percent,False,Petrochemicals & Derivatives,C3 / Propylene derivatives,combo,5,100.0,68.0,0.0,0.0,32.0,68.0,68.0,100.0,P1,True,,,,
BCI-POLYOL-LIQ·EU,BCI-POLYOL-LIQ,EU,False,Viscous clear to pale yellow liquid,,18.0,18,percent,False,Petrochemicals & Derivatives,C3 / Propylene derivatives,combo,5,100.0,68.0,0.0,0.0,32.0,68.0,68.0,100.0,P1,True,,,,
BCI-POLYOL-LIQ·NA,BCI-POLYOL-LIQ,NA,False,Viscous clear to pale yellow liquid,,18.0,18,percent,False,Petrochemicals & Derivatives,C3 / Propylene derivatives,combo,5,100.0,43.0,25.0,0.0,32.0,68.0,68.0,100.0,P2,True,,,,
BCI-LAO8-LIQ·NA,BCI-LAO8-LIQ,NA,False,Colorless liquid,,18.0,18,percent,False,Petrochemicals & Derivatives,C2 / Ethylene derivatives,combo,5,100.0,74.0,0.0,0.0,26.0,74.0,74.0,100.0,P1,True,,,,
BCI-LAO8-LIQ·EU,BCI-LAO8-LIQ,EU,False,Colorless liquid,,18.0,18,percent,False,Petrochemicals & Derivatives,C2 / Ethylene derivatives,combo,5,100.0,74.0,0.0,0.0,26.0,74.0,74.0,100.0,P1,True,,,,
BCI-LAO8-LIQ·CN,BCI-LAO8-LIQ,CN,False,Colorless liquid,,18.0,18,percent,False,Petrochemicals & Derivatives,C2 / Ethylene derivatives,combo,5,100.0,74.0,0.0,0.0,26.0,74.0,74.0,100.0,P1,True,,,,
BCI-LAO1012-LIQ·NA,BCI-LAO1012-LIQ,NA,False,Colorless liquid,,15.0,15,percent,False,Petrochemicals & Derivatives,C2 / Ethylene derivatives,combo,5,100.0,80.0,0.0,0.0,20.0,80.0,80.0,100.0,P1,True,,,,
BCI-LAO1012-LIQ·EU,BCI-LAO1012-LIQ,EU,False,Colorless liquid,,15.0,15,percent,False,Petrochemicals & Derivatives,C2 / Ethylene derivatives,combo,5,100.0,80.0,0.0,0.0,20.0,80.0,80.0,100.0,P1,True,,,,
BCI-LAO1012-LIQ·CN,BCI-LAO1012-LIQ,CN,False,Colorless liquid,,15.0,15,percent,False,Petrochemicals & Derivatives,C2 / Ethylene derivatives,combo,5,100.0,80.0,0.0,0.0,20.0,80.0,80.0,100.0,P1,True,,,,
BCI-LAO1418-LIQ·NA,BCI-LAO1418-LIQ,NA,False,Colorless to pale yellow liquid,,15.0,15,percent,False,Petrochemicals & Derivatives,C2 / Ethylene derivatives,combo,5,100.0,81.0,0.0,0.0,19.0,81.0,81.0,100.0,P1,True,,,,
BCI-LAO1418-LIQ·EU,BCI-LAO1418-LIQ,EU,False,Colorless to pale yellow liquid,,15.0,15,percent,False,Petrochemicals & Derivatives,C2 / Ethylene derivatives,combo,5,100.0,81.0,0.0,0.0,19.0,81.0,81.0,100.0,P1,True,,,,
BCI-NEOFLO-LIQ·NA,BCI-NEOFLO-LIQ,NA,False,Pale yellow liquid,,16.0,16,percent,False,Petrochemicals & Derivatives,C2 / Ethylene derivatives,combo,5,100.0,80.0,0.0,0.0,20.0,80.0,80.0,100.0,P1,True,,,,
OLE-NEOD23-LIQ·NA,OLE-NEOD23-LIQ,NA,False,Colorless waxy solid/liquid (mp ~22°C),,15.0,15,percent,False,Petrochemicals & Derivatives,Synthetic alcohols,combo,5,100.0,85.0,0.0,0.0,15.0,85.0,60.0,70.6,P1,False,,,,
OLE-NEOD23-LIQ·EU,OLE-NEOD23-LIQ,EU,False,Colorless waxy solid/liquid (mp ~22°C),,15.0,15,percent,False,Petrochemicals & Derivatives,Synthetic alcohols,combo,5,100.0,60.0,25.0,0.0,15.0,85.0,60.0,70.6,P2,False,,,,
OLE-NEOD45-PWD·NA,OLE-NEOD45-PWD,NA,False,White waxy solid,,15.0,15,percent,False,Petrochemicals & Derivatives,Synthetic alcohols,combo,5,100.0,85.0,0.0,0.0,15.0,85.0,60.0,70.6,P1,False,,,,
OLE-NEOD45-PWD·EU,OLE-NEOD45-PWD,EU,False,White waxy solid,,15.0,15,percent,False,Petrochemicals & Derivatives,Synthetic alcohols,combo,5,100.0,60.0,25.0,0.0,15.0,85.0,60.0,70.6,P2,False,,,,
OLE-LINEVOL911-LIQ·NA,OLE-LINEVOL911-LIQ,NA,False,Colorless liquid,,16.0,16,percent,False,Petrochemicals & Derivatives,Synthetic alcohols,combo,5,100.0,84.0,0.0,0.0,16.0,84.0,59.0,70.2,P1,False,,,,
OLE-LINEVOL911-LIQ·EU,OLE-LINEVOL911-LIQ,EU,False,Colorless liquid,,16.0,16,percent,False,Petrochemicals & Derivatives,Synthetic alcohols,combo,5,100.0,59.0,25.0,0.0,16.0,84.0,59.0,70.2,P2,False,,,,
SUR-NEODEO-LIQ·NA,SUR-NEODEO-LIQ,NA,False,Clear to hazy liquid,,15.0,15,percent,False,Surfactants,Non-ionic ethoxylates,combo,6,100.0,55.0,30.0,0.0,15.0,85.0,75.0,88.2,P2,False,,,,
SUR-NEODEO-LIQ·EU,SUR-NEODEO-LIQ,EU,False,Clear to hazy liquid,,15.0,15,percent,False,Surfactants,Non-ionic ethoxylates,combo,6,100.0,75.0,10.0,0.0,15.0,85.0,75.0,88.2,P2,False,,,,
BCI-STY-LIQ·EU,BCI-STY-LIQ,EU,False,"Colorless liquid, sweet odor",,10.0,10,percent,False,Petrochemicals & Derivatives,C2 / Ethylene derivatives,combo,5,100.0,90.0,0.0,0.0,10.0,90.0,90.0,100.0,P1,True,,,,
BCI-STY-LIQ·NA,BCI-STY-LIQ,NA,False,"Colorless liquid, sweet odor",,10.0,10,percent,False,Petrochemicals & Derivatives,C2 / Ethylene derivatives,combo,5,100.0,90.0,0.0,0.0,10.0,90.0,90.0,100.0,P1,True,,,,
BCI-STY-LIQ·APAC,BCI-STY-LIQ,APAC,False,"Colorless liquid, sweet odor",,10.0,10,percent,False,Petrochemicals & Derivatives,C2 / Ethylene derivatives,combo,5,100.0,90.0,0.0,0.0,10.0,90.0,90.0,100.0,P1,True,,,,
BCI-BD-LIQ·EU,BCI-BD-LIQ,EU,False,"Colorless gas, liquefied under pressure",,12.0,12,percent,True,Petrochemicals & Derivatives,C4 / Butadiene & maleics,combo,4,100.0,88.0,0.0,0.0,12.0,88.0,88.0,100.0,P1,True,,,,
BCI-BD-LIQ·NA,BCI-BD-LIQ,NA,False,"Colorless gas, liquefied under pressure",,12.0,12,percent,True,Petrochemicals & Derivatives,C4 / Butadiene & maleics,combo,4,100.0,88.0,0.0,0.0,12.0,88.0,88.0,100.0,P1,True,,,,
BCI-BD-LIQ·APAC,BCI-BD-LIQ,APAC,False,"Colorless gas, liquefied under pressure",,12.0,12,percent,True,Petrochemicals & Derivatives,C4 / Butadiene & maleics,combo,4,100.0,88.0,0.0,0.0,12.0,88.0,88.0,100.0,P1,True,,,,
BCI-DEG-LIQ·EU,BCI-DEG-LIQ,EU,False,"Colorless, odorless, hygroscopic liquid",,10.0,10,percent,False,Petrochemicals & Derivatives,C2 / Ethylene derivatives,combo,5,100.0,82.0,0.0,0.0,18.0,82.0,82.0,100.0,P1,True,,,,
BCI-DEG-LIQ·NA,BCI-DEG-LIQ,NA,False,"Colorless, odorless, hygroscopic liquid",,10.0,10,percent,False,Petrochemicals & Derivatives,C2 / Ethylene derivatives,combo,5,100.0,82.0,0.0,0.0,18.0,82.0,82.0,100.0,P1,True,,,,
BCI-DEG-LIQ·APAC,BCI-DEG-LIQ,APAC,False,"Colorless, odorless, hygroscopic liquid",,10.0,10,percent,False,Petrochemicals & Derivatives,C2 / Ethylene derivatives,combo,5,100.0,82.0,0.0,0.0,18.0,82.0,82.0,100.0,P1,True,,,,
BCI-TEG-LIQ·NA,BCI-TEG-LIQ,NA,False,"Colorless, odorless, hygroscopic liquid",,13.0,13,percent,False,Petrochemicals & Derivatives,C2 / Ethylene derivatives,combo,5,100.0,79.0,0.0,0.0,21.0,79.0,79.0,100.0,P1,True,,,,
BCI-TEG-LIQ·EU,BCI-TEG-LIQ,EU,False,"Colorless, odorless, hygroscopic liquid",,13.0,13,percent,False,Petrochemicals & Derivatives,C2 / Ethylene derivatives,combo,5,100.0,79.0,0.0,0.0,21.0,79.0,79.0,100.0,P1,True,,,,
BCI-TEG-LIQ·MEA,BCI-TEG-LIQ,MEA,False,"Colorless, odorless, hygroscopic liquid",,13.0,13,percent,False,Petrochemicals & Derivatives,C2 / Ethylene derivatives,combo,5,100.0,71.0,8.0,0.0,21.0,79.0,79.0,100.0,P2,True,,,,
BCI-EC-LIQ·CN,BCI-EC-LIQ,CN,False,"Crystalline solid, mp 36°C",,18.0,18,percent,False,Petrochemicals & Derivatives,C2 / Ethylene derivatives,combo,5,100.0,67.0,0.0,0.0,33.0,67.0,67.0,100.0,P1,True,,,,
BCI-EC-LIQ·EU,BCI-EC-LIQ,EU,False,"Crystalline solid, mp 36°C",,18.0,18,percent,False,Petrochemicals & Derivatives,C2 / Ethylene derivatives,combo,5,100.0,67.0,0.0,0.0,33.0,67.0,67.0,100.0,P1,True,,,,
BCI-EC-LIQ·NA,BCI-EC-LIQ,NA,False,"Crystalline solid, mp 36°C",,18.0,18,percent,False,Petrochemicals & Derivatives,C2 / Ethylene derivatives,combo,5,100.0,12.0,55.0,0.0,33.0,67.0,67.0,100.0,P3,True,,,,
BCI-PC-LIQ·CN,BCI-PC-LIQ,CN,False,Colorless liquid,,18.0,18,percent,False,Petrochemicals & Derivatives,C3 / Propylene derivatives,combo,5,100.0,67.0,0.0,0.0,33.0,67.0,67.0,100.0,P1,True,,,,
BCI-PC-LIQ·EU,BCI-PC-LIQ,EU,False,Colorless liquid,,18.0,18,percent,False,Petrochemicals & Derivatives,C3 / Propylene derivatives,combo,5,100.0,67.0,0.0,0.0,33.0,67.0,67.0,100.0,P1,True,,,,
BCI-PC-LIQ·NA,BCI-PC-LIQ,NA,False,Colorless liquid,,18.0,18,percent,False,Petrochemicals & Derivatives,C3 / Propylene derivatives,combo,5,100.0,67.0,0.0,0.0,33.0,67.0,67.0,100.0,P1,True,,,,
MIN-SORBMONO-LIQ·EU,MIN-SORBMONO-LIQ,EU,False,Amber viscous liquid,,15.0,15,percent,False,Surfactants,Non-ionic ester & glucoside,combo,4,100.0,55.0,0.0,0.0,45.0,55.0,10.0,18.2,P1,False,,,,
MIN-SORBMONO-LIQ·NA,MIN-SORBMONO-LIQ,NA,False,Amber viscous liquid,,15.0,15,percent,False,Surfactants,Non-ionic ester & glucoside,combo,4,100.0,55.0,0.0,0.0,45.0,55.0,10.0,18.2,P1,False,,,,
MIN-SORBMONO-LIQ·APAC,MIN-SORBMONO-LIQ,APAC,False,Amber viscous liquid,,15.0,15,percent,False,Surfactants,Non-ionic ester & glucoside,combo,4,100.0,55.0,0.0,0.0,45.0,55.0,10.0,18.2,P1,False,,,,
MIN-SORBMONO-LIQ·LA,MIN-SORBMONO-LIQ,LA,False,Amber viscous liquid,,15.0,15,percent,False,Surfactants,Non-ionic ester & glucoside,combo,4,100.0,45.0,10.0,0.0,45.0,55.0,10.0,18.2,P2,False,,,,
MIN-EMULEXP-LIQ·NA,MIN-EMULEXP-LIQ,NA,False,Viscous water-in-oil emulsion,,8.0,8,percent,False,Inorganic Chemicals,Explosives & blasting agents,combo,8,100.0,86.0,5.0,0.0,9.0,91.0,83.0,91.2,P2,False,,,,
MIN-EMULEXP-LIQ·APAC,MIN-EMULEXP-LIQ,APAC,False,Viscous water-in-oil emulsion,,8.0,8,percent,False,Inorganic Chemicals,Explosives & blasting agents,combo,8,100.0,91.0,0.0,0.0,9.0,91.0,83.0,91.2,P1,False,,,,
MIN-EMULEXP-LIQ·LA,MIN-EMULEXP-LIQ,LA,False,Viscous water-in-oil emulsion,,8.0,8,percent,False,Inorganic Chemicals,Explosives & blasting agents,combo,8,100.0,24.0,67.0,0.0,9.0,91.0,83.0,91.2,P3,False,,,,
MIN-EMULEXP-LIQ·MEA,MIN-EMULEXP-LIQ,MEA,False,Viscous water-in-oil emulsion,,8.0,8,percent,False,Inorganic Chemicals,Explosives & blasting agents,combo,8,100.0,79.0,12.0,0.0,9.0,91.0,83.0,91.2,P2,False,,,,
BCI-ACETAC-LIQ·EU,BCI-ACETAC-LIQ,EU,False,"Colorless liquid, pungent odor",,14.0,14,percent,False,Petrochemicals & Derivatives,C1 / Methanol chain,combo,5,100.0,66.0,20.0,0.0,14.0,86.0,66.0,76.7,P2,False,,,,
BCI-ACETAC-LIQ·NA,BCI-ACETAC-LIQ,NA,False,"Colorless liquid, pungent odor",,14.0,14,percent,False,Petrochemicals & Derivatives,C1 / Methanol chain,combo,5,100.0,86.0,0.0,0.0,14.0,86.0,66.0,76.7,P1,False,,,,
BCI-ACETAC-LIQ·CN,BCI-ACETAC-LIQ,CN,False,"Colorless liquid, pungent odor",,14.0,14,percent,False,Petrochemicals & Derivatives,C1 / Methanol chain,combo,5,100.0,66.0,20.0,0.0,14.0,86.0,66.0,76.7,P2,False,,,,
BCI-ACETAC-LIQ·APAC,BCI-ACETAC-LIQ,APAC,False,"Colorless liquid, pungent odor",,14.0,14,percent,False,Petrochemicals & Derivatives,C1 / Methanol chain,combo,5,100.0,66.0,20.0,0.0,14.0,86.0,66.0,76.7,P2,False,,,,
BCI-VAM-LIQ·EU,BCI-VAM-LIQ,EU,False,"Colorless liquid, sweet odor",,15.0,15,percent,False,Petrochemicals & Derivatives,C1 / Methanol chain,combo,5,100.0,47.0,38.0,0.0,15.0,85.0,85.0,100.0,P2,True,,,,
BCI-VAM-LIQ·NA,BCI-VAM-LIQ,NA,False,"Colorless liquid, sweet odor",,15.0,15,percent,False,Petrochemicals & Derivatives,C1 / Methanol chain,combo,5,100.0,47.0,38.0,0.0,15.0,85.0,85.0,100.0,P2,True,,,,
BCI-VAM-LIQ·CN,BCI-VAM-LIQ,CN,False,"Colorless liquid, sweet odor",,15.0,15,percent,False,Petrochemicals & Derivatives,C1 / Methanol chain,combo,5,100.0,47.0,38.0,0.0,15.0,85.0,85.0,100.0,P2,True,,,,
BCI-CAPRO-PWD·EU,BCI-CAPRO-PWD,EU,False,White crystalline flakes/molten liquid,,16.0,16,percent,False,Petrochemicals & Derivatives,Aromatics / BTX chain,combo,5,100.0,84.0,0.0,0.0,16.0,84.0,84.0,100.0,P1,True,,,,
BCI-CAPRO-PWD·NA,BCI-CAPRO-PWD,NA,False,White crystalline flakes/molten liquid,,16.0,16,percent,False,Petrochemicals & Derivatives,Aromatics / BTX chain,combo,5,100.0,84.0,0.0,0.0,16.0,84.0,84.0,100.0,P1,True,,,,
BCI-CAPRO-PWD·APAC,BCI-CAPRO-PWD,APAC,False,White crystalline flakes/molten liquid,,16.0,16,percent,False,Petrochemicals & Derivatives,Aromatics / BTX chain,combo,5,100.0,84.0,0.0,0.0,16.0,84.0,84.0,100.0,P1,True,,,,
BCI-CAPRO-PWD·CN,BCI-CAPRO-PWD,CN,False,White crystalline flakes/molten liquid,,16.0,16,percent,False,Petrochemicals & Derivatives,Aromatics / BTX chain,combo,5,100.0,74.0,10.0,0.0,16.0,84.0,84.0,100.0,P2,True,,,,
BCI-ADIPAC-PWD·EU,BCI-ADIPAC-PWD,EU,False,White crystalline powder,,14.0,14,percent,False,Petrochemicals & Derivatives,Aromatics / BTX chain,combo,5,100.0,71.0,15.0,0.0,14.0,86.0,86.0,100.0,P2,True,,,,
BCI-ADIPAC-PWD·NA,BCI-ADIPAC-PWD,NA,False,White crystalline powder,,14.0,14,percent,False,Petrochemicals & Derivatives,Aromatics / BTX chain,combo,5,100.0,71.0,15.0,0.0,14.0,86.0,86.0,100.0,P2,True,,,,
BCI-ADIPAC-PWD·CN,BCI-ADIPAC-PWD,CN,False,White crystalline powder,,14.0,14,percent,False,Petrochemicals & Derivatives,Aromatics / BTX chain,combo,5,100.0,71.0,15.0,0.0,14.0,86.0,86.0,100.0,P2,True,,,,
BCI-PHAN-PWD·EU,BCI-PHAN-PWD,EU,False,White flakes/molten liquid,,11.0,11,percent,False,Petrochemicals & Derivatives,Aromatics / BTX chain,combo,4,100.0,89.0,0.0,0.0,11.0,89.0,89.0,100.0,P1,True,,,,
BCI-PHAN-PWD·NA,BCI-PHAN-PWD,NA,False,White flakes/molten liquid,,11.0,11,percent,False,Petrochemicals & Derivatives,Aromatics / BTX chain,combo,4,100.0,89.0,0.0,0.0,11.0,89.0,89.0,100.0,P1,True,,,,
BCI-PHAN-PWD·APAC,BCI-PHAN-PWD,APAC,False,White flakes/molten liquid,,11.0,11,percent,False,Petrochemicals & Derivatives,Aromatics / BTX chain,combo,4,100.0,89.0,0.0,0.0,11.0,89.0,89.0,100.0,P1,True,,,,
BCI-PHAN-PWD·CN,BCI-PHAN-PWD,CN,False,White flakes/molten liquid,,11.0,11,percent,False,Petrochemicals & Derivatives,Aromatics / BTX chain,combo,4,100.0,89.0,0.0,0.0,11.0,89.0,89.0,100.0,P1,True,,,,
BCI-MALAN-PWD·NA,BCI-MALAN-PWD,NA,False,White flakes/briquettes,,15.0,15,percent,False,Petrochemicals & Derivatives,C4 / Butadiene & maleics,combo,4,100.0,85.0,0.0,0.0,15.0,85.0,25.0,29.4,P1,False,,,,
BCI-MALAN-PWD·EU,BCI-MALAN-PWD,EU,False,White flakes/briquettes,,15.0,15,percent,False,Petrochemicals & Derivatives,C4 / Butadiene & maleics,combo,4,100.0,25.0,60.0,0.0,15.0,85.0,25.0,29.4,P3,False,,,,
BCI-MALAN-PWD·APAC,BCI-MALAN-PWD,APAC,False,White flakes/briquettes,,15.0,15,percent,False,Petrochemicals & Derivatives,C4 / Butadiene & maleics,combo,4,100.0,25.0,60.0,0.0,15.0,85.0,25.0,29.4,P3,False,,,,
BCI-ANIL-LIQ·EU,BCI-ANIL-LIQ,EU,False,Colorless to pale yellow liquid,,13.0,13,percent,False,Petrochemicals & Derivatives,Aromatics / BTX chain,combo,5,100.0,79.0,8.0,0.0,13.0,87.0,79.0,90.8,P2,False,,,,
BCI-ANIL-LIQ·NA,BCI-ANIL-LIQ,NA,False,Colorless to pale yellow liquid,,13.0,13,percent,False,Petrochemicals & Derivatives,Aromatics / BTX chain,combo,5,100.0,87.0,0.0,0.0,13.0,87.0,79.0,90.8,P1,False,,,,
BCI-ANIL-LIQ·CN,BCI-ANIL-LIQ,CN,False,Colorless to pale yellow liquid,,13.0,13,percent,False,Petrochemicals & Derivatives,Aromatics / BTX chain,combo,5,100.0,79.0,8.0,0.0,13.0,87.0,79.0,90.8,P2,False,,,,
BCI-ACAN-LIQ·EU,BCI-ACAN-LIQ,EU,False,"Colorless liquid, pungent odor",,15.0,15,percent,False,Petrochemicals & Derivatives,C1 / Methanol chain,combo,5,100.0,65.0,20.0,0.0,15.0,85.0,85.0,100.0,P2,True,,,,
BCI-ACAN-LIQ·NA,BCI-ACAN-LIQ,NA,False,"Colorless liquid, pungent odor",,15.0,15,percent,False,Petrochemicals & Derivatives,C1 / Methanol chain,combo,5,100.0,65.0,20.0,0.0,15.0,85.0,85.0,100.0,P2,True,,,,
BCI-ACAN-LIQ·CN,BCI-ACAN-LIQ,CN,False,"Colorless liquid, pungent odor",,15.0,15,percent,False,Petrochemicals & Derivatives,C1 / Methanol chain,combo,5,100.0,65.0,20.0,0.0,15.0,85.0,85.0,100.0,P2,True,,,,
RES-UPR-LIQ·EU,RES-UPR-LIQ,EU,False,"Viscous liquid resin, dissolved in styrene",,16.0,16,percent,False,Plastics & Resins,Polyester resins,combo,6,100.0,48.0,45.0,0.0,7.0,93.0,73.0,78.5,P2,False,,,,
RES-UPR-LIQ·NA,RES-UPR-LIQ,NA,False,"Viscous liquid resin, dissolved in styrene",,16.0,16,percent,False,Plastics & Resins,Polyester resins,combo,6,100.0,68.0,25.0,0.0,7.0,93.0,73.0,78.5,P2,False,,,,
RES-UPR-LIQ·APAC,RES-UPR-LIQ,APAC,False,"Viscous liquid resin, dissolved in styrene",,16.0,16,percent,False,Plastics & Resins,Polyester resins,combo,6,100.0,48.0,45.0,0.0,7.0,93.0,73.0,78.5,P2,False,,,,
RES-UPR-LIQ·CN,RES-UPR-LIQ,CN,False,"Viscous liquid resin, dissolved in styrene",,16.0,16,percent,False,Plastics & Resins,Polyester resins,combo,6,100.0,48.0,45.0,0.0,7.0,93.0,73.0,78.5,P2,False,,,,
POL-PVOH-PWD·EU,POL-PVOH-PWD,EU,False,White to cream powder/granules,,18.0,18,percent,False,Water-Soluble Polymers,Synthetic water-soluble,combo,4,100.0,44.0,38.0,0.0,18.0,82.0,82.0,100.0,P2,True,,,,
POL-PVOH-PWD·NA,POL-PVOH-PWD,NA,False,White to cream powder/granules,,18.0,18,percent,False,Water-Soluble Polymers,Synthetic water-soluble,combo,4,100.0,44.0,38.0,0.0,18.0,82.0,82.0,100.0,P2,True,,,,
POL-PVOH-PWD·CN,POL-PVOH-PWD,CN,False,White to cream powder/granules,,18.0,18,percent,False,Water-Soluble Polymers,Synthetic water-soluble,combo,4,100.0,44.0,38.0,0.0,18.0,82.0,82.0,100.0,P2,True,,,,
SOL-DMF-LIQ·CN,SOL-DMF-LIQ,CN,False,"Colorless liquid, mild amine odor",,16.0,16,percent,False,Solvents,Polar aprotic solvents,combo,5,100.0,69.0,15.0,0.0,16.0,84.0,84.0,100.0,P2,True,,,,
SOL-DMF-LIQ·EU,SOL-DMF-LIQ,EU,False,"Colorless liquid, mild amine odor",,16.0,16,percent,False,Solvents,Polar aprotic solvents,combo,5,100.0,84.0,0.0,0.0,16.0,84.0,84.0,100.0,P1,True,,,,
SOL-DMF-LIQ·NA,SOL-DMF-LIQ,NA,False,"Colorless liquid, mild amine odor",,16.0,16,percent,False,Solvents,Polar aprotic solvents,combo,5,100.0,84.0,0.0,0.0,16.0,84.0,84.0,100.0,P1,True,,,,
BCI-MELAM-PWD·EU,BCI-MELAM-PWD,EU,False,White crystalline powder,,15.0,15,percent,False,Petrochemicals & Derivatives,C1 / Methanol chain,combo,4,100.0,60.0,25.0,0.0,15.0,85.0,60.0,70.6,P2,False,,,,
BCI-MELAM-PWD·NA,BCI-MELAM-PWD,NA,False,White crystalline powder,,15.0,15,percent,False,Petrochemicals & Derivatives,C1 / Methanol chain,combo,4,100.0,85.0,0.0,0.0,15.0,85.0,60.0,70.6,P1,False,,,,
BCI-MELAM-PWD·CN,BCI-MELAM-PWD,CN,False,White crystalline powder,,15.0,15,percent,False,Petrochemicals & Derivatives,C1 / Methanol chain,combo,4,100.0,60.0,25.0,0.0,15.0,85.0,60.0,70.6,P2,False,,,,
FOD-SORB-LIQ·EU,FOD-SORB-LIQ,EU,False,Clear viscous liquid (70%) or crystalline powder,,16.0,16,percent,False,Fermentation & Bioprocessing,Starch & glucose derivatives,combo,5,100.0,14.0,0.0,0.0,86.0,14.0,14.0,100.0,P1,True,,,,
FOD-SORB-LIQ·NA,FOD-SORB-LIQ,NA,False,Clear viscous liquid (70%) or crystalline powder,,16.0,16,percent,False,Fermentation & Bioprocessing,Starch & glucose derivatives,combo,5,100.0,14.0,0.0,0.0,86.0,14.0,14.0,100.0,P1,True,,,,
FOD-SORB-LIQ·CN,FOD-SORB-LIQ,CN,False,Clear viscous liquid,,16.0,16,percent,False,,,,0,0.0,0.0,0.0,0.0,0.0,,,,,False,,,,
MIN-ACPHOS-LIQ·GL,MIN-ACPHOS-LIQ·GL,GL,True,,,,,absent,,Phosphorus Chemicals,Mining reagents,formula,4,100.0,0.0,0.0,100.0,0.0,100.0,60.0,60.0,P1,False,,,,
MIN-CYBK-LIQ·GL,MIN-CYBK-LIQ·GL,GL,True,,,,,absent,,Surfactants,Mining reagents,formula,4,100.0,0.0,0.0,100.0,0.0,100.0,55.0,55.0,P1,False,,,,
MIN-CYFLOC-LIQ·GL,MIN-CYFLOC-LIQ·GL,GL,True,,,,,absent,,Water-Soluble Polymers,Mining reagents,formula,4,100.0,0.0,0.0,100.0,0.0,100.0,55.0,55.0,P1,False,,,,
MIN-CYQST-LIQ·GL,MIN-CYQST-LIQ·GL,GL,True,,,,,absent,,Water-Soluble Polymers,Mining reagents,formula,4,100.0,0.0,0.0,100.0,0.0,100.0,35.0,35.0,P1,False,,,,
MIN-MAXHT-LIQ·GL,MIN-MAXHT-LIQ·GL,GL,True,,,,,absent,,Fine Chemicals & Actives,Mining reagents,formula,4,100.0,0.0,0.0,100.0,0.0,100.0,80.0,80.0,P1,False,,,,
MIN-OREP-LIQ·GL,MIN-OREP-LIQ·GL,GL,True,,,,,absent,,Petrochemicals & Derivatives,Mining reagents,formula,4,100.0,0.0,0.0,100.0,0.0,100.0,85.0,85.0,P1,False,,,,
AGR-PH3-CYL·GL,AGR-PH3-CYL·GL,GL,True,,,,,absent,,Crop Protection Chemicals,Fumigants,formula,4,100.0,0.0,0.0,100.0,0.0,100.0,60.0,60.0,P1,False,,,,
AGR-PH3MIX-CYL·GL,AGR-PH3MIX-CYL·GL,GL,True,,,,,absent,,Crop Protection Chemicals,Fumigants,formula,4,100.0,0.0,0.0,100.0,0.0,100.0,55.0,55.0,P1,False,,,,
PFC-ANTIST-LIQ·GL,PFC-ANTIST-LIQ·GL,GL,True,,,,,absent,,Plastics & Resins,Polymer additives,formula,5,100.0,0.0,0.0,100.0,0.0,100.0,90.0,90.0,P1,False,,,,
PFC-HALS-GRN·GL,PFC-HALS-GRN·GL,GL,True,,,,,absent,,Plastics & Resins,Polymer additives,formula,5,100.0,0.0,0.0,100.0,0.0,100.0,85.0,85.0,P1,False,,,,
PFC-UVA-GRN·GL,PFC-UVA-GRN·GL,GL,True,,,,,absent,,Plastics & Resins,Polymer additives,formula,5,100.0,0.0,0.0,100.0,0.0,100.0,90.0,90.0,P1,False,,,,
ELA-COADH-PWD·GL,ELA-COADH-PWD·GL,GL,True,,,,,absent,,Elastomers,Rubber chemicals,formula,5,100.0,0.0,0.0,100.0,0.0,100.0,90.0,90.0,P1,False,,,,
SOL-RHDIA-LIQ·GL,SOL-RHDIA-LIQ·GL,GL,True,,,,,absent,,Solvents,Bio-based solvents,formula,4,100.0,0.0,0.0,100.0,0.0,100.0,80.0,80.0,P1,False,,,,
SUR-ADIBD-LIQ·GL,SUR-ADIBD-LIQ·GL,GL,True,,,,,absent,,Surfactants,Metal treatment additives,formula,5,100.0,0.0,0.0,100.0,0.0,100.0,55.0,55.0,P1,False,,,,
SUR-ALKAM-LIQ·GL,SUR-ALKAM-LIQ·GL,GL,True,,,,,absent,,Surfactants,Non-ionic emulsifiers,formula,5,100.0,0.0,0.0,100.0,0.0,100.0,90.0,90.0,P1,False,,,,
SUR-SIPOM-LIQ·GL,SUR-SIPOM-LIQ·GL,GL,True,,,,,absent,,Surfactants,Emulsion polymerisation aids,formula,5,100.0,0.0,0.0,100.0,0.0,100.0,60.0,60.0,P1,False,,,,
LUB-PHOS-LIQ·GL,LUB-PHOS-LIQ·GL,GL,True,,,,,absent,,Surfactants,Metalworking fluid additives,formula,5,100.0,0.0,0.0,100.0,0.0,100.0,90.0,90.0,P1,False,,,,
