series_key,year,month,quarter,value,kind
lab-eu,2023,1,1,100,actual
lab-eu,2023,2,1,101,actual
lab-eu,2023,3,1,103,actual
lab-eu,2023,4,2,102,actual
lab-eu,2023,5,2,104,actual
lab-eu,2023,6,2,106,actual
lab-eu,2023,7,3,108,actual
lab-eu,2023,8,3,106,actual
lab-eu,2023,9,3,107,actual
lab-eu,2023,10,4,110,actual
lab-eu,2023,11,4,111,actual
lab-eu,2023,12,4,112,actual
lab-eu,2024,1,1,108,actual
lab-eu,2024,2,1,109,actual
lab-eu,2024,3,1,110,actual
lab-eu,2024,4,2,109,actual
lab-eu,2024,5,2,111,actual
lab-eu,2024,6,2,110,actual
lab-eu,2024,7,3,109,actual
lab-eu,2024,8,3,110,actual
lab-eu,2024,9,3,110,actual
lab-eu,2024,10,4,111,actual
lab-eu,2024,11,4,111,actual
lab-eu,2024,12,4,112,actual
lab-eu,2025,1,1,111,actual
lab-eu,2025,2,1,110,actual
lab-eu,2025,3,1,109,actual
lab-eu,2025,4,2,110,actual
lab-eu,2025,5,2,111,actual
lab-eu,2025,6,2,112,actual
lab-eu,2025,7,3,113,actual
lab-eu,2025,8,3,112,actual
lab-eu,2025,9,3,111,actual
lab-eu,2025,10,4,110,actual
lab-eu,2025,11,4,109,actual
lab-eu,2025,12,4,108,actual
lab-eu,2026,1,1,108,actual
lab-eu,2026,2,1,107,actual
lab-eu,2026,3,1,108,actual
lab-eu,2026,4,2,109,actual
lab-eu,2026,5,2,108,actual
lab-eu,2026,6,2,108,actual
lab-in,2023,1,1,100,actual
lab-in,2023,2,1,101,actual
lab-in,2023,3,1,103,actual
lab-in,2023,4,2,103,actual
lab-in,2023,5,2,105,actual
lab-in,2023,6,2,107,actual
lab-in,2023,7,3,109,actual
lab-in,2023,8,3,108,actual
lab-in,2023,9,3,109,actual
lab-in,2023,10,4,112,actual
lab-in,2023,11,4,113,actual
lab-in,2023,12,4,114,actual
lab-in,2024,1,1,110,actual
lab-in,2024,2,1,111,actual
lab-in,2024,3,1,112,actual
lab-in,2024,4,2,112,actual
lab-in,2024,5,2,114,actual
lab-in,2024,6,2,113,actual
lab-in,2024,7,3,112,actual
lab-in,2024,8,3,113,actual
lab-in,2024,9,3,113,actual
lab-in,2024,10,4,114,actual
lab-in,2024,11,4,114,actual
lab-in,2024,12,4,115,actual
lab-in,2025,1,1,114,actual
lab-in,2025,2,1,113,actual
lab-in,2025,3,1,112,actual
lab-in,2025,4,2,113,actual
lab-in,2025,5,2,114,actual
lab-in,2025,6,2,115,actual
lab-in,2025,7,3,116,actual
lab-in,2025,8,3,115,actual
lab-in,2025,9,3,114,actual
lab-in,2025,10,4,113,actual
lab-in,2025,11,4,112,actual
lab-in,2025,12,4,111,actual
lab-in,2026,1,1,111,actual
lab-in,2026,2,1,110,actual
lab-in,2026,3,1,111,actual
lab-in,2026,4,2,112,actual
lab-in,2026,5,2,111,actual
lab-in,2026,6,2,111,actual
lab-mea,2023,1,1,100,actual
lab-mea,2023,2,1,100,actual
lab-mea,2023,3,1,101,actual
lab-mea,2023,4,2,101,actual
lab-mea,2023,5,2,103,actual
lab-mea,2023,6,2,104,actual
lab-mea,2023,7,3,106,actual
lab-mea,2023,8,3,104,actual
lab-mea,2023,9,3,105,actual
lab-mea,2023,10,4,107,actual
lab-mea,2023,11,4,108,actual
lab-mea,2023,12,4,107,actual
lab-mea,2024,1,1,104,actual
lab-mea,2024,2,1,105,actual
lab-mea,2024,3,1,106,actual
lab-mea,2024,4,2,106,actual
lab-mea,2024,5,2,108,actual
lab-mea,2024,6,2,107,actual
lab-mea,2024,7,3,106,actual
lab-mea,2024,8,3,107,actual
lab-mea,2024,9,3,107,actual
lab-mea,2024,10,4,108,actual
lab-mea,2024,11,4,108,actual
lab-mea,2024,12,4,107,actual
lab-mea,2025,1,1,106,actual
lab-mea,2025,2,1,105,actual
lab-mea,2025,3,1,105,actual
lab-mea,2025,4,2,106,actual
lab-mea,2025,5,2,107,actual
lab-mea,2025,6,2,107,actual
lab-mea,2025,7,3,108,actual
lab-mea,2025,8,3,107,actual
lab-mea,2025,9,3,106,actual
lab-mea,2025,10,4,105,actual
lab-mea,2025,11,4,104,actual
lab-mea,2025,12,4,104,actual
lab-mea,2026,1,1,104,actual
lab-mea,2026,2,1,103,actual
lab-mea,2026,3,1,104,actual
lab-mea,2026,4,2,105,actual
lab-mea,2026,5,2,104,actual
lab-mea,2026,6,2,104,actual
lab-apac,2023,1,1,100,actual
lab-apac,2023,2,1,101,actual
lab-apac,2023,3,1,102,actual
lab-apac,2023,4,2,103,actual
lab-apac,2023,5,2,105,actual
lab-apac,2023,6,2,106,actual
lab-apac,2023,7,3,108,actual
lab-apac,2023,8,3,107,actual
lab-apac,2023,9,3,108,actual
lab-apac,2023,10,4,110,actual
lab-apac,2023,11,4,111,actual
lab-apac,2023,12,4,110,actual
lab-apac,2024,1,1,107,actual
lab-apac,2024,2,1,108,actual
lab-apac,2024,3,1,109,actual
lab-apac,2024,4,2,109,actual
lab-apac,2024,5,2,111,actual
lab-apac,2024,6,2,110,actual
lab-apac,2024,7,3,109,actual
lab-apac,2024,8,3,110,actual
lab-apac,2024,9,3,110,actual
lab-apac,2024,10,4,111,actual
lab-apac,2024,11,4,111,actual
lab-apac,2024,12,4,110,actual
lab-apac,2025,1,1,109,actual
lab-apac,2025,2,1,108,actual
lab-apac,2025,3,1,108,actual
lab-apac,2025,4,2,109,actual
lab-apac,2025,5,2,110,actual
lab-apac,2025,6,2,111,actual
lab-apac,2025,7,3,112,actual
lab-apac,2025,8,3,111,actual
lab-apac,2025,9,3,110,actual
lab-apac,2025,10,4,109,actual
lab-apac,2025,11,4,108,actual
lab-apac,2025,12,4,107,actual
lab-apac,2026,1,1,107,actual
lab-apac,2026,2,1,106,actual
lab-apac,2026,3,1,107,actual
lab-apac,2026,4,2,108,actual
lab-apac,2026,5,2,107,actual
lab-apac,2026,6,2,107,actual
lab-na,2023,1,1,100,actual
lab-na,2023,2,1,101,actual
lab-na,2023,3,1,102,actual
lab-na,2023,4,2,104,actual
lab-na,2023,5,2,105,actual
lab-na,2023,6,2,107,actual
lab-na,2023,7,3,109,actual
lab-na,2023,8,3,108,actual
lab-na,2023,9,3,109,actual
lab-na,2023,10,4,111,actual
lab-na,2023,11,4,112,actual
lab-na,2023,12,4,113,actual
lab-na,2024,1,1,109,actual
lab-na,2024,2,1,110,actual
lab-na,2024,3,1,111,actual
lab-na,2024,4,2,110,actual
lab-na,2024,5,2,112,actual
lab-na,2024,6,2,111,actual
lab-na,2024,7,3,110,actual
lab-na,2024,8,3,111,actual
lab-na,2024,9,3,111,actual
lab-na,2024,10,4,112,actual
lab-na,2024,11,4,112,actual
lab-na,2024,12,4,113,actual
lab-na,2025,1,1,112,actual
lab-na,2025,2,1,111,actual
lab-na,2025,3,1,110,actual
lab-na,2025,4,2,111,actual
lab-na,2025,5,2,112,actual
lab-na,2025,6,2,113,actual
lab-na,2025,7,3,114,actual
lab-na,2025,8,3,113,actual
lab-na,2025,9,3,112,actual
lab-na,2025,10,4,111,actual
lab-na,2025,11,4,110,actual
lab-na,2025,12,4,109,actual
lab-na,2026,1,1,109,actual
lab-na,2026,2,1,108,actual
lab-na,2026,3,1,109,actual
lab-na,2026,4,2,110,actual
lab-na,2026,5,2,109,actual
lab-na,2026,6,2,109,actual
pko,2023,1,1,100,actual
pko,2023,2,1,99,actual
pko,2023,3,1,98,actual
pko,2023,4,2,97,actual
pko,2023,5,2,96,actual
pko,2023,6,2,97,actual
pko,2023,7,3,96.5,actual
pko,2023,8,3,96,actual
pko,2023,9,3,95.5,actual
pko,2023,10,4,96,actual
pko,2023,11,4,95.5,actual
pko,2023,12,4,95.8,actual
pko,2024,1,1,97,actual
pko,2024,2,1,96.5,actual
pko,2024,3,1,96,actual
pko,2024,4,2,95.5,actual
pko,2024,5,2,96,actual
pko,2024,6,2,95.5,actual
pko,2024,7,3,95,actual
pko,2024,8,3,95.5,actual
pko,2024,9,3,95.5,actual
pko,2024,10,4,96,actual
pko,2024,11,4,95.8,actual
pko,2024,12,4,95.8,actual
pko,2025,1,1,96,actual
pko,2025,2,1,96.5,actual
pko,2025,3,1,97,actual
pko,2025,4,2,97.5,actual
pko,2025,5,2,97,actual
pko,2025,6,2,96.5,actual
pko,2025,7,3,96,actual
pko,2025,8,3,95.5,actual
pko,2025,9,3,95,actual
pko,2025,10,4,94.5,actual
pko,2025,11,4,94,actual
pko,2025,12,4,93.8,actual
pko,2026,1,1,93.5,actual
pko,2026,2,1,93.2,actual
pko,2026,3,1,93,actual
pko,2026,4,2,92.8,actual
pko,2026,5,2,92.5,actual
pko,2026,6,2,92.2,actual
cpo,2023,1,1,100,actual
cpo,2023,2,1,99.5,actual
cpo,2023,3,1,98.5,actual
cpo,2023,4,2,97.5,actual
cpo,2023,5,2,96.5,actual
cpo,2023,6,2,97.5,actual
cpo,2023,7,3,97,actual
cpo,2023,8,3,96.5,actual
cpo,2023,9,3,96,actual
cpo,2023,10,4,96.5,actual
cpo,2023,11,4,96,actual
cpo,2023,12,4,96.2,actual
cpo,2024,1,1,97.5,actual
cpo,2024,2,1,97,actual
cpo,2024,3,1,96.5,actual
cpo,2024,4,2,96,actual
cpo,2024,5,2,96.5,actual
cpo,2024,6,2,96,actual
cpo,2024,7,3,95.5,actual
cpo,2024,8,3,96,actual
cpo,2024,9,3,96,actual
cpo,2024,10,4,96.5,actual
cpo,2024,11,4,96.2,actual
cpo,2024,12,4,96.2,actual
cpo,2025,1,1,96.5,actual
cpo,2025,2,1,97,actual
cpo,2025,3,1,97.5,actual
cpo,2025,4,2,98,actual
cpo,2025,5,2,97.5,actual
cpo,2025,6,2,97,actual
cpo,2025,7,3,96.5,actual
cpo,2025,8,3,96,actual
cpo,2025,9,3,95.5,actual
cpo,2025,10,4,95,actual
cpo,2025,11,4,94.5,actual
cpo,2025,12,4,94.2,actual
cpo,2026,1,1,93.8,actual
cpo,2026,2,1,93.5,actual
cpo,2026,3,1,93.2,actual
cpo,2026,4,2,93,actual
cpo,2026,5,2,92.8,actual
cpo,2026,6,2,92.5,actual
elec-eu,2023,1,1,100,actual
elec-eu,2023,2,1,99,actual
elec-eu,2023,3,1,98,actual
elec-eu,2023,4,2,97.5,actual
elec-eu,2023,5,2,97,actual
elec-eu,2023,6,2,96.5,actual
elec-eu,2023,7,3,96,actual
elec-eu,2023,8,3,95.5,actual
elec-eu,2023,9,3,95,actual
elec-eu,2023,10,4,95,actual
elec-eu,2023,11,4,94.8,actual
elec-eu,2023,12,4,94.8,actual
elec-eu,2024,1,1,97,actual
elec-eu,2024,2,1,96.5,actual
elec-eu,2024,3,1,96,actual
elec-eu,2024,4,2,95.5,actual
elec-eu,2024,5,2,96,actual
elec-eu,2024,6,2,95.5,actual
elec-eu,2024,7,3,95,actual
elec-eu,2024,8,3,95,actual
elec-eu,2024,9,3,94.8,actual
elec-eu,2024,10,4,94.8,actual
elec-eu,2024,11,4,94.8,actual
elec-eu,2024,12,4,94.8,actual
elec-eu,2025,1,1,94.5,actual
elec-eu,2025,2,1,94.2,actual
elec-eu,2025,3,1,94,actual
elec-eu,2025,4,2,93.8,actual
elec-eu,2025,5,2,93.5,actual
elec-eu,2025,6,2,93.2,actual
elec-eu,2025,7,3,93,actual
elec-eu,2025,8,3,92.8,actual
elec-eu,2025,9,3,92.5,actual
elec-eu,2025,10,4,92.2,actual
elec-eu,2025,11,4,92,actual
elec-eu,2025,12,4,91.8,actual
elec-eu,2026,1,1,91.5,actual
elec-eu,2026,2,1,91.2,actual
elec-eu,2026,3,1,91,actual
elec-eu,2026,4,2,90.8,actual
elec-eu,2026,5,2,90.5,actual
elec-eu,2026,6,2,90.2,actual
elec-na,2023,1,1,100,actual
elec-na,2023,2,1,100,actual
elec-na,2023,3,1,99.5,actual
elec-na,2023,4,2,99,actual
elec-na,2023,5,2,98.5,actual
elec-na,2023,6,2,98,actual
elec-na,2023,7,3,97.5,actual
elec-na,2023,8,3,97,actual
elec-na,2023,9,3,96.5,actual
elec-na,2023,10,4,96.5,actual
elec-na,2023,11,4,96.2,actual
elec-na,2023,12,4,96,actual
elec-na,2024,1,1,98,actual
elec-na,2024,2,1,97.5,actual
elec-na,2024,3,1,97,actual
elec-na,2024,4,2,96.5,actual
elec-na,2024,5,2,97,actual
elec-na,2024,6,2,96.5,actual
elec-na,2024,7,3,96,actual
elec-na,2024,8,3,96,actual
elec-na,2024,9,3,95.8,actual
elec-na,2024,10,4,95.8,actual
elec-na,2024,11,4,95.5,actual
elec-na,2024,12,4,95.5,actual
elec-na,2025,1,1,95.2,actual
elec-na,2025,2,1,95,actual
elec-na,2025,3,1,94.8,actual
elec-na,2025,4,2,94.5,actual
elec-na,2025,5,2,94.2,actual
elec-na,2025,6,2,94,actual
elec-na,2025,7,3,93.8,actual
elec-na,2025,8,3,93.5,actual
elec-na,2025,9,3,93.2,actual
elec-na,2025,10,4,93,actual
elec-na,2025,11,4,92.8,actual
elec-na,2025,12,4,92.5,actual
elec-na,2026,1,1,92.2,actual
elec-na,2026,2,1,92,actual
elec-na,2026,3,1,91.8,actual
elec-na,2026,4,2,91.5,actual
elec-na,2026,5,2,91.2,actual
elec-na,2026,6,2,91,actual
elec-in,2023,1,1,100,actual
elec-in,2023,2,1,100.5,actual
elec-in,2023,3,1,101,actual
elec-in,2023,4,2,101.5,actual
elec-in,2023,5,2,102,actual
elec-in,2023,6,2,102.5,actual
elec-in,2023,7,3,102,actual
elec-in,2023,8,3,101.5,actual
elec-in,2023,9,3,101,actual
elec-in,2023,10,4,101.5,actual
elec-in,2023,11,4,102,actual
elec-in,2023,12,4,102.5,actual
elec-in,2024,1,1,101,actual
elec-in,2024,2,1,101.5,actual
elec-in,2024,3,1,102,actual
elec-in,2024,4,2,102.5,actual
elec-in,2024,5,2,103,actual
elec-in,2024,6,2,102.5,actual
elec-in,2024,7,3,102,actual
elec-in,2024,8,3,102.5,actual
elec-in,2024,9,3,103,actual
elec-in,2024,10,4,103.5,actual
elec-in,2024,11,4,104,actual
elec-in,2024,12,4,104.2,actual
elec-in,2025,1,1,104,actual
elec-in,2025,2,1,103.8,actual
elec-in,2025,3,1,103.5,actual
elec-in,2025,4,2,103.2,actual
elec-in,2025,5,2,103,actual
elec-in,2025,6,2,102.8,actual
elec-in,2025,7,3,102.5,actual
elec-in,2025,8,3,102.2,actual
elec-in,2025,9,3,102,actual
elec-in,2025,10,4,101.8,actual
elec-in,2025,11,4,101.5,actual
elec-in,2025,12,4,101.2,actual
elec-in,2026,1,1,101,actual
elec-in,2026,2,1,100.8,actual
elec-in,2026,3,1,100.5,actual
elec-in,2026,4,2,100.2,actual
elec-in,2026,5,2,100,actual
elec-in,2026,6,2,99.8,actual
elec-cn,2023,1,1,100,actual
elec-cn,2023,2,1,100,actual
elec-cn,2023,3,1,99.5,actual
elec-cn,2023,4,2,99.5,actual
elec-cn,2023,5,2,99,actual
elec-cn,2023,6,2,99,actual
elec-cn,2023,7,3,99,actual
elec-cn,2023,8,3,99,actual
elec-cn,2023,9,3,99,actual
elec-cn,2023,10,4,99.2,actual
elec-cn,2023,11,4,99.2,actual
elec-cn,2023,12,4,99.2,actual
elec-cn,2024,1,1,100,actual
elec-cn,2024,2,1,99.5,actual
elec-cn,2024,3,1,99.5,actual
elec-cn,2024,4,2,99,actual
elec-cn,2024,5,2,99,actual
elec-cn,2024,6,2,99,actual
elec-cn,2024,7,3,99,actual
elec-cn,2024,8,3,99,actual
elec-cn,2024,9,3,99.2,actual
elec-cn,2024,10,4,99.2,actual
elec-cn,2024,11,4,99.2,actual
elec-cn,2024,12,4,99.2,actual
elec-cn,2025,1,1,99,actual
elec-cn,2025,2,1,98.8,actual
elec-cn,2025,3,1,98.5,actual
elec-cn,2025,4,2,98.5,actual
elec-cn,2025,5,2,98.2,actual
elec-cn,2025,6,2,98,actual
elec-cn,2025,7,3,97.8,actual
elec-cn,2025,8,3,97.5,actual
elec-cn,2025,9,3,97.5,actual
elec-cn,2025,10,4,97.2,actual
elec-cn,2025,11,4,97,actual
elec-cn,2025,12,4,97,actual
elec-cn,2026,1,1,96.8,actual
elec-cn,2026,2,1,96.5,actual
elec-cn,2026,3,1,96.5,actual
elec-cn,2026,4,2,96.2,actual
elec-cn,2026,5,2,96,actual
elec-cn,2026,6,2,96,actual
elec-mea,2023,1,1,100,actual
elec-mea,2023,2,1,100,actual
elec-mea,2023,3,1,100.5,actual
elec-mea,2023,4,2,100.5,actual
elec-mea,2023,5,2,101,actual
elec-mea,2023,6,2,101,actual
elec-mea,2023,7,3,101,actual
elec-mea,2023,8,3,101,actual
elec-mea,2023,9,3,101.5,actual
elec-mea,2023,10,4,101.5,actual
elec-mea,2023,11,4,102,actual
elec-mea,2023,12,4,102,actual
elec-mea,2024,1,1,101,actual
elec-mea,2024,2,1,101,actual
elec-mea,2024,3,1,101.5,actual
elec-mea,2024,4,2,101.5,actual
elec-mea,2024,5,2,102,actual
elec-mea,2024,6,2,102,actual
elec-mea,2024,7,3,102,actual
elec-mea,2024,8,3,102.5,actual
elec-mea,2024,9,3,102.5,actual
elec-mea,2024,10,4,103,actual
elec-mea,2024,11,4,103,actual
elec-mea,2024,12,4,103.2,actual
elec-mea,2025,1,1,103,actual
elec-mea,2025,2,1,102.8,actual
elec-mea,2025,3,1,102.5,actual
elec-mea,2025,4,2,102.2,actual
elec-mea,2025,5,2,102,actual
elec-mea,2025,6,2,101.8,actual
elec-mea,2025,7,3,101.5,actual
elec-mea,2025,8,3,101.2,actual
elec-mea,2025,9,3,101,actual
elec-mea,2025,10,4,100.8,actual
elec-mea,2025,11,4,100.5,actual
elec-mea,2025,12,4,100.2,actual
elec-mea,2026,1,1,100,actual
elec-mea,2026,2,1,99.8,actual
elec-mea,2026,3,1,99.5,actual
elec-mea,2026,4,2,99.2,actual
elec-mea,2026,5,2,99,actual
elec-mea,2026,6,2,98.8,actual
iron-scrap-na,2023,1,1,100,actual
iron-scrap-na,2023,2,1,106.2,actual
iron-scrap-na,2023,3,1,116.5,actual
iron-scrap-na,2023,4,2,114.1,actual
iron-scrap-na,2023,5,2,108.3,actual
iron-scrap-na,2023,6,2,97.7,actual
iron-scrap-na,2023,7,3,94.6,actual
iron-scrap-na,2023,8,3,95.3,actual
iron-scrap-na,2023,9,3,96,actual
iron-scrap-na,2023,10,4,93.7,actual
iron-scrap-na,2023,11,4,97.3,actual
iron-scrap-na,2023,12,4,106.7,actual
iron-scrap-na,2024,1,1,108.7,actual
iron-scrap-na,2024,2,1,105.8,actual
iron-scrap-na,2024,3,1,97.5,actual
iron-scrap-na,2024,4,2,95.3,actual
iron-scrap-na,2024,5,2,94.9,actual
iron-scrap-na,2024,6,2,91.4,actual
iron-scrap-na,2024,7,3,91.6,actual
iron-scrap-na,2024,8,3,91.3,actual
iron-scrap-na,2024,9,3,90.5,actual
iron-scrap-na,2024,10,4,92.3,actual
iron-scrap-na,2024,11,4,92.5,actual
iron-scrap-na,2024,12,4,90.2,actual
iron-scrap-na,2025,1,1,93,actual
iron-scrap-na,2025,2,1,100.7,actual
iron-scrap-na,2025,3,1,106.5,actual
iron-scrap-na,2025,4,2,99.4,actual
iron-scrap-na,2025,5,2,94.3,actual
iron-scrap-na,2025,6,2,93.2,actual
iron-scrap-na,2025,7,3,92.7,actual
iron-scrap-na,2025,8,3,92.9,actual
iron-scrap-na,2025,9,3,92.4,actual
iron-scrap-na,2025,10,4,90.7,actual
iron-scrap-na,2025,11,4,91.1,actual
iron-scrap-na,2025,12,4,93.3,actual
iron-scrap-na,2026,1,1,100.2,actual
iron-scrap-na,2026,2,1,107.5,actual
iron-scrap-na,2026,3,1,108.4,actual
iron-scrap-na,2026,4,2,104.3,actual
iron-scrap-na,2026,5,2,104.6,actual
iron-scrap-na,2026,6,2,104.6,actual
iron-scrap-eu,2023,1,1,100,actual
iron-scrap-eu,2023,2,1,99.7,actual
iron-scrap-eu,2023,3,1,99.4,actual
iron-scrap-eu,2023,4,2,99.1,actual
iron-scrap-eu,2023,5,2,98.8,actual
iron-scrap-eu,2023,6,2,98.5,actual
iron-scrap-eu,2023,7,3,98.2,actual
iron-scrap-eu,2023,8,3,97.8,actual
iron-scrap-eu,2023,9,3,97.5,actual
iron-scrap-eu,2023,10,4,97.2,actual
iron-scrap-eu,2023,11,4,96.9,actual
iron-scrap-eu,2023,12,4,96.6,actual
iron-scrap-eu,2024,1,1,96.3,actual
iron-scrap-eu,2024,2,1,96,actual
iron-scrap-eu,2024,3,1,96.3,actual
iron-scrap-eu,2024,4,2,96.5,actual
iron-scrap-eu,2024,5,2,96.8,actual
iron-scrap-eu,2024,6,2,97,actual
iron-scrap-eu,2024,7,3,97.3,actual
iron-scrap-eu,2024,8,3,97.5,actual
iron-scrap-eu,2024,9,3,97.8,actual
iron-scrap-eu,2024,10,4,98,actual
iron-scrap-eu,2024,11,4,98.3,actual
iron-scrap-eu,2024,12,4,98.5,actual
iron-scrap-eu,2025,1,1,98.8,actual
iron-scrap-eu,2025,2,1,99,actual
iron-scrap-eu,2025,3,1,99.9,actual
iron-scrap-eu,2025,4,2,100.8,actual
iron-scrap-eu,2025,5,2,101.7,actual
iron-scrap-eu,2025,6,2,102.6,actual
iron-scrap-eu,2025,7,3,103.5,actual
iron-scrap-eu,2025,8,3,104.4,actual
iron-scrap-eu,2025,9,3,105.3,actual
iron-scrap-eu,2025,10,4,106.2,actual
iron-scrap-eu,2025,11,4,107.1,actual
iron-scrap-eu,2025,12,4,108,actual
iron-scrap-eu,2026,1,1,112.5,actual
iron-scrap-eu,2026,2,1,117,actual
iron-scrap-eu,2026,3,1,121.5,actual
iron-scrap-eu,2026,4,2,119.8,actual
iron-scrap-eu,2026,5,2,118.1,actual
iron-scrap-eu,2026,6,2,116.4,actual
sulfuric-acid-na,2023,1,1,100,actual
sulfuric-acid-na,2023,2,1,101.3,actual
sulfuric-acid-na,2023,3,1,100.1,actual
sulfuric-acid-na,2023,4,2,104.5,actual
sulfuric-acid-na,2023,5,2,92.2,actual
sulfuric-acid-na,2023,6,2,91.8,actual
sulfuric-acid-na,2023,7,3,91.2,actual
sulfuric-acid-na,2023,8,3,89.9,actual
sulfuric-acid-na,2023,9,3,82.2,actual
sulfuric-acid-na,2023,10,4,83.6,actual
sulfuric-acid-na,2023,11,4,90.5,actual
sulfuric-acid-na,2023,12,4,92.3,actual
sulfuric-acid-na,2024,1,1,95.1,actual
sulfuric-acid-na,2024,2,1,84.6,actual
sulfuric-acid-na,2024,3,1,84,actual
sulfuric-acid-na,2024,4,2,86.6,actual
sulfuric-acid-na,2024,5,2,81.2,actual
sulfuric-acid-na,2024,6,2,78.9,actual
sulfuric-acid-na,2024,7,3,90.9,actual
sulfuric-acid-na,2024,8,3,87.8,actual
sulfuric-acid-na,2024,9,3,89.5,actual
sulfuric-acid-na,2024,10,4,89.6,actual
sulfuric-acid-na,2024,11,4,103.7,actual
sulfuric-acid-na,2024,12,4,103.8,actual
sulfuric-acid-na,2025,1,1,104.4,actual
sulfuric-acid-na,2025,2,1,89.7,actual
sulfuric-acid-na,2025,3,1,91.2,actual
sulfuric-acid-na,2025,4,2,90.4,actual
sulfuric-acid-na,2025,5,2,105.5,actual
sulfuric-acid-na,2025,6,2,107,actual
sulfuric-acid-na,2025,7,3,108.5,actual
sulfuric-acid-na,2025,8,3,108.5,actual
sulfuric-acid-na,2025,9,3,105.6,actual
sulfuric-acid-na,2025,10,4,109.4,actual
sulfuric-acid-na,2025,11,4,114.1,actual
sulfuric-acid-na,2025,12,4,114,actual
sulfuric-acid-na,2026,1,1,113.7,actual
sulfuric-acid-na,2026,2,1,120.2,actual
sulfuric-acid-na,2026,3,1,121.1,actual
sulfuric-acid-na,2026,4,2,123.7,actual
sulfuric-acid-na,2026,5,2,124.2,actual
sulfuric-acid-na,2026,6,2,124.2,actual
sulfuric-acid-eu,2023,1,1,100,actual
sulfuric-acid-eu,2023,2,1,100.6,actual
sulfuric-acid-eu,2023,3,1,101.2,actual
sulfuric-acid-eu,2023,4,2,101.8,actual
sulfuric-acid-eu,2023,5,2,102.4,actual
sulfuric-acid-eu,2023,6,2,103,actual
sulfuric-acid-eu,2023,7,3,103.6,actual
sulfuric-acid-eu,2023,8,3,104.2,actual
sulfuric-acid-eu,2023,9,3,104.8,actual
sulfuric-acid-eu,2023,10,4,105.4,actual
sulfuric-acid-eu,2023,11,4,106,actual
sulfuric-acid-eu,2023,12,4,106.6,actual
sulfuric-acid-eu,2024,1,1,107.2,actual
sulfuric-acid-eu,2024,2,1,107.8,actual
sulfuric-acid-eu,2024,3,1,108.4,actual
sulfuric-acid-eu,2024,4,2,109,actual
sulfuric-acid-eu,2024,5,2,109.6,actual
sulfuric-acid-eu,2024,6,2,110.2,actual
sulfuric-acid-eu,2024,7,3,110.8,actual
sulfuric-acid-eu,2024,8,3,111.4,actual
sulfuric-acid-eu,2024,9,3,112,actual
sulfuric-acid-eu,2024,10,4,113.4,actual
sulfuric-acid-eu,2024,11,4,114.8,actual
sulfuric-acid-eu,2024,12,4,116.2,actual
sulfuric-acid-eu,2025,1,1,117.6,actual
sulfuric-acid-eu,2025,2,1,119,actual
sulfuric-acid-eu,2025,3,1,120.4,actual
sulfuric-acid-eu,2025,4,2,121.8,actual
sulfuric-acid-eu,2025,5,2,123.2,actual
sulfuric-acid-eu,2025,6,2,124.6,actual
sulfuric-acid-eu,2025,7,3,126,actual
sulfuric-acid-eu,2025,8,3,127.4,actual
sulfuric-acid-eu,2025,9,3,128.8,actual
sulfuric-acid-eu,2025,10,4,130.2,actual
sulfuric-acid-eu,2025,11,4,161.3,actual
sulfuric-acid-eu,2025,12,4,192.3,actual
sulfuric-acid-eu,2026,1,1,197.1,actual
sulfuric-acid-eu,2026,2,1,202,actual
sulfuric-acid-eu,2026,3,1,206.8,actual
sulfuric-acid-eu,2026,4,2,206.8,actual
sulfuric-acid-eu,2026,5,2,206.8,actual
sulfuric-acid-eu,2026,6,2,206.8,actual
sulfuric-acid-cn,2023,1,1,100,actual
sulfuric-acid-cn,2023,2,1,101,actual
sulfuric-acid-cn,2023,3,1,102,actual
sulfuric-acid-cn,2023,4,2,103,actual
sulfuric-acid-cn,2023,5,2,104,actual
sulfuric-acid-cn,2023,6,2,105,actual
sulfuric-acid-cn,2023,7,3,106,actual
sulfuric-acid-cn,2023,8,3,107,actual
sulfuric-acid-cn,2023,9,3,108,actual
sulfuric-acid-cn,2023,10,4,109,actual
sulfuric-acid-cn,2023,11,4,110,actual
sulfuric-acid-cn,2023,12,4,111,actual
sulfuric-acid-cn,2024,1,1,112,actual
sulfuric-acid-cn,2024,2,1,117.9,actual
sulfuric-acid-cn,2024,3,1,123.8,actual
sulfuric-acid-cn,2024,4,2,129.6,actual
sulfuric-acid-cn,2024,5,2,135.5,actual
sulfuric-acid-cn,2024,6,2,141.4,actual
sulfuric-acid-cn,2024,7,3,147.3,actual
sulfuric-acid-cn,2024,8,3,153.1,actual
sulfuric-acid-cn,2024,9,3,159,actual
sulfuric-acid-cn,2024,10,4,164.9,actual
sulfuric-acid-cn,2024,11,4,170.8,actual
sulfuric-acid-cn,2024,12,4,176.6,actual
sulfuric-acid-cn,2025,1,1,182.5,actual
sulfuric-acid-cn,2025,2,1,181.4,actual
sulfuric-acid-cn,2025,3,1,180.2,actual
sulfuric-acid-cn,2025,4,2,179.1,actual
sulfuric-acid-cn,2025,5,2,178,actual
sulfuric-acid-cn,2025,6,2,176.8,actual
sulfuric-acid-cn,2025,7,3,175.7,actual
sulfuric-acid-cn,2025,8,3,174.5,actual
sulfuric-acid-cn,2025,9,3,173.4,actual
sulfuric-acid-cn,2025,10,4,172.3,actual
sulfuric-acid-cn,2025,11,4,171.1,actual
sulfuric-acid-cn,2025,12,4,170,actual
sulfuric-acid-cn,2026,1,1,172.7,actual
sulfuric-acid-cn,2026,2,1,175.3,actual
sulfuric-acid-cn,2026,3,1,178,actual
sulfuric-acid-cn,2026,4,2,180.3,actual
sulfuric-acid-cn,2026,5,2,182.7,actual
sulfuric-acid-cn,2026,6,2,185,actual
ammonia-na,2023,1,1,100,actual
ammonia-na,2023,2,1,88.8,actual
ammonia-na,2023,3,1,80,actual
ammonia-na,2023,4,2,74.2,actual
ammonia-na,2023,5,2,68.3,actual
ammonia-na,2023,6,2,58.5,actual
ammonia-na,2023,7,3,58,actual
ammonia-na,2023,8,3,57.1,actual
ammonia-na,2023,9,3,56.6,actual
ammonia-na,2023,10,4,61.6,actual
ammonia-na,2023,11,4,63.4,actual
ammonia-na,2023,12,4,67.5,actual
ammonia-na,2024,1,1,65,actual
ammonia-na,2024,2,1,60.6,actual
ammonia-na,2024,3,1,63.2,actual
ammonia-na,2024,4,2,64,actual
ammonia-na,2024,5,2,63.2,actual
ammonia-na,2024,6,2,60.3,actual
ammonia-na,2024,7,3,59.7,actual
ammonia-na,2024,8,3,58.5,actual
ammonia-na,2024,9,3,58,actual
ammonia-na,2024,10,4,60.4,actual
ammonia-na,2024,11,4,59.9,actual
ammonia-na,2024,12,4,65.5,actual
ammonia-na,2025,1,1,63.8,actual
ammonia-na,2025,2,1,64.3,actual
ammonia-na,2025,3,1,67.2,actual
ammonia-na,2025,4,2,67.6,actual
ammonia-na,2025,5,2,71,actual
ammonia-na,2025,6,2,68.8,actual
ammonia-na,2025,7,3,68.4,actual
ammonia-na,2025,8,3,69,actual
ammonia-na,2025,9,3,70.5,actual
ammonia-na,2025,10,4,72.6,actual
ammonia-na,2025,11,4,76.6,actual
ammonia-na,2025,12,4,78.1,actual
ammonia-na,2026,1,1,81.1,actual
ammonia-na,2026,2,1,83.4,actual
ammonia-na,2026,3,1,87.1,actual
ammonia-na,2026,4,2,96.2,actual
ammonia-na,2026,5,2,101.8,actual
ammonia-na,2026,6,2,101.8,actual
ammonia-eu,2023,1,1,100,actual
ammonia-eu,2023,2,1,99.4,actual
ammonia-eu,2023,3,1,98.8,actual
ammonia-eu,2023,4,2,98.2,actual
ammonia-eu,2023,5,2,97.6,actual
ammonia-eu,2023,6,2,97,actual
ammonia-eu,2023,7,3,96.4,actual
ammonia-eu,2023,8,3,95.8,actual
ammonia-eu,2023,9,3,95.2,actual
ammonia-eu,2023,10,4,94.6,actual
ammonia-eu,2023,11,4,94,actual
ammonia-eu,2023,12,4,93.4,actual
ammonia-eu,2024,1,1,92.8,actual
ammonia-eu,2024,2,1,92.2,actual
ammonia-eu,2024,3,1,91.6,actual
ammonia-eu,2024,4,2,91,actual
ammonia-eu,2024,5,2,90.4,actual
ammonia-eu,2024,6,2,89.8,actual
ammonia-eu,2024,7,3,89.2,actual
ammonia-eu,2024,8,3,88.6,actual
ammonia-eu,2024,9,3,88,actual
ammonia-eu,2024,10,4,89.3,actual
ammonia-eu,2024,11,4,90.6,actual
ammonia-eu,2024,12,4,91.9,actual
ammonia-eu,2025,1,1,93.2,actual
ammonia-eu,2025,2,1,94.5,actual
ammonia-eu,2025,3,1,95.8,actual
ammonia-eu,2025,4,2,97.2,actual
ammonia-eu,2025,5,2,98.5,actual
ammonia-eu,2025,6,2,99.8,actual
ammonia-eu,2025,7,3,101.1,actual
ammonia-eu,2025,8,3,102.4,actual
ammonia-eu,2025,9,3,103.7,actual
ammonia-eu,2025,10,4,105,actual
ammonia-eu,2025,11,4,106.3,actual
ammonia-eu,2025,12,4,104.2,actual
ammonia-eu,2026,1,1,104.7,actual
ammonia-eu,2026,2,1,105.3,actual
ammonia-eu,2026,3,1,105.8,actual
ammonia-eu,2026,4,2,105.2,actual
ammonia-eu,2026,5,2,104.6,actual
ammonia-eu,2026,6,2,104,actual
ammonia-in,2023,1,1,100,actual
ammonia-in,2023,2,1,99.6,actual
ammonia-in,2023,3,1,99.2,actual
ammonia-in,2023,4,2,98.8,actual
ammonia-in,2023,5,2,98.4,actual
ammonia-in,2023,6,2,98,actual
ammonia-in,2023,7,3,97.6,actual
ammonia-in,2023,8,3,97.2,actual
ammonia-in,2023,9,3,96.8,actual
ammonia-in,2023,10,4,96.4,actual
ammonia-in,2023,11,4,96,actual
ammonia-in,2023,12,4,95.6,actual
ammonia-in,2024,1,1,95.2,actual
ammonia-in,2024,2,1,94.8,actual
ammonia-in,2024,3,1,94.4,actual
ammonia-in,2024,4,2,94,actual
ammonia-in,2024,5,2,93.6,actual
ammonia-in,2024,6,2,93.2,actual
ammonia-in,2024,7,3,92.8,actual
ammonia-in,2024,8,3,92.4,actual
ammonia-in,2024,9,3,92,actual
ammonia-in,2024,10,4,92.7,actual
ammonia-in,2024,11,4,93.3,actual
ammonia-in,2024,12,4,94,actual
ammonia-in,2025,1,1,94.6,actual
ammonia-in,2025,2,1,95.3,actual
ammonia-in,2025,3,1,95.9,actual
ammonia-in,2025,4,2,96.6,actual
ammonia-in,2025,5,2,97.2,actual
ammonia-in,2025,6,2,97.9,actual
ammonia-in,2025,7,3,98.5,actual
ammonia-in,2025,8,3,99.1,actual
ammonia-in,2025,9,3,99.8,actual
ammonia-in,2025,10,4,100.4,actual
ammonia-in,2025,11,4,101.1,actual
ammonia-in,2025,12,4,99,actual
ammonia-in,2026,1,1,103.9,actual
ammonia-in,2026,2,1,108.9,actual
ammonia-in,2026,3,1,113.8,actual
ammonia-in,2026,4,2,114.9,actual
ammonia-in,2026,5,2,116.1,actual
ammonia-in,2026,6,2,117.2,actual
ammonia-mea,2023,1,1,100,actual
ammonia-mea,2023,2,1,99.5,actual
ammonia-mea,2023,3,1,99,actual
ammonia-mea,2023,4,2,98.5,actual
ammonia-mea,2023,5,2,98,actual
ammonia-mea,2023,6,2,97.5,actual
ammonia-mea,2023,7,3,97,actual
ammonia-mea,2023,8,3,96.5,actual
ammonia-mea,2023,9,3,96,actual
ammonia-mea,2023,10,4,95.5,actual
ammonia-mea,2023,11,4,95,actual
ammonia-mea,2023,12,4,94.5,actual
ammonia-mea,2024,1,1,94,actual
ammonia-mea,2024,2,1,93.5,actual
ammonia-mea,2024,3,1,93,actual
ammonia-mea,2024,4,2,92.5,actual
ammonia-mea,2024,5,2,92,actual
ammonia-mea,2024,6,2,91.5,actual
ammonia-mea,2024,7,3,91,actual
ammonia-mea,2024,8,3,90.5,actual
ammonia-mea,2024,9,3,90,actual
ammonia-mea,2024,10,4,90.7,actual
ammonia-mea,2024,11,4,91.4,actual
ammonia-mea,2024,12,4,92,actual
ammonia-mea,2025,1,1,92.7,actual
ammonia-mea,2025,2,1,93.4,actual
ammonia-mea,2025,3,1,94.1,actual
ammonia-mea,2025,4,2,94.8,actual
ammonia-mea,2025,5,2,95.4,actual
ammonia-mea,2025,6,2,96.1,actual
ammonia-mea,2025,7,3,96.8,actual
ammonia-mea,2025,8,3,97.5,actual
ammonia-mea,2025,9,3,98.1,actual
ammonia-mea,2025,10,4,98.8,actual
ammonia-mea,2025,11,4,99.5,actual
ammonia-mea,2025,12,4,97,actual
ammonia-mea,2026,1,1,101.1,actual
ammonia-mea,2026,2,1,105.3,actual
ammonia-mea,2026,3,1,109.4,actual
ammonia-mea,2026,4,2,112.4,actual
ammonia-mea,2026,5,2,115.5,actual
ammonia-mea,2026,6,2,118.5,actual
caustic-soda-na,2023,1,1,100,actual
caustic-soda-na,2023,2,1,97.1,actual
caustic-soda-na,2023,3,1,96.9,actual
caustic-soda-na,2023,4,2,92.8,actual
caustic-soda-na,2023,5,2,89.8,actual
caustic-soda-na,2023,6,2,87,actual
caustic-soda-na,2023,7,3,77.6,actual
caustic-soda-na,2023,8,3,76.2,actual
caustic-soda-na,2023,9,3,74.1,actual
caustic-soda-na,2023,10,4,70.1,actual
caustic-soda-na,2023,11,4,69.6,actual
caustic-soda-na,2023,12,4,68.7,actual
caustic-soda-na,2024,1,1,66.2,actual
caustic-soda-na,2024,2,1,66.8,actual
caustic-soda-na,2024,3,1,66.5,actual
caustic-soda-na,2024,4,2,65.1,actual
caustic-soda-na,2024,5,2,65.3,actual
caustic-soda-na,2024,6,2,65.2,actual
caustic-soda-na,2024,7,3,64.4,actual
caustic-soda-na,2024,8,3,65.2,actual
caustic-soda-na,2024,9,3,64.2,actual
caustic-soda-na,2024,10,4,65.3,actual
caustic-soda-na,2024,11,4,66.1,actual
caustic-soda-na,2024,12,4,66.1,actual
caustic-soda-na,2025,1,1,66.3,actual
caustic-soda-na,2025,2,1,66.3,actual
caustic-soda-na,2025,3,1,66.4,actual
caustic-soda-na,2025,4,2,66.7,actual
caustic-soda-na,2025,5,2,66.6,actual
caustic-soda-na,2025,6,2,67.1,actual
caustic-soda-na,2025,7,3,69.1,actual
caustic-soda-na,2025,8,3,69.3,actual
caustic-soda-na,2025,9,3,68.5,actual
caustic-soda-na,2025,10,4,68.5,actual
caustic-soda-na,2025,11,4,67.6,actual
caustic-soda-na,2025,12,4,67.2,actual
caustic-soda-na,2026,1,1,67.4,actual
caustic-soda-na,2026,2,1,68.1,actual
caustic-soda-na,2026,3,1,69.8,actual
caustic-soda-na,2026,4,2,70.5,actual
caustic-soda-na,2026,5,2,72.3,actual
caustic-soda-na,2026,6,2,72.3,actual
caustic-soda-eu,2023,1,1,100,actual
caustic-soda-eu,2023,2,1,99.1,actual
caustic-soda-eu,2023,3,1,98.2,actual
caustic-soda-eu,2023,4,2,97.3,actual
caustic-soda-eu,2023,5,2,96.4,actual
caustic-soda-eu,2023,6,2,95.5,actual
caustic-soda-eu,2023,7,3,94.6,actual
caustic-soda-eu,2023,8,3,93.7,actual
caustic-soda-eu,2023,9,3,92.8,actual
caustic-soda-eu,2023,10,4,91.9,actual
caustic-soda-eu,2023,11,4,91,actual
caustic-soda-eu,2023,12,4,90.1,actual
caustic-soda-eu,2024,1,1,89.2,actual
caustic-soda-eu,2024,2,1,88.3,actual
caustic-soda-eu,2024,3,1,87.4,actual
caustic-soda-eu,2024,4,2,86.5,actual
caustic-soda-eu,2024,5,2,85.6,actual
caustic-soda-eu,2024,6,2,84.7,actual
caustic-soda-eu,2024,7,3,83.8,actual
caustic-soda-eu,2024,8,3,82.9,actual
caustic-soda-eu,2024,9,3,82,actual
caustic-soda-eu,2024,10,4,80.7,actual
caustic-soda-eu,2024,11,4,79.5,actual
caustic-soda-eu,2024,12,4,78.2,actual
caustic-soda-eu,2025,1,1,77,actual
caustic-soda-eu,2025,2,1,75.7,actual
caustic-soda-eu,2025,3,1,74.4,actual
caustic-soda-eu,2025,4,2,73.2,actual
caustic-soda-eu,2025,5,2,71.9,actual
caustic-soda-eu,2025,6,2,70.6,actual
caustic-soda-eu,2025,7,3,69.4,actual
caustic-soda-eu,2025,8,3,68.1,actual
caustic-soda-eu,2025,9,3,66.9,actual
caustic-soda-eu,2025,10,4,65.6,actual
caustic-soda-eu,2025,11,4,62.6,actual
caustic-soda-eu,2025,12,4,59.5,actual
caustic-soda-eu,2026,1,1,59.9,actual
caustic-soda-eu,2026,2,1,60.4,actual
caustic-soda-eu,2026,3,1,60.8,actual
caustic-soda-eu,2026,4,2,63,actual
caustic-soda-eu,2026,5,2,65.3,actual
caustic-soda-eu,2026,6,2,67.5,actual
caustic-soda-cn,2023,1,1,100,actual
caustic-soda-cn,2023,2,1,99.8,actual
caustic-soda-cn,2023,3,1,99.5,actual
caustic-soda-cn,2023,4,2,99.3,actual
caustic-soda-cn,2023,5,2,99,actual
caustic-soda-cn,2023,6,2,98.8,actual
caustic-soda-cn,2023,7,3,98.5,actual
caustic-soda-cn,2023,8,3,98.3,actual
caustic-soda-cn,2023,9,3,98,actual
caustic-soda-cn,2023,10,4,97.8,actual
caustic-soda-cn,2023,11,4,97.5,actual
caustic-soda-cn,2023,12,4,97.3,actual
caustic-soda-cn,2024,1,1,97,actual
caustic-soda-cn,2024,2,1,96.8,actual
caustic-soda-cn,2024,3,1,96.5,actual
caustic-soda-cn,2024,4,2,96.3,actual
caustic-soda-cn,2024,5,2,96,actual
caustic-soda-cn,2024,6,2,95.8,actual
caustic-soda-cn,2024,7,3,95.5,actual
caustic-soda-cn,2024,8,3,95.3,actual
caustic-soda-cn,2024,9,3,95,actual
caustic-soda-cn,2024,10,4,94.4,actual
caustic-soda-cn,2024,11,4,93.9,actual
caustic-soda-cn,2024,12,4,93.3,actual
caustic-soda-cn,2025,1,1,92.8,actual
caustic-soda-cn,2025,2,1,92.2,actual
caustic-soda-cn,2025,3,1,91.7,actual
caustic-soda-cn,2025,4,2,91.1,actual
caustic-soda-cn,2025,5,2,90.6,actual
caustic-soda-cn,2025,6,2,90,actual
caustic-soda-cn,2025,7,3,89.5,actual
caustic-soda-cn,2025,8,3,88.9,actual
caustic-soda-cn,2025,9,3,88.4,actual
caustic-soda-cn,2025,10,4,87.8,actual
caustic-soda-cn,2025,11,4,80.8,actual
caustic-soda-cn,2025,12,4,73.7,actual
caustic-soda-cn,2026,1,1,74,actual
caustic-soda-cn,2026,2,1,74.4,actual
caustic-soda-cn,2026,3,1,74.7,actual
caustic-soda-cn,2026,4,2,76.2,actual
caustic-soda-cn,2026,5,2,77.7,actual
caustic-soda-cn,2026,6,2,79.2,actual
caustic-soda-in,2023,1,1,100,actual
caustic-soda-in,2023,2,1,99.5,actual
caustic-soda-in,2023,3,1,99,actual
caustic-soda-in,2023,4,2,98.5,actual
caustic-soda-in,2023,5,2,98,actual
caustic-soda-in,2023,6,2,97.5,actual
caustic-soda-in,2023,7,3,97,actual
caustic-soda-in,2023,8,3,96.5,actual
caustic-soda-in,2023,9,3,96,actual
caustic-soda-in,2023,10,4,95.5,actual
caustic-soda-in,2023,11,4,95,actual
caustic-soda-in,2023,12,4,94.5,actual
caustic-soda-in,2024,1,1,94,actual
caustic-soda-in,2024,2,1,93.5,actual
caustic-soda-in,2024,3,1,93,actual
caustic-soda-in,2024,4,2,92.5,actual
caustic-soda-in,2024,5,2,92,actual
caustic-soda-in,2024,6,2,91.5,actual
caustic-soda-in,2024,7,3,91,actual
caustic-soda-in,2024,8,3,90.5,actual
caustic-soda-in,2024,9,3,90,actual
caustic-soda-in,2024,10,4,90.2,actual
caustic-soda-in,2024,11,4,90.4,actual
caustic-soda-in,2024,12,4,90.7,actual
caustic-soda-in,2025,1,1,90.9,actual
caustic-soda-in,2025,2,1,91.1,actual
caustic-soda-in,2025,3,1,91.3,actual
caustic-soda-in,2025,4,2,91.6,actual
caustic-soda-in,2025,5,2,91.8,actual
caustic-soda-in,2025,6,2,92,actual
caustic-soda-in,2025,7,3,92.2,actual
caustic-soda-in,2025,8,3,92.5,actual
caustic-soda-in,2025,9,3,92.7,actual
caustic-soda-in,2025,10,4,92.9,actual
caustic-soda-in,2025,11,4,85,actual
caustic-soda-in,2025,12,4,77.1,actual
caustic-soda-in,2026,1,1,77.6,actual
caustic-soda-in,2026,2,1,78,actual
caustic-soda-in,2026,3,1,78.5,actual
caustic-soda-in,2026,4,2,80.3,actual
caustic-soda-in,2026,5,2,82.2,actual
caustic-soda-in,2026,6,2,84,actual
benzene-na,2023,1,1,100,actual
benzene-na,2023,2,1,113,actual
benzene-na,2023,3,1,117.3,actual
benzene-na,2023,4,2,114.6,actual
benzene-na,2023,5,2,118,actual
benzene-na,2023,6,2,109.5,actual
benzene-na,2023,7,3,103.9,actual
benzene-na,2023,8,3,103.7,actual
benzene-na,2023,9,3,112.4,actual
benzene-na,2023,10,4,124.8,actual
benzene-na,2023,11,4,116.4,actual
benzene-na,2023,12,4,112.4,actual
benzene-na,2024,1,1,105.4,actual
benzene-na,2024,2,1,113.5,actual
benzene-na,2024,3,1,123.5,actual
benzene-na,2024,4,2,130.7,actual
benzene-na,2024,5,2,130.4,actual
benzene-na,2024,6,2,125.7,actual
benzene-na,2024,7,3,125.6,actual
benzene-na,2024,8,3,123.4,actual
benzene-na,2024,9,3,116.9,actual
benzene-na,2024,10,4,107.5,actual
benzene-na,2024,11,4,104.9,actual
benzene-na,2024,12,4,101.9,actual
benzene-na,2025,1,1,105.1,actual
benzene-na,2025,2,1,107.7,actual
benzene-na,2025,3,1,103.4,actual
benzene-na,2025,4,2,91.4,actual
benzene-na,2025,5,2,89.8,actual
benzene-na,2025,6,2,96.1,actual
benzene-na,2025,7,3,101.4,actual
benzene-na,2025,8,3,99.5,actual
benzene-na,2025,9,3,92.9,actual
benzene-na,2025,10,4,89.9,actual
benzene-na,2025,11,4,87.8,actual
benzene-na,2025,12,4,92.8,actual
benzene-na,2026,1,1,93.7,actual
benzene-na,2026,2,1,93.8,actual
benzene-na,2026,3,1,100.4,actual
benzene-na,2026,4,2,117.9,actual
benzene-na,2026,5,2,117.9,actual
benzene-na,2026,6,2,117.9,actual
benzene-eu,2023,1,1,100,actual
benzene-eu,2023,2,1,99.4,actual
benzene-eu,2023,3,1,98.8,actual
benzene-eu,2023,4,2,98.1,actual
benzene-eu,2023,5,2,97.5,actual
benzene-eu,2023,6,2,96.9,actual
benzene-eu,2023,7,3,96.3,actual
benzene-eu,2023,8,3,95.6,actual
benzene-eu,2023,9,3,95,actual
benzene-eu,2023,10,4,95.8,actual
benzene-eu,2023,11,4,96.7,actual
benzene-eu,2023,12,4,97.5,actual
benzene-eu,2024,1,1,98.3,actual
benzene-eu,2024,2,1,99.2,actual
benzene-eu,2024,3,1,100,actual
benzene-eu,2024,4,2,100.8,actual
benzene-eu,2024,5,2,101.7,actual
benzene-eu,2024,6,2,102.5,actual
benzene-eu,2024,7,3,103.3,actual
benzene-eu,2024,8,3,104.2,actual
benzene-eu,2024,9,3,105,actual
benzene-eu,2024,10,4,103.6,actual
benzene-eu,2024,11,4,102.2,actual
benzene-eu,2024,12,4,100.8,actual
benzene-eu,2025,1,1,99.3,actual
benzene-eu,2025,2,1,97.9,actual
benzene-eu,2025,3,1,96.5,actual
benzene-eu,2025,4,2,95.1,actual
benzene-eu,2025,5,2,93.7,actual
benzene-eu,2025,6,2,92.3,actual
benzene-eu,2025,7,3,90.8,actual
benzene-eu,2025,8,3,89.4,actual
benzene-eu,2025,9,3,96.2,actual
benzene-eu,2025,10,4,99.6,actual
benzene-eu,2025,11,4,103,actual
benzene-eu,2025,12,4,106.4,actual
benzene-eu,2026,1,1,113.1,actual
benzene-eu,2026,2,1,119.8,actual
benzene-eu,2026,3,1,126.5,actual
benzene-eu,2026,4,2,121.9,actual
benzene-eu,2026,5,2,117.4,actual
benzene-eu,2026,6,2,112.8,actual
benzene-cn,2023,1,1,100,actual
benzene-cn,2023,2,1,99.6,actual
benzene-cn,2023,3,1,99.2,actual
benzene-cn,2023,4,2,98.8,actual
benzene-cn,2023,5,2,98.4,actual
benzene-cn,2023,6,2,98,actual
benzene-cn,2023,7,3,97.6,actual
benzene-cn,2023,8,3,97.2,actual
benzene-cn,2023,9,3,96.8,actual
benzene-cn,2023,10,4,96.4,actual
benzene-cn,2023,11,4,96,actual
benzene-cn,2023,12,4,95.6,actual
benzene-cn,2024,1,1,95.2,actual
benzene-cn,2024,2,1,94.8,actual
benzene-cn,2024,3,1,94.4,actual
benzene-cn,2024,4,2,94,actual
benzene-cn,2024,5,2,93.6,actual
benzene-cn,2024,6,2,93.2,actual
benzene-cn,2024,7,3,92.8,actual
benzene-cn,2024,8,3,92.4,actual
benzene-cn,2024,9,3,92,actual
benzene-cn,2024,10,4,93,actual
benzene-cn,2024,11,4,94.1,actual
benzene-cn,2024,12,4,95.1,actual
benzene-cn,2025,1,1,96.2,actual
benzene-cn,2025,2,1,97.2,actual
benzene-cn,2025,3,1,98.3,actual
benzene-cn,2025,4,2,99.3,actual
benzene-cn,2025,5,2,100.3,actual
benzene-cn,2025,6,2,101.4,actual
benzene-cn,2025,7,3,102.4,actual
benzene-cn,2025,8,3,103.5,actual
benzene-cn,2025,9,3,104.5,actual
benzene-cn,2025,10,4,102.3,actual
benzene-cn,2025,11,4,100.2,actual
benzene-cn,2025,12,4,98,actual
benzene-cn,2026,1,1,104.7,actual
benzene-cn,2026,2,1,111.3,actual
benzene-cn,2026,3,1,118,actual
benzene-cn,2026,4,2,115,actual
benzene-cn,2026,5,2,112,actual
benzene-cn,2026,6,2,109,actual
benzene-apac,2023,1,1,100,actual
benzene-apac,2023,2,1,99.8,actual
benzene-apac,2023,3,1,99.5,actual
benzene-apac,2023,4,2,99.3,actual
benzene-apac,2023,5,2,99,actual
benzene-apac,2023,6,2,98.8,actual
benzene-apac,2023,7,3,98.5,actual
benzene-apac,2023,8,3,98.3,actual
benzene-apac,2023,9,3,98,actual
benzene-apac,2023,10,4,97.8,actual
benzene-apac,2023,11,4,97.5,actual
benzene-apac,2023,12,4,97.3,actual
benzene-apac,2024,1,1,97,actual
benzene-apac,2024,2,1,96.8,actual
benzene-apac,2024,3,1,96.5,actual
benzene-apac,2024,4,2,96.3,actual
benzene-apac,2024,5,2,96,actual
benzene-apac,2024,6,2,95.8,actual
benzene-apac,2024,7,3,95.5,actual
benzene-apac,2024,8,3,95.3,actual
benzene-apac,2024,9,3,95,actual
benzene-apac,2024,10,4,95.5,actual
benzene-apac,2024,11,4,96,actual
benzene-apac,2024,12,4,96.6,actual
benzene-apac,2025,1,1,97.1,actual
benzene-apac,2025,2,1,97.6,actual
benzene-apac,2025,3,1,98.1,actual
benzene-apac,2025,4,2,98.6,actual
benzene-apac,2025,5,2,99.1,actual
benzene-apac,2025,6,2,99.7,actual
benzene-apac,2025,7,3,100.2,actual
benzene-apac,2025,8,3,100.7,actual
benzene-apac,2025,9,3,101.2,actual
benzene-apac,2025,10,4,101.1,actual
benzene-apac,2025,11,4,101,actual
benzene-apac,2025,12,4,100.9,actual
benzene-apac,2026,1,1,105.2,actual
benzene-apac,2026,2,1,109.4,actual
benzene-apac,2026,3,1,113.7,actual
benzene-apac,2026,4,2,111,actual
benzene-apac,2026,5,2,108.2,actual
benzene-apac,2026,6,2,105.5,actual
ethylene-propylene-na,2023,1,1,100,actual
ethylene-propylene-na,2023,2,1,102.7,actual
ethylene-propylene-na,2023,3,1,88.8,actual
ethylene-propylene-na,2023,4,2,91.1,actual
ethylene-propylene-na,2023,5,2,82.8,actual
ethylene-propylene-na,2023,6,2,78.7,actual
ethylene-propylene-na,2023,7,3,72,actual
ethylene-propylene-na,2023,8,3,71.4,actual
ethylene-propylene-na,2023,9,3,73.7,actual
ethylene-propylene-na,2023,10,4,78.4,actual
ethylene-propylene-na,2023,11,4,80.6,actual
ethylene-propylene-na,2023,12,4,79.4,actual
ethylene-propylene-na,2024,1,1,79.1,actual
ethylene-propylene-na,2024,2,1,83.3,actual
ethylene-propylene-na,2024,3,1,87.7,actual
ethylene-propylene-na,2024,4,2,89,actual
ethylene-propylene-na,2024,5,2,86.3,actual
ethylene-propylene-na,2024,6,2,86,actual
ethylene-propylene-na,2024,7,3,94.3,actual
ethylene-propylene-na,2024,8,3,94.6,actual
ethylene-propylene-na,2024,9,3,90.8,actual
ethylene-propylene-na,2024,10,4,92,actual
ethylene-propylene-na,2024,11,4,87.9,actual
ethylene-propylene-na,2024,12,4,90.1,actual
ethylene-propylene-na,2025,1,1,98,actual
ethylene-propylene-na,2025,2,1,92.3,actual
ethylene-propylene-na,2025,3,1,90.3,actual
ethylene-propylene-na,2025,4,2,86.3,actual
ethylene-propylene-na,2025,5,2,84.4,actual
ethylene-propylene-na,2025,6,2,83.6,actual
ethylene-propylene-na,2025,7,3,81.9,actual
ethylene-propylene-na,2025,8,3,77.7,actual
ethylene-propylene-na,2025,9,3,76.2,actual
ethylene-propylene-na,2025,10,4,74.7,actual
ethylene-propylene-na,2025,11,4,73.5,actual
ethylene-propylene-na,2025,12,4,73.7,actual
ethylene-propylene-na,2026,1,1,71.3,actual
ethylene-propylene-na,2026,2,1,74.3,actual
ethylene-propylene-na,2026,3,1,82.4,actual
ethylene-propylene-na,2026,4,2,93.3,actual
ethylene-propylene-na,2026,5,2,110.6,actual
ethylene-propylene-na,2026,6,2,110.6,actual
ethylene-propylene-eu,2023,1,1,100,actual
ethylene-propylene-eu,2023,2,1,99.8,actual
ethylene-propylene-eu,2023,3,1,99.6,actual
ethylene-propylene-eu,2023,4,2,99.4,actual
ethylene-propylene-eu,2023,5,2,99.2,actual
ethylene-propylene-eu,2023,6,2,99,actual
ethylene-propylene-eu,2023,7,3,98.8,actual
ethylene-propylene-eu,2023,8,3,98.6,actual
ethylene-propylene-eu,2023,9,3,98.4,actual
ethylene-propylene-eu,2023,10,4,98.2,actual
ethylene-propylene-eu,2023,11,4,98,actual
ethylene-propylene-eu,2023,12,4,97.8,actual
ethylene-propylene-eu,2024,1,1,97.6,actual
ethylene-propylene-eu,2024,2,1,97.4,actual
ethylene-propylene-eu,2024,3,1,97.2,actual
ethylene-propylene-eu,2024,4,2,97,actual
ethylene-propylene-eu,2024,5,2,96.8,actual
ethylene-propylene-eu,2024,6,2,96.6,actual
ethylene-propylene-eu,2024,7,3,96.4,actual
ethylene-propylene-eu,2024,8,3,96.2,actual
ethylene-propylene-eu,2024,9,3,96,actual
ethylene-propylene-eu,2024,10,4,96.7,actual
ethylene-propylene-eu,2024,11,4,97.4,actual
ethylene-propylene-eu,2024,12,4,98.1,actual
ethylene-propylene-eu,2025,1,1,98.8,actual
ethylene-propylene-eu,2025,2,1,99.5,actual
ethylene-propylene-eu,2025,3,1,100.2,actual
ethylene-propylene-eu,2025,4,2,100.8,actual
ethylene-propylene-eu,2025,5,2,101.5,actual
ethylene-propylene-eu,2025,6,2,102.2,actual
ethylene-propylene-eu,2025,7,3,102.9,actual
ethylene-propylene-eu,2025,8,3,103.6,actual
ethylene-propylene-eu,2025,9,3,104.3,actual
ethylene-propylene-eu,2025,10,4,103.2,actual
ethylene-propylene-eu,2025,11,4,102.1,actual
ethylene-propylene-eu,2025,12,4,101,actual
ethylene-propylene-eu,2026,1,1,99.3,actual
ethylene-propylene-eu,2026,2,1,97.7,actual
ethylene-propylene-eu,2026,3,1,96,actual
ethylene-propylene-eu,2026,4,2,96.7,actual
ethylene-propylene-eu,2026,5,2,97.3,actual
ethylene-propylene-eu,2026,6,2,98,actual
ethylene-propylene-cn,2023,1,1,100,actual
ethylene-propylene-cn,2023,2,1,99.9,actual
ethylene-propylene-cn,2023,3,1,99.8,actual
ethylene-propylene-cn,2023,4,2,99.7,actual
ethylene-propylene-cn,2023,5,2,99.6,actual
ethylene-propylene-cn,2023,6,2,99.5,actual
ethylene-propylene-cn,2023,7,3,99.4,actual
ethylene-propylene-cn,2023,8,3,99.3,actual
ethylene-propylene-cn,2023,9,3,99.2,actual
ethylene-propylene-cn,2023,10,4,99.1,actual
ethylene-propylene-cn,2023,11,4,99,actual
ethylene-propylene-cn,2023,12,4,98.9,actual
ethylene-propylene-cn,2024,1,1,98.8,actual
ethylene-propylene-cn,2024,2,1,98.7,actual
ethylene-propylene-cn,2024,3,1,98.6,actual
ethylene-propylene-cn,2024,4,2,98.5,actual
ethylene-propylene-cn,2024,5,2,98.4,actual
ethylene-propylene-cn,2024,6,2,98.3,actual
ethylene-propylene-cn,2024,7,3,98.2,actual
ethylene-propylene-cn,2024,8,3,98.1,actual
ethylene-propylene-cn,2024,9,3,98,actual
ethylene-propylene-cn,2024,10,4,97.6,actual
ethylene-propylene-cn,2024,11,4,97.2,actual
ethylene-propylene-cn,2024,12,4,96.9,actual
ethylene-propylene-cn,2025,1,1,96.5,actual
ethylene-propylene-cn,2025,2,1,96.1,actual
ethylene-propylene-cn,2025,3,1,95.7,actual
ethylene-propylene-cn,2025,4,2,95.3,actual
ethylene-propylene-cn,2025,5,2,94.9,actual
ethylene-propylene-cn,2025,6,2,94.6,actual
ethylene-propylene-cn,2025,7,3,94.2,actual
ethylene-propylene-cn,2025,8,3,93.8,actual
ethylene-propylene-cn,2025,9,3,93.4,actual
ethylene-propylene-cn,2025,10,4,92.6,actual
ethylene-propylene-cn,2025,11,4,91.8,actual
ethylene-propylene-cn,2025,12,4,91,actual
ethylene-propylene-cn,2026,1,1,95.3,actual
ethylene-propylene-cn,2026,2,1,99.7,actual
ethylene-propylene-cn,2026,3,1,104,actual
ethylene-propylene-cn,2026,4,2,105,actual
ethylene-propylene-cn,2026,5,2,106,actual
ethylene-propylene-cn,2026,6,2,107,actual
hdpe-na,2023,1,1,100,actual
hdpe-na,2023,2,1,102.8,actual
hdpe-na,2023,3,1,103.8,actual
hdpe-na,2023,4,2,105.7,actual
hdpe-na,2023,5,2,105.2,actual
hdpe-na,2023,6,2,103,actual
hdpe-na,2023,7,3,99.7,actual
hdpe-na,2023,8,3,98.2,actual
hdpe-na,2023,9,3,98,actual
hdpe-na,2023,10,4,97.9,actual
hdpe-na,2023,11,4,98.2,actual
hdpe-na,2023,12,4,97.8,actual
hdpe-na,2024,1,1,96.6,actual
hdpe-na,2024,2,1,98.8,actual
hdpe-na,2024,3,1,98.1,actual
hdpe-na,2024,4,2,98.6,actual
hdpe-na,2024,5,2,98.5,actual
hdpe-na,2024,6,2,98.2,actual
hdpe-na,2024,7,3,99.9,actual
hdpe-na,2024,8,3,99.9,actual
hdpe-na,2024,9,3,97.3,actual
hdpe-na,2024,10,4,98.3,actual
hdpe-na,2024,11,4,97.6,actual
hdpe-na,2024,12,4,97,actual
hdpe-na,2025,1,1,96.3,actual
hdpe-na,2025,2,1,99.7,actual
hdpe-na,2025,3,1,100.6,actual
hdpe-na,2025,4,2,99.9,actual
hdpe-na,2025,5,2,98.6,actual
hdpe-na,2025,6,2,97.3,actual
hdpe-na,2025,7,3,97.3,actual
hdpe-na,2025,8,3,96.4,actual
hdpe-na,2025,9,3,95.2,actual
hdpe-na,2025,10,4,95.1,actual
hdpe-na,2025,11,4,94.2,actual
hdpe-na,2025,12,4,92.7,actual
hdpe-na,2026,1,1,92.8,actual
hdpe-na,2026,2,1,95.2,actual
hdpe-na,2026,3,1,97.4,actual
hdpe-na,2026,4,2,103.9,actual
hdpe-na,2026,5,2,119.8,actual
hdpe-na,2026,6,2,119.8,actual
hdpe-eu,2023,1,1,100,actual
hdpe-eu,2023,2,1,99.9,actual
hdpe-eu,2023,3,1,99.9,actual
hdpe-eu,2023,4,2,99.8,actual
hdpe-eu,2023,5,2,99.7,actual
hdpe-eu,2023,6,2,99.6,actual
hdpe-eu,2023,7,3,99.6,actual
hdpe-eu,2023,8,3,99.5,actual
hdpe-eu,2023,9,3,99.4,actual
hdpe-eu,2023,10,4,99.4,actual
hdpe-eu,2023,11,4,99.3,actual
hdpe-eu,2023,12,4,99.2,actual
hdpe-eu,2024,1,1,99.2,actual
hdpe-eu,2024,2,1,99.1,actual
hdpe-eu,2024,3,1,99,actual
hdpe-eu,2024,4,2,98.9,actual
hdpe-eu,2024,5,2,98.9,actual
hdpe-eu,2024,6,2,98.8,actual
hdpe-eu,2024,7,3,99.1,actual
hdpe-eu,2024,8,3,99.4,actual
hdpe-eu,2024,9,3,99.7,actual
hdpe-eu,2024,10,4,100,actual
hdpe-eu,2024,11,4,100.3,actual
hdpe-eu,2024,12,4,100.7,actual
hdpe-eu,2025,1,1,101,actual
hdpe-eu,2025,2,1,101.3,actual
hdpe-eu,2025,3,1,101.6,actual
hdpe-eu,2025,4,2,101.9,actual
hdpe-eu,2025,5,2,102.2,actual
hdpe-eu,2025,6,2,102.5,actual
hdpe-eu,2025,7,3,99.8,actual
hdpe-eu,2025,8,3,97,actual
hdpe-eu,2025,9,3,94.3,actual
hdpe-eu,2025,10,4,91.5,actual
hdpe-eu,2025,11,4,88.8,actual
hdpe-eu,2025,12,4,95.9,actual
hdpe-eu,2026,1,1,100.6,actual
hdpe-eu,2026,2,1,105.2,actual
hdpe-eu,2026,3,1,109.9,actual
hdpe-eu,2026,4,2,108.6,actual
hdpe-eu,2026,5,2,107.4,actual
hdpe-eu,2026,6,2,106.1,actual
hdpe-cn,2023,1,1,100,actual
hdpe-cn,2023,2,1,100.3,actual
hdpe-cn,2023,3,1,100.6,actual
hdpe-cn,2023,4,2,100.9,actual
hdpe-cn,2023,5,2,101.2,actual
hdpe-cn,2023,6,2,101.5,actual
hdpe-cn,2023,7,3,101.8,actual
hdpe-cn,2023,8,3,102.1,actual
hdpe-cn,2023,9,3,102.4,actual
hdpe-cn,2023,10,4,102.6,actual
hdpe-cn,2023,11,4,102.9,actual
hdpe-cn,2023,12,4,103.2,actual
hdpe-cn,2024,1,1,103.5,actual
hdpe-cn,2024,2,1,103.8,actual
hdpe-cn,2024,3,1,104.1,actual
hdpe-cn,2024,4,2,104.4,actual
hdpe-cn,2024,5,2,104.7,actual
hdpe-cn,2024,6,2,105,actual
hdpe-cn,2024,7,3,104.5,actual
hdpe-cn,2024,8,3,104,actual
hdpe-cn,2024,9,3,103.5,actual
hdpe-cn,2024,10,4,103,actual
hdpe-cn,2024,11,4,102.5,actual
hdpe-cn,2024,12,4,102.1,actual
hdpe-cn,2025,1,1,101.6,actual
hdpe-cn,2025,2,1,101.1,actual
hdpe-cn,2025,3,1,100.6,actual
hdpe-cn,2025,4,2,100.1,actual
hdpe-cn,2025,5,2,99.6,actual
hdpe-cn,2025,6,2,99.1,actual
hdpe-cn,2025,7,3,98,actual
hdpe-cn,2025,8,3,96.9,actual
hdpe-cn,2025,9,3,95.9,actual
hdpe-cn,2025,10,4,94.8,actual
hdpe-cn,2025,11,4,93.7,actual
hdpe-cn,2025,12,4,91.7,actual
hdpe-cn,2026,1,1,93.6,actual
hdpe-cn,2026,2,1,95.6,actual
hdpe-cn,2026,3,1,97.5,actual
hdpe-cn,2026,4,2,95.1,actual
hdpe-cn,2026,5,2,92.8,actual
hdpe-cn,2026,6,2,90.4,actual
base-oil-na,2023,1,1,100,actual
base-oil-na,2023,2,1,103.3,actual
base-oil-na,2023,3,1,100.2,actual
base-oil-na,2023,4,2,98.3,actual
base-oil-na,2023,5,2,85.7,actual
base-oil-na,2023,6,2,87.1,actual
base-oil-na,2023,7,3,85.6,actual
base-oil-na,2023,8,3,87.2,actual
base-oil-na,2023,9,3,87.1,actual
base-oil-na,2023,10,4,97.4,actual
base-oil-na,2023,11,4,99.5,actual
base-oil-na,2023,12,4,92.2,actual
base-oil-na,2024,1,1,88.8,actual
base-oil-na,2024,2,1,88.5,actual
base-oil-na,2024,3,1,84.4,actual
base-oil-na,2024,4,2,87,actual
base-oil-na,2024,5,2,90.9,actual
base-oil-na,2024,6,2,93,actual
base-oil-na,2024,7,3,94.5,actual
base-oil-na,2024,8,3,90.8,actual
base-oil-na,2024,9,3,88.5,actual
base-oil-na,2024,10,4,90,actual
base-oil-na,2024,11,4,82.3,actual
base-oil-na,2024,12,4,79.3,actual
base-oil-na,2025,1,1,79.4,actual
base-oil-na,2025,2,1,76,actual
base-oil-na,2025,3,1,77.8,actual
base-oil-na,2025,4,2,74.2,actual
base-oil-na,2025,5,2,75.5,actual
base-oil-na,2025,6,2,76.6,actual
base-oil-na,2025,7,3,75.2,actual
base-oil-na,2025,8,3,73.8,actual
base-oil-na,2025,9,3,73.6,actual
base-oil-na,2025,10,4,73.2,actual
base-oil-na,2025,11,4,69.6,actual
base-oil-na,2025,12,4,70.6,actual
base-oil-na,2026,1,1,65.2,actual
base-oil-na,2026,2,1,66.7,actual
base-oil-na,2026,3,1,67.2,actual
base-oil-na,2026,4,2,78.4,actual
base-oil-na,2026,5,2,122.9,actual
base-oil-na,2026,6,2,122.9,actual
base-oil-eu,2023,1,1,100,actual
base-oil-eu,2023,2,1,99.1,actual
base-oil-eu,2023,3,1,98.2,actual
base-oil-eu,2023,4,2,97.3,actual
base-oil-eu,2023,5,2,96.3,actual
base-oil-eu,2023,6,2,95.4,actual
base-oil-eu,2023,7,3,94.5,actual
base-oil-eu,2023,8,3,93.6,actual
base-oil-eu,2023,9,3,92.7,actual
base-oil-eu,2023,10,4,91.8,actual
base-oil-eu,2023,11,4,90.8,actual
base-oil-eu,2023,12,4,89.9,actual
base-oil-eu,2024,1,1,89,actual
base-oil-eu,2024,2,1,88.1,actual
base-oil-eu,2024,3,1,87.2,actual
base-oil-eu,2024,4,2,86.3,actual
base-oil-eu,2024,5,2,85.3,actual
base-oil-eu,2024,6,2,84.4,actual
base-oil-eu,2024,7,3,83.5,actual
base-oil-eu,2024,8,3,82.6,actual
base-oil-eu,2024,9,3,81.7,actual
base-oil-eu,2024,10,4,80.8,actual
base-oil-eu,2024,11,4,79.8,actual
base-oil-eu,2024,12,4,78.9,actual
base-oil-eu,2025,1,1,78,actual
base-oil-eu,2025,2,1,76.4,actual
base-oil-eu,2025,3,1,74.8,actual
base-oil-eu,2025,4,2,73.2,actual
base-oil-eu,2025,5,2,71.6,actual
base-oil-eu,2025,6,2,70,actual
base-oil-eu,2025,7,3,68.4,actual
base-oil-eu,2025,8,3,66.8,actual
base-oil-eu,2025,9,3,65.2,actual
base-oil-eu,2025,10,4,63.6,actual
base-oil-eu,2025,11,4,62,actual
base-oil-eu,2025,12,4,60.4,actual
base-oil-eu,2026,1,1,58.8,actual
base-oil-eu,2026,2,1,61.7,actual
base-oil-eu,2026,3,1,64.6,actual
base-oil-eu,2026,4,2,66.2,actual
base-oil-eu,2026,5,2,67.9,actual
base-oil-eu,2026,6,2,69.5,actual
base-oil-apac,2023,1,1,100,actual
base-oil-apac,2023,2,1,99.5,actual
base-oil-apac,2023,3,1,99,actual
base-oil-apac,2023,4,2,98.5,actual
base-oil-apac,2023,5,2,98,actual
base-oil-apac,2023,6,2,97.5,actual
base-oil-apac,2023,7,3,97,actual
base-oil-apac,2023,8,3,96.5,actual
base-oil-apac,2023,9,3,96,actual
base-oil-apac,2023,10,4,95.5,actual
base-oil-apac,2023,11,4,95,actual
base-oil-apac,2023,12,4,94.5,actual
base-oil-apac,2024,1,1,94,actual
base-oil-apac,2024,2,1,93.5,actual
base-oil-apac,2024,3,1,93,actual
base-oil-apac,2024,4,2,92.5,actual
base-oil-apac,2024,5,2,92,actual
base-oil-apac,2024,6,2,91.5,actual
base-oil-apac,2024,7,3,91,actual
base-oil-apac,2024,8,3,90.5,actual
base-oil-apac,2024,9,3,90,actual
base-oil-apac,2024,10,4,89.5,actual
base-oil-apac,2024,11,4,89,actual
base-oil-apac,2024,12,4,88.5,actual
base-oil-apac,2025,1,1,88,actual
base-oil-apac,2025,2,1,87.6,actual
base-oil-apac,2025,3,1,87.1,actual
base-oil-apac,2025,4,2,86.7,actual
base-oil-apac,2025,5,2,86.3,actual
base-oil-apac,2025,6,2,85.9,actual
base-oil-apac,2025,7,3,85.4,actual
base-oil-apac,2025,8,3,85,actual
base-oil-apac,2025,9,3,84.6,actual
base-oil-apac,2025,10,4,84.2,actual
base-oil-apac,2025,11,4,83.7,actual
base-oil-apac,2025,12,4,83.3,actual
base-oil-apac,2026,1,1,61.1,actual
base-oil-apac,2026,2,1,65.8,actual
base-oil-apac,2026,3,1,70.4,actual
base-oil-apac,2026,4,2,73.6,actual
base-oil-apac,2026,5,2,76.8,actual
base-oil-apac,2026,6,2,80,actual
lci-na,2023,1,1,100,actual
lci-na,2023,2,1,100,actual
lci-na,2023,3,1,100,actual
lci-na,2023,4,2,101.1,actual
lci-na,2023,5,2,101.1,actual
lci-na,2023,6,2,101.1,actual
lci-na,2023,7,3,102.2,actual
lci-na,2023,8,3,102.2,actual
lci-na,2023,9,3,102.2,actual
lci-na,2023,10,4,103.1,actual
lci-na,2023,11,4,103.1,actual
lci-na,2023,12,4,103.1,actual
lci-na,2024,1,1,104.2,actual
lci-na,2024,2,1,104.2,actual
lci-na,2024,3,1,104.2,actual
lci-na,2024,4,2,105.1,actual
lci-na,2024,5,2,105.1,actual
lci-na,2024,6,2,105.1,actual
lci-na,2024,7,3,106,actual
lci-na,2024,8,3,106,actual
lci-na,2024,9,3,106,actual
lci-na,2024,10,4,107,actual
lci-na,2024,11,4,107,actual
lci-na,2024,12,4,107,actual
lci-na,2025,1,1,107.9,actual
lci-na,2025,2,1,107.9,actual
lci-na,2025,3,1,107.9,actual
lci-na,2025,4,2,109,actual
lci-na,2025,5,2,109,actual
lci-na,2025,6,2,109,actual
lci-na,2025,7,3,109.8,actual
lci-na,2025,8,3,109.8,actual
lci-na,2025,9,3,109.8,actual
lci-na,2025,10,4,110.6,actual
lci-na,2025,11,4,110.6,actual
lci-na,2025,12,4,110.6,actual
lci-na,2026,1,1,111.6,actual
lci-na,2026,2,1,111.6,actual
lci-na,2026,3,1,111.6,actual
lci-na,2026,4,2,111.6,actual
lci-na,2026,5,2,111.6,actual
lci-na,2026,6,2,111.6,actual
ppi-na,2023,1,1,100,actual
ppi-na,2023,2,1,99.4,actual
ppi-na,2023,3,1,98.8,actual
ppi-na,2023,4,2,98.7,actual
ppi-na,2023,5,2,97.5,actual
ppi-na,2023,6,2,97.6,actual
ppi-na,2023,7,3,97.5,actual
ppi-na,2023,8,3,99,actual
ppi-na,2023,9,3,99.5,actual
ppi-na,2023,10,4,98.1,actual
ppi-na,2023,11,4,97.2,actual
ppi-na,2023,12,4,96,actual
ppi-na,2024,1,1,96.6,actual
ppi-na,2024,2,1,98,actual
ppi-na,2024,3,1,98,actual
ppi-na,2024,4,2,98.8,actual
ppi-na,2024,5,2,98.1,actual
ppi-na,2024,6,2,98.3,actual
ppi-na,2024,7,3,98.9,actual
ppi-na,2024,8,3,98.2,actual
ppi-na,2024,9,3,97.1,actual
ppi-na,2024,10,4,97.3,actual
ppi-na,2024,11,4,97.3,actual
ppi-na,2024,12,4,97.4,actual
ppi-na,2025,1,1,98.9,actual
ppi-na,2025,2,1,99.7,actual
ppi-na,2025,3,1,99.3,actual
ppi-na,2025,4,2,99.3,actual
ppi-na,2025,5,2,99.4,actual
ppi-na,2025,6,2,100.1,actual
ppi-na,2025,7,3,100.8,actual
ppi-na,2025,8,3,100.7,actual
ppi-na,2025,9,3,100.7,actual
ppi-na,2025,10,4,100.1,actual
ppi-na,2025,11,4,100.6,actual
ppi-na,2025,12,4,100.4,actual
ppi-na,2026,1,1,101.3,actual
ppi-na,2026,2,1,103.6,actual
ppi-na,2026,3,1,106.1,actual
ppi-na,2026,4,2,108.6,actual
ppi-na,2026,5,2,112.4,actual
ppi-na,2026,6,2,112.4,actual
brent,2023,1,1,100,actual
brent,2023,2,1,100.1,actual
brent,2023,3,1,95.1,actual
brent,2023,4,2,102.6,actual
brent,2023,5,2,91.5,actual
brent,2023,6,2,90.7,actual
brent,2023,7,3,97.1,actual
brent,2023,8,3,104.4,actual
brent,2023,9,3,113.6,actual
brent,2023,10,4,109.8,actual
brent,2023,11,4,100.5,actual
brent,2023,12,4,94.1,actual
brent,2024,1,1,97.1,actual
brent,2024,2,1,101.2,actual
brent,2024,3,1,103.5,actual
brent,2024,4,2,109,actual
brent,2024,5,2,99.1,actual
brent,2024,6,2,99.7,actual
brent,2024,7,3,103.2,actual
brent,2024,8,3,97.4,actual
brent,2024,9,3,89.7,actual
brent,2024,10,4,91.7,actual
brent,2024,11,4,90.1,actual
brent,2024,12,4,89.5,actual
brent,2025,1,1,96.1,actual
brent,2025,2,1,91.4,actual
brent,2025,3,1,88.2,actual
brent,2025,4,2,82.6,actual
brent,2025,5,2,78.1,actual
brent,2025,6,2,86.6,actual
brent,2025,7,3,86.1,actual
brent,2025,8,3,82.3,actual
brent,2025,9,3,82.4,actual
brent,2025,10,4,78.2,actual
brent,2025,11,4,77.3,actual
brent,2025,12,4,75.8,actual
brent,2026,1,1,80.7,actual
brent,2026,2,1,85.9,actual
brent,2026,3,1,125,actual
brent,2026,4,2,142.2,actual
brent,2026,5,2,129.9,actual
brent,2026,6,2,129.9,actual
natgas-na,2023,1,1,100,actual
natgas-na,2023,2,1,72.8,actual
natgas-na,2023,3,1,70.6,actual
natgas-na,2023,4,2,66.1,actual
natgas-na,2023,5,2,65.7,actual
natgas-na,2023,6,2,66.7,actual
natgas-na,2023,7,3,78,actual
natgas-na,2023,8,3,78.9,actual
natgas-na,2023,9,3,80.7,actual
natgas-na,2023,10,4,91.1,actual
natgas-na,2023,11,4,82.9,actual
natgas-na,2023,12,4,77.1,actual
natgas-na,2024,1,1,97.2,actual
natgas-na,2024,2,1,52.6,actual
natgas-na,2024,3,1,45.6,actual
natgas-na,2024,4,2,48.9,actual
natgas-na,2024,5,2,64.8,actual
natgas-na,2024,6,2,77.7,actual
natgas-na,2024,7,3,63.3,actual
natgas-na,2024,8,3,60.9,actual
natgas-na,2024,9,3,69.7,actual
natgas-na,2024,10,4,67.3,actual
natgas-na,2024,11,4,64.8,actual
natgas-na,2024,12,4,92,actual
natgas-na,2025,1,1,126.3,actual
natgas-na,2025,2,1,128.1,actual
natgas-na,2025,3,1,126,actual
natgas-na,2025,4,2,104.6,actual
natgas-na,2025,5,2,95.4,actual
natgas-na,2025,6,2,92.4,actual
natgas-na,2025,7,3,97.9,actual
natgas-na,2025,8,3,89,actual
natgas-na,2025,9,3,90.8,actual
natgas-na,2025,10,4,97.6,actual
natgas-na,2025,11,4,115.9,actual
natgas-na,2025,12,4,130.3,actual
natgas-na,2026,1,1,236.1,actual
natgas-na,2026,2,1,110.7,actual
natgas-na,2026,3,1,93,actual
natgas-na,2026,4,2,84.7,actual
natgas-na,2026,5,2,89.9,actual
natgas-na,2026,6,2,89.9,actual
urea,2023,1,1,100,actual
urea,2023,2,1,88.9,actual
urea,2023,3,1,78.9,actual
urea,2023,4,2,71.1,actual
urea,2023,5,2,65.6,actual
urea,2023,6,2,63.3,actual
urea,2023,7,3,65.6,actual
urea,2023,8,3,68.9,actual
urea,2023,9,3,75.6,actual
urea,2023,10,4,80,actual
urea,2023,11,4,82.2,actual
urea,2023,12,4,81.1,actual
urea,2024,1,1,78.9,actual
urea,2024,2,1,74.4,actual
urea,2024,3,1,68.9,actual
urea,2024,4,2,68.9,actual
urea,2024,5,2,71.1,actual
urea,2024,6,2,73.3,actual
urea,2024,7,3,75.6,actual
urea,2024,8,3,76.7,actual
urea,2024,9,3,77.8,actual
urea,2024,10,4,77.8,actual
urea,2024,11,4,76.7,actual
urea,2024,12,4,73.3,actual
urea,2025,1,1,87.8,actual
urea,2025,2,1,90,actual
urea,2025,3,1,91.1,actual
urea,2025,4,2,86.7,actual
urea,2025,5,2,88.9,actual
urea,2025,6,2,91.1,actual
urea,2025,7,3,105.6,actual
urea,2025,8,3,110,actual
urea,2025,9,3,110,actual
urea,2025,10,4,92.2,actual
urea,2025,11,4,87.8,actual
urea,2025,12,4,85.6,actual
urea,2026,1,1,92.2,actual
urea,2026,2,1,104.9,actual
urea,2026,3,1,161.3,actual
urea,2026,4,2,161.3,actual
urea,2026,5,2,161.3,actual
urea,2026,6,2,161.3,actual
wti,2023,1,1,100,actual
wti,2023,2,1,98.3,actual
wti,2023,3,1,93.8,actual
wti,2023,4,2,101.7,actual
wti,2023,5,2,91.6,actual
wti,2023,6,2,89.9,actual
wti,2023,7,3,97.4,actual
wti,2023,8,3,104.2,actual
wti,2023,9,3,114.5,actual
wti,2023,10,4,109.6,actual
wti,2023,11,4,99.4,actual
wti,2023,12,4,92,actual
wti,2024,1,1,94.9,actual
wti,2024,2,1,98.9,actual
wti,2024,3,1,104,actual
wti,2024,4,2,109.3,actual
wti,2024,5,2,102.4,actual
wti,2024,6,2,102.1,actual
wti,2024,7,3,104.7,actual
wti,2024,8,3,98.2,actual
wti,2024,9,3,89.9,actual
wti,2024,10,4,92.2,actual
wti,2024,11,4,89.5,actual
wti,2024,12,4,89.8,actual
wti,2025,1,1,97,actual
wti,2025,2,1,91.6,actual
wti,2025,3,1,87.4,actual
wti,2025,4,2,81.3,actual
wti,2025,5,2,79.6,actual
wti,2025,6,2,87.3,actual
wti,2025,7,3,87.5,actual
wti,2025,8,3,83,actual
wti,2025,9,3,81.9,actual
wti,2025,10,4,77.9,actual
wti,2025,11,4,76.9,actual
wti,2025,12,4,74.2,actual
wti,2026,1,1,76.9,actual
wti,2026,2,1,82.6,actual
wti,2026,3,1,117,actual
wti,2026,4,2,128.4,actual
wti,2026,5,2,130.7,actual
wti,2026,6,2,109.5,actual
ttf-eu,2023,1,1,100,actual
ttf-eu,2023,2,1,87.5,actual
ttf-eu,2023,3,1,72.5,actual
ttf-eu,2023,4,2,67.5,actual
ttf-eu,2023,5,2,57.5,actual
ttf-eu,2023,6,2,52.5,actual
ttf-eu,2023,7,3,50,actual
ttf-eu,2023,8,3,55,actual
ttf-eu,2023,9,3,62.5,actual
ttf-eu,2023,10,4,72.5,actual
ttf-eu,2023,11,4,72.5,actual
ttf-eu,2023,12,4,67.5,actual
ttf-eu,2024,1,1,57.5,actual
ttf-eu,2024,2,1,50,actual
ttf-eu,2024,3,1,47.5,actual
ttf-eu,2024,4,2,47.5,actual
ttf-eu,2024,5,2,50,actual
ttf-eu,2024,6,2,55,actual
ttf-eu,2024,7,3,60,actual
ttf-eu,2024,8,3,57.5,actual
ttf-eu,2024,9,3,57.5,actual
ttf-eu,2024,10,4,60,actual
ttf-eu,2024,11,4,57.5,actual
ttf-eu,2024,12,4,57.5,actual
ttf-eu,2025,1,1,85,actual
ttf-eu,2025,2,1,77.5,actual
ttf-eu,2025,3,1,52.5,actual
ttf-eu,2025,4,2,57.5,actual
ttf-eu,2025,5,2,57.5,actual
ttf-eu,2025,6,2,62.5,actual
ttf-eu,2025,7,3,57.5,actual
ttf-eu,2025,8,3,57.5,actual
ttf-eu,2025,9,3,52.5,actual
ttf-eu,2025,10,4,52.5,actual
ttf-eu,2025,11,4,50,actual
ttf-eu,2025,12,4,50,actual
ttf-eu,2026,1,1,58.8,actual
ttf-eu,2026,2,1,56.2,actual
ttf-eu,2026,3,1,89.5,actual
ttf-eu,2026,4,2,89.5,actual
ttf-eu,2026,5,2,89.5,actual
ttf-eu,2026,6,2,89.5,actual
dap,2023,1,1,100,actual
dap,2023,2,1,94.4,actual
dap,2023,3,1,89.6,actual
dap,2023,4,2,87.2,actual
dap,2023,5,2,85.6,actual
dap,2023,6,2,81.6,actual
dap,2023,7,3,80.8,actual
dap,2023,8,3,83.2,actual
dap,2023,9,3,87.2,actual
dap,2023,10,4,88.8,actual
dap,2023,11,4,92,actual
dap,2023,12,4,92.8,actual
dap,2024,1,1,89.6,actual
dap,2024,2,1,87.2,actual
dap,2024,3,1,88.8,actual
dap,2024,4,2,88.8,actual
dap,2024,5,2,89.6,actual
dap,2024,6,2,91.2,actual
dap,2024,7,3,92,actual
dap,2024,8,3,91.2,actual
dap,2024,9,3,91.2,actual
dap,2024,10,4,89.6,actual
dap,2024,11,4,89.6,actual
dap,2024,12,4,88,actual
dap,2025,1,1,92.8,actual
dap,2025,2,1,97.6,actual
dap,2025,3,1,97.6,actual
dap,2025,4,2,104,actual
dap,2025,5,2,108,actual
dap,2025,6,2,111.2,actual
dap,2025,7,3,124.8,actual
dap,2025,8,3,124,actual
dap,2025,9,3,121.3,actual
dap,2025,10,4,114.4,actual
dap,2025,11,4,111.2,actual
dap,2025,12,4,108.8,actual
dap,2026,1,1,99.1,actual
dap,2026,2,1,100.2,actual
dap,2026,3,1,105.3,actual
dap,2026,4,2,105.3,actual
dap,2026,5,2,105.3,actual
dap,2026,6,2,105.3,actual
aluminum,2023,1,1,100,actual
aluminum,2023,2,1,98.3,actual
aluminum,2023,3,1,96.7,actual
aluminum,2023,4,2,95.8,actual
aluminum,2023,5,2,93.3,actual
aluminum,2023,6,2,90.8,actual
aluminum,2023,7,3,91.2,actual
aluminum,2023,8,3,90,actual
aluminum,2023,9,3,91.7,actual
aluminum,2023,10,4,93.3,actual
aluminum,2023,11,4,91.7,actual
aluminum,2023,12,4,92.5,actual
aluminum,2024,1,1,92.9,actual
aluminum,2024,2,1,90.8,actual
aluminum,2024,3,1,95.8,actual
aluminum,2024,4,2,110,actual
aluminum,2024,5,2,111.7,actual
aluminum,2024,6,2,107.9,actual
aluminum,2024,7,3,99.6,actual
aluminum,2024,8,3,97.5,actual
aluminum,2024,9,3,104.2,actual
aluminum,2024,10,4,110.4,actual
aluminum,2024,11,4,107.5,actual
aluminum,2024,12,4,102.9,actual
aluminum,2025,1,1,109.6,actual
aluminum,2025,2,1,111.7,actual
aluminum,2025,3,1,107.3,actual
aluminum,2025,4,2,101.2,actual
aluminum,2025,5,2,101.7,actual
aluminum,2025,6,2,103.1,actual
aluminum,2025,7,3,107.5,actual
aluminum,2025,8,3,110,actual
aluminum,2025,9,3,109.8,actual
aluminum,2025,10,4,117.5,actual
aluminum,2025,11,4,119.6,actual
aluminum,2025,12,4,116.5,actual
aluminum,2026,1,1,130.9,actual
aluminum,2026,2,1,127.7,actual
aluminum,2026,3,1,140.5,actual
aluminum,2026,4,2,140.5,actual
aluminum,2026,5,2,140.5,actual
aluminum,2026,6,2,140.5,actual
zinc,2023,1,1,100,actual
zinc,2023,2,1,93.9,actual
zinc,2023,3,1,90.3,actual
zinc,2023,4,2,84.8,actual
zinc,2023,5,2,75.8,actual
zinc,2023,6,2,72.7,actual
zinc,2023,7,3,72.4,actual
zinc,2023,8,3,73.6,actual
zinc,2023,9,3,78.8,actual
zinc,2023,10,4,77,actual
zinc,2023,11,4,76.4,actual
zinc,2023,12,4,77.6,actual
zinc,2024,1,1,77,actual
zinc,2024,2,1,74.2,actual
zinc,2024,3,1,83.3,actual
zinc,2024,4,2,90,actual
zinc,2024,5,2,89.1,actual
zinc,2024,6,2,87.9,actual
zinc,2024,7,3,84.5,actual
zinc,2024,8,3,83,actual
zinc,2024,9,3,90,actual
zinc,2024,10,4,92.4,actual
zinc,2024,11,4,90.6,actual
zinc,2024,12,4,90.3,actual
zinc,2025,1,1,88.8,actual
zinc,2025,2,1,87,actual
zinc,2025,3,1,82.4,actual
zinc,2025,4,2,79.4,actual
zinc,2025,5,2,79.4,actual
zinc,2025,6,2,81.2,actual
zinc,2025,7,3,85.5,actual
zinc,2025,8,3,87,actual
zinc,2025,9,3,84.1,actual
zinc,2025,10,4,93.9,actual
zinc,2025,11,4,97,actual
zinc,2025,12,4,97,actual
zinc,2026,1,1,97.4,actual
zinc,2026,2,1,100.7,actual
zinc,2026,3,1,96.4,actual
zinc,2026,4,2,96.4,actual
zinc,2026,5,2,96.4,actual
zinc,2026,6,2,96.4,actual
methanol-na,2023,1,1,100,actual
methanol-na,2023,2,1,94,actual
methanol-na,2023,3,1,86,actual
methanol-na,2023,4,2,80,actual
methanol-na,2023,5,2,76,actual
methanol-na,2023,6,2,72,actual
methanol-na,2023,7,3,70,actual
methanol-na,2023,8,3,72,actual
methanol-na,2023,9,3,74,actual
methanol-na,2023,10,4,76,actual
methanol-na,2023,11,4,78,actual
methanol-na,2023,12,4,80,actual
methanol-na,2024,1,1,82,actual
methanol-na,2024,2,1,78,actual
methanol-na,2024,3,1,74,actual
methanol-na,2024,4,2,72,actual
methanol-na,2024,5,2,71,actual
methanol-na,2024,6,2,72,actual
methanol-na,2024,7,3,74,actual
methanol-na,2024,8,3,75,actual
methanol-na,2024,9,3,76,actual
methanol-na,2024,10,4,78,actual
methanol-na,2024,11,4,80,actual
methanol-na,2024,12,4,82,actual
methanol-na,2025,1,1,86,actual
methanol-na,2025,2,1,88,actual
methanol-na,2025,3,1,90,actual
methanol-na,2025,4,2,92,actual
methanol-na,2025,5,2,95,actual
methanol-na,2025,6,2,98,actual
methanol-na,2025,7,3,101,actual
methanol-na,2025,8,3,104,actual
methanol-na,2025,9,3,107,actual
methanol-na,2025,10,4,113,actual
methanol-na,2025,11,4,120,actual
methanol-na,2025,12,4,124,actual
methanol-na,2026,1,1,170,actual
methanol-na,2026,2,1,188.2,actual
methanol-na,2026,3,1,249.4,actual
methanol-na,2026,4,2,296,actual
methanol-na,2026,5,2,296,actual
methanol-na,2026,6,2,296,actual
copper,2023,1,1,100,actual
copper,2023,2,1,97.8,actual
copper,2023,3,1,96.7,actual
copper,2023,4,2,95.1,actual
copper,2023,5,2,90.8,actual
copper,2023,6,2,89.7,actual
copper,2023,7,3,90.9,actual
copper,2023,8,3,91.7,actual
copper,2023,9,3,90.5,actual
copper,2023,10,4,88.6,actual
copper,2023,11,4,89.7,actual
copper,2023,12,4,92.4,actual
copper,2024,1,1,90.8,actual
copper,2024,2,1,92.8,actual
copper,2024,3,1,96.2,actual
copper,2024,4,2,104.3,actual
copper,2024,5,2,108.7,actual
copper,2024,6,2,106.2,actual
copper,2024,7,3,100.5,actual
copper,2024,8,3,100,actual
copper,2024,9,3,104.9,actual
copper,2024,10,4,104.6,actual
copper,2024,11,4,98.4,actual
copper,2024,12,4,97.4,actual
copper,2025,1,1,99.5,actual
copper,2025,2,1,102.5,actual
copper,2025,3,1,103.2,actual
copper,2025,4,2,102.4,actual
copper,2025,5,2,104.3,actual
copper,2025,6,2,103.6,actual
copper,2025,7,3,106,actual
copper,2025,8,3,107.1,actual
copper,2025,9,3,106.7,actual
copper,2025,10,4,117.4,actual
copper,2025,11,4,122.8,actual
copper,2025,12,4,123.4,actual
copper,2026,1,1,141.4,actual
copper,2026,2,1,140.8,actual
copper,2026,3,1,136.2,actual
copper,2026,4,2,136.2,actual
copper,2026,5,2,136.2,actual
copper,2026,6,2,136.2,actual
iron-ore,2023,1,1,100,actual
iron-ore,2023,2,1,104,actual
iron-ore,2023,3,1,106.4,actual
iron-ore,2023,4,2,94.4,actual
iron-ore,2023,5,2,86.4,actual
iron-ore,2023,6,2,90.4,actual
iron-ore,2023,7,3,90.4,actual
iron-ore,2023,8,3,92,actual
iron-ore,2023,9,3,96,actual
iron-ore,2023,10,4,94.4,actual
iron-ore,2023,11,4,100,actual
iron-ore,2023,12,4,108,actual
iron-ore,2024,1,1,105.6,actual
iron-ore,2024,2,1,102.4,actual
iron-ore,2024,3,1,88,actual
iron-ore,2024,4,2,84,actual
iron-ore,2024,5,2,86.4,actual
iron-ore,2024,6,2,86.4,actual
iron-ore,2024,7,3,84,actual
iron-ore,2024,8,3,80,actual
iron-ore,2024,9,3,73.6,actual
iron-ore,2024,10,4,82.4,actual
iron-ore,2024,11,4,84,actual
iron-ore,2024,12,4,82.4,actual
iron-ore,2025,1,1,83.2,actual
iron-ore,2025,2,1,80.8,actual
iron-ore,2025,3,1,80,actual
iron-ore,2025,4,2,78.4,actual
iron-ore,2025,5,2,75.2,actual
iron-ore,2025,6,2,76,actual
iron-ore,2025,7,3,78.4,actual
iron-ore,2025,8,3,80,actual
iron-ore,2025,9,3,81.6,actual
iron-ore,2025,10,4,82.4,actual
iron-ore,2025,11,4,83.2,actual
iron-ore,2025,12,4,82.4,actual
iron-ore,2026,1,1,84.4,actual
iron-ore,2026,2,1,79,actual
iron-ore,2026,3,1,83.6,actual
iron-ore,2026,4,2,83.6,actual
iron-ore,2026,5,2,83.6,actual
iron-ore,2026,6,2,83.6,actual
mop,2023,1,1,100,actual
mop,2023,2,1,94,actual
mop,2023,3,1,88,actual
mop,2023,4,2,80,actual
mop,2023,5,2,74,actual
mop,2023,6,2,69,actual
mop,2023,7,3,66,actual
mop,2023,8,3,65,actual
mop,2023,9,3,66,actual
mop,2023,10,4,69,actual
mop,2023,11,4,71,actual
mop,2023,12,4,73,actual
mop,2024,1,1,66,actual
mop,2024,2,1,61,actual
mop,2024,3,1,58,actual
mop,2024,4,2,58,actual
mop,2024,5,2,58.4,actual
mop,2024,6,2,59.2,actual
mop,2024,7,3,59.6,actual
mop,2024,8,3,59,actual
mop,2024,9,3,60,actual
mop,2024,10,4,59,actual
mop,2024,11,4,58.4,actual
mop,2024,12,4,57.6,actual
mop,2025,1,1,61,actual
mop,2025,2,1,63.6,actual
mop,2025,3,1,66.8,actual
mop,2025,4,2,70.4,actual
mop,2025,5,2,72.4,actual
mop,2025,6,2,72.8,actual
mop,2025,7,3,72,actual
mop,2025,8,3,71.6,actual
mop,2025,9,3,70.8,actual
mop,2025,10,4,71.2,actual
mop,2025,11,4,70.8,actual
mop,2025,12,4,70.8,actual
mop,2026,1,1,73.2,actual
mop,2026,2,1,74.5,actual
mop,2026,3,1,76.1,actual
mop,2026,4,2,76.1,actual
mop,2026,5,2,76.1,actual
mop,2026,6,2,76.1,actual
soybean-oil,2023,1,1,100,actual
soybean-oil,2023,2,1,97.1,actual
soybean-oil,2023,3,1,90.5,actual
soybean-oil,2023,4,2,86.2,actual
soybean-oil,2023,5,2,79.3,actual
soybean-oil,2023,6,2,89.5,actual
soybean-oil,2023,7,3,108.6,actual
soybean-oil,2023,8,3,106.5,actual
soybean-oil,2023,9,3,99.5,actual
soybean-oil,2023,10,4,87.3,actual
soybean-oil,2023,11,4,82.7,actual
soybean-oil,2023,12,4,79.3,actual
soybean-oil,2024,1,1,75.7,actual
soybean-oil,2024,2,1,72.9,actual
soybean-oil,2024,3,1,75.4,actual
soybean-oil,2024,4,2,73.5,actual
soybean-oil,2024,5,2,70.8,actual
soybean-oil,2024,6,2,69.8,actual
soybean-oil,2024,7,3,74.1,actual
soybean-oil,2024,8,3,66.1,actual
soybean-oil,2024,9,3,66.8,actual
soybean-oil,2024,10,4,69.2,actual
soybean-oil,2024,11,4,71,actual
soybean-oil,2024,12,4,65.4,actual
soybean-oil,2025,1,1,70,actual
soybean-oil,2025,2,1,73.2,actual
soybean-oil,2025,3,1,67.9,actual
soybean-oil,2025,4,2,75.9,actual
soybean-oil,2025,5,2,77.9,actual
soybean-oil,2025,6,2,84.6,actual
soybean-oil,2025,7,3,85.5,actual
soybean-oil,2025,8,3,83.4,actual
soybean-oil,2025,9,3,80.3,actual
soybean-oil,2025,10,4,79.5,actual
soybean-oil,2025,11,4,79.6,actual
soybean-oil,2025,12,4,78.3,actual
soybean-oil,2026,1,1,80.4,actual
soybean-oil,2026,2,1,89.9,actual
soybean-oil,2026,3,1,102.9,actual
soybean-oil,2026,4,2,108.2,actual
soybean-oil,2026,5,2,117.1,actual
soybean-oil,2026,6,2,117.1,actual
corn,2023,1,1,100,actual
corn,2023,2,1,98.5,actual
corn,2023,3,1,94.1,actual
corn,2023,4,2,96.1,actual
corn,2023,5,2,88.6,actual
corn,2023,6,2,88.1,actual
corn,2023,7,3,77.7,actual
corn,2023,8,3,68.6,actual
corn,2023,9,3,73.9,actual
corn,2023,10,4,73.3,actual
corn,2023,11,4,69,actual
corn,2023,12,4,68.5,actual
corn,2024,1,1,65.6,actual
corn,2024,2,1,62.4,actual
corn,2024,3,1,62.8,actual
corn,2024,4,2,63,actual
corn,2024,5,2,66.4,actual
corn,2024,6,2,63.1,actual
corn,2024,7,3,58.7,actual
corn,2024,8,3,55.9,actual
corn,2024,9,3,60.6,actual
corn,2024,10,4,62.6,actual
corn,2024,11,4,66.5,actual
corn,2024,12,4,67,actual
corn,2025,1,1,70.8,actual
corn,2025,2,1,73.1,actual
corn,2025,3,1,68.6,actual
corn,2025,4,2,71.2,actual
corn,2025,5,2,67.6,actual
corn,2025,6,2,64.6,actual
corn,2025,7,3,63.5,actual
corn,2025,8,3,60.4,actual
corn,2025,9,3,64.8,actual
corn,2025,10,4,65.4,actual
corn,2025,11,4,66.6,actual
corn,2025,12,4,67.8,actual
corn,2026,1,1,67.3,actual
corn,2026,2,1,69.6,actual
corn,2026,3,1,70.4,actual
corn,2026,4,2,70.8,actual
corn,2026,5,2,71.2,actual
corn,2026,6,2,71.2,actual
wheat,2023,1,1,100,actual
wheat,2023,2,1,103.8,actual
wheat,2023,3,1,96.7,actual
wheat,2023,4,2,97.7,actual
wheat,2023,5,2,93.5,actual
wheat,2023,6,2,88.2,actual
wheat,2023,7,3,87,actual
wheat,2023,8,3,75.4,actual
wheat,2023,9,3,71.7,actual
wheat,2023,10,4,67.6,actual
wheat,2023,11,4,67.5,actual
wheat,2023,12,4,71.7,actual
wheat,2024,1,1,70.6,actual
wheat,2024,2,1,68.5,actual
wheat,2024,3,1,66.2,actual
wheat,2024,4,2,65.1,actual
wheat,2024,5,2,71,actual
wheat,2024,6,2,64.1,actual
wheat,2024,7,3,57.2,actual
wheat,2024,8,3,54.8,actual
wheat,2024,9,3,58.9,actual
wheat,2024,10,4,61.7,actual
wheat,2024,11,4,58,actual
wheat,2024,12,4,58,actual
wheat,2025,1,1,59.6,actual
wheat,2025,2,1,59.4,actual
wheat,2025,3,1,56.1,actual
wheat,2025,4,2,54.6,actual
wheat,2025,5,2,61.5,actual
wheat,2025,6,2,54.1,actual
wheat,2025,7,3,51.6,actual
wheat,2025,8,3,49.8,actual
wheat,2025,9,3,48.5,actual
wheat,2025,10,4,49.2,actual
wheat,2025,11,4,52.9,actual
wheat,2025,12,4,51.7,actual
wheat,2026,1,1,52.9,actual
wheat,2026,2,1,54.6,actual
wheat,2026,3,1,60.6,actual
wheat,2026,4,2,63.3,actual
wheat,2026,5,2,69,actual
wheat,2026,6,2,69,actual
nickel,2023,1,1,100,actual
nickel,2023,2,1,94.5,actual
nickel,2023,3,1,82.4,actual
nickel,2023,4,2,84.1,actual
nickel,2023,5,2,78.3,actual
nickel,2023,6,2,75.1,actual
nickel,2023,7,3,74.6,actual
nickel,2023,8,3,72.3,actual
nickel,2023,9,3,69.5,actual
nickel,2023,10,4,64.6,actual
nickel,2023,11,4,60.2,actual
nickel,2023,12,4,58.2,actual
nickel,2024,1,1,57,actual
nickel,2024,2,1,57.8,actual
nickel,2024,3,1,61.5,actual
nickel,2024,4,2,64.1,actual
nickel,2024,5,2,69.2,actual
nickel,2024,6,2,61.9,actual
nickel,2024,7,3,57.8,actual
nickel,2024,8,3,57.7,actual
nickel,2024,9,3,57.2,actual
nickel,2024,10,4,59.3,actual
nickel,2024,11,4,55.6,actual
nickel,2024,12,4,54.6,actual
nickel,2025,1,1,54.4,actual
nickel,2025,2,1,54.1,actual
nickel,2025,3,1,56.8,actual
nickel,2025,4,2,53.6,actual
nickel,2025,5,2,54.3,actual
nickel,2025,6,2,53.1,actual
nickel,2025,7,3,53.2,actual
nickel,2025,8,3,52.9,actual
nickel,2025,9,3,53.4,actual
nickel,2025,10,4,53.4,actual
nickel,2025,11,4,51.9,actual
nickel,2025,12,4,52.6,actual
nickel,2026,1,1,62.6,actual
nickel,2026,2,1,60.7,actual
nickel,2026,3,1,60.4,actual
nickel,2026,4,2,63.2,actual
nickel,2026,5,2,66.8,actual
nickel,2026,6,2,66.8,actual
tin,2023,1,1,100,actual
tin,2023,2,1,95.9,actual
tin,2023,3,1,85.7,actual
tin,2023,4,2,91.6,actual
tin,2023,5,2,91.4,actual
tin,2023,6,2,97.2,actual
tin,2023,7,3,102.7,actual
tin,2023,8,3,93,actual
tin,2023,9,3,91.3,actual
tin,2023,10,4,87.5,actual
tin,2023,11,4,86.3,actual
tin,2023,12,4,87.9,actual
tin,2024,1,1,89.8,actual
tin,2024,2,1,93.2,actual
tin,2024,3,1,98,actual
tin,2024,4,2,112.6,actual
tin,2024,5,2,117.6,actual
tin,2024,6,2,114.4,actual
tin,2024,7,3,113.8,actual
tin,2024,8,3,112.7,actual
tin,2024,9,3,112.7,actual
tin,2024,10,4,114.3,actual
tin,2024,11,4,105.9,actual
tin,2024,12,4,103.1,actual
tin,2025,1,1,105.6,actual
tin,2025,2,1,113.6,actual
tin,2025,3,1,122.1,actual
tin,2025,4,2,115.4,actual
tin,2025,5,2,114.1,actual
tin,2025,6,2,116.2,actual
tin,2025,7,3,120,actual
tin,2025,8,3,120.8,actual
tin,2025,9,3,123.3,actual
tin,2025,10,4,128.6,actual
tin,2025,11,4,132,actual
tin,2025,12,4,147.9,actual
tin,2026,1,1,175.5,actual
tin,2026,2,1,173.9,actual
tin,2026,3,1,169,actual
tin,2026,4,2,173.4,actual
tin,2026,5,2,189,actual
tin,2026,6,2,189,actual
lead,2023,1,1,100,actual
lead,2023,2,1,94.8,actual
lead,2023,3,1,95.8,actual
lead,2023,4,2,97.2,actual
lead,2023,5,2,94.6,actual
lead,2023,6,2,96.2,actual
lead,2023,7,3,95.6,actual
lead,2023,8,3,97.6,actual
lead,2023,9,3,102,actual
lead,2023,10,4,96.6,actual
lead,2023,11,4,99.1,actual
lead,2023,12,4,91.8,actual
lead,2024,1,1,94.6,actual
lead,2024,2,1,94.2,actual
lead,2024,3,1,93.1,actual
lead,2024,4,2,96.3,actual
lead,2024,5,2,100.6,actual
lead,2024,6,2,97.3,actual
lead,2024,7,3,95.5,actual
lead,2024,8,3,90.6,actual
lead,2024,9,3,90.8,actual
lead,2024,10,4,92.2,actual
lead,2024,11,4,90.1,actual
lead,2024,12,4,90.1,actual
lead,2025,1,1,87.1,actual
lead,2025,2,1,88.7,actual
lead,2025,3,1,92,actual
lead,2025,4,2,86.4,actual
lead,2025,5,2,88.7,actual
lead,2025,6,2,89.4,actual
lead,2025,7,3,90.3,actual
lead,2025,8,3,88.2,actual
lead,2025,9,3,88.6,actual
lead,2025,10,4,89.2,actual
lead,2025,11,4,90.5,actual
lead,2025,12,4,87.9,actual
lead,2026,1,1,90.3,actual
lead,2026,2,1,86.9,actual
lead,2026,3,1,85.1,actual
lead,2026,4,2,87.4,actual
lead,2026,5,2,89.9,actual
lead,2026,6,2,89.9,actual
gold,2023,1,1,100,actual
gold,2023,2,1,97.9,actual
gold,2023,3,1,104.5,actual
gold,2023,4,2,103.2,actual
gold,2023,5,2,103.7,actual
gold,2023,6,2,101.8,actual
gold,2023,7,3,103.7,actual
gold,2023,8,3,102.1,actual
gold,2023,9,3,101.1,actual
gold,2023,10,4,103.9,actual
gold,2023,11,4,104.7,actual
gold,2023,12,4,107.6,actual
gold,2024,1,1,107.1,actual
gold,2024,2,1,106.6,actual
gold,2024,3,1,115.5,actual
gold,2024,4,2,123.7,actual
gold,2024,5,2,123.2,actual
gold,2024,6,2,122.6,actual
gold,2024,7,3,127.9,actual
gold,2024,8,3,131.8,actual
gold,2024,9,3,138.4,actual
gold,2024,10,4,144.2,actual
gold,2024,11,4,140,actual
gold,2024,12,4,138.4,actual
gold,2025,1,1,148.4,actual
gold,2025,2,1,151.1,actual
gold,2025,3,1,152.6,actual
gold,2025,4,2,167.9,actual
gold,2025,5,2,174.7,actual
gold,2025,6,2,177.4,actual
gold,2025,7,3,177.4,actual
gold,2025,8,3,183.2,actual
gold,2025,9,3,184.7,actual
gold,2025,10,4,213.2,actual
gold,2025,11,4,221.1,actual
gold,2025,12,4,221.6,actual
gold,2026,1,1,258.4,actual
gold,2026,2,1,255.8,actual
gold,2026,3,1,255.6,actual
gold,2026,4,2,248.5,actual
gold,2026,5,2,241.4,actual
gold,2026,6,2,241.4,actual
silver,2023,1,1,100,actual
silver,2023,2,1,91.8,actual
silver,2023,3,1,91.8,actual
silver,2023,4,2,102.4,actual
silver,2023,5,2,100,actual
silver,2023,6,2,93.9,actual
silver,2023,7,3,100,actual
silver,2023,8,3,98,actual
silver,2023,9,3,95.9,actual
silver,2023,10,4,91.8,actual
silver,2023,11,4,95.9,actual
silver,2023,12,4,99.6,actual
silver,2024,1,1,94.3,actual
silver,2024,2,1,91.8,actual
silver,2024,3,1,100,actual
silver,2024,4,2,113.9,actual
silver,2024,5,2,128.6,actual
silver,2024,6,2,120.4,actual
silver,2024,7,3,118.4,actual
silver,2024,8,3,116.3,actual
silver,2024,9,3,128.6,actual
silver,2024,10,4,136.7,actual
silver,2024,11,4,126.5,actual
silver,2024,12,4,124.5,actual
silver,2025,1,1,126.5,actual
silver,2025,2,1,128.6,actual
silver,2025,3,1,135.9,actual
silver,2025,4,2,135.9,actual
silver,2025,5,2,139.2,actual
silver,2025,6,2,137.6,actual
silver,2025,7,3,155.1,actual
silver,2025,8,3,161.2,actual
silver,2025,9,3,127.8,actual
silver,2025,10,4,136.7,actual
silver,2025,11,4,124.5,actual
silver,2025,12,4,403.7,actual
silver,2026,1,1,363.3,actual
silver,2026,2,1,347.3,actual
silver,2026,3,1,318,actual
silver,2026,4,2,309.8,actual
silver,2026,5,2,318.4,actual
silver,2026,6,2,318.4,actual
rubber,2023,1,1,100,actual
rubber,2023,2,1,96.6,actual
rubber,2023,3,1,93.8,actual
rubber,2023,4,2,93.2,actual
rubber,2023,5,2,93.8,actual
rubber,2023,6,2,91.8,actual
rubber,2023,7,3,90.4,actual
rubber,2023,8,3,91.8,actual
rubber,2023,9,3,93.8,actual
rubber,2023,10,4,95.2,actual
rubber,2023,11,4,95.9,actual
rubber,2023,12,4,97.3,actual
rubber,2024,1,1,105.5,actual
rubber,2024,2,1,113,actual
rubber,2024,3,1,117.8,actual
rubber,2024,4,2,124.7,actual
rubber,2024,5,2,122.6,actual
rubber,2024,6,2,116.4,actual
rubber,2024,7,3,117.1,actual
rubber,2024,8,3,117.8,actual
rubber,2024,9,3,124,actual
rubber,2024,10,4,130.8,actual
rubber,2024,11,4,124.7,actual
rubber,2024,12,4,118.5,actual
rubber,2025,1,1,140.4,actual
rubber,2025,2,1,134.9,actual
rubber,2025,3,1,130.1,actual
rubber,2025,4,2,114.4,actual
rubber,2025,5,2,112.3,actual
rubber,2025,6,2,116.4,actual
rubber,2025,7,3,118.5,actual
rubber,2025,8,3,116.4,actual
rubber,2025,9,3,116.4,actual
rubber,2025,10,4,118.5,actual
rubber,2025,11,4,117.1,actual
rubber,2025,12,4,117.1,actual
rubber,2026,1,1,124.7,actual
rubber,2026,2,1,133.6,actual
rubber,2026,3,1,133.6,actual
rubber,2026,4,2,141.1,actual
rubber,2026,5,2,151.4,actual
rubber,2026,6,2,151.4,actual
lng-japan,2023,1,1,100,actual
lng-japan,2023,2,1,93.9,actual
lng-japan,2023,3,1,90.9,actual
lng-japan,2023,4,2,81.8,actual
lng-japan,2023,5,2,75.8,actual
lng-japan,2023,6,2,75.8,actual
lng-japan,2023,7,3,78.8,actual
lng-japan,2023,8,3,84.8,actual
lng-japan,2023,9,3,87.9,actual
lng-japan,2023,10,4,97,actual
lng-japan,2023,11,4,100,actual
lng-japan,2023,12,4,97,actual
lng-japan,2024,1,1,87.9,actual
lng-japan,2024,2,1,81.8,actual
lng-japan,2024,3,1,75.8,actual
lng-japan,2024,4,2,72.7,actual
lng-japan,2024,5,2,72.7,actual
lng-japan,2024,6,2,69.7,actual
lng-japan,2024,7,3,72.7,actual
lng-japan,2024,8,3,75.8,actual
lng-japan,2024,9,3,75.8,actual
lng-japan,2024,10,4,81.8,actual
lng-japan,2024,11,4,78.8,actual
lng-japan,2024,12,4,78.8,actual
lng-japan,2025,1,1,87.9,actual
lng-japan,2025,2,1,75.8,actual
lng-japan,2025,3,1,69.7,actual
lng-japan,2025,4,2,72.7,actual
lng-japan,2025,5,2,75.8,actual
lng-japan,2025,6,2,75.8,actual
lng-japan,2025,7,3,69.7,actual
lng-japan,2025,8,3,69.7,actual
lng-japan,2025,9,3,72.7,actual
lng-japan,2025,10,4,69.7,actual
lng-japan,2025,11,4,63.6,actual
lng-japan,2025,12,4,69.7,actual
lng-japan,2026,1,1,69.1,actual
lng-japan,2026,2,1,69.1,actual
lng-japan,2026,3,1,69.2,actual
lng-japan,2026,4,2,94.8,actual
lng-japan,2026,5,2,95.6,actual
lng-japan,2026,6,2,95.6,actual
water-eu,2023,1,1,100,actual
water-eu,2023,2,1,100.3,actual
water-eu,2023,3,1,100.6,actual
water-eu,2023,4,2,100.9,actual
water-eu,2023,5,2,101.2,actual
water-eu,2023,6,2,101.5,actual
water-eu,2023,7,3,101.8,actual
water-eu,2023,8,3,102.1,actual
water-eu,2023,9,3,102.4,actual
water-eu,2023,10,4,102.7,actual
water-eu,2023,11,4,103,actual
water-eu,2023,12,4,103.3,actual
water-eu,2024,1,1,103.7,actual
water-eu,2024,2,1,104,actual
water-eu,2024,3,1,104.3,actual
water-eu,2024,4,2,104.6,actual
water-eu,2024,5,2,104.9,actual
water-eu,2024,6,2,105.2,actual
water-eu,2024,7,3,105.5,actual
water-eu,2024,8,3,105.9,actual
water-eu,2024,9,3,106.2,actual
water-eu,2024,10,4,106.5,actual
water-eu,2024,11,4,106.8,actual
water-eu,2024,12,4,107.1,actual
water-eu,2025,1,1,107.5,actual
water-eu,2025,2,1,107.8,actual
water-eu,2025,3,1,108.1,actual
water-eu,2025,4,2,108.4,actual
water-eu,2025,5,2,108.7,actual
water-eu,2025,6,2,109.1,actual
water-eu,2025,7,3,109.4,actual
water-eu,2025,8,3,109.7,actual
water-eu,2025,9,3,110.1,actual
water-eu,2025,10,4,110.4,actual
water-eu,2025,11,4,110.7,actual
water-eu,2025,12,4,111.1,actual
water-eu,2026,1,1,111.4,actual
water-eu,2026,2,1,111.7,actual
water-eu,2026,3,1,112.1,actual
water-eu,2026,4,2,102,actual
water-eu,2026,5,2,112.7,actual
water-eu,2026,6,2,113.1,actual
gas-china,2023,1,1,100,actual
gas-china,2023,2,1,93.8,actual
gas-china,2023,3,1,90,actual
gas-china,2023,4,2,87.5,actual
gas-china,2023,5,2,87.5,actual
gas-china,2023,6,2,85,actual
gas-china,2023,7,3,85,actual
gas-china,2023,8,3,85,actual
gas-china,2023,9,3,87.5,actual
gas-china,2023,10,4,87.5,actual
gas-china,2023,11,4,90,actual
gas-china,2023,12,4,93.8,actual
gas-china,2024,1,1,93.8,actual
gas-china,2024,2,1,91.2,actual
gas-china,2024,3,1,87.5,actual
gas-china,2024,4,2,87.5,actual
gas-china,2024,5,2,87.5,actual
gas-china,2024,6,2,87.5,actual
gas-china,2024,7,3,90,actual
gas-china,2024,8,3,90,actual
gas-china,2024,9,3,93.8,actual
gas-china,2024,10,4,93.8,actual
gas-china,2024,11,4,97.5,actual
gas-china,2024,12,4,100,actual
gas-china,2025,1,1,106.2,actual
gas-china,2025,2,1,102.5,actual
gas-china,2025,3,1,100,actual
gas-china,2025,4,2,97.5,actual
gas-china,2025,5,2,93.8,actual
gas-china,2025,6,2,93.8,actual
gas-china,2025,7,3,97.5,actual
gas-china,2025,8,3,97.5,actual
gas-china,2025,9,3,100,actual
gas-china,2025,10,4,102.5,actual
gas-china,2025,11,4,106.2,actual
gas-china,2025,12,4,112.5,actual
gas-china,2026,1,1,118.8,actual
gas-china,2026,2,1,118.8,actual
gas-china,2026,3,1,125,actual
gas-china,2026,4,2,137.5,actual
gas-china,2026,5,2,131.2,actual
gas-china,2026,6,2,131.2,actual
gas-india,2023,1,1,100,actual
gas-india,2023,2,1,100,actual
gas-india,2023,3,1,100,actual
gas-india,2023,4,2,75.8,actual
gas-india,2023,5,2,75.8,actual
gas-india,2023,6,2,75.8,actual
gas-india,2023,7,3,75.8,actual
gas-india,2023,8,3,75.8,actual
gas-india,2023,9,3,75.8,actual
gas-india,2023,10,4,75.8,actual
gas-india,2023,11,4,75.8,actual
gas-india,2023,12,4,75.8,actual
gas-india,2024,1,1,93.3,actual
gas-india,2024,2,1,93.3,actual
gas-india,2024,3,1,93.3,actual
gas-india,2024,4,2,87.5,actual
gas-india,2024,5,2,87.5,actual
gas-india,2024,6,2,87.5,actual
gas-india,2024,7,3,87.5,actual
gas-india,2024,8,3,87.5,actual
gas-india,2024,9,3,87.5,actual
gas-india,2024,10,4,93.3,actual
gas-india,2024,11,4,93.3,actual
gas-india,2024,12,4,93.3,actual
gas-india,2025,1,1,99.2,actual
gas-india,2025,2,1,99.2,actual
gas-india,2025,3,1,99.2,actual
gas-india,2025,4,2,99.2,actual
gas-india,2025,5,2,99.2,actual
gas-india,2025,6,2,99.2,actual
gas-india,2025,7,3,99.2,actual
gas-india,2025,8,3,99.2,actual
gas-india,2025,9,3,99.2,actual
gas-india,2025,10,4,105,actual
gas-india,2025,11,4,105,actual
gas-india,2025,12,4,105,actual
gas-india,2026,1,1,110.9,actual
gas-india,2026,2,1,110.9,actual
gas-india,2026,3,1,122.5,actual
gas-india,2026,4,2,140,actual
gas-india,2026,5,2,134.2,actual
gas-india,2026,6,2,134.2,actual
gas-mea,2023,1,1,100,actual
gas-mea,2023,2,1,100,actual
gas-mea,2023,3,1,100,actual
gas-mea,2023,4,2,100,actual
gas-mea,2023,5,2,100,actual
gas-mea,2023,6,2,100,actual
gas-mea,2023,7,3,100,actual
gas-mea,2023,8,3,100,actual
gas-mea,2023,9,3,100,actual
gas-mea,2023,10,4,100,actual
gas-mea,2023,11,4,100,actual
gas-mea,2023,12,4,100,actual
gas-mea,2024,1,1,100,actual
gas-mea,2024,2,1,100,actual
gas-mea,2024,3,1,100,actual
gas-mea,2024,4,2,100,actual
gas-mea,2024,5,2,100,actual
gas-mea,2024,6,2,100,actual
gas-mea,2024,7,3,100,actual
gas-mea,2024,8,3,100,actual
gas-mea,2024,9,3,100,actual
gas-mea,2024,10,4,100,actual
gas-mea,2024,11,4,100,actual
gas-mea,2024,12,4,100,actual
gas-mea,2025,1,1,125,actual
gas-mea,2025,2,1,125,actual
gas-mea,2025,3,1,125,actual
gas-mea,2025,4,2,125,actual
gas-mea,2025,5,2,125,actual
gas-mea,2025,6,2,125,actual
gas-mea,2025,7,3,125,actual
gas-mea,2025,8,3,125,actual
gas-mea,2025,9,3,125,actual
gas-mea,2025,10,4,125,actual
gas-mea,2025,11,4,125,actual
gas-mea,2025,12,4,125,actual
gas-mea,2026,1,1,150,actual
gas-mea,2026,2,1,150,actual
gas-mea,2026,3,1,175,actual
gas-mea,2026,4,2,225,actual
gas-mea,2026,5,2,200,actual
gas-mea,2026,6,2,200,actual
gas-brazil,2023,1,1,100,actual
gas-brazil,2023,2,1,92.9,actual
gas-brazil,2023,3,1,85.7,actual
gas-brazil,2023,4,2,78.6,actual
gas-brazil,2023,5,2,78.6,actual
gas-brazil,2023,6,2,78.6,actual
gas-brazil,2023,7,3,78.6,actual
gas-brazil,2023,8,3,78.6,actual
gas-brazil,2023,9,3,78.6,actual
gas-brazil,2023,10,4,85.7,actual
gas-brazil,2023,11,4,85.7,actual
gas-brazil,2023,12,4,85.7,actual
gas-brazil,2024,1,1,92.9,actual
gas-brazil,2024,2,1,85.7,actual
gas-brazil,2024,3,1,78.6,actual
gas-brazil,2024,4,2,78.6,actual
gas-brazil,2024,5,2,78.6,actual
gas-brazil,2024,6,2,78.6,actual
gas-brazil,2024,7,3,78.6,actual
gas-brazil,2024,8,3,78.6,actual
gas-brazil,2024,9,3,78.6,actual
gas-brazil,2024,10,4,85.7,actual
gas-brazil,2024,11,4,85.7,actual
gas-brazil,2024,12,4,85.7,actual
gas-brazil,2025,1,1,92.9,actual
gas-brazil,2025,2,1,92.9,actual
gas-brazil,2025,3,1,92.9,actual
gas-brazil,2025,4,2,85.7,actual
gas-brazil,2025,5,2,85.7,actual
gas-brazil,2025,6,2,85.7,actual
gas-brazil,2025,7,3,85.7,actual
gas-brazil,2025,8,3,85.7,actual
gas-brazil,2025,9,3,85.7,actual
gas-brazil,2025,10,4,92.9,actual
gas-brazil,2025,11,4,100,actual
gas-brazil,2025,12,4,100,actual
gas-brazil,2026,1,1,107.1,actual
gas-brazil,2026,2,1,114.3,actual
gas-brazil,2026,3,1,128.6,actual
gas-brazil,2026,4,2,142.9,actual
gas-brazil,2026,5,2,135.7,actual
gas-brazil,2026,6,2,135.7,actual
industrial-chemicals,2023,1,1,100,actual
industrial-chemicals,2023,2,1,100.3,actual
industrial-chemicals,2023,3,1,97.8,actual
industrial-chemicals,2023,4,2,98.1,actual
industrial-chemicals,2023,5,2,96.4,actual
industrial-chemicals,2023,6,2,94.8,actual
industrial-chemicals,2023,7,3,92.3,actual
industrial-chemicals,2023,8,3,91.5,actual
industrial-chemicals,2023,9,3,92.2,actual
industrial-chemicals,2023,10,4,94.1,actual
industrial-chemicals,2023,11,4,91.5,actual
industrial-chemicals,2023,12,4,89.6,actual
industrial-chemicals,2024,1,1,86.7,actual
industrial-chemicals,2024,2,1,88.3,actual
industrial-chemicals,2024,3,1,88.9,actual
industrial-chemicals,2024,4,2,90.7,actual
industrial-chemicals,2024,5,2,90.2,actual
industrial-chemicals,2024,6,2,90.7,actual
industrial-chemicals,2024,7,3,92.9,actual
industrial-chemicals,2024,8,3,92.6,actual
industrial-chemicals,2024,9,3,90.9,actual
industrial-chemicals,2024,10,4,89.7,actual
industrial-chemicals,2024,11,4,88.6,actual
industrial-chemicals,2024,12,4,88.7,actual
industrial-chemicals,2025,1,1,90.9,actual
industrial-chemicals,2025,2,1,90.4,actual
industrial-chemicals,2025,3,1,90.1,actual
industrial-chemicals,2025,4,2,89,actual
industrial-chemicals,2025,5,2,88.4,actual
industrial-chemicals,2025,6,2,89,actual
industrial-chemicals,2025,7,3,89.1,actual
industrial-chemicals,2025,8,3,88.4,actual
industrial-chemicals,2025,9,3,88.5,actual
industrial-chemicals,2025,10,4,87.8,actual
industrial-chemicals,2025,11,4,87,actual
industrial-chemicals,2025,12,4,87.2,actual
industrial-chemicals,2026,1,1,85.9,actual
industrial-chemicals,2026,2,1,87.4,actual
industrial-chemicals,2026,3,1,90.1,actual
industrial-chemicals,2026,4,2,95.3,actual
industrial-chemicals,2026,5,2,102.6,actual
industrial-chemicals,2026,6,2,102.6,actual
synthetic-rubber,2023,1,1,100,actual
synthetic-rubber,2023,2,1,101.7,actual
synthetic-rubber,2023,3,1,100.5,actual
synthetic-rubber,2023,4,2,101.7,actual
synthetic-rubber,2023,5,2,100.6,actual
synthetic-rubber,2023,6,2,97.8,actual
synthetic-rubber,2023,7,3,92.3,actual
synthetic-rubber,2023,8,3,92.4,actual
synthetic-rubber,2023,9,3,93.4,actual
synthetic-rubber,2023,10,4,95.7,actual
synthetic-rubber,2023,11,4,95.8,actual
synthetic-rubber,2023,12,4,94.4,actual
synthetic-rubber,2024,1,1,92.9,actual
synthetic-rubber,2024,2,1,94,actual
synthetic-rubber,2024,3,1,97,actual
synthetic-rubber,2024,4,2,102.9,actual
synthetic-rubber,2024,5,2,104.5,actual
synthetic-rubber,2024,6,2,105.8,actual
synthetic-rubber,2024,7,3,105.3,actual
synthetic-rubber,2024,8,3,104.8,actual
synthetic-rubber,2024,9,3,105.3,actual
synthetic-rubber,2024,10,4,106.6,actual
synthetic-rubber,2024,11,4,105.3,actual
synthetic-rubber,2024,12,4,103.8,actual
synthetic-rubber,2025,1,1,104.2,actual
synthetic-rubber,2025,2,1,104.6,actual
synthetic-rubber,2025,3,1,112.3,actual
synthetic-rubber,2025,4,2,110.9,actual
synthetic-rubber,2025,5,2,109.6,actual
synthetic-rubber,2025,6,2,108.4,actual
synthetic-rubber,2025,7,3,107.4,actual
synthetic-rubber,2025,8,3,107.3,actual
synthetic-rubber,2025,9,3,107.3,actual
synthetic-rubber,2025,10,4,106.7,actual
synthetic-rubber,2025,11,4,104.9,actual
synthetic-rubber,2025,12,4,104.1,actual
synthetic-rubber,2026,1,1,105.3,actual
synthetic-rubber,2026,2,1,108.3,actual
synthetic-rubber,2026,3,1,109.9,actual
synthetic-rubber,2026,4,2,123.2,actual
synthetic-rubber,2026,5,2,129.1,actual
synthetic-rubber,2026,6,2,129.1,actual
lci-eu,2023,1,1,100,actual
lci-eu,2023,2,1,100.39,actual
lci-eu,2023,3,1,100.78,actual
lci-eu,2023,4,2,101.17,actual
lci-eu,2023,5,2,101.56,actual
lci-eu,2023,6,2,101.94,actual
lci-eu,2023,7,3,102.32,actual
lci-eu,2023,8,3,102.7,actual
lci-eu,2023,9,3,103.08,actual
lci-eu,2023,10,4,103.46,actual
lci-eu,2023,11,4,103.84,actual
lci-eu,2023,12,4,104.22,actual
lci-eu,2024,1,1,104.6,actual
lci-eu,2024,2,1,104.97,actual
lci-eu,2024,3,1,105.34,actual
lci-eu,2024,4,2,105.71,actual
lci-eu,2024,5,2,106.08,actual
lci-eu,2024,6,2,106.45,actual
lci-eu,2024,7,3,106.82,actual
lci-eu,2024,8,3,107.19,actual
lci-eu,2024,9,3,107.56,actual
lci-eu,2024,10,4,107.92,actual
lci-eu,2024,11,4,108.28,actual
lci-eu,2024,12,4,108.64,actual
lci-eu,2025,1,1,109,actual
lci-eu,2025,2,1,109.36,actual
lci-eu,2025,3,1,109.72,actual
lci-eu,2025,4,2,110.07,actual
lci-eu,2025,5,2,110.42,actual
lci-eu,2025,6,2,110.77,actual
lci-eu,2025,7,3,111.12,actual
lci-eu,2025,8,3,111.47,actual
lci-eu,2025,9,3,111.82,actual
lci-eu,2025,10,4,112.16,actual
lci-eu,2025,11,4,112.5,actual
lci-eu,2025,12,4,112.84,actual
lci-eu,2026,1,1,113.18,actual
lci-eu,2026,2,1,113.52,actual
lci-eu,2026,3,1,113.85,actual
lci-eu,2026,4,2,114.18,actual
lci-eu,2026,5,2,114.51,actual
lci-eu,2026,6,2,114.84,actual
lci-cn,2023,1,1,100,actual
lci-cn,2023,2,1,100.34,actual
lci-cn,2023,3,1,100.68,actual
lci-cn,2023,4,2,101.02,actual
lci-cn,2023,5,2,101.36,actual
lci-cn,2023,6,2,101.7,actual
lci-cn,2023,7,3,102.04,actual
lci-cn,2023,8,3,102.38,actual
lci-cn,2023,9,3,102.72,actual
lci-cn,2023,10,4,103.06,actual
lci-cn,2023,11,4,103.4,actual
lci-cn,2023,12,4,103.74,actual
lci-cn,2024,1,1,104.09,actual
lci-cn,2024,2,1,104.44,actual
lci-cn,2024,3,1,104.79,actual
lci-cn,2024,4,2,105.14,actual
lci-cn,2024,5,2,105.49,actual
lci-cn,2024,6,2,105.84,actual
lci-cn,2024,7,3,106.19,actual
lci-cn,2024,8,3,106.54,actual
lci-cn,2024,9,3,106.89,actual
lci-cn,2024,10,4,107.24,actual
lci-cn,2024,11,4,107.6,actual
lci-cn,2024,12,4,107.96,actual
lci-cn,2025,1,1,108.32,actual
lci-cn,2025,2,1,108.68,actual
lci-cn,2025,3,1,109.04,actual
lci-cn,2025,4,2,109.4,actual
lci-cn,2025,5,2,109.76,actual
lci-cn,2025,6,2,110.12,actual
lci-cn,2025,7,3,110.48,actual
lci-cn,2025,8,3,110.84,actual
lci-cn,2025,9,3,111.2,actual
lci-cn,2025,10,4,111.57,actual
lci-cn,2025,11,4,111.94,actual
lci-cn,2025,12,4,112.31,actual
lci-cn,2026,1,1,112.68,actual
lci-cn,2026,2,1,113.05,actual
lci-cn,2026,3,1,113.42,actual
lci-cn,2026,4,2,113.79,actual
lci-cn,2026,5,2,114.16,actual
lci-cn,2026,6,2,114.53,actual
lci-in,2023,1,1,100,actual
lci-in,2023,2,1,100.6,actual
lci-in,2023,3,1,101.2,actual
lci-in,2023,4,2,101.81,actual
lci-in,2023,5,2,102.42,actual
lci-in,2023,6,2,103.03,actual
lci-in,2023,7,3,103.64,actual
lci-in,2023,8,3,104.25,actual
lci-in,2023,9,3,104.86,actual
lci-in,2023,10,4,105.48,actual
lci-in,2023,11,4,106.1,actual
lci-in,2023,12,4,106.72,actual
lci-in,2024,1,1,107.34,actual
lci-in,2024,2,1,107.96,actual
lci-in,2024,3,1,108.58,actual
lci-in,2024,4,2,109.21,actual
lci-in,2024,5,2,109.84,actual
lci-in,2024,6,2,110.47,actual
lci-in,2024,7,3,111.1,actual
lci-in,2024,8,3,111.73,actual
lci-in,2024,9,3,112.36,actual
lci-in,2024,10,4,112.99,actual
lci-in,2024,11,4,113.63,actual
lci-in,2024,12,4,114.27,actual
lci-in,2025,1,1,114.91,actual
lci-in,2025,2,1,115.55,actual
lci-in,2025,3,1,116.19,actual
lci-in,2025,4,2,116.83,actual
lci-in,2025,5,2,117.47,actual
lci-in,2025,6,2,118.12,actual
lci-in,2025,7,3,118.77,actual
lci-in,2025,8,3,119.42,actual
lci-in,2025,9,3,120.07,actual
lci-in,2025,10,4,120.72,actual
lci-in,2025,11,4,121.37,actual
lci-in,2025,12,4,122.02,actual
lci-in,2026,1,1,122.67,actual
lci-in,2026,2,1,123.32,actual
lci-in,2026,3,1,123.98,actual
lci-in,2026,4,2,124.64,actual
lci-in,2026,5,2,125.3,actual
lci-in,2026,6,2,125.96,actual
lci-la,2023,1,1,100,actual
lci-la,2023,2,1,100.72,actual
lci-la,2023,3,1,101.44,actual
lci-la,2023,4,2,102.16,actual
lci-la,2023,5,2,102.88,actual
lci-la,2023,6,2,103.61,actual
lci-la,2023,7,3,104.34,actual
lci-la,2023,8,3,105.07,actual
lci-la,2023,9,3,105.8,actual
lci-la,2023,10,4,106.54,actual
lci-la,2023,11,4,107.28,actual
lci-la,2023,12,4,108.02,actual
lci-la,2024,1,1,108.76,actual
lci-la,2024,2,1,109.5,actual
lci-la,2024,3,1,110.25,actual
lci-la,2024,4,2,111,actual
lci-la,2024,5,2,111.75,actual
lci-la,2024,6,2,112.5,actual
lci-la,2024,7,3,113.25,actual
lci-la,2024,8,3,114.01,actual
lci-la,2024,9,3,114.77,actual
lci-la,2024,10,4,115.53,actual
lci-la,2024,11,4,116.29,actual
lci-la,2024,12,4,117.05,actual
lci-la,2025,1,1,117.81,actual
lci-la,2025,2,1,118.58,actual
lci-la,2025,3,1,119.35,actual
lci-la,2025,4,2,120.12,actual
lci-la,2025,5,2,120.89,actual
lci-la,2025,6,2,121.66,actual
lci-la,2025,7,3,122.43,actual
lci-la,2025,8,3,123.2,actual
lci-la,2025,9,3,123.98,actual
lci-la,2025,10,4,124.76,actual
lci-la,2025,11,4,125.54,actual
lci-la,2025,12,4,126.32,actual
lci-la,2026,1,1,127.1,actual
lci-la,2026,2,1,127.88,actual
lci-la,2026,3,1,128.66,actual
lci-la,2026,4,2,129.45,actual
lci-la,2026,5,2,130.24,actual
lci-la,2026,6,2,131.03,actual
lci-mea,2023,1,1,100,actual
lci-mea,2023,2,1,100.45,actual
lci-mea,2023,3,1,100.9,actual
lci-mea,2023,4,2,101.35,actual
lci-mea,2023,5,2,101.8,actual
lci-mea,2023,6,2,102.25,actual
lci-mea,2023,7,3,102.7,actual
lci-mea,2023,8,3,103.15,actual
lci-mea,2023,9,3,103.6,actual
lci-mea,2023,10,4,104.05,actual
lci-mea,2023,11,4,104.51,actual
lci-mea,2023,12,4,104.97,actual
lci-mea,2024,1,1,105.43,actual
lci-mea,2024,2,1,105.89,actual
lci-mea,2024,3,1,106.35,actual
lci-mea,2024,4,2,106.81,actual
lci-mea,2024,5,2,107.27,actual
lci-mea,2024,6,2,107.73,actual
lci-mea,2024,7,3,108.19,actual
lci-mea,2024,8,3,108.65,actual
lci-mea,2024,9,3,109.11,actual
lci-mea,2024,10,4,109.58,actual
lci-mea,2024,11,4,110.05,actual
lci-mea,2024,12,4,110.52,actual
lci-mea,2025,1,1,110.99,actual
lci-mea,2025,2,1,111.46,actual
lci-mea,2025,3,1,111.93,actual
lci-mea,2025,4,2,112.4,actual
lci-mea,2025,5,2,112.87,actual
lci-mea,2025,6,2,113.34,actual
lci-mea,2025,7,3,113.81,actual
lci-mea,2025,8,3,114.28,actual
lci-mea,2025,9,3,114.76,actual
lci-mea,2025,10,4,115.24,actual
lci-mea,2025,11,4,115.72,actual
lci-mea,2025,12,4,116.2,actual
lci-mea,2026,1,1,116.68,actual
lci-mea,2026,2,1,117.16,actual
lci-mea,2026,3,1,117.64,actual
lci-mea,2026,4,2,118.12,actual
lci-mea,2026,5,2,118.6,actual
lci-mea,2026,6,2,119.08,actual
lci-apac,2023,1,1,100,actual
lci-apac,2023,2,1,100.49,actual
lci-apac,2023,3,1,100.98,actual
lci-apac,2023,4,2,101.47,actual
lci-apac,2023,5,2,101.96,actual
lci-apac,2023,6,2,102.45,actual
lci-apac,2023,7,3,102.94,actual
lci-apac,2023,8,3,103.43,actual
lci-apac,2023,9,3,103.93,actual
lci-apac,2023,10,4,104.43,actual
lci-apac,2023,11,4,104.93,actual
lci-apac,2023,12,4,105.43,actual
lci-apac,2024,1,1,105.93,actual
lci-apac,2024,2,1,106.43,actual
lci-apac,2024,3,1,106.93,actual
lci-apac,2024,4,2,107.44,actual
lci-apac,2024,5,2,107.95,actual
lci-apac,2024,6,2,108.46,actual
lci-apac,2024,7,3,108.97,actual
lci-apac,2024,8,3,109.48,actual
lci-apac,2024,9,3,109.99,actual
lci-apac,2024,10,4,110.5,actual
lci-apac,2024,11,4,111.01,actual
lci-apac,2024,12,4,111.53,actual
lci-apac,2025,1,1,112.05,actual
lci-apac,2025,2,1,112.57,actual
lci-apac,2025,3,1,113.09,actual
lci-apac,2025,4,2,113.61,actual
lci-apac,2025,5,2,114.13,actual
lci-apac,2025,6,2,114.65,actual
lci-apac,2025,7,3,115.17,actual
lci-apac,2025,8,3,115.7,actual
lci-apac,2025,9,3,116.23,actual
lci-apac,2025,10,4,116.76,actual
lci-apac,2025,11,4,117.29,actual
lci-apac,2025,12,4,117.82,actual
lci-apac,2026,1,1,118.35,actual
lci-apac,2026,2,1,118.88,actual
lci-apac,2026,3,1,119.42,actual
lci-apac,2026,4,2,119.96,actual
lci-apac,2026,5,2,120.5,actual
lci-apac,2026,6,2,121.04,actual
acrylonitrile-cn,2023,1,1,100,actual
acrylonitrile-cn,2023,2,1,96.69,actual
acrylonitrile-cn,2023,3,1,93.39,actual
acrylonitrile-cn,2023,4,2,90.08,actual
acrylonitrile-cn,2023,5,2,86.78,actual
acrylonitrile-cn,2023,6,2,83.47,actual
acrylonitrile-cn,2023,7,3,80.17,actual
acrylonitrile-cn,2023,8,3,76.86,actual
acrylonitrile-cn,2023,9,3,73.55,actual
acrylonitrile-cn,2023,10,4,70.25,actual
acrylonitrile-cn,2023,11,4,66.94,actual
acrylonitrile-cn,2023,12,4,63.64,actual
acrylonitrile-cn,2024,1,1,65.86,actual
acrylonitrile-cn,2024,2,1,68.08,actual
acrylonitrile-cn,2024,3,1,70.3,actual
acrylonitrile-cn,2024,4,2,72.53,actual
acrylonitrile-cn,2024,5,2,74.75,actual
acrylonitrile-cn,2024,6,2,76.97,actual
acrylonitrile-cn,2024,7,3,70.79,actual
acrylonitrile-cn,2024,8,3,64.61,actual
acrylonitrile-cn,2024,9,3,65.16,actual
acrylonitrile-cn,2024,10,4,65.71,actual
acrylonitrile-cn,2024,11,4,66.27,actual
acrylonitrile-cn,2024,12,4,66.82,actual
acrylonitrile-cn,2025,1,1,67.38,actual
acrylonitrile-cn,2025,2,1,67.93,actual
acrylonitrile-cn,2025,3,1,68.48,actual
acrylonitrile-cn,2025,4,2,64.44,actual
acrylonitrile-cn,2025,5,2,60.4,actual
acrylonitrile-cn,2025,6,2,56.36,actual
acrylonitrile-cn,2025,7,3,58.48,actual
acrylonitrile-cn,2025,8,3,60.61,actual
acrylonitrile-cn,2025,9,3,63.64,actual
acrylonitrile-cn,2025,10,4,62.32,actual
acrylonitrile-cn,2025,11,4,61.01,actual
acrylonitrile-cn,2025,12,4,59.7,actual
acrylonitrile-cn,2026,1,1,59.44,actual
acrylonitrile-cn,2026,2,1,59.19,actual
acrylonitrile-cn,2026,3,1,58.94,actual
acrylonitrile-cn,2026,4,2,58.69,actual
acrylonitrile-cn,2026,5,2,58.43,actual
acrylonitrile-cn,2026,6,2,58.18,actual
acrylic-acid-cn,2023,1,1,100,actual
acrylic-acid-cn,2023,2,1,99.86,actual
acrylic-acid-cn,2023,3,1,99.71,actual
acrylic-acid-cn,2023,4,2,99.57,actual
acrylic-acid-cn,2023,5,2,99.42,actual
acrylic-acid-cn,2023,6,2,99.28,actual
acrylic-acid-cn,2023,7,3,99.13,actual
acrylic-acid-cn,2023,8,3,98.99,actual
acrylic-acid-cn,2023,9,3,98.84,actual
acrylic-acid-cn,2023,10,4,98.7,actual
acrylic-acid-cn,2023,11,4,98.55,actual
acrylic-acid-cn,2023,12,4,98.41,actual
acrylic-acid-cn,2024,1,1,98.26,actual
acrylic-acid-cn,2024,2,1,98.12,actual
acrylic-acid-cn,2024,3,1,97.97,actual
acrylic-acid-cn,2024,4,2,97.83,actual
acrylic-acid-cn,2024,5,2,97.68,actual
acrylic-acid-cn,2024,6,2,97.54,actual
acrylic-acid-cn,2024,7,3,97.39,actual
acrylic-acid-cn,2024,8,3,97.25,actual
acrylic-acid-cn,2024,9,3,97.1,actual
acrylic-acid-cn,2024,10,4,96.96,actual
acrylic-acid-cn,2024,11,4,96.81,actual
acrylic-acid-cn,2024,12,4,96.67,actual
acrylic-acid-cn,2025,1,1,91.4,actual
acrylic-acid-cn,2025,2,1,86.13,actual
acrylic-acid-cn,2025,3,1,80.87,actual
acrylic-acid-cn,2025,4,2,75.6,actual
acrylic-acid-cn,2025,5,2,70.33,actual
acrylic-acid-cn,2025,6,2,65.07,actual
acrylic-acid-cn,2025,7,3,64.29,actual
acrylic-acid-cn,2025,8,3,63.51,actual
acrylic-acid-cn,2025,9,3,62.73,actual
acrylic-acid-cn,2025,10,4,62.07,actual
acrylic-acid-cn,2025,11,4,61.4,actual
acrylic-acid-cn,2025,12,4,60.73,actual
acrylic-acid-cn,2026,1,1,60.39,actual
acrylic-acid-cn,2026,2,1,60.04,actual
acrylic-acid-cn,2026,3,1,59.7,actual
acrylic-acid-cn,2026,4,2,59.36,actual
acrylic-acid-cn,2026,5,2,59.01,actual
acrylic-acid-cn,2026,6,2,58.67,actual
acrylic-acid-na,2023,1,1,100,actual
acrylic-acid-na,2023,2,1,99.88,actual
acrylic-acid-na,2023,3,1,99.75,actual
acrylic-acid-na,2023,4,2,99.63,actual
acrylic-acid-na,2023,5,2,99.5,actual
acrylic-acid-na,2023,6,2,99.38,actual
acrylic-acid-na,2023,7,3,99.25,actual
acrylic-acid-na,2023,8,3,99.13,actual
acrylic-acid-na,2023,9,3,99.01,actual
acrylic-acid-na,2023,10,4,98.88,actual
acrylic-acid-na,2023,11,4,98.76,actual
acrylic-acid-na,2023,12,4,98.63,actual
acrylic-acid-na,2024,1,1,98.51,actual
acrylic-acid-na,2024,2,1,98.39,actual
acrylic-acid-na,2024,3,1,98.26,actual
acrylic-acid-na,2024,4,2,98.14,actual
acrylic-acid-na,2024,5,2,98.01,actual
acrylic-acid-na,2024,6,2,97.89,actual
acrylic-acid-na,2024,7,3,97.76,actual
acrylic-acid-na,2024,8,3,97.64,actual
acrylic-acid-na,2024,9,3,97.52,actual
acrylic-acid-na,2024,10,4,97.39,actual
acrylic-acid-na,2024,11,4,97.27,actual
acrylic-acid-na,2024,12,4,97.14,actual
acrylic-acid-na,2025,1,1,93.6,actual
acrylic-acid-na,2025,2,1,90.06,actual
acrylic-acid-na,2025,3,1,86.51,actual
acrylic-acid-na,2025,4,2,82.97,actual
acrylic-acid-na,2025,5,2,79.43,actual
acrylic-acid-na,2025,6,2,75.89,actual
acrylic-acid-na,2025,7,3,75.18,actual
acrylic-acid-na,2025,8,3,74.48,actual
acrylic-acid-na,2025,9,3,73.77,actual
acrylic-acid-na,2025,10,4,72.02,actual
acrylic-acid-na,2025,11,4,70.27,actual
acrylic-acid-na,2025,12,4,68.51,actual
acrylic-acid-na,2026,1,1,67.1,actual
acrylic-acid-na,2026,2,1,65.68,actual
acrylic-acid-na,2026,3,1,64.26,actual
acrylic-acid-na,2026,4,2,62.84,actual
acrylic-acid-na,2026,5,2,61.42,actual
acrylic-acid-na,2026,6,2,60,actual
acrylic-acid-eu,2023,1,1,100,actual
acrylic-acid-eu,2023,2,1,99.75,actual
acrylic-acid-eu,2023,3,1,99.5,actual
acrylic-acid-eu,2023,4,2,99.25,actual
acrylic-acid-eu,2023,5,2,99.01,actual
acrylic-acid-eu,2023,6,2,98.76,actual
acrylic-acid-eu,2023,7,3,98.51,actual
acrylic-acid-eu,2023,8,3,98.26,actual
acrylic-acid-eu,2023,9,3,98.01,actual
acrylic-acid-eu,2023,10,4,97.76,actual
acrylic-acid-eu,2023,11,4,97.52,actual
acrylic-acid-eu,2023,12,4,97.27,actual
acrylic-acid-eu,2024,1,1,97.02,actual
acrylic-acid-eu,2024,2,1,96.77,actual
acrylic-acid-eu,2024,3,1,96.52,actual
acrylic-acid-eu,2024,4,2,96.27,actual
acrylic-acid-eu,2024,5,2,96.02,actual
acrylic-acid-eu,2024,6,2,95.78,actual
acrylic-acid-eu,2024,7,3,95.53,actual
acrylic-acid-eu,2024,8,3,95.28,actual
acrylic-acid-eu,2024,9,3,95.03,actual
acrylic-acid-eu,2024,10,4,94.78,actual
acrylic-acid-eu,2024,11,4,94.53,actual
acrylic-acid-eu,2024,12,4,94.29,actual
acrylic-acid-eu,2025,1,1,91.43,actual
acrylic-acid-eu,2025,2,1,88.57,actual
acrylic-acid-eu,2025,3,1,85.71,actual
acrylic-acid-eu,2025,4,2,82.86,actual
acrylic-acid-eu,2025,5,2,80,actual
acrylic-acid-eu,2025,6,2,77.14,actual
acrylic-acid-eu,2025,7,3,76.4,actual
acrylic-acid-eu,2025,8,3,75.66,actual
acrylic-acid-eu,2025,9,3,74.91,actual
acrylic-acid-eu,2025,10,4,73.94,actual
acrylic-acid-eu,2025,11,4,72.97,actual
acrylic-acid-eu,2025,12,4,72,actual
acrylic-acid-eu,2026,1,1,70.95,actual
acrylic-acid-eu,2026,2,1,69.9,actual
acrylic-acid-eu,2026,3,1,68.86,actual
acrylic-acid-eu,2026,4,2,67.81,actual
acrylic-acid-eu,2026,5,2,66.76,actual
acrylic-acid-eu,2026,6,2,65.71,actual
mma-cn,2023,1,1,100,actual
mma-cn,2023,2,1,99.88,actual
mma-cn,2023,3,1,99.75,actual
mma-cn,2023,4,2,99.63,actual
mma-cn,2023,5,2,99.5,actual
mma-cn,2023,6,2,99.38,actual
mma-cn,2023,7,3,99.25,actual
mma-cn,2023,8,3,99.13,actual
mma-cn,2023,9,3,99.01,actual
mma-cn,2023,10,4,98.88,actual
mma-cn,2023,11,4,98.76,actual
mma-cn,2023,12,4,98.63,actual
mma-cn,2024,1,1,98.51,actual
mma-cn,2024,2,1,98.39,actual
mma-cn,2024,3,1,98.26,actual
mma-cn,2024,4,2,98.14,actual
mma-cn,2024,5,2,98.01,actual
mma-cn,2024,6,2,97.89,actual
mma-cn,2024,7,3,97.76,actual
mma-cn,2024,8,3,97.64,actual
mma-cn,2024,9,3,97.52,actual
mma-cn,2024,10,4,97.39,actual
mma-cn,2024,11,4,97.27,actual
mma-cn,2024,12,4,97.14,actual
mma-cn,2025,1,1,95.71,actual
mma-cn,2025,2,1,94.29,actual
mma-cn,2025,3,1,92.86,actual
mma-cn,2025,4,2,91.43,actual
mma-cn,2025,5,2,90,actual
mma-cn,2025,6,2,88.57,actual
mma-cn,2025,7,3,87.14,actual
mma-cn,2025,8,3,85.71,actual
mma-cn,2025,9,3,87.26,actual
mma-cn,2025,10,4,88.8,actual
mma-cn,2025,11,4,90.34,actual
mma-cn,2025,12,4,91.89,actual
mma-cn,2026,1,1,89.35,actual
mma-cn,2026,2,1,86.82,actual
mma-cn,2026,3,1,84.29,actual
mma-cn,2026,4,2,92.86,actual
mma-cn,2026,5,2,90.71,actual
mma-cn,2026,6,2,88.57,actual
mma-eu,2023,1,1,100,actual
mma-eu,2023,2,1,99.78,actual
mma-eu,2023,3,1,99.57,actual
mma-eu,2023,4,2,99.35,actual
mma-eu,2023,5,2,99.13,actual
mma-eu,2023,6,2,98.91,actual
mma-eu,2023,7,3,98.7,actual
mma-eu,2023,8,3,98.48,actual
mma-eu,2023,9,3,98.26,actual
mma-eu,2023,10,4,98.04,actual
mma-eu,2023,11,4,97.83,actual
mma-eu,2023,12,4,97.61,actual
mma-eu,2024,1,1,97.39,actual
mma-eu,2024,2,1,97.17,actual
mma-eu,2024,3,1,96.96,actual
mma-eu,2024,4,2,96.74,actual
mma-eu,2024,5,2,96.52,actual
mma-eu,2024,6,2,96.3,actual
mma-eu,2024,7,3,96.09,actual
mma-eu,2024,8,3,95.87,actual
mma-eu,2024,9,3,95.65,actual
mma-eu,2024,10,4,95.43,actual
mma-eu,2024,11,4,95.22,actual
mma-eu,2024,12,4,95,actual
mma-eu,2025,1,1,92.5,actual
mma-eu,2025,2,1,90,actual
mma-eu,2025,3,1,87.5,actual
mma-eu,2025,4,2,85,actual
mma-eu,2025,5,2,82.5,actual
mma-eu,2025,6,2,80,actual
mma-eu,2025,7,3,83.03,actual
mma-eu,2025,8,3,86.05,actual
mma-eu,2025,9,3,89.08,actual
mma-eu,2025,10,4,92.1,actual
mma-eu,2025,11,4,95.12,actual
mma-eu,2025,12,4,98.15,actual
mma-eu,2026,1,1,98.77,actual
mma-eu,2026,2,1,99.38,actual
mma-eu,2026,3,1,100,actual
mma-eu,2026,4,2,147.5,actual
mma-eu,2026,5,2,133.75,actual
mma-eu,2026,6,2,120,actual
bpa-cn,2023,1,1,100,actual
bpa-cn,2023,2,1,99.82,actual
bpa-cn,2023,3,1,99.64,actual
bpa-cn,2023,4,2,99.46,actual
bpa-cn,2023,5,2,99.28,actual
bpa-cn,2023,6,2,99.1,actual
bpa-cn,2023,7,3,98.92,actual
bpa-cn,2023,8,3,98.74,actual
bpa-cn,2023,9,3,98.56,actual
bpa-cn,2023,10,4,98.38,actual
bpa-cn,2023,11,4,98.2,actual
bpa-cn,2023,12,4,98.02,actual
bpa-cn,2024,1,1,97.84,actual
bpa-cn,2024,2,1,97.66,actual
bpa-cn,2024,3,1,97.48,actual
bpa-cn,2024,4,2,97.3,actual
bpa-cn,2024,5,2,97.12,actual
bpa-cn,2024,6,2,96.94,actual
bpa-cn,2024,7,3,96.76,actual
bpa-cn,2024,8,3,96.58,actual
bpa-cn,2024,9,3,96.4,actual
bpa-cn,2024,10,4,96.22,actual
bpa-cn,2024,11,4,96.04,actual
bpa-cn,2024,12,4,95.86,actual
bpa-cn,2025,1,1,94.02,actual
bpa-cn,2025,2,1,92.18,actual
bpa-cn,2025,3,1,90.34,actual
bpa-cn,2025,4,2,88.51,actual
bpa-cn,2025,5,2,86.67,actual
bpa-cn,2025,6,2,84.83,actual
bpa-cn,2025,7,3,82.99,actual
bpa-cn,2025,8,3,81.15,actual
bpa-cn,2025,9,3,79.31,actual
bpa-cn,2025,10,4,78.46,actual
bpa-cn,2025,11,4,77.61,actual
bpa-cn,2025,12,4,76.76,actual
bpa-cn,2026,1,1,76.38,actual
bpa-cn,2026,2,1,76,actual
bpa-cn,2026,3,1,75.62,actual
bpa-cn,2026,4,2,75.24,actual
bpa-cn,2026,5,2,74.86,actual
bpa-cn,2026,6,2,74.48,actual
bpa-eu,2023,1,1,100,actual
bpa-eu,2023,2,1,99.78,actual
bpa-eu,2023,3,1,99.55,actual
bpa-eu,2023,4,2,99.33,actual
bpa-eu,2023,5,2,99.11,actual
bpa-eu,2023,6,2,98.89,actual
bpa-eu,2023,7,3,98.66,actual
bpa-eu,2023,8,3,98.44,actual
bpa-eu,2023,9,3,98.22,actual
bpa-eu,2023,10,4,97.99,actual
bpa-eu,2023,11,4,97.77,actual
bpa-eu,2023,12,4,97.55,actual
bpa-eu,2024,1,1,97.32,actual
bpa-eu,2024,2,1,97.1,actual
bpa-eu,2024,3,1,96.88,actual
bpa-eu,2024,4,2,96.66,actual
bpa-eu,2024,5,2,96.43,actual
bpa-eu,2024,6,2,96.21,actual
bpa-eu,2024,7,3,95.99,actual
bpa-eu,2024,8,3,95.76,actual
bpa-eu,2024,9,3,95.54,actual
bpa-eu,2024,10,4,95.32,actual
bpa-eu,2024,11,4,95.09,actual
bpa-eu,2024,12,4,94.87,actual
bpa-eu,2025,1,1,94.39,actual
bpa-eu,2025,2,1,93.9,actual
bpa-eu,2025,3,1,93.42,actual
bpa-eu,2025,4,2,92.93,actual
bpa-eu,2025,5,2,92.45,actual
bpa-eu,2025,6,2,91.97,actual
bpa-eu,2025,7,3,91.48,actual
bpa-eu,2025,8,3,91,actual
bpa-eu,2025,9,3,90.51,actual
bpa-eu,2025,10,4,91.2,actual
bpa-eu,2025,11,4,91.88,actual
bpa-eu,2025,12,4,92.56,actual
bpa-eu,2026,1,1,92.09,actual
bpa-eu,2026,2,1,91.62,actual
bpa-eu,2026,3,1,91.15,actual
bpa-eu,2026,4,2,90.68,actual
bpa-eu,2026,5,2,90.21,actual
bpa-eu,2026,6,2,89.74,actual
caprolactam-cn,2023,1,1,100,actual
caprolactam-cn,2023,2,1,99.68,actual
caprolactam-cn,2023,3,1,99.36,actual
caprolactam-cn,2023,4,2,99.04,actual
caprolactam-cn,2023,5,2,98.72,actual
caprolactam-cn,2023,6,2,98.4,actual
caprolactam-cn,2023,7,3,98.08,actual
caprolactam-cn,2023,8,3,97.76,actual
caprolactam-cn,2023,9,3,97.44,actual
caprolactam-cn,2023,10,4,97.12,actual
caprolactam-cn,2023,11,4,96.79,actual
caprolactam-cn,2023,12,4,96.47,actual
caprolactam-cn,2024,1,1,96.15,actual
caprolactam-cn,2024,2,1,95.83,actual
caprolactam-cn,2024,3,1,95.51,actual
caprolactam-cn,2024,4,2,95.19,actual
caprolactam-cn,2024,5,2,94.87,actual
caprolactam-cn,2024,6,2,94.55,actual
caprolactam-cn,2024,7,3,94.23,actual
caprolactam-cn,2024,8,3,93.91,actual
caprolactam-cn,2024,9,3,93.59,actual
caprolactam-cn,2024,10,4,93.27,actual
caprolactam-cn,2024,11,4,92.95,actual
caprolactam-cn,2024,12,4,92.63,actual
caprolactam-cn,2025,1,1,92.31,actual
caprolactam-cn,2025,2,1,91.99,actual
caprolactam-cn,2025,3,1,91.67,actual
caprolactam-cn,2025,4,2,92.3,actual
caprolactam-cn,2025,5,2,92.93,actual
caprolactam-cn,2025,6,2,93.56,actual
caprolactam-cn,2025,7,3,94.19,actual
caprolactam-cn,2025,8,3,94.81,actual
caprolactam-cn,2025,9,3,95.44,actual
caprolactam-cn,2025,10,4,96.07,actual
caprolactam-cn,2025,11,4,96.7,actual
caprolactam-cn,2025,12,4,97.33,actual
caprolactam-cn,2026,1,1,97.56,actual
caprolactam-cn,2026,2,1,97.78,actual
caprolactam-cn,2026,3,1,98,actual
caprolactam-cn,2026,4,2,98.22,actual
caprolactam-cn,2026,5,2,98.44,actual
caprolactam-cn,2026,6,2,98.67,actual
caprolactam-na,2023,1,1,100,actual
caprolactam-na,2023,2,1,100.15,actual
caprolactam-na,2023,3,1,100.3,actual
caprolactam-na,2023,4,2,100.44,actual
caprolactam-na,2023,5,2,100.59,actual
caprolactam-na,2023,6,2,100.74,actual
caprolactam-na,2023,7,3,100.89,actual
caprolactam-na,2023,8,3,101.04,actual
caprolactam-na,2023,9,3,101.18,actual
caprolactam-na,2023,10,4,101.33,actual
caprolactam-na,2023,11,4,101.48,actual
caprolactam-na,2023,12,4,101.63,actual
caprolactam-na,2024,1,1,101.78,actual
caprolactam-na,2024,2,1,101.92,actual
caprolactam-na,2024,3,1,102.07,actual
caprolactam-na,2024,4,2,102.22,actual
caprolactam-na,2024,5,2,102.37,actual
caprolactam-na,2024,6,2,102.51,actual
caprolactam-na,2024,7,3,102.66,actual
caprolactam-na,2024,8,3,102.81,actual
caprolactam-na,2024,9,3,102.96,actual
caprolactam-na,2024,10,4,103.11,actual
caprolactam-na,2024,11,4,103.25,actual
caprolactam-na,2024,12,4,103.4,actual
caprolactam-na,2025,1,1,103.55,actual
caprolactam-na,2025,2,1,103.7,actual
caprolactam-na,2025,3,1,103.85,actual
caprolactam-na,2025,4,2,103.72,actual
caprolactam-na,2025,5,2,103.59,actual
caprolactam-na,2025,6,2,101.39,actual
caprolactam-na,2025,7,3,99.19,actual
caprolactam-na,2025,8,3,97,actual
caprolactam-na,2025,9,3,94.8,actual
caprolactam-na,2025,10,4,92.6,actual
caprolactam-na,2025,11,4,90.4,actual
caprolactam-na,2025,12,4,88.21,actual
caprolactam-na,2026,1,1,87.86,actual
caprolactam-na,2026,2,1,87.52,actual
caprolactam-na,2026,3,1,87.18,actual
caprolactam-na,2026,4,2,86.84,actual
caprolactam-na,2026,5,2,86.5,actual
caprolactam-na,2026,6,2,86.15,actual
caprolactam-eu,2023,1,1,100,actual
caprolactam-eu,2023,2,1,100.23,actual
caprolactam-eu,2023,3,1,100.47,actual
caprolactam-eu,2023,4,2,100.7,actual
caprolactam-eu,2023,5,2,100.93,actual
caprolactam-eu,2023,6,2,101.16,actual
caprolactam-eu,2023,7,3,101.4,actual
caprolactam-eu,2023,8,3,101.63,actual
caprolactam-eu,2023,9,3,101.86,actual
caprolactam-eu,2023,10,4,102.1,actual
caprolactam-eu,2023,11,4,102.33,actual
caprolactam-eu,2023,12,4,102.56,actual
caprolactam-eu,2024,1,1,102.8,actual
caprolactam-eu,2024,2,1,103.03,actual
caprolactam-eu,2024,3,1,103.26,actual
caprolactam-eu,2024,4,2,103.49,actual
caprolactam-eu,2024,5,2,103.73,actual
caprolactam-eu,2024,6,2,103.96,actual
caprolactam-eu,2024,7,3,104.19,actual
caprolactam-eu,2024,8,3,104.43,actual
caprolactam-eu,2024,9,3,104.66,actual
caprolactam-eu,2024,10,4,104.89,actual
caprolactam-eu,2024,11,4,105.13,actual
caprolactam-eu,2024,12,4,105.36,actual
caprolactam-eu,2025,1,1,105.59,actual
caprolactam-eu,2025,2,1,105.82,actual
caprolactam-eu,2025,3,1,106.06,actual
caprolactam-eu,2025,4,2,106.97,actual
caprolactam-eu,2025,5,2,107.89,actual
caprolactam-eu,2025,6,2,108.8,actual
caprolactam-eu,2025,7,3,109.71,actual
caprolactam-eu,2025,8,3,110.63,actual
caprolactam-eu,2025,9,3,111.54,actual
caprolactam-eu,2025,10,4,112.46,actual
caprolactam-eu,2025,11,4,113.37,actual
caprolactam-eu,2025,12,4,114.29,actual
caprolactam-eu,2026,1,1,113.81,actual
caprolactam-eu,2026,2,1,113.33,actual
caprolactam-eu,2026,3,1,112.86,actual
caprolactam-eu,2026,4,2,112.38,actual
caprolactam-eu,2026,5,2,111.9,actual
caprolactam-eu,2026,6,2,111.43,actual
phthalic-anhydride-eu,2023,1,1,100,actual
phthalic-anhydride-eu,2023,2,1,99.56,actual
phthalic-anhydride-eu,2023,3,1,99.12,actual
phthalic-anhydride-eu,2023,4,2,98.68,actual
phthalic-anhydride-eu,2023,5,2,98.24,actual
phthalic-anhydride-eu,2023,6,2,97.8,actual
phthalic-anhydride-eu,2023,7,3,97.36,actual
phthalic-anhydride-eu,2023,8,3,96.92,actual
phthalic-anhydride-eu,2023,9,3,96.48,actual
phthalic-anhydride-eu,2023,10,4,96.04,actual
phthalic-anhydride-eu,2023,11,4,95.6,actual
phthalic-anhydride-eu,2023,12,4,95.16,actual
phthalic-anhydride-eu,2024,1,1,94.73,actual
phthalic-anhydride-eu,2024,2,1,94.29,actual
phthalic-anhydride-eu,2024,3,1,93.85,actual
phthalic-anhydride-eu,2024,4,2,93.41,actual
phthalic-anhydride-eu,2024,5,2,92.97,actual
phthalic-anhydride-eu,2024,6,2,92.53,actual
phthalic-anhydride-eu,2024,7,3,92.09,actual
phthalic-anhydride-eu,2024,8,3,91.65,actual
phthalic-anhydride-eu,2024,9,3,91.21,actual
phthalic-anhydride-eu,2024,10,4,90.77,actual
phthalic-anhydride-eu,2024,11,4,90.33,actual
phthalic-anhydride-eu,2024,12,4,89.89,actual
phthalic-anhydride-eu,2025,1,1,89.45,actual
phthalic-anhydride-eu,2025,2,1,89.01,actual
phthalic-anhydride-eu,2025,3,1,88.57,actual
phthalic-anhydride-eu,2025,4,2,87.5,actual
phthalic-anhydride-eu,2025,5,2,86.43,actual
phthalic-anhydride-eu,2025,6,2,85.36,actual
phthalic-anhydride-eu,2025,7,3,87.57,actual
phthalic-anhydride-eu,2025,8,3,89.79,actual
phthalic-anhydride-eu,2025,9,3,92,actual
phthalic-anhydride-eu,2025,10,4,89.4,actual
phthalic-anhydride-eu,2025,11,4,86.81,actual
phthalic-anhydride-eu,2025,12,4,84.21,actual
phthalic-anhydride-eu,2026,1,1,81.62,actual
phthalic-anhydride-eu,2026,2,1,79.02,actual
phthalic-anhydride-eu,2026,3,1,76.43,actual
phthalic-anhydride-eu,2026,4,2,77.14,actual
phthalic-anhydride-eu,2026,5,2,77.86,actual
phthalic-anhydride-eu,2026,6,2,78.57,actual
bpa-apac,2023,1,1,100,actual
bpa-apac,2023,2,1,99.78,actual
bpa-apac,2023,3,1,99.55,actual
bpa-apac,2023,4,2,99.33,actual
bpa-apac,2023,5,2,99.11,actual
bpa-apac,2023,6,2,98.89,actual
bpa-apac,2023,7,3,98.66,actual
bpa-apac,2023,8,3,98.44,actual
bpa-apac,2023,9,3,98.22,actual
bpa-apac,2023,10,4,97.99,actual
bpa-apac,2023,11,4,97.77,actual
bpa-apac,2023,12,4,97.55,actual
bpa-apac,2024,1,1,97.32,actual
bpa-apac,2024,2,1,97.1,actual
bpa-apac,2024,3,1,96.88,actual
bpa-apac,2024,4,2,96.66,actual
bpa-apac,2024,5,2,96.43,actual
bpa-apac,2024,6,2,96.21,actual
bpa-apac,2024,7,3,95.99,actual
bpa-apac,2024,8,3,95.76,actual
bpa-apac,2024,9,3,95.54,actual
bpa-apac,2024,10,4,95.32,actual
bpa-apac,2024,11,4,95.09,actual
bpa-apac,2024,12,4,94.87,actual
bpa-apac,2025,1,1,94.64,actual
bpa-apac,2025,2,1,94.42,actual
bpa-apac,2025,3,1,94.19,actual
bpa-apac,2025,4,2,93.96,actual
bpa-apac,2025,5,2,93.73,actual
bpa-apac,2025,6,2,93.5,actual
bpa-apac,2025,7,3,93.28,actual
bpa-apac,2025,8,3,93.05,actual
bpa-apac,2025,9,3,92.82,actual
bpa-apac,2025,10,4,91.79,actual
bpa-apac,2025,11,4,90.77,actual
bpa-apac,2025,12,4,89.74,actual
bpa-apac,2026,1,1,89.32,actual
bpa-apac,2026,2,1,88.89,actual
bpa-apac,2026,3,1,88.46,actual
bpa-apac,2026,4,2,88.03,actual
bpa-apac,2026,5,2,87.61,actual
bpa-apac,2026,6,2,87.18,actual
acrylonitrile-eu,2023,1,1,100,actual
acrylonitrile-eu,2023,2,1,99.84,actual
acrylonitrile-eu,2023,3,1,99.69,actual
acrylonitrile-eu,2023,4,2,99.53,actual
acrylonitrile-eu,2023,5,2,99.38,actual
acrylonitrile-eu,2023,6,2,99.22,actual
acrylonitrile-eu,2023,7,3,99.07,actual
acrylonitrile-eu,2023,8,3,98.91,actual
acrylonitrile-eu,2023,9,3,98.76,actual
acrylonitrile-eu,2023,10,4,98.6,actual
acrylonitrile-eu,2023,11,4,98.45,actual
acrylonitrile-eu,2023,12,4,98.29,actual
acrylonitrile-eu,2024,1,1,98.14,actual
acrylonitrile-eu,2024,2,1,97.98,actual
acrylonitrile-eu,2024,3,1,97.83,actual
acrylonitrile-eu,2024,4,2,97.67,actual
acrylonitrile-eu,2024,5,2,97.52,actual
acrylonitrile-eu,2024,6,2,97.36,actual
acrylonitrile-eu,2024,7,3,97.2,actual
acrylonitrile-eu,2024,8,3,97.05,actual
acrylonitrile-eu,2024,9,3,96.89,actual
acrylonitrile-eu,2024,10,4,96.74,actual
acrylonitrile-eu,2024,11,4,96.58,actual
acrylonitrile-eu,2024,12,4,96.43,actual
acrylonitrile-eu,2025,1,1,94.89,actual
acrylonitrile-eu,2025,2,1,93.35,actual
acrylonitrile-eu,2025,3,1,91.81,actual
acrylonitrile-eu,2025,4,2,90.27,actual
acrylonitrile-eu,2025,5,2,88.73,actual
acrylonitrile-eu,2025,6,2,87.19,actual
acrylonitrile-eu,2025,7,3,85.65,actual
acrylonitrile-eu,2025,8,3,84.11,actual
acrylonitrile-eu,2025,9,3,82.57,actual
acrylonitrile-eu,2025,10,4,83.1,actual
acrylonitrile-eu,2025,11,4,83.62,actual
acrylonitrile-eu,2025,12,4,84.14,actual
acrylonitrile-eu,2026,1,1,83.81,actual
acrylonitrile-eu,2026,2,1,83.48,actual
acrylonitrile-eu,2026,3,1,83.14,actual
acrylonitrile-eu,2026,4,2,82.81,actual
acrylonitrile-eu,2026,5,2,82.48,actual
acrylonitrile-eu,2026,6,2,82.14,actual
acrylonitrile-na,2023,1,1,100,actual
acrylonitrile-na,2023,2,1,99.8,actual
acrylonitrile-na,2023,3,1,99.61,actual
acrylonitrile-na,2023,4,2,99.41,actual
acrylonitrile-na,2023,5,2,99.21,actual
acrylonitrile-na,2023,6,2,99.02,actual
acrylonitrile-na,2023,7,3,98.82,actual
acrylonitrile-na,2023,8,3,98.63,actual
acrylonitrile-na,2023,9,3,98.43,actual
acrylonitrile-na,2023,10,4,98.23,actual
acrylonitrile-na,2023,11,4,98.04,actual
acrylonitrile-na,2023,12,4,97.84,actual
acrylonitrile-na,2024,1,1,97.64,actual
acrylonitrile-na,2024,2,1,97.45,actual
acrylonitrile-na,2024,3,1,97.25,actual
acrylonitrile-na,2024,4,2,97.05,actual
acrylonitrile-na,2024,5,2,96.86,actual
acrylonitrile-na,2024,6,2,96.66,actual
acrylonitrile-na,2024,7,3,96.47,actual
acrylonitrile-na,2024,8,3,96.27,actual
acrylonitrile-na,2024,9,3,96.07,actual
acrylonitrile-na,2024,10,4,95.88,actual
acrylonitrile-na,2024,11,4,95.68,actual
acrylonitrile-na,2024,12,4,95.48,actual
acrylonitrile-na,2025,1,1,94.44,actual
acrylonitrile-na,2025,2,1,93.39,actual
acrylonitrile-na,2025,3,1,92.34,actual
acrylonitrile-na,2025,4,2,91.3,actual
acrylonitrile-na,2025,5,2,90.25,actual
acrylonitrile-na,2025,6,2,89.2,actual
acrylonitrile-na,2025,7,3,88.16,actual
acrylonitrile-na,2025,8,3,87.11,actual
acrylonitrile-na,2025,9,3,86.06,actual
acrylonitrile-na,2025,10,4,85.68,actual
acrylonitrile-na,2025,11,4,85.29,actual
acrylonitrile-na,2025,12,4,84.9,actual
acrylonitrile-na,2026,1,1,84.52,actual
acrylonitrile-na,2026,2,1,84.13,actual
acrylonitrile-na,2026,3,1,83.74,actual
acrylonitrile-na,2026,4,2,83.35,actual
acrylonitrile-na,2026,5,2,82.97,actual
acrylonitrile-na,2026,6,2,82.58,actual
guar-gum,2023,1,1,100,actual
guar-gum,2023,2,1,99.5,actual
guar-gum,2023,3,1,99,actual
guar-gum,2023,4,2,98.5,actual
guar-gum,2023,5,2,98,actual
guar-gum,2023,6,2,97.5,actual
guar-gum,2023,7,3,97,actual
guar-gum,2023,8,3,96,actual
guar-gum,2023,9,3,95,actual
guar-gum,2023,10,4,92,actual
guar-gum,2023,11,4,89,actual
guar-gum,2023,12,4,86,actual
guar-gum,2024,1,1,83,actual
guar-gum,2024,2,1,81,actual
guar-gum,2024,3,1,80,actual
guar-gum,2024,4,2,82,actual
guar-gum,2024,5,2,84,actual
guar-gum,2024,6,2,87,actual
guar-gum,2024,7,3,85,actual
guar-gum,2024,8,3,83,actual
guar-gum,2024,9,3,82,actual
guar-gum,2024,10,4,80,actual
guar-gum,2024,11,4,79,actual
guar-gum,2024,12,4,78,actual
guar-gum,2025,1,1,76,actual
guar-gum,2025,2,1,82,actual
guar-gum,2025,3,1,92,actual
guar-gum,2025,4,2,96,actual
guar-gum,2025,5,2,99,actual
guar-gum,2025,6,2,102.4,actual
guar-gum,2025,7,3,104.5,actual
guar-gum,2025,8,3,106.5,actual
guar-gum,2025,9,3,108.5,actual
guar-gum,2025,10,4,110.5,actual
guar-gum,2025,11,4,113,actual
guar-gum,2025,12,4,115.5,actual
guar-gum,2026,1,1,117,actual
guar-gum,2026,2,1,118.5,actual
guar-gum,2026,3,1,119.5,actual
guar-gum,2026,4,2,120.5,actual
guar-gum,2026,5,2,121.2,actual
guar-gum,2026,6,2,122,actual
acrylic-acid-cn,2026,7,3,58.2,forecast
acrylic-acid-cn,2026,8,3,57.73,forecast
acrylic-acid-cn,2026,9,3,57.26,forecast
acrylic-acid-cn,2026,10,4,56.79,forecast
acrylic-acid-cn,2026,11,4,56.32,forecast
acrylic-acid-cn,2026,12,4,55.85,forecast
acrylic-acid-eu,2026,7,3,65.18,forecast
acrylic-acid-eu,2026,8,3,64.66,forecast
acrylic-acid-eu,2026,9,3,64.13,forecast
acrylic-acid-eu,2026,10,4,63.61,forecast
acrylic-acid-eu,2026,11,4,63.08,forecast
acrylic-acid-eu,2026,12,4,62.56,forecast
acrylic-acid-na,2026,7,3,59.52,forecast
acrylic-acid-na,2026,8,3,59.04,forecast
acrylic-acid-na,2026,9,3,58.56,forecast
acrylic-acid-na,2026,10,4,58.08,forecast
acrylic-acid-na,2026,11,4,57.6,forecast
acrylic-acid-na,2026,12,4,57.12,forecast
acrylonitrile-cn,2026,7,3,57.89,forecast
acrylonitrile-cn,2026,8,3,57.6,forecast
acrylonitrile-cn,2026,9,3,57.31,forecast
acrylonitrile-cn,2026,10,4,57.02,forecast
acrylonitrile-cn,2026,11,4,56.73,forecast
acrylonitrile-cn,2026,12,4,56.43,forecast
acrylonitrile-eu,2026,7,3,81.89,forecast
acrylonitrile-eu,2026,8,3,81.65,forecast
acrylonitrile-eu,2026,9,3,81.4,forecast
acrylonitrile-eu,2026,10,4,81.15,forecast
acrylonitrile-eu,2026,11,4,80.91,forecast
acrylonitrile-eu,2026,12,4,80.66,forecast
acrylonitrile-na,2026,7,3,82.33,forecast
acrylonitrile-na,2026,8,3,82.08,forecast
acrylonitrile-na,2026,9,3,81.84,forecast
acrylonitrile-na,2026,10,4,81.59,forecast
acrylonitrile-na,2026,11,4,81.34,forecast
acrylonitrile-na,2026,12,4,81.09,forecast
alkalies-chlorine-ppi,2026,7,3,72.51,forecast
alkalies-chlorine-ppi,2026,8,3,72.51,forecast
alkalies-chlorine-ppi,2026,9,3,72.51,forecast
alkalies-chlorine-ppi,2026,10,4,72.51,forecast
alkalies-chlorine-ppi,2026,11,4,72.51,forecast
alkalies-chlorine-ppi,2026,12,4,72.51,forecast
aluminum,2026,7,3,140.5,forecast
aluminum,2026,8,3,140.5,forecast
aluminum,2026,9,3,140.5,forecast
aluminum,2026,10,4,140.5,forecast
aluminum,2026,11,4,140.5,forecast
aluminum,2026,12,4,140.5,forecast
ammonia-eu,2026,7,3,104,forecast
ammonia-eu,2026,8,3,104,forecast
ammonia-eu,2026,9,3,104,forecast
ammonia-eu,2026,10,4,104,forecast
ammonia-eu,2026,11,4,104,forecast
ammonia-eu,2026,12,4,104,forecast
ammonia-in,2026,7,3,117.2,forecast
ammonia-in,2026,8,3,117.2,forecast
ammonia-in,2026,9,3,117.2,forecast
ammonia-in,2026,10,4,117.2,forecast
ammonia-in,2026,11,4,117.2,forecast
ammonia-in,2026,12,4,117.2,forecast
ammonia-mea,2026,7,3,118.5,forecast
ammonia-mea,2026,8,3,118.5,forecast
ammonia-mea,2026,9,3,118.5,forecast
ammonia-mea,2026,10,4,118.5,forecast
ammonia-mea,2026,11,4,118.5,forecast
ammonia-mea,2026,12,4,118.5,forecast
ammonia-na,2026,7,3,96.7,forecast
ammonia-na,2026,8,3,91.7,forecast
ammonia-na,2026,9,3,86.6,forecast
ammonia-na,2026,10,4,81.5,forecast
ammonia-na,2026,11,4,76.4,forecast
ammonia-na,2026,12,4,71.4,forecast
aromatics-ppi,2026,7,3,117.85,forecast
aromatics-ppi,2026,8,3,117.85,forecast
aromatics-ppi,2026,9,3,117.85,forecast
aromatics-ppi,2026,10,4,117.85,forecast
aromatics-ppi,2026,11,4,117.85,forecast
aromatics-ppi,2026,12,4,117.85,forecast
base-oil-apac,2026,7,3,80,forecast
base-oil-apac,2026,8,3,80,forecast
base-oil-apac,2026,9,3,80,forecast
base-oil-apac,2026,10,4,80,forecast
base-oil-apac,2026,11,4,80,forecast
base-oil-apac,2026,12,4,80,forecast
base-oil-eu,2026,7,3,69.5,forecast
base-oil-eu,2026,8,3,69.5,forecast
base-oil-eu,2026,9,3,69.5,forecast
base-oil-eu,2026,10,4,69.5,forecast
base-oil-eu,2026,11,4,69.5,forecast
base-oil-eu,2026,12,4,69.5,forecast
base-oil-na,2026,7,3,111.7,forecast
base-oil-na,2026,8,3,100.4,forecast
base-oil-na,2026,9,3,89.2,forecast
base-oil-na,2026,10,4,77.9,forecast
base-oil-na,2026,11,4,66.7,forecast
base-oil-na,2026,12,4,55.4,forecast
benzene-apac,2026,7,3,105.5,forecast
benzene-apac,2026,8,3,105.5,forecast
benzene-apac,2026,9,3,105.5,forecast
benzene-apac,2026,10,4,105.5,forecast
benzene-apac,2026,11,4,105.5,forecast
benzene-apac,2026,12,4,105.5,forecast
benzene-cn,2026,7,3,109,forecast
benzene-cn,2026,8,3,109,forecast
benzene-cn,2026,9,3,109,forecast
benzene-cn,2026,10,4,109,forecast
benzene-cn,2026,11,4,109,forecast
benzene-cn,2026,12,4,109,forecast
benzene-eu,2026,7,3,112.8,forecast
benzene-eu,2026,8,3,112.8,forecast
benzene-eu,2026,9,3,112.8,forecast
benzene-eu,2026,10,4,112.8,forecast
benzene-eu,2026,11,4,112.8,forecast
benzene-eu,2026,12,4,112.8,forecast
benzene-na,2026,7,3,111.7,forecast
benzene-na,2026,8,3,105.5,forecast
benzene-na,2026,9,3,99.2,forecast
benzene-na,2026,10,4,93,forecast
benzene-na,2026,11,4,86.8,forecast
benzene-na,2026,12,4,80.6,forecast
bpa-apac,2026,7,3,86.92,forecast
bpa-apac,2026,8,3,86.66,forecast
bpa-apac,2026,9,3,86.4,forecast
bpa-apac,2026,10,4,86.13,forecast
bpa-apac,2026,11,4,85.87,forecast
bpa-apac,2026,12,4,85.61,forecast
bpa-cn,2026,7,3,74.26,forecast
bpa-cn,2026,8,3,74.03,forecast
bpa-cn,2026,9,3,73.81,forecast
bpa-cn,2026,10,4,73.59,forecast
bpa-cn,2026,11,4,73.36,forecast
bpa-cn,2026,12,4,73.14,forecast
bpa-eu,2026,7,3,89.47,forecast
bpa-eu,2026,8,3,89.2,forecast
bpa-eu,2026,9,3,88.93,forecast
bpa-eu,2026,10,4,88.66,forecast
bpa-eu,2026,11,4,88.39,forecast
bpa-eu,2026,12,4,88.12,forecast
brent,2026,7,3,107.8,forecast
brent,2026,8,3,94.5,forecast
brent,2026,9,3,85.6,forecast
brent,2026,10,4,82.7,forecast
brent,2026,11,4,81.2,forecast
brent,2026,12,4,80.7,forecast
caprolactam-cn,2026,7,3,98.37,forecast
caprolactam-cn,2026,8,3,98.08,forecast
caprolactam-cn,2026,9,3,97.78,forecast
caprolactam-cn,2026,10,4,97.49,forecast
caprolactam-cn,2026,11,4,97.19,forecast
caprolactam-cn,2026,12,4,96.89,forecast
caprolactam-eu,2026,7,3,111.1,forecast
caprolactam-eu,2026,8,3,110.76,forecast
caprolactam-eu,2026,9,3,110.43,forecast
caprolactam-eu,2026,10,4,110.09,forecast
caprolactam-eu,2026,11,4,109.76,forecast
caprolactam-eu,2026,12,4,109.42,forecast
caprolactam-na,2026,7,3,85.89,forecast
caprolactam-na,2026,8,3,85.63,forecast
caprolactam-na,2026,9,3,85.37,forecast
caprolactam-na,2026,10,4,85.12,forecast
caprolactam-na,2026,11,4,84.86,forecast
caprolactam-na,2026,12,4,84.6,forecast
caustic-soda-cn,2026,7,3,92.8,forecast
caustic-soda-cn,2026,8,3,90.6,forecast
caustic-soda-cn,2026,9,3,89,forecast
caustic-soda-cn,2026,10,4,88.3,forecast
caustic-soda-cn,2026,11,4,88.1,forecast
caustic-soda-cn,2026,12,4,88,forecast
caustic-soda-eu,2026,7,3,67.5,forecast
caustic-soda-eu,2026,8,3,67.5,forecast
caustic-soda-eu,2026,9,3,67.5,forecast
caustic-soda-eu,2026,10,4,67.5,forecast
caustic-soda-eu,2026,11,4,67.5,forecast
caustic-soda-eu,2026,12,4,67.5,forecast
caustic-soda-in,2026,7,3,84,forecast
caustic-soda-in,2026,8,3,84,forecast
caustic-soda-in,2026,9,3,84,forecast
caustic-soda-in,2026,10,4,84,forecast
caustic-soda-in,2026,11,4,84,forecast
caustic-soda-in,2026,12,4,84,forecast
caustic-soda-na,2026,7,3,72.3,forecast
caustic-soda-na,2026,8,3,72.3,forecast
caustic-soda-na,2026,9,3,72.3,forecast
caustic-soda-na,2026,10,4,72.3,forecast
caustic-soda-na,2026,11,4,72.3,forecast
caustic-soda-na,2026,12,4,72.3,forecast
caustic-soda-ppi,2026,7,3,63.82,forecast
caustic-soda-ppi,2026,8,3,63.82,forecast
caustic-soda-ppi,2026,9,3,63.82,forecast
caustic-soda-ppi,2026,10,4,63.82,forecast
caustic-soda-ppi,2026,11,4,63.82,forecast
caustic-soda-ppi,2026,12,4,63.82,forecast
chlor-naoh-ppi,2026,7,3,72.34,forecast
chlor-naoh-ppi,2026,8,3,72.34,forecast
chlor-naoh-ppi,2026,9,3,72.34,forecast
chlor-naoh-ppi,2026,10,4,72.34,forecast
chlor-naoh-ppi,2026,11,4,72.34,forecast
chlor-naoh-ppi,2026,12,4,72.34,forecast
coal-au,2026,7,3,33.4,forecast
coal-au,2026,8,3,31.9,forecast
coal-au,2026,9,3,30.4,forecast
coal-au,2026,10,4,28.8,forecast
coal-au,2026,11,4,27.3,forecast
coal-au,2026,12,4,25.8,forecast
coconut-oil-wb,2026,7,3,219.53,forecast
coconut-oil-wb,2026,8,3,219.53,forecast
coconut-oil-wb,2026,9,3,219.53,forecast
coconut-oil-wb,2026,10,4,219.53,forecast
coconut-oil-wb,2026,11,4,219.53,forecast
coconut-oil-wb,2026,12,4,219.53,forecast
copper,2026,7,3,136.2,forecast
copper,2026,8,3,136.2,forecast
copper,2026,9,3,136.2,forecast
copper,2026,10,4,136.2,forecast
copper,2026,11,4,136.2,forecast
copper,2026,12,4,136.2,forecast
corn,2026,7,3,71.2,forecast
corn,2026,8,3,71.2,forecast
corn,2026,9,3,71.2,forecast
corn,2026,10,4,71.2,forecast
corn,2026,11,4,71.2,forecast
corn,2026,12,4,71.2,forecast
corn-na,2026,7,3,65.7,forecast
corn-na,2026,8,3,64,forecast
corn-na,2026,9,3,62.4,forecast
corn-na,2026,10,4,60.8,forecast
corn-na,2026,11,4,59.2,forecast
corn-na,2026,12,4,57.5,forecast
cpo,2026,7,3,92.2,forecast
cpo,2026,8,3,92,forecast
cpo,2026,9,3,91.8,forecast
cpo,2026,10,4,91.5,forecast
cpo,2026,11,4,91.2,forecast
cpo,2026,12,4,91,forecast
dap,2026,7,3,102.3,forecast
dap,2026,8,3,99.3,forecast
dap,2026,9,3,96.3,forecast
dap,2026,10,4,93.2,forecast
dap,2026,11,4,90.2,forecast
dap,2026,12,4,87.2,forecast
elec-cn,2026,7,3,95.8,forecast
elec-cn,2026,8,3,95.5,forecast
elec-cn,2026,9,3,95.5,forecast
elec-cn,2026,10,4,95.2,forecast
elec-cn,2026,11,4,95,forecast
elec-cn,2026,12,4,95,forecast
elec-eu,2026,7,3,90,forecast
elec-eu,2026,8,3,89.8,forecast
elec-eu,2026,9,3,89.5,forecast
elec-eu,2026,10,4,89.2,forecast
elec-eu,2026,11,4,89,forecast
elec-eu,2026,12,4,88.8,forecast
elec-in,2026,7,3,99.5,forecast
elec-in,2026,8,3,99.2,forecast
elec-in,2026,9,3,99,forecast
elec-in,2026,10,4,98.8,forecast
elec-in,2026,11,4,98.5,forecast
elec-in,2026,12,4,98.2,forecast
elec-mea,2026,7,3,98.5,forecast
elec-mea,2026,8,3,98.2,forecast
elec-mea,2026,9,3,98,forecast
elec-mea,2026,10,4,97.8,forecast
elec-mea,2026,11,4,97.5,forecast
elec-mea,2026,12,4,97.2,forecast
elec-na,2026,7,3,90.8,forecast
elec-na,2026,8,3,90.5,forecast
elec-na,2026,9,3,90.2,forecast
elec-na,2026,10,4,90,forecast
elec-na,2026,11,4,89.8,forecast
elec-na,2026,12,4,89.5,forecast
elec-power-ppi,2026,7,3,108.37,forecast
elec-power-ppi,2026,8,3,108.37,forecast
elec-power-ppi,2026,9,3,108.37,forecast
elec-power-ppi,2026,10,4,108.37,forecast
elec-power-ppi,2026,11,4,108.37,forecast
elec-power-ppi,2026,12,4,108.37,forecast
ethanol-ppi,2026,7,3,82.22,forecast
ethanol-ppi,2026,8,3,82.22,forecast
ethanol-ppi,2026,9,3,82.22,forecast
ethanol-ppi,2026,10,4,82.22,forecast
ethanol-ppi,2026,11,4,82.22,forecast
ethanol-ppi,2026,12,4,82.22,forecast
ethylene-propylene-cn,2026,7,3,107,forecast
ethylene-propylene-cn,2026,8,3,107,forecast
ethylene-propylene-cn,2026,9,3,107,forecast
ethylene-propylene-cn,2026,10,4,107,forecast
ethylene-propylene-cn,2026,11,4,107,forecast
ethylene-propylene-cn,2026,12,4,107,forecast
ethylene-propylene-eu,2026,7,3,98,forecast
ethylene-propylene-eu,2026,8,3,98,forecast
ethylene-propylene-eu,2026,9,3,98,forecast
ethylene-propylene-eu,2026,10,4,98,forecast
ethylene-propylene-eu,2026,11,4,98,forecast
ethylene-propylene-eu,2026,12,4,98,forecast
ethylene-propylene-na,2026,7,3,101.7,forecast
ethylene-propylene-na,2026,8,3,92.7,forecast
ethylene-propylene-na,2026,9,3,83.8,forecast
ethylene-propylene-na,2026,10,4,74.9,forecast
ethylene-propylene-na,2026,11,4,66,forecast
ethylene-propylene-na,2026,12,4,57,forecast
fatty-acids-ppi,2026,7,3,125.41,forecast
fatty-acids-ppi,2026,8,3,125.41,forecast
fatty-acids-ppi,2026,9,3,125.41,forecast
fatty-acids-ppi,2026,10,4,125.41,forecast
fatty-acids-ppi,2026,11,4,125.41,forecast
fatty-acids-ppi,2026,12,4,125.41,forecast
gas-brazil,2026,7,3,122.8,forecast
gas-brazil,2026,8,3,115.1,forecast
gas-brazil,2026,9,3,110,forecast
gas-brazil,2026,10,4,108.2,forecast
gas-brazil,2026,11,4,107.4,forecast
gas-brazil,2026,12,4,107.1,forecast
gas-china,2026,7,3,125.6,forecast
gas-china,2026,8,3,122.3,forecast
gas-china,2026,9,3,120,forecast
gas-china,2026,10,4,119.3,forecast
gas-china,2026,11,4,118.9,forecast
gas-china,2026,12,4,118.8,forecast
gas-india,2026,7,3,123.7,forecast
gas-india,2026,8,3,117.4,forecast
gas-india,2026,9,3,113.2,forecast
gas-india,2026,10,4,111.8,forecast
gas-india,2026,11,4,111.1,forecast
gas-india,2026,12,4,110.9,forecast
gas-mea,2026,7,3,177.5,forecast
gas-mea,2026,8,3,164,forecast
gas-mea,2026,9,3,155,forecast
gas-mea,2026,10,4,152,forecast
gas-mea,2026,11,4,150.5,forecast
gas-mea,2026,12,4,150,forecast
gold,2026,7,3,241.4,forecast
gold,2026,8,3,241.4,forecast
gold,2026,9,3,241.4,forecast
gold,2026,10,4,241.4,forecast
gold,2026,11,4,241.4,forecast
gold,2026,12,4,241.4,forecast
guar-gum,2026,7,3,122,forecast
guar-gum,2026,8,3,122,forecast
guar-gum,2026,9,3,122,forecast
guar-gum,2026,10,4,122,forecast
guar-gum,2026,11,4,122,forecast
guar-gum,2026,12,4,122,forecast
gum-wood-na,2026,7,3,97.2,forecast
gum-wood-na,2026,8,3,97.2,forecast
gum-wood-na,2026,9,3,97.2,forecast
gum-wood-na,2026,10,4,97.2,forecast
gum-wood-na,2026,11,4,97.2,forecast
gum-wood-na,2026,12,4,97.2,forecast
hdpe-cn,2026,7,3,90.4,forecast
hdpe-cn,2026,8,3,90.4,forecast
hdpe-cn,2026,9,3,90.4,forecast
hdpe-cn,2026,10,4,90.4,forecast
hdpe-cn,2026,11,4,90.4,forecast
hdpe-cn,2026,12,4,90.4,forecast
hdpe-eu,2026,7,3,106.1,forecast
hdpe-eu,2026,8,3,106.1,forecast
hdpe-eu,2026,9,3,106.1,forecast
hdpe-eu,2026,10,4,106.1,forecast
hdpe-eu,2026,11,4,106.1,forecast
hdpe-eu,2026,12,4,106.1,forecast
hdpe-na,2026,7,3,113.1,forecast
hdpe-na,2026,8,3,106.5,forecast
hdpe-na,2026,9,3,99.8,forecast
hdpe-na,2026,10,4,93.1,forecast
hdpe-na,2026,11,4,86.5,forecast
hdpe-na,2026,12,4,79.8,forecast
hides-gl,2026,7,3,97.8,forecast
hides-gl,2026,8,3,97.8,forecast
hides-gl,2026,9,3,97.8,forecast
hides-gl,2026,10,4,97.8,forecast
hides-gl,2026,11,4,97.8,forecast
hides-gl,2026,12,4,97.8,forecast
ilmenite,2026,7,3,103,forecast
ilmenite,2026,8,3,103,forecast
ilmenite,2026,9,3,103,forecast
ilmenite,2026,10,4,103,forecast
ilmenite,2026,11,4,103,forecast
ilmenite,2026,12,4,103,forecast
industrial-chemicals,2026,7,3,98.4,forecast
industrial-chemicals,2026,8,3,94.2,forecast
industrial-chemicals,2026,9,3,90,forecast
industrial-chemicals,2026,10,4,85.7,forecast
industrial-chemicals,2026,11,4,81.5,forecast
industrial-chemicals,2026,12,4,77.3,forecast
inorg-chem-ppi,2026,7,3,105.2,forecast
inorg-chem-ppi,2026,8,3,105.2,forecast
inorg-chem-ppi,2026,9,3,105.2,forecast
inorg-chem-ppi,2026,10,4,105.2,forecast
inorg-chem-ppi,2026,11,4,105.2,forecast
inorg-chem-ppi,2026,12,4,105.2,forecast
iron-ore,2026,7,3,83.6,forecast
iron-ore,2026,8,3,83.6,forecast
iron-ore,2026,9,3,83.6,forecast
iron-ore,2026,10,4,83.6,forecast
iron-ore,2026,11,4,83.6,forecast
iron-ore,2026,12,4,83.6,forecast
iron-scrap-eu,2026,7,3,116.4,forecast
iron-scrap-eu,2026,8,3,116.4,forecast
iron-scrap-eu,2026,9,3,116.4,forecast
iron-scrap-eu,2026,10,4,116.4,forecast
iron-scrap-eu,2026,11,4,116.4,forecast
iron-scrap-eu,2026,12,4,116.4,forecast
iron-scrap-na,2026,7,3,102.5,forecast
iron-scrap-na,2026,8,3,100.5,forecast
iron-scrap-na,2026,9,3,98.4,forecast
iron-scrap-na,2026,10,4,96.3,forecast
iron-scrap-na,2026,11,4,94.3,forecast
iron-scrap-na,2026,12,4,92.2,forecast
kcl-wb,2026,7,3,78.9,forecast
kcl-wb,2026,8,3,78.9,forecast
kcl-wb,2026,9,3,78.9,forecast
kcl-wb,2026,10,4,78.9,forecast
kcl-wb,2026,11,4,78.9,forecast
kcl-wb,2026,12,4,78.9,forecast
lab-apac,2026,7,3,107,forecast
lab-apac,2026,8,3,108,forecast
lab-apac,2026,9,3,109,forecast
lab-apac,2026,10,4,108,forecast
lab-apac,2026,11,4,107,forecast
lab-apac,2026,12,4,106,forecast
lab-eu,2026,7,3,108,forecast
lab-eu,2026,8,3,109,forecast
lab-eu,2026,9,3,110,forecast
lab-eu,2026,10,4,109,forecast
lab-eu,2026,11,4,108,forecast
lab-eu,2026,12,4,107,forecast
lab-in,2026,7,3,111,forecast
lab-in,2026,8,3,112,forecast
lab-in,2026,9,3,113,forecast
lab-in,2026,10,4,112,forecast
lab-in,2026,11,4,111,forecast
lab-in,2026,12,4,110,forecast
lab-mea,2026,7,3,104,forecast
lab-mea,2026,8,3,105,forecast
lab-mea,2026,9,3,105,forecast
lab-mea,2026,10,4,104,forecast
lab-mea,2026,11,4,103,forecast
lab-mea,2026,12,4,103,forecast
lab-na,2026,7,3,109,forecast
lab-na,2026,8,3,110,forecast
lab-na,2026,9,3,111,forecast
lab-na,2026,10,4,110,forecast
lab-na,2026,11,4,109,forecast
lab-na,2026,12,4,108,forecast
lci-apac,2026,7,3,121.58,forecast
lci-apac,2026,8,3,122.12,forecast
lci-apac,2026,9,3,122.67,forecast
lci-apac,2026,10,4,123.22,forecast
lci-apac,2026,11,4,123.77,forecast
lci-apac,2026,12,4,124.32,forecast
lci-cn,2026,7,3,114.9,forecast
lci-cn,2026,8,3,115.28,forecast
lci-cn,2026,9,3,115.66,forecast
lci-cn,2026,10,4,116.04,forecast
lci-cn,2026,11,4,116.42,forecast
lci-cn,2026,12,4,116.8,forecast
lci-eu,2026,7,3,115.17,forecast
lci-eu,2026,8,3,115.5,forecast
lci-eu,2026,9,3,115.83,forecast
lci-eu,2026,10,4,116.16,forecast
lci-eu,2026,11,4,116.49,forecast
lci-eu,2026,12,4,116.82,forecast
lci-in,2026,7,3,126.62,forecast
lci-in,2026,8,3,127.29,forecast
lci-in,2026,9,3,127.96,forecast
lci-in,2026,10,4,128.63,forecast
lci-in,2026,11,4,129.31,forecast
lci-in,2026,12,4,129.99,forecast
lci-la,2026,7,3,131.82,forecast
lci-la,2026,8,3,132.62,forecast
lci-la,2026,9,3,133.42,forecast
lci-la,2026,10,4,134.23,forecast
lci-la,2026,11,4,135.04,forecast
lci-la,2026,12,4,135.86,forecast
lci-mea,2026,7,3,119.57,forecast
lci-mea,2026,8,3,120.06,forecast
lci-mea,2026,9,3,120.55,forecast
lci-mea,2026,10,4,121.04,forecast
lci-mea,2026,11,4,121.53,forecast
lci-mea,2026,12,4,122.03,forecast
lci-na,2026,7,3,111.6,forecast
lci-na,2026,8,3,111.6,forecast
lci-na,2026,9,3,111.6,forecast
lci-na,2026,10,4,111.6,forecast
lci-na,2026,11,4,111.6,forecast
lci-na,2026,12,4,111.6,forecast
lead,2026,7,3,89.9,forecast
lead,2026,8,3,89.9,forecast
lead,2026,9,3,89.9,forecast
lead,2026,10,4,89.9,forecast
lead,2026,11,4,89.9,forecast
lead,2026,12,4,89.9,forecast
lime-na,2026,7,3,123.9,forecast
lime-na,2026,8,3,123.9,forecast
lime-na,2026,9,3,123.9,forecast
lime-na,2026,10,4,123.9,forecast
lime-na,2026,11,4,123.9,forecast
lime-na,2026,12,4,123.9,forecast
lng-japan,2026,7,3,89.1,forecast
lng-japan,2026,8,3,82.6,forecast
lng-japan,2026,9,3,76.1,forecast
lng-japan,2026,10,4,69.6,forecast
lng-japan,2026,11,4,63.2,forecast
lng-japan,2026,12,4,56.7,forecast
lng-jkm-asia,2026,7,3,150,forecast
lng-jkm-asia,2026,8,3,150,forecast
lng-jkm-asia,2026,9,3,150,forecast
lng-jkm-asia,2026,10,4,150,forecast
lng-jkm-asia,2026,11,4,150,forecast
lng-jkm-asia,2026,12,4,150,forecast
methanol-na,2026,7,3,268.8,forecast
methanol-na,2026,8,3,241.5,forecast
methanol-na,2026,9,3,214.3,forecast
methanol-na,2026,10,4,187.1,forecast
methanol-na,2026,11,4,159.8,forecast
methanol-na,2026,12,4,132.6,forecast
mma-cn,2026,7,3,88.3,forecast
mma-cn,2026,8,3,88.04,forecast
mma-cn,2026,9,3,87.77,forecast
mma-cn,2026,10,4,87.51,forecast
mma-cn,2026,11,4,87.24,forecast
mma-cn,2026,12,4,86.98,forecast
mma-eu,2026,7,3,119.64,forecast
mma-eu,2026,8,3,119.28,forecast
mma-eu,2026,9,3,118.92,forecast
mma-eu,2026,10,4,118.56,forecast
mma-eu,2026,11,4,118.2,forecast
mma-eu,2026,12,4,117.84,forecast
mop,2026,7,3,76.1,forecast
mop,2026,8,3,76.1,forecast
mop,2026,9,3,76.1,forecast
mop,2026,10,4,76.1,forecast
mop,2026,11,4,76.1,forecast
mop,2026,12,4,76.1,forecast
natgas-na,2026,7,3,87,forecast
natgas-na,2026,8,3,84,forecast
natgas-na,2026,9,3,82,forecast
natgas-na,2026,10,4,80,forecast
natgas-na,2026,11,4,79,forecast
natgas-na,2026,12,4,78,forecast
natgas-ppi,2026,7,3,32.87,forecast
natgas-ppi,2026,8,3,32.87,forecast
natgas-ppi,2026,9,3,32.87,forecast
natgas-ppi,2026,10,4,32.87,forecast
natgas-ppi,2026,11,4,32.87,forecast
natgas-ppi,2026,12,4,32.87,forecast
nickel,2026,7,3,66.8,forecast
nickel,2026,8,3,66.8,forecast
nickel,2026,9,3,66.8,forecast
nickel,2026,10,4,66.8,forecast
nickel,2026,11,4,66.8,forecast
nickel,2026,12,4,66.8,forecast
orange-gl,2026,7,3,82.67,forecast
orange-gl,2026,8,3,82.67,forecast
orange-gl,2026,9,3,82.67,forecast
orange-gl,2026,10,4,82.67,forecast
orange-gl,2026,11,4,82.67,forecast
orange-gl,2026,12,4,82.67,forecast
phosphates-ppi,2026,7,3,116.46,forecast
phosphates-ppi,2026,8,3,116.46,forecast
phosphates-ppi,2026,9,3,116.46,forecast
phosphates-ppi,2026,10,4,116.46,forecast
phosphates-ppi,2026,11,4,116.46,forecast
phosphates-ppi,2026,12,4,116.46,forecast
phthalic-anhydride-eu,2026,7,3,78.33,forecast
phthalic-anhydride-eu,2026,8,3,78.1,forecast
phthalic-anhydride-eu,2026,9,3,77.86,forecast
phthalic-anhydride-eu,2026,10,4,77.63,forecast
phthalic-anhydride-eu,2026,11,4,77.39,forecast
phthalic-anhydride-eu,2026,12,4,77.16,forecast
pko,2026,7,3,92,forecast
pko,2026,8,3,91.8,forecast
pko,2026,9,3,91.5,forecast
pko,2026,10,4,91.2,forecast
pko,2026,11,4,91,forecast
pko,2026,12,4,90.8,forecast
ppi-na,2026,7,3,109.7,forecast
ppi-na,2026,8,3,107,forecast
ppi-na,2026,9,3,104.3,forecast
ppi-na,2026,10,4,101.6,forecast
ppi-na,2026,11,4,98.9,forecast
ppi-na,2026,12,4,96.2,forecast
primary-organics-ppi,2026,7,3,121.15,forecast
primary-organics-ppi,2026,8,3,121.15,forecast
primary-organics-ppi,2026,9,3,121.15,forecast
primary-organics-ppi,2026,10,4,121.15,forecast
primary-organics-ppi,2026,11,4,121.15,forecast
primary-organics-ppi,2026,12,4,121.15,forecast
refinery-gases-ppi,2026,7,3,110.64,forecast
refinery-gases-ppi,2026,8,3,110.64,forecast
refinery-gases-ppi,2026,9,3,110.64,forecast
refinery-gases-ppi,2026,10,4,110.64,forecast
refinery-gases-ppi,2026,11,4,110.64,forecast
refinery-gases-ppi,2026,12,4,110.64,forecast
rubber,2026,7,3,144.2,forecast
rubber,2026,8,3,137.1,forecast
rubber,2026,9,3,129.9,forecast
rubber,2026,10,4,122.8,forecast
rubber,2026,11,4,115.6,forecast
rubber,2026,12,4,108.5,forecast
rutile,2026,7,3,78,forecast
rutile,2026,8,3,78,forecast
rutile,2026,9,3,78,forecast
rutile,2026,10,4,78,forecast
rutile,2026,11,4,78,forecast
rutile,2026,12,4,78,forecast
salt-ppi,2026,7,3,98.69,forecast
salt-ppi,2026,8,3,98.69,forecast
salt-ppi,2026,9,3,98.69,forecast
salt-ppi,2026,10,4,98.69,forecast
salt-ppi,2026,11,4,98.69,forecast
salt-ppi,2026,12,4,98.69,forecast
silicon-metal-cn,2026,7,3,80,forecast
silicon-metal-cn,2026,8,3,80,forecast
silicon-metal-cn,2026,9,3,80,forecast
silicon-metal-cn,2026,10,4,80,forecast
silicon-metal-cn,2026,11,4,80,forecast
silicon-metal-cn,2026,12,4,80,forecast
silicon-metal-mb,2026,7,3,80,forecast
silicon-metal-mb,2026,8,3,80,forecast
silicon-metal-mb,2026,9,3,80,forecast
silicon-metal-mb,2026,10,4,80,forecast
silicon-metal-mb,2026,11,4,80,forecast
silicon-metal-mb,2026,12,4,80,forecast
silicon-metal-na,2026,7,3,80,forecast
silicon-metal-na,2026,8,3,80,forecast
silicon-metal-na,2026,9,3,80,forecast
silicon-metal-na,2026,10,4,80,forecast
silicon-metal-na,2026,11,4,80,forecast
silicon-metal-na,2026,12,4,80,forecast
silver,2026,7,3,318.4,forecast
silver,2026,8,3,318.4,forecast
silver,2026,9,3,318.4,forecast
silver,2026,10,4,318.4,forecast
silver,2026,11,4,318.4,forecast
silver,2026,12,4,318.4,forecast
soybean-oil,2026,7,3,109.2,forecast
soybean-oil,2026,8,3,101.4,forecast
soybean-oil,2026,9,3,93.5,forecast
soybean-oil,2026,10,4,85.7,forecast
soybean-oil,2026,11,4,77.8,forecast
soybean-oil,2026,12,4,69.9,forecast
sulfuric-acid-cn,2026,7,3,207.5,forecast
sulfuric-acid-cn,2026,8,3,199,forecast
sulfuric-acid-cn,2026,9,3,190,forecast
sulfuric-acid-cn,2026,10,4,181,forecast
sulfuric-acid-cn,2026,11,4,172.5,forecast
sulfuric-acid-cn,2026,12,4,165,forecast
sulfuric-acid-eu,2026,7,3,206.8,forecast
sulfuric-acid-eu,2026,8,3,206.8,forecast
sulfuric-acid-eu,2026,9,3,206.8,forecast
sulfuric-acid-eu,2026,10,4,206.8,forecast
sulfuric-acid-eu,2026,11,4,206.8,forecast
sulfuric-acid-eu,2026,12,4,206.8,forecast
sulfuric-acid-na,2026,7,3,120.9,forecast
sulfuric-acid-na,2026,8,3,117.7,forecast
sulfuric-acid-na,2026,9,3,114.4,forecast
sulfuric-acid-na,2026,10,4,111.1,forecast
sulfuric-acid-na,2026,11,4,107.9,forecast
sulfuric-acid-na,2026,12,4,104.6,forecast
synthetic-rubber,2026,7,3,129.1,forecast
synthetic-rubber,2026,8,3,129.1,forecast
synthetic-rubber,2026,9,3,129.1,forecast
synthetic-rubber,2026,10,4,129.1,forecast
synthetic-rubber,2026,11,4,129.1,forecast
synthetic-rubber,2026,12,4,129.1,forecast
tallow-ppi,2026,7,3,90.88,forecast
tallow-ppi,2026,8,3,90.88,forecast
tallow-ppi,2026,9,3,90.88,forecast
tallow-ppi,2026,10,4,90.88,forecast
tallow-ppi,2026,11,4,90.88,forecast
tallow-ppi,2026,12,4,90.88,forecast
tin,2026,7,3,189,forecast
tin,2026,8,3,189,forecast
tin,2026,9,3,189,forecast
tin,2026,10,4,189,forecast
tin,2026,11,4,189,forecast
tin,2026,12,4,189,forecast
ttf-eu,2026,7,3,82.2,forecast
ttf-eu,2026,8,3,75,forecast
ttf-eu,2026,9,3,67.7,forecast
ttf-eu,2026,10,4,60.4,forecast
ttf-eu,2026,11,4,53.1,forecast
ttf-eu,2026,12,4,45.9,forecast
urea,2026,7,3,147.2,forecast
urea,2026,8,3,133,forecast
urea,2026,9,3,118.9,forecast
urea,2026,10,4,104.8,forecast
urea,2026,11,4,90.7,forecast
urea,2026,12,4,76.5,forecast
water-eu,2026,7,3,112.7,forecast
water-eu,2026,8,3,112.7,forecast
water-eu,2026,9,3,112.7,forecast
water-eu,2026,10,4,112.7,forecast
water-eu,2026,11,4,112.7,forecast
water-eu,2026,12,4,112.7,forecast
wheat,2026,7,3,65.2,forecast
wheat,2026,8,3,61.3,forecast
wheat,2026,9,3,57.5,forecast
wheat,2026,10,4,53.7,forecast
wheat,2026,11,4,49.9,forecast
wheat,2026,12,4,46,forecast
wood-pulp-na,2026,7,3,74.8,forecast
wood-pulp-na,2026,8,3,74.8,forecast
wood-pulp-na,2026,9,3,74.8,forecast
wood-pulp-na,2026,10,4,74.8,forecast
wood-pulp-na,2026,11,4,74.8,forecast
wood-pulp-na,2026,12,4,74.8,forecast
wti,2026,7,3,94.8,forecast
wti,2026,8,3,86,forecast
wti,2026,9,3,80.2,forecast
wti,2026,10,4,78.2,forecast
wti,2026,11,4,77.2,forecast
wti,2026,12,4,76.9,forecast
zinc,2026,7,3,96.4,forecast
zinc,2026,8,3,96.4,forecast
zinc,2026,9,3,96.4,forecast
zinc,2026,10,4,96.4,forecast
zinc,2026,11,4,96.4,forecast
zinc,2026,12,4,96.4,forecast
zinc-gl,2026,7,3,104.92,forecast
zinc-gl,2026,8,3,104.92,forecast
zinc-gl,2026,9,3,104.92,forecast
zinc-gl,2026,10,4,104.92,forecast
zinc-gl,2026,11,4,104.92,forecast
zinc-gl,2026,12,4,104.92,forecast
